[expand] cloning 25 new repos (15 general, 5 data-class-targeted, 5 feature-envy-targeted) ...
[collect] git: cloning https://github.com/httpie/cli
[collect] git: cloning https://github.com/joke2k/faker
[collect] git: cloning https://github.com/arrow-py/arrow
[collect] git: cloning https://github.com/jd/tenacity
[collect] git: cloning https://github.com/more-itertools/more-itertools
[collect] git: cloning https://github.com/mahmoud/boltons
[collect] git: cloning https://github.com/mahmoud/glom
[collect] git: cloning https://github.com/scrapinghub/dateparser
[collect] git: cloning https://github.com/python-humanize/humanize
[collect] git: cloning https://github.com/python-jsonschema/jsonschema
[collect] git: cloning https://github.com/pyeve/cerberus
[collect] git: cloning https://github.com/alecthomas/voluptuous
[collect] git: cloning https://github.com/GrahamDumpleton/wrapt
[collect] git: cloning https://github.com/Suor/funcy
[collect] git: cloning https://github.com/cookiecutter/cookiecutter
[collect] git: cloning https://github.com/jazzband/django-taggit
[collect] git: cloning https://github.com/django-mptt/django-mptt
[collect] git: cloning https://github.com/jazzband/django-simple-history
[collect] git: FAILED https://github.com/jazzband/django-simple-history (Command '['git', 'clone', '--depth', '1', '--quiet', 'https://github.com/jazzband/django-simple-history', 'C:\\Users\\Juju\\Desktop\\Automated_Code_Refactoring_System\\refactor-engine\\data\\real_world\\raw_sources\\git_repos\\django-simple-history']' returned non-zero exit status 128.)
[collect] git: cloning https://github.com/python-attrs/attrs
[collect] git: cloning https://github.com/dpgaspar/Flask-AppBuilder
[collect] git: cloning https://github.com/stephenmcd/mezzanine
[collect] git: cloning https://github.com/django-oscar/django-oscar
[collect] git: cloning https://github.com/python-social-auth/social-core
[collect] git: cloning https://github.com/flask-restful/flask-restful
[collect] git: cloning https://github.com/pyeve/eve
[collect] git: 24/25 repos cloned successfully, 3644 .py files total
[collect] git: 1 repo(s) failed to clone: ['django-simple-history']
[collect] py150: using cached archive
[expand] py150-extra: wrote 700 NEW files (skipped 19 already-present, 1 errors)
[expand] codesearchnet-extra: streaming 300 more python entries (subprocess)
[expand] codesearchnet-extra: 300 files on disk
[expand] expansion added 4644 new files on disk
[expand] re-parsing the ENTIRE corpus (old + new) with engine.parser ...
C:\Users\Juju\Desktop\Automated_Code_Refactoring_System\refactor-engine\data\real_world\raw_sources\codesearchnet\csn_00487.py:6: SyntaxWarning: "\." is an invalid escape sequence. Such sequences will not work in the future. Did you mean "\\."? A raw string is also an option.
  cmd_grep = ['grep', '^0\.0\.0\.0']
C:\Users\Juju\Desktop\Automated_Code_Refactoring_System\refactor-engine\data\real_world\raw_sources\codesearchnet\csn_00754.py:7: SyntaxWarning: "\W" is an invalid escape sequence. Such sequences will not work in the future. Did you mean "\\W"? A raw string is also an option.
  resource_uri = re.sub('\W', ' ', resource_uri)
C:\Users\Juju\Desktop\Automated_Code_Refactoring_System\refactor-engine\data\real_world\raw_sources\codesearchnet\csn_00768.py:9: SyntaxWarning: "\W" is an invalid escape sequence. Such sequences will not work in the future. Did you mean "\\W"? A raw string is also an option.
  resource_uri = re.sub('\W', '', resource_uri)
C:\Users\Juju\Desktop\Automated_Code_Refactoring_System\refactor-engine\data\real_world\raw_sources\eth_py150\adobe\brackets-shell\gyp\pylib\gyp\generator\ninja.py:1562: SyntaxWarning: "\$" is an invalid escape sequence. Such sequences will not work in the future. Did you mean "\\$"? A raw string is also an option.
  command=('$ld $ldflags -o $out -Wl,-rpath=\$$ORIGIN/lib '
C:\Users\Juju\Desktop\Automated_Code_Refactoring_System\refactor-engine\data\real_world\raw_sources\eth_py150\akalongman\sublimetext-codeformatter\codeformatter\lib\cssbeautifier\__init__.py:86: SyntaxWarning: "\s" is an invalid escape sequence. Such sequences will not work in the future. Did you mean "\\s"? A raw string is also an option.
  WHITE_RE = re.compile("^\s+$")
C:\Users\Juju\Desktop\Automated_Code_Refactoring_System\refactor-engine\data\real_world\raw_sources\eth_py150\akalongman\sublimetext-codeformatter\codeformatter\lib\cssbeautifier\__init__.py:87: SyntaxWarning: "\w" is an invalid escape sequence. Such sequences will not work in the future. Did you mean "\\w"? A raw string is also an option.
  WORD_RE = re.compile("[\w$\-_]")
C:\Users\Juju\Desktop\Automated_Code_Refactoring_System\refactor-engine\data\real_world\raw_sources\eth_py150\aldebaran\qibuild\python\qisys\test\test_ui.py:97: SyntaxWarning: "\d" is an invalid escape sequence. Such sequences will not work in the future. Did you mean "\\d"? A raw string is also an option.
  assert record_messages.find(".*test_ui.py.*(\d+).*in.*bar")
C:\Users\Juju\Desktop\Automated_Code_Refactoring_System\refactor-engine\data\real_world\raw_sources\eth_py150\AppScale\appscale\AppServer\google\appengine\api\files\gs.py:86: SyntaxWarning: "\*" is an invalid escape sequence. Such sequences will not work in the future. Did you mean "\\*"? A raw string is also an option.
  r'/gs/bucket/file\*' => '/gs/bucket/file*'
C:\Users\Juju\Desktop\Automated_Code_Refactoring_System\refactor-engine\data\real_world\raw_sources\eth_py150\AppScale\appscale\AppServer\google\appengine\_internal\django\template\defaulttags.py:1100: SyntaxWarning: "\d" is an invalid escape sequence. Such sequences will not work in the future. Did you mean "\\d"? A raw string is also an option.
  ('^client/(\d+)/$', 'app_name.client')
C:\Users\Juju\Desktop\Automated_Code_Refactoring_System\refactor-engine\data\real_world\raw_sources\eth_py150\AppScale\appscale\AppServer\lib\django-1.2\django\db\backends\__init__.py:378: SyntaxWarning: "\%" is an invalid escape sequence. Such sequences will not work in the future. Did you mean "\\%"? A raw string is also an option.
  return smart_unicode(x).replace("\\", "\\\\").replace("%", "\%").replace("_", "\_")
C:\Users\Juju\Desktop\Automated_Code_Refactoring_System\refactor-engine\data\real_world\raw_sources\eth_py150\AppScale\appscale\AppServer\lib\django-1.2\django\db\backends\__init__.py:378: SyntaxWarning: "\_" is an invalid escape sequence. Such sequences will not work in the future. Did you mean "\\_"? A raw string is also an option.
  return smart_unicode(x).replace("\\", "\\\\").replace("%", "\%").replace("_", "\_")
C:\Users\Juju\Desktop\Automated_Code_Refactoring_System\refactor-engine\data\real_world\raw_sources\eth_py150\AppScale\appscale\AppServer\lib\django-1.4\django\contrib\admindocs\urls.py:33: SyntaxWarning: "\." is an invalid escape sequence. Such sequences will not work in the future. Did you mean "\\."? A raw string is also an option.
  url('^models/(?P<app_label>[^\.]+)\.(?P<model_name>[^/]+)/$',
C:\Users\Juju\Desktop\Automated_Code_Refactoring_System\refactor-engine\data\real_world\raw_sources\eth_py150\AppScale\appscale\AppServer\lib\django-1.4\django\contrib\gis\maps\google\gmap.py:21: SyntaxWarning: "\:" is an invalid escape sequence. Such sequences will not work in the future. Did you mean "\\:"? A raw string is also an option.
  vml_css  = mark_safe('v\:* {behavior:url(#default#VML);}') # CSS for IE VML
C:\Users\Juju\Desktop\Automated_Code_Refactoring_System\refactor-engine\data\real_world\raw_sources\eth_py150\ARM-software\workload-automation\wlauto\utils\misc.py:619: SyntaxWarning: "\[" is an invalid escape sequence. Such sequences will not work in the future. Did you mean "\\["? A raw string is also an option.
  _bash_color_regex = re.compile('\x1b\[[0-9;]+m')
C:\Users\Juju\Desktop\Automated_Code_Refactoring_System\refactor-engine\data\real_world\raw_sources\eth_py150\babble\babble\include\jython\Lib\dbexts.py:658: SyntaxWarning: "\[" is an invalid escape sequence. Such sequences will not work in the future. Did you mean "\\["? A raw string is also an option.
  self.ctypeRE = re.compile("\[(jdbc|odbc|default)\]")
C:\Users\Juju\Desktop\Automated_Code_Refactoring_System\refactor-engine\data\real_world\raw_sources\eth_py150\blaze\odo\odo\backends\hdfs.py:514: SyntaxWarning: "\w" is an invalid escape sequence. Such sequences will not work in the future. Did you mean "\\w"? A raw string is also an option.
  hdfs_pattern = '(((?P<user>[a-zA-Z]\w*)@)?(?P<host>[\w.-]*)?(:(?P<port>\d+))?:)?(?P<path>[/\w.*-]+)'
C:\Users\Juju\Desktop\Automated_Code_Refactoring_System\refactor-engine\data\real_world\raw_sources\eth_py150\boakley\robotframework-lint\rflint\parser\common.py:26: SyntaxWarning: "\[" is an invalid escape sequence. Such sequences will not work in the future. Did you mean "\\["? A raw string is also an option.
  '''Return a list of settings (statements with cell[1] matching \[.*?\])
C:\Users\Juju\Desktop\Automated_Code_Refactoring_System\refactor-engine\data\real_world\raw_sources\eth_py150\BRML\climin\climin\adam.py:45: SyntaxWarning: "\c" is an invalid escape sequence. Such sequences will not work in the future. Did you mean "\\c"? A raw string is also an option.
  m_t   & \\leftarrow \\beta_{1,t} \cdot g_t + (1 - \\beta_{1, t}) \cdot m_{t-1} \\\\
C:\Users\Juju\Desktop\Automated_Code_Refactoring_System\refactor-engine\data\real_world\raw_sources\eth_py150\burke-software\django-report-builder\report_builder\urls.py:26: SyntaxWarning: "\d" is an invalid escape sequence. Such sequences will not work in the future. Did you mean "\\d"? A raw string is also an option.
  url('^report/(?P<pk>\d+)/$', views.ReportSPAView.as_view(), name="report_update_view"),
C:\Users\Juju\Desktop\Automated_Code_Refactoring_System\refactor-engine\data\real_world\raw_sources\eth_py150\CGATOxford\cgat\CGAT\CBioPortal.py:871: SyntaxWarning: "\." is an invalid escape sequence. Such sequences will not work in the future. Did you mean "\\."? A raw string is also an option.
  if re.search("[^0-9\.\-]", value):
C:\Users\Juju\Desktop\Automated_Code_Refactoring_System\refactor-engine\data\real_world\raw_sources\eth_py150\CGATOxford\cgat\CGAT\CBioPortal.py:874: SyntaxWarning: "\." is an invalid escape sequence. Such sequences will not work in the future. Did you mean "\\."? A raw string is also an option.
  elif re.search("[0-9]+\.[0-9]+", value):
C:\Users\Juju\Desktop\Automated_Code_Refactoring_System\refactor-engine\data\real_world\raw_sources\eth_py150\CGATOxford\cgat\scripts\bed2plot.py:145: SyntaxWarning: "\s" is an invalid escape sequence. Such sequences will not work in the future. Did you mean "\\s"? A raw string is also an option.
  name = re.sub("\s", "_", bed.name)
C:\Users\Juju\Desktop\Automated_Code_Refactoring_System\refactor-engine\data\real_world\raw_sources\eth_py150\chrippa\livestreamer\src\livestreamer\plugins\common_jwplayer.py:10: SyntaxWarning: "\(" is an invalid escape sequence. Such sequences will not work in the future. Did you mean "\\("? A raw string is also an option.
  _playlist_re = re.compile("\(?\{.*playlist: (\[.*\]),.*?\}\)?;", re.DOTALL)
C:\Users\Juju\Desktop\Automated_Code_Refactoring_System\refactor-engine\data\real_world\raw_sources\eth_py150\chrippa\livestreamer\src\livestreamer\plugins\common_jwplayer.py:11: SyntaxWarning: "\w" is an invalid escape sequence. Such sequences will not work in the future. Did you mean "\\w"? A raw string is also an option.
  _js_to_json = partial(re.compile("(\w+):\s").sub, r'"\1":')
C:\Users\Juju\Desktop\Automated_Code_Refactoring_System\refactor-engine\data\real_world\raw_sources\eth_py150\cloudera\hue\apps\oozie\src\oozie\models.py:61: SyntaxWarning: "\-" is an invalid escape sequence. Such sequences will not work in the future. Did you mean "\\-"? A raw string is also an option.
  name_validator = RegexValidator(regex='^[a-zA-Z_][\-_a-zA-Z0-9]{1,39}$',
C:\Users\Juju\Desktop\Automated_Code_Refactoring_System\refactor-engine\data\real_world\raw_sources\eth_py150\ClusterHQ\flocker\flocker\node\agents\test\test_blockdevice.py:3708: SyntaxWarning: "\ " is an invalid escape sequence. Such sequences will not work in the future. Did you mean "\\ "? A raw string is also an option.
  If there are volumes in the ``LoopbackBlockDeviceAPI``\ 's "attached"
C:\Users\Juju\Desktop\Automated_Code_Refactoring_System\refactor-engine\data\real_world\raw_sources\eth_py150\ClusterHQ\flocker\flocker\node\agents\test\test_blockdevice.py:3871: SyntaxWarning: "\ " is an invalid escape sequence. Such sequences will not work in the future. Did you mean "\\ "? A raw string is also an option.
  Tests for ``CreateFilesystem``\ 's ``IStateChange`` implementation.
C:\Users\Juju\Desktop\Automated_Code_Refactoring_System\refactor-engine\data\real_world\raw_sources\eth_py150\ClusterHQ\flocker\flocker\node\agents\test\test_blockdevice.py:3998: SyntaxWarning: "\ " is an invalid escape sequence. Such sequences will not work in the future. Did you mean "\\ "? A raw string is also an option.
  Tests for ``MountBlockDevice``\ 's ``IStateChange`` implementation, as
C:\Users\Juju\Desktop\Automated_Code_Refactoring_System\refactor-engine\data\real_world\raw_sources\eth_py150\ClusterHQ\flocker\flocker\node\agents\test\test_blockdevice.py:4513: SyntaxWarning: "\ " is an invalid escape sequence. Such sequences will not work in the future. Did you mean "\\ "? A raw string is also an option.
  ``CreateBlockDeviceDataset.run`` uses the ``IDeployer``\ 's API object
C:\Users\Juju\Desktop\Automated_Code_Refactoring_System\refactor-engine\data\real_world\raw_sources\eth_py150\ClusterHQ\flocker\flocker\node\agents\test\test_blockdevice.py:4532: SyntaxWarning: "\ " is an invalid escape sequence. Such sequences will not work in the future. Did you mean "\\ "? A raw string is also an option.
  ``CreateBlockDeviceDataset.run`` uses the ``IDeployer``\ 's API object
C:\Users\Juju\Desktop\Automated_Code_Refactoring_System\refactor-engine\data\real_world\raw_sources\eth_py150\ClusterHQ\flocker\flocker\node\agents\test\test_blockdevice.py:4583: SyntaxWarning: "\ " is an invalid escape sequence. Such sequences will not work in the future. Did you mean "\\ "? A raw string is also an option.
  ``CreateBlockDeviceDataset.run`` uses the ``IDeployer``\ 's API object
C:\Users\Juju\Desktop\Automated_Code_Refactoring_System\refactor-engine\data\real_world\raw_sources\eth_py150\ClusterHQ\flocker\flocker\node\agents\test\test_blockdevice.py:4631: SyntaxWarning: "\ " is an invalid escape sequence. Such sequences will not work in the future. Did you mean "\\ "? A raw string is also an option.
  Tests for ``AttachVolume``\ 's ``IStateChange`` implementation.
C:\Users\Juju\Desktop\Automated_Code_Refactoring_System\refactor-engine\data\real_world\raw_sources\eth_py150\coleifer\irc\bots\googlebot.py:26: SyntaxWarning: "\S" is an invalid escape sequence. Such sequences will not work in the future. Did you mean "\\S"? A raw string is also an option.
  self.ping('^find me (?P<query>\S+)', self.find_me),
C:\Users\Juju\Desktop\Automated_Code_Refactoring_System\refactor-engine\data\real_world\raw_sources\eth_py150\CollabQ\CollabQ\common\patterns.py:25: SyntaxWarning: "\." is an invalid escape sequence. Such sequences will not work in the future. Did you mean "\\."? A raw string is also an option.
  AVATAR_PATH_RE = r'^image/' + AVATAR_PARTIAL_PATH_RE + '\.jpg'
C:\Users\Juju\Desktop\Automated_Code_Refactoring_System\refactor-engine\data\real_world\raw_sources\eth_py150\CollabQ\CollabQ\vendor\django\contrib\localflavor\nl\forms.py:12: SyntaxWarning: "\d" is an invalid escape sequence. Such sequences will not work in the future. Did you mean "\\d"? A raw string is also an option.
  pc_re = re.compile('^\d{4}[A-Z]{2}$')
C:\Users\Juju\Desktop\Automated_Code_Refactoring_System\refactor-engine\data\real_world\raw_sources\eth_py150\CollabQ\CollabQ\vendor\django\contrib\localflavor\nl\forms.py:13: SyntaxWarning: "\d" is an invalid escape sequence. Such sequences will not work in the future. Did you mean "\\d"? A raw string is also an option.
  sofi_re = re.compile('^\d{9}$')
C:\Users\Juju\Desktop\Automated_Code_Refactoring_System\refactor-engine\data\real_world\raw_sources\eth_py150\CollabQ\CollabQ\vendor\django\contrib\localflavor\nl\forms.py:14: SyntaxWarning: "\d" is an invalid escape sequence. Such sequences will not work in the future. Did you mean "\\d"? A raw string is also an option.
  numeric_re = re.compile('^\d+$')
C:\Users\Juju\Desktop\Automated_Code_Refactoring_System\refactor-engine\data\real_world\raw_sources\eth_py150\CollabQ\CollabQ\vendor\django\contrib\localflavor\nl\forms.py:60: SyntaxWarning: "\-" is an invalid escape sequence. Such sequences will not work in the future. Did you mean "\\-"? A raw string is also an option.
  phone_nr = re.sub('[\-\s\(\)]', '', smart_unicode(value))
C:\Users\Juju\Desktop\Automated_Code_Refactoring_System\refactor-engine\data\real_world\raw_sources\eth_py150\CollabQ\CollabQ\vendor\gdata\blogger\__init__.py:36: SyntaxWarning: "\w" is an invalid escape sequence. Such sequences will not work in the future. Did you mean "\\w"? A raw string is also an option.
  blog_name_pattern = re.compile('(http://)(\w*)')
C:\Users\Juju\Desktop\Automated_Code_Refactoring_System\refactor-engine\data\real_world\raw_sources\eth_py150\CollabQ\CollabQ\vendor\gdata\blogger\__init__.py:37: SyntaxWarning: "\w" is an invalid escape sequence. Such sequences will not work in the future. Did you mean "\\w"? A raw string is also an option.
  blog_id_pattern = re.compile('(tag:blogger.com,1999:blog-)(\w*)')
C:\Users\Juju\Desktop\Automated_Code_Refactoring_System\refactor-engine\data\real_world\raw_sources\eth_py150\CollabQ\CollabQ\vendor\gdata\blogger\__init__.py:38: SyntaxWarning: "\d" is an invalid escape sequence. Such sequences will not work in the future. Did you mean "\\d"? A raw string is also an option.
  blog_id2_pattern = re.compile('tag:blogger.com,1999:user-(\d+)\.blog-(\d+)')
C:\Users\Juju\Desktop\Automated_Code_Refactoring_System\refactor-engine\data\real_world\raw_sources\eth_py150\CollabQ\CollabQ\vendor\gdata\blogger\__init__.py:94: SyntaxWarning: "\w" is an invalid escape sequence. Such sequences will not work in the future. Did you mean "\\w"? A raw string is also an option.
  post_id_pattern = re.compile('(tag:blogger.com,1999:blog-)(\w*)(.post-)(\w*)')
C:\Users\Juju\Desktop\Automated_Code_Refactoring_System\refactor-engine\data\real_world\raw_sources\eth_py150\CollabQ\CollabQ\vendor\gdata\blogger\__init__.py:163: SyntaxWarning: "\w" is an invalid escape sequence. Such sequences will not work in the future. Did you mean "\\w"? A raw string is also an option.
  comment_id_pattern = re.compile('.*-(\w*)$')
C:\Users\Juju\Desktop\Automated_Code_Refactoring_System\refactor-engine\data\real_world\raw_sources\eth_py150\dimagi\commcare-hq\corehq\apps\hqpillow_retry\views.py:255: SyntaxWarning: "\." is an invalid escape sequence. Such sequences will not work in the future. Did you mean "\\."? A raw string is also an option.
  if re.search('@dimagi\.com$', couch_user.username):
C:\Users\Juju\Desktop\Automated_Code_Refactoring_System\refactor-engine\data\real_world\raw_sources\eth_py150\dpgaspar\Flask-AppBuilder\examples\mongoengine\config.py:6: SyntaxWarning: "\e" is an invalid escape sequence. Such sequences will not work in the future. Did you mean "\\e"? A raw string is also an option.
  SECRET_KEY = '\2\1thisismyscretkey\1\2\e\y\y\h'
C:\Users\Juju\Desktop\Automated_Code_Refactoring_System\refactor-engine\data\real_world\raw_sources\eth_py150\enthought\traits\traits\util\clean_strings.py:25: SyntaxWarning: "\w" is an invalid escape sequence. Such sequences will not work in the future. Did you mean "\\w"? A raw string is also an option.
  wordparts = re.split('[^\w\.\-]+', name)
C:\Users\Juju\Desktop\Automated_Code_Refactoring_System\refactor-engine\data\real_world\raw_sources\eth_py150\enthought\traitsui\examples\tutorials\doc_examples\examples\instance_editor_selection.py:20: SyntaxWarning: "\d" is an invalid escape sequence. Such sequences will not work in the future. Did you mean "\\d"? A raw string is also an option.
  regex = '\d\d\d[-]\d\d\d\d' )
C:\Users\Juju\Desktop\Automated_Code_Refactoring_System\refactor-engine\data\real_world\raw_sources\eth_py150\eucalyptus\eutester\eutester\midget.py:758: SyntaxWarning: "\w" is an invalid escape sequence. Such sequences will not work in the future. Did you mean "\\w"? A raw string is also an option.
  if re.match('^\w{8}-\w{4}-\w{4}-\w{4}-\w{12}$', chain):
C:\Users\Juju\Desktop\Automated_Code_Refactoring_System\refactor-engine\data\real_world\raw_sources\eth_py150\eucalyptus\eutester\eutester\midget.py:809: SyntaxWarning: "\w" is an invalid escape sequence. Such sequences will not work in the future. Did you mean "\\w"? A raw string is also an option.
  if re.match('^sg-\w{8}$', group):
C:\Users\Juju\Desktop\Automated_Code_Refactoring_System\refactor-engine\data\real_world\raw_sources\eth_py150\eucalyptus\eutester\eutester\windows_instance.py:98: SyntaxWarning: "\S" is an invalid escape sequence. Such sequences will not work in the future. Did you mean "\\S"? A raw string is also an option.
  if (re.search("\S", str(dict[key])) and not re.search("\D", str(dict[key]))):
C:\Users\Juju\Desktop\Automated_Code_Refactoring_System\refactor-engine\data\real_world\raw_sources\eth_py150\eucalyptus\eutester\eutester\windows_instance.py:98: SyntaxWarning: "\D" is an invalid escape sequence. Such sequences will not work in the future. Did you mean "\\D"? A raw string is also an option.
  if (re.search("\S", str(dict[key])) and not re.search("\D", str(dict[key]))):
C:\Users\Juju\Desktop\Automated_Code_Refactoring_System\refactor-engine\data\real_world\raw_sources\eth_py150\eucalyptus\eutester\testcases\cloud_admin\install_imaging_service.py:178: SyntaxWarning: "\$" is an invalid escape sequence. Such sequences will not work in the future. Did you mean "\\$"? A raw string is also an option.
  '\$ModLoad imudp', conf)
C:\Users\Juju\Desktop\Automated_Code_Refactoring_System\refactor-engine\data\real_world\raw_sources\eth_py150\eucalyptus\eutester\testcases\cloud_admin\install_imaging_service.py:180: SyntaxWarning: "\$" is an invalid escape sequence. Such sequences will not work in the future. Did you mean "\\$"? A raw string is also an option.
  '\$UDPServerRun ' +
C:\Users\Juju\Desktop\Automated_Code_Refactoring_System\refactor-engine\data\real_world\raw_sources\eth_py150\eucalyptus\eutester\testcases\cloud_admin\install_imaging_service.py:184: SyntaxWarning: "\$" is an invalid escape sequence. Such sequences will not work in the future. Did you mean "\\$"? A raw string is also an option.
  '\$UDPServerAddress 0.0.0.0', conf)
C:\Users\Juju\Desktop\Automated_Code_Refactoring_System\refactor-engine\data\real_world\raw_sources\eth_py150\eucalyptus\eutester\testcases\cloud_admin\install_imaging_service.py:205: SyntaxWarning: "\#" is an invalid escape sequence. Such sequences will not work in the future. Did you mean "\\#"? A raw string is also an option.
  machine.sys('perl -p -i -e "s/^*.*' +str(orig_key) + '/\#' +
C:\Users\Juju\Desktop\Automated_Code_Refactoring_System\refactor-engine\data\real_world\raw_sources\eth_py150\fictivekin\openrecipes\scrapy_proj\openrecipes\spiders\bbcgoodfood_spider.py:100: SyntaxWarning: "\?" is an invalid escape sequence. Such sequences will not work in the future. Did you mean "\\?"? A raw string is also an option.
  Rule(SgmlLinkExtractor(allow=('/searchAZ.do\?pager\.offset=\d+'))),
C:\Users\Juju\Desktop\Automated_Code_Refactoring_System\refactor-engine\data\real_world\raw_sources\eth_py150\fictivekin\openrecipes\scrapy_proj\openrecipes\spiders\bbcgoodfood_spider.py:101: SyntaxWarning: "\?" is an invalid escape sequence. Such sequences will not work in the future. Did you mean "\\?"? A raw string is also an option.
  Rule(SgmlLinkExtractor(allow=('/searchAZ.do\?letter=[a-zA-Z]+'))),
C:\Users\Juju\Desktop\Automated_Code_Refactoring_System\refactor-engine\data\real_world\raw_sources\eth_py150\fictivekin\openrecipes\scrapy_proj\openrecipes\spiders\bbcgoodfood_spider.py:102: SyntaxWarning: "\d" is an invalid escape sequence. Such sequences will not work in the future. Did you mean "\\d"? A raw string is also an option.
  Rule(SgmlLinkExtractor(allow=('/recipes/\d+/.+/?'),
C:\Users\Juju\Desktop\Automated_Code_Refactoring_System\refactor-engine\data\real_world\raw_sources\eth_py150\fictivekin\openrecipes\scrapy_proj\openrecipes\spiders\bbcgoodfood_spider.py:103: SyntaxWarning: "\d" is an invalid escape sequence. Such sequences will not work in the future. Did you mean "\\d"? A raw string is also an option.
  deny='/recipes/\d+/.+/?\?.+'),
C:\Users\Juju\Desktop\Automated_Code_Refactoring_System\refactor-engine\data\real_world\raw_sources\eth_py150\fluentpython\example-code\03-dict-set\index.py:11: SyntaxWarning: "\w" is an invalid escape sequence. Such sequences will not work in the future. Did you mean "\\w"? A raw string is also an option.
  WORD_RE = re.compile('\w+')
C:\Users\Juju\Desktop\Automated_Code_Refactoring_System\refactor-engine\data\real_world\raw_sources\eth_py150\freenas\freenas\gui\jails\migrations\0019_templates_to_9_2_1_6.py:12: SyntaxWarning: "\." is an invalid escape sequence. Such sequences will not work in the future. Did you mean "\\."? A raw string is also an option.
  version_regex = re.compile('9.2.[0-9\.]+')
C:\Users\Juju\Desktop\Automated_Code_Refactoring_System\refactor-engine\data\real_world\raw_sources\eth_py150\freenas\freenas\gui\jails\migrations\0019_templates_to_9_2_1_6.py:15: SyntaxWarning: "\." is an invalid escape sequence. Such sequences will not work in the future. Did you mean "\\."? A raw string is also an option.
  '(9.2[0-9\.]+?/RELEASE/(x86|x64)/jails/).+', jt.jt_url)
C:\Users\Juju\Desktop\Automated_Code_Refactoring_System\refactor-engine\data\real_world\raw_sources\eth_py150\freenas\freenas\gui\jails\migrations\0019_templates_to_9_2_1_6.py:22: SyntaxWarning: "\." is an invalid escape sequence. Such sequences will not work in the future. Did you mean "\\."? A raw string is also an option.
  version_regex = re.compile('9.2.[0-9\.]+')
C:\Users\Juju\Desktop\Automated_Code_Refactoring_System\refactor-engine\data\real_world\raw_sources\eth_py150\freenas\freenas\gui\middleware\notifier.py:1558: SyntaxWarning: "\s" is an invalid escape sequence. Such sequences will not work in the future. Did you mean "\\s"? A raw string is also an option.
  volume.vol_guid = re.sub('\s+', ' ', line).split(' ')[2]
C:\Users\Juju\Desktop\Automated_Code_Refactoring_System\refactor-engine\data\real_world\raw_sources\eth_py150\freenas\freenas\gui\middleware\notifier.py:2282: SyntaxWarning: "\(" is an invalid escape sequence. Such sequences will not work in the future. Did you mean "\\("? A raw string is also an option.
  m = re.match('^(?P<ntgroup>.+) \((?P<SID>S-[0-9\-]+)\) -> (?P<unixgroup>.+)$', line)
C:\Users\Juju\Desktop\Automated_Code_Refactoring_System\refactor-engine\data\real_world\raw_sources\eth_py150\globocom\database-as-a-service\dbaas\workflow\steps\util\__init__.py:295: SyntaxWarning: "\`" is an invalid escape sequence. Such sequences will not work in the future. Did you mean "\\`"? A raw string is also an option.
  TODAY=\`date +%Y_%m_%d\`
C:\Users\Juju\Desktop\Automated_Code_Refactoring_System\refactor-engine\data\real_world\raw_sources\eth_py150\globocom\tapioca\tapioca\spec.py:73: SyntaxWarning: "\." is an invalid escape sequence. Such sequences will not work in the future. Did you mean "\\."? A raw string is also an option.
  normalized = re.sub('[/\.{}]', '_', path)
C:\Users\Juju\Desktop\Automated_Code_Refactoring_System\refactor-engine\data\real_world\raw_sources\eth_py150\goFrendiAsgard\kokoropy\kokoropy\packages\sqlalchemy\pool.py:47: SyntaxWarning: "\*" is an invalid escape sequence. Such sequences will not work in the future. Did you mean "\\*"? A raw string is also an option.
  :param \*\*params: will be passed through to *poolclass*
C:\Users\Juju\Desktop\Automated_Code_Refactoring_System\refactor-engine\data\real_world\raw_sources\eth_py150\goFrendiAsgard\kokoropy\kokoropy\packages\sqlalchemy\pool.py:923: SyntaxWarning: "\*" is an invalid escape sequence. Such sequences will not work in the future. Did you mean "\\*"? A raw string is also an option.
  :param \**kw: Other keyword arguments including
C:\Users\Juju\Desktop\Automated_Code_Refactoring_System\refactor-engine\data\real_world\raw_sources\eth_py150\GoogleCloudPlatform\appengine-flask-skeleton\lib\jinja2\ext.py:90: SyntaxWarning: "\s" is an invalid escape sequence. Such sequences will not work in the future. Did you mean "\\s"? A raw string is also an option.
  :class:`~jinja2.lexer.Token`\s, but it doesn't have to return a
C:\Users\Juju\Desktop\Automated_Code_Refactoring_System\refactor-engine\data\real_world\raw_sources\eth_py150\huntlyc\Sublime-Wordpress-Dev-Plugin\wordpress_dev.py:100: SyntaxWarning: "\/" is an invalid escape sequence. Such sequences will not work in the future. Did you mean "\\/"? A raw string is also an option.
  repatt = '(?:\/\/)?(define\(\'DB_NAME\'.*)'
C:\Users\Juju\Desktop\Automated_Code_Refactoring_System\refactor-engine\data\real_world\raw_sources\eth_py150\huntlyc\Sublime-Wordpress-Dev-Plugin\wordpress_dev.py:106: SyntaxWarning: "\(" is an invalid escape sequence. Such sequences will not work in the future. Did you mean "\\("? A raw string is also an option.
  dbrepat = "define\('DB_NAME\',\s+'([^']*)'\);\s*(\/\/(.*))?"
C:\Users\Juju\Desktop\Automated_Code_Refactoring_System\refactor-engine\data\real_world\raw_sources\eth_py150\huntlyc\Sublime-Wordpress-Dev-Plugin\wordpress_dev.py:182: SyntaxWarning: "\(" is an invalid escape sequence. Such sequences will not work in the future. Did you mean "\\("? A raw string is also an option.
  debugpat = "define\('WP_DEBUG\',\s+(true|false)\);"
C:\Users\Juju\Desktop\Automated_Code_Refactoring_System\refactor-engine\data\real_world\raw_sources\eth_py150\iBaa\PlexConnect\PILBackgrounds.py:28: SyntaxWarning: "\S" is an invalid escape sequence. Such sequences will not work in the future. Did you mean "\\S"? A raw string is also an option.
  id = re.search('/library/metadata/(?P<ratingKey>\S+)/art/(?P<fileId>\S+)', url)
C:\Users\Juju\Desktop\Automated_Code_Refactoring_System\refactor-engine\data\real_world\raw_sources\eth_py150\ithinksw\philo\philo\loaders\database.py:10: SyntaxWarning: "\ " is an invalid escape sequence. Such sequences will not work in the future. Did you mean "\\ "? A raw string is also an option.
  :class:`philo.loaders.database.Loader` enables loading of template code from :class:`.Template`\ s. This would let :class:`.Template`\ s be used with ``{% include %}`` and ``{% extends %}`` tags, as well as any other features that use template loading.
C:\Users\Juju\Desktop\Automated_Code_Refactoring_System\refactor-engine\data\real_world\raw_sources\eth_py150\karesansui\karesansui\karesansui\gadget\hostby1service.py:61: SyntaxWarning: "\d" is an invalid escape sequence. Such sequences will not work in the future. Did you mean "\\d"? A raw string is also an option.
  '/host/(\d+)/service/?(\.part)$', HostBy1Service,
C:\Users\Juju\Desktop\Automated_Code_Refactoring_System\refactor-engine\data\real_world\raw_sources\eth_py150\lalinsky\acoustid-server\acoustid\api\v2\__init__.py:77: SyntaxWarning: "\." is an invalid escape sequence. Such sequences will not work in the future. Did you mean "\\."? A raw string is also an option.
  if not re.match('^[$A-Za-z_][0-9A-Za-z_]*(\.[$A-Za-z_][0-9A-Za-z_]*)*$', callback):
C:\Users\Juju\Desktop\Automated_Code_Refactoring_System\refactor-engine\data\real_world\raw_sources\eth_py150\lanffy\myVimrc\sublimeText\Data\Packages\BracketHighlighter\bh_modules\tagnameselect.py:11: SyntaxWarning: "\w" is an invalid escape sequence. Such sequences will not work in the future. Did you mean "\\w"? A raw string is also an option.
  tag_name = '[\w\:\.\-]+'
C:\Users\Juju\Desktop\Automated_Code_Refactoring_System\refactor-engine\data\real_world\raw_sources\eth_py150\lyda\chkcrontab\chkcrontab_lib.py:810: SyntaxWarning: "\s" is an invalid escape sequence. Such sequences will not work in the future. Did you mean "\\s"? A raw string is also an option.
  chkcrontab_cmd = re.compile('##*\s*chkcrontab:\s*(.*)=(.*)')
C:\Users\Juju\Desktop\Automated_Code_Refactoring_System\refactor-engine\data\real_world\raw_sources\eth_py150\lyda\chkcrontab\chkcrontab_lib.py:811: SyntaxWarning: "\s" is an invalid escape sequence. Such sequences will not work in the future. Did you mean "\\s"? A raw string is also an option.
  assignment_line_re = re.compile('[a-zA-Z_][a-zA-Z0-9_]*\s*=(.*)')
C:\Users\Juju\Desktop\Automated_Code_Refactoring_System\refactor-engine\data\real_world\raw_sources\eth_py150\lyda\chkcrontab\chkcrontab_lib.py:812: SyntaxWarning: "\S" is an invalid escape sequence. Such sequences will not work in the future. Did you mean "\\S"? A raw string is also an option.
  at_line_re = re.compile('@(\S+)\s+(\S+)\s+(.*)')
C:\Users\Juju\Desktop\Automated_Code_Refactoring_System\refactor-engine\data\real_world\raw_sources\eth_py150\lyda\chkcrontab\chkcrontab_lib.py:813: SyntaxWarning: "\*" is an invalid escape sequence. Such sequences will not work in the future. Did you mean "\\*"? A raw string is also an option.
  cron_time_field_re = '[\*0-9a-zA-Z,/-]+'
C:\Users\Juju\Desktop\Automated_Code_Refactoring_System\refactor-engine\data\real_world\raw_sources\eth_py150\lyda\chkcrontab\chkcrontab_lib.py:815: SyntaxWarning: "\s" is an invalid escape sequence. Such sequences will not work in the future. Did you mean "\\s"? A raw string is also an option.
  '^\s*(%s)\s+(%s)\s+(%s)\s+(%s)\s+(%s)\s+(\S+)\s+(.*)' %
C:\Users\Juju\Desktop\Automated_Code_Refactoring_System\refactor-engine\data\real_world\raw_sources\eth_py150\manahl\mdf\docs\ipython_console_highlighting.py:58: SyntaxWarning: "\[" is an invalid escape sequence. Such sequences will not work in the future. Did you mean "\\["? A raw string is also an option.
  input_prompt = re.compile("(In \[[0-9]+\]: )|(   \.\.\.+:)")
C:\Users\Juju\Desktop\Automated_Code_Refactoring_System\refactor-engine\data\real_world\raw_sources\eth_py150\manahl\mdf\docs\ipython_console_highlighting.py:59: SyntaxWarning: "\[" is an invalid escape sequence. Such sequences will not work in the future. Did you mean "\\["? A raw string is also an option.
  output_prompt = re.compile("(Out\[[0-9]+\]: )|(   \.\.\.+:)")
C:\Users\Juju\Desktop\Automated_Code_Refactoring_System\refactor-engine\data\real_world\raw_sources\eth_py150\manahl\mdf\docs\ipython_console_highlighting.py:60: SyntaxWarning: "\." is an invalid escape sequence. Such sequences will not work in the future. Did you mean "\\."? A raw string is also an option.
  continue_prompt = re.compile("   \.\.\.+:")
C:\Users\Juju\Desktop\Automated_Code_Refactoring_System\refactor-engine\data\real_world\raw_sources\eth_py150\manahl\mdf\docs\ipython_console_highlighting.py:61: SyntaxWarning: "\-" is an invalid escape sequence. Such sequences will not work in the future. Did you mean "\\-"? A raw string is also an option.
  tb_start = re.compile("\-+")
C:\Users\Juju\Desktop\Automated_Code_Refactoring_System\refactor-engine\data\real_world\raw_sources\eth_py150\mgaitan\waliki\waliki\rst2html5.py:753: SyntaxWarning: "\(" is an invalid escape sequence. Such sequences will not work in the future. Did you mean "\\("? A raw string is also an option.
  template = '\(%s\)' % math_code
C:\Users\Juju\Desktop\Automated_Code_Refactoring_System\refactor-engine\data\real_world\raw_sources\eth_py150\mozilla\standup\standup\apps\status\helpers.py:42: SyntaxWarning: "\d" is an invalid escape sequence. Such sequences will not work in the future. Did you mean "\\d"? A raw string is also an option.
  return day and re.match('^\d{4}-\d{2}-\d{2}$', day)
C:\Users\Juju\Desktop\Automated_Code_Refactoring_System\refactor-engine\data\real_world\raw_sources\eth_py150\mrknow\filmkodi\plugin.video.specto\resources\lib\resolvers\ipithos.py:30: SyntaxWarning: "\w" is an invalid escape sequence. Such sequences will not work in the future. Did you mean "\\w"? A raw string is also an option.
  url = re.compile('//.+?/([\w]+)').findall(url)[0]
C:\Users\Juju\Desktop\Automated_Code_Refactoring_System\refactor-engine\data\real_world\raw_sources\eth_py150\mrknow\filmkodi\plugin.video.specto\resources\lib\resolvers\ipithos.py:35: SyntaxWarning: "\)" is an invalid escape sequence. Such sequences will not work in the future. Did you mean "\\)"? A raw string is also an option.
  result = re.compile('(eval.*?\)\)\))').findall(result)[-1]
C:\Users\Juju\Desktop\Automated_Code_Refactoring_System\refactor-engine\data\real_world\raw_sources\eth_py150\mrknow\filmkodi\plugin.video.specto\resources\lib\resolvers\vk.py:29: SyntaxWarning: "\/" is an invalid escape sequence. Such sequences will not work in the future. Did you mean "\\/"? A raw string is also an option.
  except: oid, id = re.compile('\/video(.*)_(.*)').findall(url)[0]
C:\Users\Juju\Desktop\Automated_Code_Refactoring_System\refactor-engine\data\real_world\raw_sources\eth_py150\openstack\horizon\horizon\templatetags\shellfilter.py:29: SyntaxWarning: "\`" is an invalid escape sequence. Such sequences will not work in the future. Did you mean "\\`"? A raw string is also an option.
  '`': '\`',
C:\Users\Juju\Desktop\Automated_Code_Refactoring_System\refactor-engine\data\real_world\raw_sources\eth_py150\openstack\rack\rack\openstack\common\db\sqlalchemy\migration.py:74: SyntaxWarning: "\w" is an invalid escape sequence. Such sequences will not work in the future. Did you mean "\\w"? A raw string is also an option.
  UNIQUE_PATTERN = "CONSTRAINT (\w+) UNIQUE \(([^\)]+)\)"
C:\Users\Juju\Desktop\Automated_Code_Refactoring_System\refactor-engine\data\real_world\raw_sources\eth_py150\openstack\swift\swift\common\ring\utils.py:229: SyntaxWarning: "\d" is an invalid escape sequence. Such sequences will not work in the future. Did you mean "\\d"? A raw string is also an option.
  allowed = re.compile("(?!-)[A-Z\d-]{1,63}(?<!-)$", re.IGNORECASE)
C:\Users\Juju\Desktop\Automated_Code_Refactoring_System\refactor-engine\data\real_world\raw_sources\eth_py150\pantsbuild\pants\src\python\pants\backend\jvm\targets\jar_library.py:35: SyntaxWarning: "\s" is an invalid escape sequence. Such sequences will not work in the future. Did you mean "\\s"? A raw string is also an option.
  :param jars: List of `jar <#jar>`_\s to depend upon.
C:\Users\Juju\Desktop\Automated_Code_Refactoring_System\refactor-engine\data\real_world\raw_sources\eth_py150\pydata\pandas\pandas\io\sql.py:1456: SyntaxWarning: "\s" is an invalid escape sequence. Such sequences will not work in the future. Did you mean "\\s"? A raw string is also an option.
  pat = re.compile('\s+')
C:\Users\Juju\Desktop\Automated_Code_Refactoring_System\refactor-engine\data\real_world\raw_sources\eth_py150\python-openxml\python-docx\docx\oxml\xmlchemy.py:43: SyntaxWarning: "\w" is an invalid escape sequence. Such sequences will not work in the future. Did you mean "\\w"? A raw string is also an option.
  '( *</?[\w:]+)(.*?)(/?>)([^<]*</[\w:]+>)?$'
C:\Users\Juju\Desktop\Automated_Code_Refactoring_System\refactor-engine\data\real_world\raw_sources\eth_py150\reviewboard\rbtools\rbtools\clients\mercurial.py:630: SyntaxWarning: "\s" is an invalid escape sequence. Such sequences will not work in the future. Did you mean "\\s"? A raw string is also an option.
  parents = re.split(':[^\s]+\s*', parents)
C:\Users\Juju\Desktop\Automated_Code_Refactoring_System\refactor-engine\data\real_world\raw_sources\eth_py150\rtcTo\rtc2git\rtcFunctions.py:183: SyntaxWarning: "\(" is an invalid escape sequence. Such sequences will not work in the future. Did you mean "\\("? A raw string is also an option.
  regex = "\(_[\w-]+\)"
C:\Users\Juju\Desktop\Automated_Code_Refactoring_System\refactor-engine\data\real_world\raw_sources\eth_py150\rtucker-mozilla\mozilla_inventory\systems\views.py:387: SyntaxWarning: "\." is an invalid escape sequence. Such sequences will not work in the future. Did you mean "\\."? A raw string is also an option.
  matches = re.search('^nic\.(\d+)', str(kv.key) )
C:\Users\Juju\Desktop\Automated_Code_Refactoring_System\refactor-engine\data\real_world\raw_sources\eth_py150\scipy\scipy\tools\validate_runtests_log.py:43: SyntaxWarning: "\d" is an invalid escape sequence. Such sequences will not work in the future. Did you mean "\\d"? A raw string is also an option.
  r = re.compile("Ran (?P<num_tests>\d+) tests in (?P<time>\d+\S+)")
C:\Users\Juju\Desktop\Automated_Code_Refactoring_System\refactor-engine\data\real_world\raw_sources\eth_py150\shellderp\sublime-robot-plugin\lib\robot_scanner.py:20: SyntaxWarning: "\*" is an invalid escape sequence. Such sequences will not work in the future. Did you mean "\\*"? A raw string is also an option.
  detect_robot_regex = '\*+\s*(settings?|metadata|(user )?keywords?|test ?cases?|variables?)'
C:\Users\Juju\Desktop\Automated_Code_Refactoring_System\refactor-engine\data\real_world\raw_sources\eth_py150\sidnei\txstatsd\txstatsd\server\processor.py:32: SyntaxWarning: "\s" is an invalid escape sequence. Such sequences will not work in the future. Did you mean "\\s"? A raw string is also an option.
  SPACES = re.compile("\s+")
C:\Users\Juju\Desktop\Automated_Code_Refactoring_System\refactor-engine\data\real_world\raw_sources\eth_py150\sidnei\txstatsd\txstatsd\server\processor.py:33: SyntaxWarning: "\/" is an invalid escape sequence. Such sequences will not work in the future. Did you mean "\\/"? A raw string is also an option.
  SLASHES = re.compile("\/+")
C:\Users\Juju\Desktop\Automated_Code_Refactoring_System\refactor-engine\data\real_world\raw_sources\eth_py150\sidnei\txstatsd\txstatsd\server\processor.py:34: SyntaxWarning: "\-" is an invalid escape sequence. Such sequences will not work in the future. Did you mean "\\-"? A raw string is also an option.
  NON_ALNUM = re.compile("[^a-zA-Z_\-0-9\.]")
C:\Users\Juju\Desktop\Automated_Code_Refactoring_System\refactor-engine\data\real_world\raw_sources\eth_py150\sidnei\txstatsd\txstatsd\server\processor.py:35: SyntaxWarning: "\d" is an invalid escape sequence. Such sequences will not work in the future. Did you mean "\\d"? A raw string is also an option.
  RATE = re.compile("^@([\d\.]+)")
C:\Users\Juju\Desktop\Automated_Code_Refactoring_System\refactor-engine\data\real_world\raw_sources\eth_py150\sixohsix\twitter\twitter\util.py:163: SyntaxWarning: "\s" is an invalid escape sequence. Such sequences will not work in the future. Did you mean "\\s"? A raw string is also an option.
  m.group(1) for m in re.finditer("\s*([^,\s]+)\s*,?\s*", list_of_hosts))
C:\Users\Juju\Desktop\Automated_Code_Refactoring_System\refactor-engine\data\real_world\raw_sources\eth_py150\SpriteLink\NIPAP\tests\performance\speedtest.py:48: SyntaxWarning: "\." is an invalid escape sequence. Such sequences will not work in the future. Did you mean "\\."? A raw string is also an option.
  m = re.match("([0-9]+)\.([0-9]+)\.([0-9]+)\.([0-9]+)", arg_prefix)
C:\Users\Juju\Desktop\Automated_Code_Refactoring_System\refactor-engine\data\real_world\raw_sources\eth_py150\spulec\moto\moto\apigateway\urls.py:18: SyntaxWarning: "\d" is an invalid escape sequence. Such sequences will not work in the future. Did you mean "\\d"? A raw string is also an option.
  '{0}/restapis/(?P<function_id>[^/]+)/resources/(?P<resource_id>[^/]+)/methods/(?P<method_name>[^/]+)/integration/responses/(?P<status_code>\d+)/?$': APIGatewayResponse().integration_responses,
C:\Users\Juju\Desktop\Automated_Code_Refactoring_System\refactor-engine\data\real_world\raw_sources\eth_py150\statsmodels\statsmodels\statsmodels\genmod\families\family.py:813: SyntaxWarning: "\m" is an invalid escape sequence. Such sequences will not work in the future. Did you mean "\\m"? A raw string is also an option.
  A good choice for the binomial family is :math:`\mu_0 = (Y_i + 0.5)/2`
C:\Users\Juju\Desktop\Automated_Code_Refactoring_System\refactor-engine\data\real_world\raw_sources\eth_py150\statsmodels\statsmodels\statsmodels\genmod\families\family.py:1686: SyntaxWarning: "\_" is an invalid escape sequence. Such sequences will not work in the future. Did you mean "\\_"? A raw string is also an option.
  resid\_anscombe_i = (\log(endog) - \log(\mu)) / \sqrt{mu}
C:\Users\Juju\Desktop\Automated_Code_Refactoring_System\refactor-engine\data\real_world\raw_sources\eth_py150\statsmodels\statsmodels\statsmodels\tsa\statespace\tools.py:671: SyntaxWarning: "\S" is an invalid escape sequence. Such sequences will not work in the future. Did you mean "\\S"? A raw string is also an option.
  written as :math:`(\Sigma, A_1, \dots, A_p)`, where :math:`p` is the order
C:\Users\Juju\Desktop\Automated_Code_Refactoring_System\refactor-engine\data\real_world\raw_sources\eth_py150\statsmodels\statsmodels\statsmodels\tsa\statespace\tools.py:859: SyntaxWarning: "\h" is an invalid escape sequence. Such sequences will not work in the future. Did you mean "\\h"? A raw string is also an option.
  \hat \Gamma(s) = \frac{1}{n} \sum_{t=1}^{n-s}
C:\Users\Juju\Desktop\Automated_Code_Refactoring_System\refactor-engine\data\real_world\raw_sources\eth_py150\statsmodels\statsmodels\statsmodels\tsa\statespace\tools.py:927: SyntaxWarning: "\G" is an invalid escape sequence. Such sequences will not work in the future. Did you mean "\\G"? A raw string is also an option.
  \Gamma(j) = E(y_t y_{t-j}')
C:\Users\Juju\Desktop\Automated_Code_Refactoring_System\refactor-engine\data\real_world\raw_sources\eth_py150\statsmodels\statsmodels\statsmodels\tsa\statespace\tools.py:1222: SyntaxWarning: "\d" is an invalid escape sequence. Such sequences will not work in the future. Did you mean "\\d"? A raw string is also an option.
  y_t = A_1 y_{t-1} + \dots + A_p y_{t-p} + \varepsilon_t
C:\Users\Juju\Desktop\Automated_Code_Refactoring_System\refactor-engine\data\real_world\raw_sources\eth_py150\Theano\Theano\theano\tensor\nlinalg.py:56: SyntaxWarning: "\c" is an invalid escape sequence. Such sequences will not work in the future. Did you mean "\\c"? A raw string is also an option.
  matrix :math:`A_{inv}` such that the dot product :math:`A \cdot A_{inv}`
C:\Users\Juju\Desktop\Automated_Code_Refactoring_System\refactor-engine\data\real_world\raw_sources\eth_py150\Theano\Theano\theano\tensor\nlinalg.py:131: SyntaxWarning: "\c" is an invalid escape sequence. Such sequences will not work in the future. Did you mean "\\c"? A raw string is also an option.
  :math:`A_0 \cdot A_1 \cdot A_2 \cdot .. \cdot A_N`.
C:\Users\Juju\Desktop\Automated_Code_Refactoring_System\refactor-engine\data\real_world\raw_sources\eth_py150\TigorC\django-redactorjs\redactor\fields.py:23: SyntaxWarning: "\." is an invalid escape sequence. Such sequences will not work in the future. Did you mean "\\."? A raw string is also an option.
  add_introspection_rules([], ['^redactor\.fields\.RedactorField'])
C:\Users\Juju\Desktop\Automated_Code_Refactoring_System\refactor-engine\data\real_world\raw_sources\eth_py150\timonwong\OmniMarkupPreviewer\OmniMarkupLib\Renderers\libs\python2\genshi\path.py:663: SyntaxWarning: "\d" is an invalid escape sequence. Such sequences will not work in the future. Did you mean "\\d"? A raw string is also an option.
  _tokenize = re.compile('("[^"]*")|(\'[^\']*\')|((?:\d+)?\.\d+)|(%s)|([^%s\s]+)|\s+' % (
C:\Users\Juju\Desktop\Automated_Code_Refactoring_System\refactor-engine\data\real_world\raw_sources\eth_py150\tonyfischetti\sake\functests\test3\functest.py:137: SyntaxWarning: "\)" is an invalid escape sequence. Such sequences will not work in the future. Did you mean "\\)"? A raw string is also an option.
  bash -c "cat <(echo -n 'qstats version ') <(cat qstats-documentation.html | grep version | perl -pe 's/.*version (.+?)\)<.*/\\1/') | figlet > VERSION.txt"
C:\Users\Juju\Desktop\Automated_Code_Refactoring_System\refactor-engine\data\real_world\raw_sources\eth_py150\tonyfischetti\sake\functests\test3\functest.py:463: SyntaxWarning: "\)" is an invalid escape sequence. Such sequences will not work in the future. Did you mean "\\)"? A raw string is also an option.
  bash -c "cat <(echo -n 'qstats version ') <(cat qstats-documentation.html | grep version | perl -pe 's/.*version (.+?)\)<.*/\\1/') | figlet > VERSION.txt"
C:\Users\Juju\Desktop\Automated_Code_Refactoring_System\refactor-engine\data\real_world\raw_sources\eth_py150\tonyfischetti\sake\functests\test3\functest.py:803: SyntaxWarning: "\)" is an invalid escape sequence. Such sequences will not work in the future. Did you mean "\\)"? A raw string is also an option.
  bash -c "cat <(echo -n 'qstats version ') <(cat qstats-documentation.html | grep version | perl -pe 's/.*version (.+?)\)<.*/\\1/') | figlet > VERSION.txt"
C:\Users\Juju\Desktop\Automated_Code_Refactoring_System\refactor-engine\data\real_world\raw_sources\eth_py150\tonyfischetti\sake\functests\test3\functest.py:992: SyntaxWarning: "\)" is an invalid escape sequence. Such sequences will not work in the future. Did you mean "\\)"? A raw string is also an option.
  bash -c "cat <(echo -n 'qstats version ') <(cat qstats-documentation.html | grep version | perl -pe 's/.*version (.+?)\)<.*/\\1/') | figlet > VERSION.txt"
C:\Users\Juju\Desktop\Automated_Code_Refactoring_System\refactor-engine\data\real_world\raw_sources\eth_py150\typesupply\woffTools\Lib\woffTools\test\test_validate.py:1214: SyntaxWarning: "\A" is an invalid escape sequence. Such sequences will not work in the future. Did you mean "\\A"? A raw string is also an option.
  metadata = "\A" * 8
C:\Users\Juju\Desktop\Automated_Code_Refactoring_System\refactor-engine\data\real_world\raw_sources\eth_py150\ucb-sts\sts\sts\experiments\lifecycle.py:42: SyntaxWarning: "\s" is an invalid escape sequence. Such sequences will not work in the future. Did you mean "\\s"? A raw string is also an option.
  'cpu_info' : backtick("cat 2>/dev/null /proc/cpuinfo | grep 'model name[[:space:]]' | uniq | sed 's/.*://' | perl -pi -e 's/\s+/ /g'")
C:\Users\Juju\Desktop\Automated_Code_Refactoring_System\refactor-engine\data\real_world\raw_sources\eth_py150\zmap\ztag\ztag\annotations\FtpBftpd.py:13: SyntaxWarning: "\d" is an invalid escape sequence. Such sequences will not work in the future. Did you mean "\\d"? A raw string is also an option.
  versionStr = "\d+\.\d+(\.\d+)?(([a-z])|(rc\d))?"
C:\Users\Juju\Desktop\Automated_Code_Refactoring_System\refactor-engine\data\real_world\raw_sources\eth_py150\zmap\ztag\ztag\annotations\FtpBftpd.py:15: SyntaxWarning: "\d" is an invalid escape sequence. Such sequences will not work in the future. Did you mean "\\d"? A raw string is also an option.
  "^220 bftpd " + versionStr + " at \d+\.\d+\.\d+\.\d+ ready",
C:\Users\Juju\Desktop\Automated_Code_Refactoring_System\refactor-engine\data\real_world\raw_sources\eth_py150\zmap\ztag\ztag\annotations\FtpBftpd.py:19: SyntaxWarning: "\d" is an invalid escape sequence. Such sequences will not work in the future. Did you mean "\\d"? A raw string is also an option.
  "bftpd (\d+\.\d+) at",
C:\Users\Juju\Desktop\Automated_Code_Refactoring_System\refactor-engine\data\real_world\raw_sources\eth_py150\zmap\ztag\ztag\annotations\FtpBftpd.py:37: SyntaxWarning: "\(" is an invalid escape sequence. Such sequences will not work in the future. Did you mean "\\("? A raw string is also an option.
  impl_2_re = re.compile("^220 \(bftpd\)\r\n$", re.IGNORECASE)
C:\Users\Juju\Desktop\Automated_Code_Refactoring_System\refactor-engine\data\real_world\raw_sources\eth_py150\zmap\ztag\ztag\annotations\FtpVsFtpd.py:12: SyntaxWarning: "\d" is an invalid escape sequence. Such sequences will not work in the future. Did you mean "\\d"? A raw string is also an option.
  versionStr = "\d+\.\d+(\.\d+)?(([a-z])|(rc\d))?"
C:\Users\Juju\Desktop\Automated_Code_Refactoring_System\refactor-engine\data\real_world\raw_sources\eth_py150\zmap\ztag\ztag\annotations\FtpVsFtpd.py:14: SyntaxWarning: "\(" is an invalid escape sequence. Such sequences will not work in the future. Did you mean "\\("? A raw string is also an option.
  "^220 (\()?vsFTPd (\d+(\.\d+)*)[+]?",
C:\Users\Juju\Desktop\Automated_Code_Refactoring_System\refactor-engine\data\real_world\raw_sources\eth_py150\zmap\ztag\ztag\annotations\FtpVsFtpd.py:17: SyntaxWarning: "\d" is an invalid escape sequence. Such sequences will not work in the future. Did you mean "\\d"? A raw string is also an option.
  version_re = re.compile("vsFTPd (\d+\.\d+\.\d+)", re.IGNORECASE)
C:\Users\Juju\Desktop\Automated_Code_Refactoring_System\refactor-engine\data\real_world\raw_sources\eth_py150\zmap\ztag\ztag\annotations\FtpVsFtpd.py:18: SyntaxWarning: "\(" is an invalid escape sequence. Such sequences will not work in the future. Did you mean "\\("? A raw string is also an option.
  rev_re = re.compile("\((ext\.(?:\d+))\)", re.IGNORECASE)
C:\Users\Juju\Desktop\Automated_Code_Refactoring_System\refactor-engine\data\real_world\raw_sources\eth_py150\zmap\ztag\ztag\annotations\microsoft_exchange.py:37: SyntaxWarning: "\+" is an invalid escape sequence. Such sequences will not work in the future. Did you mean "\\+"? A raw string is also an option.
  banner_re = re.compile("\+OK (?:Welcome to )?Microsoft Exchange (?:Server )?(2[0-9][0-9][0-9]) POP3")
C:\Users\Juju\Desktop\Automated_Code_Refactoring_System\refactor-engine\data\real_world\raw_sources\eth_py150\zmap\ztag\ztag\annotations\microsoft_exchange.py:57: SyntaxWarning: "\*" is an invalid escape sequence. Such sequences will not work in the future. Did you mean "\\*"? A raw string is also an option.
  banner_re = re.compile("\* OK Microsoft Exchange (?:Server )?(2[0-9][0-9][0-9]) IMAP")
C:\Users\Juju\Desktop\Automated_Code_Refactoring_System\refactor-engine\data\real_world\raw_sources\git_repos\flask-appbuilder\bin\config.py:5: SyntaxWarning: "\e" is an invalid escape sequence. Such sequences will not work in the future. Did you mean "\\e"? A raw string is also an option.
  SECRET_KEY = '\2\1thisismyscretkey\1\2\e\y\y\h'
C:\Users\Juju\Desktop\Automated_Code_Refactoring_System\refactor-engine\data\real_world\raw_sources\git_repos\flask-appbuilder\examples\base_api\config.py:6: SyntaxWarning: "\e" is an invalid escape sequence. Such sequences will not work in the future. Did you mean "\\e"? A raw string is also an option.
  SECRET_KEY = "\2\1thisismyscretkey\1\2\e\y\y\h"
C:\Users\Juju\Desktop\Automated_Code_Refactoring_System\refactor-engine\data\real_world\raw_sources\git_repos\flask-appbuilder\examples\base_filters\config.py:6: SyntaxWarning: "\e" is an invalid escape sequence. Such sequences will not work in the future. Did you mean "\\e"? A raw string is also an option.
  SECRET_KEY = "\2\1thisismyscretkey\1\2\e\y\y\h"
C:\Users\Juju\Desktop\Automated_Code_Refactoring_System\refactor-engine\data\real_world\raw_sources\git_repos\flask-appbuilder\examples\composite_keys\config.py:6: SyntaxWarning: "\e" is an invalid escape sequence. Such sequences will not work in the future. Did you mean "\\e"? A raw string is also an option.
  SECRET_KEY = "\2\1thisismyscretkey\1\2\e\y\y\h"
C:\Users\Juju\Desktop\Automated_Code_Refactoring_System\refactor-engine\data\real_world\raw_sources\git_repos\flask-appbuilder\examples\crud_rest_api\config.py:7: SyntaxWarning: "\e" is an invalid escape sequence. Such sequences will not work in the future. Did you mean "\\e"? A raw string is also an option.
  SECRET_KEY = "\2\1thisismyscretkey\1\2\e\y\y\h"
C:\Users\Juju\Desktop\Automated_Code_Refactoring_System\refactor-engine\data\real_world\raw_sources\git_repos\flask-appbuilder\examples\employees\config.py:6: SyntaxWarning: "\e" is an invalid escape sequence. Such sequences will not work in the future. Did you mean "\\e"? A raw string is also an option.
  SECRET_KEY = "\2\1thisismyscretkey\1\2\e\y\y\h"
C:\Users\Juju\Desktop\Automated_Code_Refactoring_System\refactor-engine\data\real_world\raw_sources\git_repos\flask-appbuilder\examples\enums\config.py:6: SyntaxWarning: "\e" is an invalid escape sequence. Such sequences will not work in the future. Did you mean "\\e"? A raw string is also an option.
  SECRET_KEY = "\2\1thisismyscretkey\1\2\e\y\y\h"
C:\Users\Juju\Desktop\Automated_Code_Refactoring_System\refactor-engine\data\real_world\raw_sources\git_repos\flask-appbuilder\examples\extendsecurity\config.py:6: SyntaxWarning: "\e" is an invalid escape sequence. Such sequences will not work in the future. Did you mean "\\e"? A raw string is also an option.
  SECRET_KEY = "\2\1thisismyscretkey\1\2\e\y\y\h"
C:\Users\Juju\Desktop\Automated_Code_Refactoring_System\refactor-engine\data\real_world\raw_sources\git_repos\flask-appbuilder\examples\extendsecurity2\config.py:6: SyntaxWarning: "\e" is an invalid escape sequence. Such sequences will not work in the future. Did you mean "\\e"? A raw string is also an option.
  SECRET_KEY = "\2\1thisismyscretkey\1\2\e\y\y\h"
C:\Users\Juju\Desktop\Automated_Code_Refactoring_System\refactor-engine\data\real_world\raw_sources\git_repos\flask-appbuilder\examples\masterdetail\config.py:6: SyntaxWarning: "\e" is an invalid escape sequence. Such sequences will not work in the future. Did you mean "\\e"? A raw string is also an option.
  SECRET_KEY = "\2\1thisismyscretkey\1\2\e\y\y\h"
C:\Users\Juju\Desktop\Automated_Code_Refactoring_System\refactor-engine\data\real_world\raw_sources\git_repos\flask-appbuilder\examples\oauth\config.py:8: SyntaxWarning: "\e" is an invalid escape sequence. Such sequences will not work in the future. Did you mean "\\e"? A raw string is also an option.
  SECRET_KEY = "\2\1thisismyscretkey\1\2\e\y\y\h"
C:\Users\Juju\Desktop\Automated_Code_Refactoring_System\refactor-engine\data\real_world\raw_sources\git_repos\flask-appbuilder\examples\productsale\config.py:6: SyntaxWarning: "\e" is an invalid escape sequence. Such sequences will not work in the future. Did you mean "\\e"? A raw string is also an option.
  SECRET_KEY = "\2\1thisismyscretkey\1\2\e\y\y\h"
C:\Users\Juju\Desktop\Automated_Code_Refactoring_System\refactor-engine\data\real_world\raw_sources\git_repos\flask-appbuilder\examples\quickactions\config.py:13: SyntaxWarning: "\e" is an invalid escape sequence. Such sequences will not work in the future. Did you mean "\\e"? A raw string is also an option.
  SECRET_KEY = "\2\1thisismyscretkey\1\2\e\y\y\h"
C:\Users\Juju\Desktop\Automated_Code_Refactoring_System\refactor-engine\data\real_world\raw_sources\git_repos\flask-appbuilder\examples\quickcharts\config.py:6: SyntaxWarning: "\e" is an invalid escape sequence. Such sequences will not work in the future. Did you mean "\\e"? A raw string is also an option.
  SECRET_KEY = "\2\1thisismyscretkey\1\2\e\y\y\h"
C:\Users\Juju\Desktop\Automated_Code_Refactoring_System\refactor-engine\data\real_world\raw_sources\git_repos\flask-appbuilder\examples\quickcharts2\config.py:6: SyntaxWarning: "\e" is an invalid escape sequence. Such sequences will not work in the future. Did you mean "\\e"? A raw string is also an option.
  SECRET_KEY = "\2\1thisismyscretkey\1\2\e\y\y\h"
C:\Users\Juju\Desktop\Automated_Code_Refactoring_System\refactor-engine\data\real_world\raw_sources\git_repos\flask-appbuilder\examples\quickfiles\config.py:6: SyntaxWarning: "\e" is an invalid escape sequence. Such sequences will not work in the future. Did you mean "\\e"? A raw string is also an option.
  SECRET_KEY = "\2\1thisismyscretkey\1\2\e\y\y\h"
C:\Users\Juju\Desktop\Automated_Code_Refactoring_System\refactor-engine\data\real_world\raw_sources\git_repos\flask-appbuilder\examples\quickhowto\config.py:9: SyntaxWarning: "\e" is an invalid escape sequence. Such sequences will not work in the future. Did you mean "\\e"? A raw string is also an option.
  SECRET_KEY = "\2\1thisismyscretkey\1\2\e\y\y\h"
C:\Users\Juju\Desktop\Automated_Code_Refactoring_System\refactor-engine\data\real_world\raw_sources\git_repos\flask-appbuilder\examples\quickhowto2\config.py:13: SyntaxWarning: "\e" is an invalid escape sequence. Such sequences will not work in the future. Did you mean "\\e"? A raw string is also an option.
  SECRET_KEY = "\2\1thisismyscretkey\1\2\e\y\y\h"
C:\Users\Juju\Desktop\Automated_Code_Refactoring_System\refactor-engine\data\real_world\raw_sources\git_repos\flask-appbuilder\examples\quickhowto3\config.py:6: SyntaxWarning: "\e" is an invalid escape sequence. Such sequences will not work in the future. Did you mean "\\e"? A raw string is also an option.
  SECRET_KEY = "\2\1thisismyscretkey\1\2\e\y\y\h"
C:\Users\Juju\Desktop\Automated_Code_Refactoring_System\refactor-engine\data\real_world\raw_sources\git_repos\flask-appbuilder\examples\quickimages\config.py:6: SyntaxWarning: "\e" is an invalid escape sequence. Such sequences will not work in the future. Did you mean "\\e"? A raw string is also an option.
  SECRET_KEY = "\2\1thisismyscretkey\1\2\e\y\y\h"
C:\Users\Juju\Desktop\Automated_Code_Refactoring_System\refactor-engine\data\real_world\raw_sources\git_repos\flask-appbuilder\examples\quickmigrate\config.py:6: SyntaxWarning: "\e" is an invalid escape sequence. Such sequences will not work in the future. Did you mean "\\e"? A raw string is also an option.
  SECRET_KEY = "\2\1thisismyscretkey\1\2\e\y\y\h"
C:\Users\Juju\Desktop\Automated_Code_Refactoring_System\refactor-engine\data\real_world\raw_sources\git_repos\flask-appbuilder\examples\quicksqlviews\config.py:6: SyntaxWarning: "\e" is an invalid escape sequence. Such sequences will not work in the future. Did you mean "\\e"? A raw string is also an option.
  SECRET_KEY = "\2\1thisismyscretkey\1\2\e\y\y\h"
C:\Users\Juju\Desktop\Automated_Code_Refactoring_System\refactor-engine\data\real_world\raw_sources\git_repos\flask-appbuilder\examples\quicktemplates\config.py:6: SyntaxWarning: "\e" is an invalid escape sequence. Such sequences will not work in the future. Did you mean "\\e"? A raw string is also an option.
  SECRET_KEY = "\2\1thisismyscretkey\1\2\e\y\y\h"
C:\Users\Juju\Desktop\Automated_Code_Refactoring_System\refactor-engine\data\real_world\raw_sources\git_repos\flask-appbuilder\examples\react-rest-api\config.py:6: SyntaxWarning: "\e" is an invalid escape sequence. Such sequences will not work in the future. Did you mean "\\e"? A raw string is also an option.
  SECRET_KEY = "\2\1thisismyscretkey\1\2\e\y\y\h"
C:\Users\Juju\Desktop\Automated_Code_Refactoring_System\refactor-engine\data\real_world\raw_sources\git_repos\flask-appbuilder\examples\related_fields\config.py:6: SyntaxWarning: "\e" is an invalid escape sequence. Such sequences will not work in the future. Did you mean "\\e"? A raw string is also an option.
  SECRET_KEY = "\2\1thisismyscretkey\1\2\e\y\y\h"
C:\Users\Juju\Desktop\Automated_Code_Refactoring_System\refactor-engine\data\real_world\raw_sources\git_repos\flask-appbuilder\examples\saml\config.py:22: SyntaxWarning: "\e" is an invalid escape sequence. Such sequences will not work in the future. Did you mean "\\e"? A raw string is also an option.
  SECRET_KEY = "\2\1thisismyscretkey\1\2\e\y\y\h"
C:\Users\Juju\Desktop\Automated_Code_Refactoring_System\refactor-engine\data\real_world\raw_sources\git_repos\flask-appbuilder\examples\simpleform\config.py:13: SyntaxWarning: "\e" is an invalid escape sequence. Such sequences will not work in the future. Did you mean "\\e"? A raw string is also an option.
  SECRET_KEY = "\2\1thisismyscretkey\1\2\e\y\y\h"
C:\Users\Juju\Desktop\Automated_Code_Refactoring_System\refactor-engine\data\real_world\raw_sources\git_repos\flask-appbuilder\examples\simpleview1\config.py:6: SyntaxWarning: "\e" is an invalid escape sequence. Such sequences will not work in the future. Did you mean "\\e"? A raw string is also an option.
  SECRET_KEY = "\2\1thisismyscretkey\1\2\e\y\y\h"
C:\Users\Juju\Desktop\Automated_Code_Refactoring_System\refactor-engine\data\real_world\raw_sources\git_repos\flask-appbuilder\examples\simpleview2\config.py:6: SyntaxWarning: "\e" is an invalid escape sequence. Such sequences will not work in the future. Did you mean "\\e"? A raw string is also an option.
  SECRET_KEY = "\2\1thisismyscretkey\1\2\e\y\y\h"
C:\Users\Juju\Desktop\Automated_Code_Refactoring_System\refactor-engine\data\real_world\raw_sources\git_repos\flask-appbuilder\examples\user_registration\config.py:6: SyntaxWarning: "\e" is an invalid escape sequence. Such sequences will not work in the future. Did you mean "\\e"? A raw string is also an option.
  SECRET_KEY = "\2\1thisismyscretkey\1\2\e\y\y\h"
C:\Users\Juju\Desktop\Automated_Code_Refactoring_System\refactor-engine\data\real_world\raw_sources\git_repos\flask-appbuilder\examples\widgets\config.py:6: SyntaxWarning: "\e" is an invalid escape sequence. Such sequences will not work in the future. Did you mean "\\e"? A raw string is also an option.
  SECRET_KEY = "\2\1thisismyscretkey\1\2\e\y\y\h"
C:\Users\Juju\Desktop\Automated_Code_Refactoring_System\refactor-engine\data\real_world\raw_sources\git_repos\httpie\extras\scripts\generate_man_pages.py:24: SyntaxWarning: "\[" is an invalid escape sequence. Such sequences will not work in the future. Did you mean "\\["? A raw string is also an option.
  '"': '\[dq]',
C:\Users\Juju\Desktop\Automated_Code_Refactoring_System\refactor-engine\data\real_world\raw_sources\git_repos\httpie\extras\scripts\generate_man_pages.py:25: SyntaxWarning: "\[" is an invalid escape sequence. Such sequences will not work in the future. Did you mean "\\["? A raw string is also an option.
  "'": '\[aq]',
C:\Users\Juju\Desktop\Automated_Code_Refactoring_System\refactor-engine\data\real_world\raw_sources\git_repos\httpie\extras\scripts\generate_man_pages.py:26: SyntaxWarning: "\(" is an invalid escape sequence. Such sequences will not work in the future. Did you mean "\\("? A raw string is also an option.
  '~': '\(ti',
C:\Users\Juju\Desktop\Automated_Code_Refactoring_System\refactor-engine\data\real_world\raw_sources\git_repos\httpie\extras\scripts\generate_man_pages.py:27: SyntaxWarning: "\(" is an invalid escape sequence. Such sequences will not work in the future. Did you mean "\\("? A raw string is also an option.
  '’': "\(ga",
C:\Users\Juju\Desktop\Automated_Code_Refactoring_System\refactor-engine\data\real_world\raw_sources\git_repos\httpie\extras\scripts\generate_man_pages.py:28: SyntaxWarning: "\e" is an invalid escape sequence. Such sequences will not work in the future. Did you mean "\\e"? A raw string is also an option.
  '\\': '\e',
Skipping C:\Users\Juju\Desktop\Automated_Code_Refactoring_System\refactor-engine\data\real_world\raw_sources\codesearchnet\csn_00209.py: could not parse (invalid syntax (csn_00209.py, line 1))
Skipping C:\Users\Juju\Desktop\Automated_Code_Refactoring_System\refactor-engine\data\real_world\raw_sources\codesearchnet\csn_00210.py: could not parse (invalid syntax (csn_00210.py, line 1))
C:\Users\Juju\Desktop\Automated_Code_Refactoring_System\refactor-engine\data\real_world\raw_sources\codesearchnet\csn_00487.py:6: SyntaxWarning: "\." is an invalid escape sequence. Such sequences will not work in the future. Did you mean "\\."? A raw string is also an option.
  cmd_grep = ['grep', '^0\.0\.0\.0']
Skipping C:\Users\Juju\Desktop\Automated_Code_Refactoring_System\refactor-engine\data\real_world\raw_sources\codesearchnet\csn_00509.py: could not parse (invalid syntax (csn_00509.py, line 15))
Skipping C:\Users\Juju\Desktop\Automated_Code_Refactoring_System\refactor-engine\data\real_world\raw_sources\codesearchnet\csn_00511.py: could not parse (invalid syntax (csn_00511.py, line 20))
C:\Users\Juju\Desktop\Automated_Code_Refactoring_System\refactor-engine\data\real_world\raw_sources\codesearchnet\csn_00754.py:7: SyntaxWarning: "\W" is an invalid escape sequence. Such sequences will not work in the future. Did you mean "\\W"? A raw string is also an option.
  resource_uri = re.sub('\W', ' ', resource_uri)
C:\Users\Juju\Desktop\Automated_Code_Refactoring_System\refactor-engine\data\real_world\raw_sources\codesearchnet\csn_00768.py:9: SyntaxWarning: "\W" is an invalid escape sequence. Such sequences will not work in the future. Did you mean "\\W"? A raw string is also an option.
  resource_uri = re.sub('\W', '', resource_uri)
Skipping C:\Users\Juju\Desktop\Automated_Code_Refactoring_System\refactor-engine\data\real_world\raw_sources\codesearchnet\extra\csn_00209.py: could not parse (invalid syntax (csn_00209.py, line 1))
Skipping C:\Users\Juju\Desktop\Automated_Code_Refactoring_System\refactor-engine\data\real_world\raw_sources\codesearchnet\extra\csn_00210.py: could not parse (invalid syntax (csn_00210.py, line 1))
Skipping C:\Users\Juju\Desktop\Automated_Code_Refactoring_System\refactor-engine\data\real_world\raw_sources\eth_py150\adamlwgriffiths\PyGLy\pygly\examples\run_demo.py: could not parse (Missing parentheses in call to 'print'. Did you mean print(...)? (run_demo.py, line 49))
Skipping C:\Users\Juju\Desktop\Automated_Code_Refactoring_System\refactor-engine\data\real_world\raw_sources\eth_py150\adobe\brackets-shell\gyp\pylib\gyp\__init__.py: could not parse (Missing parentheses in call to 'print'. Did you mean print(...)? (__init__.py, line 35))
C:\Users\Juju\Desktop\Automated_Code_Refactoring_System\refactor-engine\data\real_world\raw_sources\eth_py150\adobe\brackets-shell\gyp\pylib\gyp\generator\ninja.py:1562: SyntaxWarning: "\$" is an invalid escape sequence. Such sequences will not work in the future. Did you mean "\\$"? A raw string is also an option.
  command=('$ld $ldflags -o $out -Wl,-rpath=\$$ORIGIN/lib '
Skipping C:\Users\Juju\Desktop\Automated_Code_Refactoring_System\refactor-engine\data\real_world\raw_sources\eth_py150\adobe\brackets-shell\gyp\pylib\gyp\generator\ninja.py: could not parse (Missing parentheses in call to 'print'. Did you mean print(...)? (ninja.py, line 1765))
Skipping C:\Users\Juju\Desktop\Automated_Code_Refactoring_System\refactor-engine\data\real_world\raw_sources\eth_py150\adobe-type-tools\python-scripts\generateAllMarkFiles.py: could not parse (Missing parentheses in call to 'print'. Did you mean print(...)? (generateAllMarkFiles.py, line 20))
Skipping C:\Users\Juju\Desktop\Automated_Code_Refactoring_System\refactor-engine\data\real_world\raw_sources\eth_py150\agoragames\haigha\haigha\transports\event_transport.py: could not parse (Function parameters cannot be parenthesized (event_transport.py, line 49))
Skipping C:\Users\Juju\Desktop\Automated_Code_Refactoring_System\refactor-engine\data\real_world\raw_sources\eth_py150\Akagi201\learning-python\lpthw\ex30.py: could not parse (Missing parentheses in call to 'print'. Did you mean print(...)? (ex30.py, line 10))
Skipping C:\Users\Juju\Desktop\Automated_Code_Refactoring_System\refactor-engine\data\real_world\raw_sources\eth_py150\Akagi201\learning-python\yield\fab.py: could not parse (Missing parentheses in call to 'print'. Did you mean print(...)? (fab.py, line 5))
C:\Users\Juju\Desktop\Automated_Code_Refactoring_System\refactor-engine\data\real_world\raw_sources\eth_py150\akalongman\sublimetext-codeformatter\codeformatter\lib\cssbeautifier\__init__.py:86: SyntaxWarning: "\s" is an invalid escape sequence. Such sequences will not work in the future. Did you mean "\\s"? A raw string is also an option.
  WHITE_RE = re.compile("^\s+$")
C:\Users\Juju\Desktop\Automated_Code_Refactoring_System\refactor-engine\data\real_world\raw_sources\eth_py150\akalongman\sublimetext-codeformatter\codeformatter\lib\cssbeautifier\__init__.py:87: SyntaxWarning: "\w" is an invalid escape sequence. Such sequences will not work in the future. Did you mean "\\w"? A raw string is also an option.
  WORD_RE = re.compile("[\w$\-_]")
Skipping C:\Users\Juju\Desktop\Automated_Code_Refactoring_System\refactor-engine\data\real_world\raw_sources\eth_py150\akamai-open\api-kickstart\examples\python\script_template.py: could not parse (Missing parentheses in call to 'print'. Did you mean print(...)? (script_template.py, line 71))
Skipping C:\Users\Juju\Desktop\Automated_Code_Refactoring_System\refactor-engine\data\real_world\raw_sources\eth_py150\akheron\cpython\Lib\lib2to3\tests\data\bom.py: could not parse (invalid non-printable character U+FEFF (bom.py, line 1))
C:\Users\Juju\Desktop\Automated_Code_Refactoring_System\refactor-engine\data\real_world\raw_sources\eth_py150\aldebaran\qibuild\python\qisys\test\test_ui.py:97: SyntaxWarning: "\d" is an invalid escape sequence. Such sequences will not work in the future. Did you mean "\\d"? A raw string is also an option.
  assert record_messages.find(".*test_ui.py.*(\d+).*in.*bar")
Skipping C:\Users\Juju\Desktop\Automated_Code_Refactoring_System\refactor-engine\data\real_world\raw_sources\eth_py150\aldebaran\qibuild\tools\fix-headers.py: could not parse (Missing parentheses in call to 'print'. Did you mean print(...)? (fix-headers.py, line 56))
Skipping C:\Users\Juju\Desktop\Automated_Code_Refactoring_System\refactor-engine\data\real_world\raw_sources\eth_py150\algorhythms\HackerRankAlgorithms\Missing Numbers.py: could not parse (Missing parentheses in call to 'print'. Did you mean print(...)? (Missing Numbers.py, line 50))
Skipping C:\Users\Juju\Desktop\Automated_Code_Refactoring_System\refactor-engine\data\real_world\raw_sources\eth_py150\algorhythms\HackerRankAlgorithms\Sherlock and Array.py: could not parse (Missing parentheses in call to 'print'. Did you mean print(...)? (Sherlock and Array.py, line 47))
Skipping C:\Users\Juju\Desktop\Automated_Code_Refactoring_System\refactor-engine\data\real_world\raw_sources\eth_py150\algorhythms\HackerRankAlgorithms\Strange Grid.py: could not parse (Missing parentheses in call to 'print'. Did you mean print(...)? (Strange Grid.py, line 49))
Skipping C:\Users\Juju\Desktop\Automated_Code_Refactoring_System\refactor-engine\data\real_world\raw_sources\eth_py150\anandology\pyjamas\examples\dynamictable\testjsonservice.py: could not parse (Missing parentheses in call to 'print'. Did you mean print(...)? (testjsonservice.py, line 10))
Skipping C:\Users\Juju\Desktop\Automated_Code_Refactoring_System\refactor-engine\data\real_world\raw_sources\eth_py150\anandology\pyjamas\pgen\test_parse.py: could not parse (Missing parentheses in call to 'print'. Did you mean print(...)? (test_parse.py, line 48))
Skipping C:\Users\Juju\Desktop\Automated_Code_Refactoring_System\refactor-engine\data\real_world\raw_sources\eth_py150\anandology\pyjamas\pgen\lib2to3\compiler\future.py: could not parse (invalid syntax (future.py, line 37))
Skipping C:\Users\Juju\Desktop\Automated_Code_Refactoring_System\refactor-engine\data\real_world\raw_sources\eth_py150\anandology\pyjamas\pyjs\src\pyjs\lib\re.py: could not parse (invalid syntax (re.py, line 242))
Skipping C:\Users\Juju\Desktop\Automated_Code_Refactoring_System\refactor-engine\data\real_world\raw_sources\eth_py150\androguard\androguard\androguard\decompiler\dad\decompile.py: could not parse (Missing parentheses in call to 'print'. Did you mean print(...)? (decompile.py, line 177))
Skipping C:\Users\Juju\Desktop\Automated_Code_Refactoring_System\refactor-engine\data\real_world\raw_sources\eth_py150\androguard\androguard\demos\tags.py: could not parse (Missing parentheses in call to 'print'. Did you mean print(...)? (tags.py, line 28))
Skipping C:\Users\Juju\Desktop\Automated_Code_Refactoring_System\refactor-engine\data\real_world\raw_sources\eth_py150\anler\working-with-unix-processes-book-examples\python\processes_can_get_signals_1.py: could not parse (Missing parentheses in call to 'print'. Did you mean print(...)? (processes_can_get_signals_1.py, line 32))
C:\Users\Juju\Desktop\Automated_Code_Refactoring_System\refactor-engine\data\real_world\raw_sources\eth_py150\AppScale\appscale\AppServer\google\appengine\api\files\gs.py:86: SyntaxWarning: "\*" is an invalid escape sequence. Such sequences will not work in the future. Did you mean "\\*"? A raw string is also an option.
  r'/gs/bucket/file\*' => '/gs/bucket/file*'
Skipping C:\Users\Juju\Desktop\Automated_Code_Refactoring_System\refactor-engine\data\real_world\raw_sources\eth_py150\AppScale\appscale\AppServer\google\appengine\api\SOAPpy\Config.py: could not parse (invalid syntax (Config.py, line 56))
C:\Users\Juju\Desktop\Automated_Code_Refactoring_System\refactor-engine\data\real_world\raw_sources\eth_py150\AppScale\appscale\AppServer\google\appengine\_internal\django\template\defaulttags.py:1100: SyntaxWarning: "\d" is an invalid escape sequence. Such sequences will not work in the future. Did you mean "\\d"? A raw string is also an option.
  ('^client/(\d+)/$', 'app_name.client')
C:\Users\Juju\Desktop\Automated_Code_Refactoring_System\refactor-engine\data\real_world\raw_sources\eth_py150\AppScale\appscale\AppServer\lib\django-1.2\django\db\backends\__init__.py:378: SyntaxWarning: "\%" is an invalid escape sequence. Such sequences will not work in the future. Did you mean "\\%"? A raw string is also an option.
  return smart_unicode(x).replace("\\", "\\\\").replace("%", "\%").replace("_", "\_")
C:\Users\Juju\Desktop\Automated_Code_Refactoring_System\refactor-engine\data\real_world\raw_sources\eth_py150\AppScale\appscale\AppServer\lib\django-1.2\django\db\backends\__init__.py:378: SyntaxWarning: "\_" is an invalid escape sequence. Such sequences will not work in the future. Did you mean "\\_"? A raw string is also an option.
  return smart_unicode(x).replace("\\", "\\\\").replace("%", "\%").replace("_", "\_")
Skipping C:\Users\Juju\Desktop\Automated_Code_Refactoring_System\refactor-engine\data\real_world\raw_sources\eth_py150\AppScale\appscale\AppServer\lib\django-1.2\django\db\backends\oracle\base.py: could not parse (invalid syntax (base.py, line 469))
C:\Users\Juju\Desktop\Automated_Code_Refactoring_System\refactor-engine\data\real_world\raw_sources\eth_py150\AppScale\appscale\AppServer\lib\django-1.4\django\contrib\admindocs\urls.py:33: SyntaxWarning: "\." is an invalid escape sequence. Such sequences will not work in the future. Did you mean "\\."? A raw string is also an option.
  url('^models/(?P<app_label>[^\.]+)\.(?P<model_name>[^/]+)/$',
C:\Users\Juju\Desktop\Automated_Code_Refactoring_System\refactor-engine\data\real_world\raw_sources\eth_py150\AppScale\appscale\AppServer\lib\django-1.4\django\contrib\gis\maps\google\gmap.py:21: SyntaxWarning: "\:" is an invalid escape sequence. Such sequences will not work in the future. Did you mean "\\:"? A raw string is also an option.
  vml_css  = mark_safe('v\:* {behavior:url(#default#VML);}') # CSS for IE VML
Skipping C:\Users\Juju\Desktop\Automated_Code_Refactoring_System\refactor-engine\data\real_world\raw_sources\eth_py150\AppScale\appscale\AppServer\lib\django-1.4\tests\regressiontests\admin_scripts\management\commands\label_command.py: could not parse (Missing parentheses in call to 'print'. Did you mean print(...)? (label_command.py, line 10))
Skipping C:\Users\Juju\Desktop\Automated_Code_Refactoring_System\refactor-engine\data\real_world\raw_sources\eth_py150\AppScale\appscale\AppServer\lib\grizzled\grizzled\collections\dict.py: could not parse (invalid syntax (dict.py, line 510))
Skipping C:\Users\Juju\Desktop\Automated_Code_Refactoring_System\refactor-engine\data\real_world\raw_sources\eth_py150\AppScale\appscale\AppServer\lib\jinja2-2.6\examples\rwbench\rwbench.py: could not parse (Missing parentheses in call to 'print'. Did you mean print(...)? (rwbench.py, line 107))
Skipping C:\Users\Juju\Desktop\Automated_Code_Refactoring_System\refactor-engine\data\real_world\raw_sources\eth_py150\AppScale\appscale\AppServer\lib\setuptools-0.6c11\setuptools\command\alias.py: could not parse (Missing parentheses in call to 'print'. Did you mean print(...)? (alias.py, line 46))
Skipping C:\Users\Juju\Desktop\Automated_Code_Refactoring_System\refactor-engine\data\real_world\raw_sources\eth_py150\AppScale\appscale\AppServer\lib\webob_0_9\tests\test_request.py: could not parse (Missing parentheses in call to 'print'. Did you mean print(...)? (test_request.py, line 35))
Skipping C:\Users\Juju\Desktop\Automated_Code_Refactoring_System\refactor-engine\data\real_world\raw_sources\eth_py150\ardekantur\pyglet\experimental\input\osx.py: could not parse (Missing parentheses in call to 'print'. Did you mean print(...)? (osx.py, line 223))
Skipping C:\Users\Juju\Desktop\Automated_Code_Refactoring_System\refactor-engine\data\real_world\raw_sources\eth_py150\ardekantur\pyglet\experimental\modeswitch\xrandr.py: could not parse (Missing parentheses in call to 'print'. Did you mean print(...)? (xrandr.py, line 50))
Skipping C:\Users\Juju\Desktop\Automated_Code_Refactoring_System\refactor-engine\data\real_world\raw_sources\eth_py150\arkem\py360\report360.py: could not parse (Missing parentheses in call to 'print'. Did you mean print(...)? (report360.py, line 214))
C:\Users\Juju\Desktop\Automated_Code_Refactoring_System\refactor-engine\data\real_world\raw_sources\eth_py150\ARM-software\workload-automation\wlauto\utils\misc.py:619: SyntaxWarning: "\[" is an invalid escape sequence. Such sequences will not work in the future. Did you mean "\\["? A raw string is also an option.
  _bash_color_regex = re.compile('\x1b\[[0-9;]+m')
Skipping C:\Users\Juju\Desktop\Automated_Code_Refactoring_System\refactor-engine\data\real_world\raw_sources\eth_py150\ARM-software\workload-automation\wlauto\utils\misc.py: could not parse (Missing parentheses in call to 'exec'. Did you mean exec(...)? (misc.py, line 702))
Skipping C:\Users\Juju\Desktop\Automated_Code_Refactoring_System\refactor-engine\data\real_world\raw_sources\eth_py150\arq5x\gemini\gemini\tool_homozygosity_runs.py: could not parse (Missing parentheses in call to 'print'. Did you mean print(...)? (tool_homozygosity_runs.py, line 114))
Skipping C:\Users\Juju\Desktop\Automated_Code_Refactoring_System\refactor-engine\data\real_world\raw_sources\eth_py150\associatedpress\geomancer\geomancer\worker.py: could not parse (Missing parentheses in call to 'print'. Did you mean print(...)? (worker.py, line 228))
Skipping C:\Users\Juju\Desktop\Automated_Code_Refactoring_System\refactor-engine\data\real_world\raw_sources\eth_py150\Azure\azure-sdk-for-python\azure-mgmt\tests\test_mgmt_notificationhubs.py: could not parse (invalid non-printable character U+FEFF (test_mgmt_notificationhubs.py, line 1))
Skipping C:\Users\Juju\Desktop\Automated_Code_Refactoring_System\refactor-engine\data\real_world\raw_sources\eth_py150\Azure\azure-storage-python\samples\__init__.py: could not parse (invalid non-printable character U+FEFF (__init__.py, line 1))
C:\Users\Juju\Desktop\Automated_Code_Refactoring_System\refactor-engine\data\real_world\raw_sources\eth_py150\babble\babble\include\jython\Lib\dbexts.py:658: SyntaxWarning: "\[" is an invalid escape sequence. Such sequences will not work in the future. Did you mean "\\["? A raw string is also an option.
  self.ctypeRE = re.compile("\[(jdbc|odbc|default)\]")
Skipping C:\Users\Juju\Desktop\Automated_Code_Refactoring_System\refactor-engine\data\real_world\raw_sources\eth_py150\babble\babble\include\jython\Lib\dbexts.py: could not parse (Function parameters cannot be parenthesized (dbexts.py, line 682))
Skipping C:\Users\Juju\Desktop\Automated_Code_Refactoring_System\refactor-engine\data\real_world\raw_sources\eth_py150\babble\babble\include\jython\Lib\gopherlib.py: could not parse (Missing parentheses in call to 'print'. Did you mean print(...)? (gopherlib.py, line 106))
Skipping C:\Users\Juju\Desktop\Automated_Code_Refactoring_System\refactor-engine\data\real_world\raw_sources\eth_py150\babble\babble\include\jython\Lib\distutils\command\build_clib.py: could not parse (invalid syntax (build_clib.py, line 143))
Skipping C:\Users\Juju\Desktop\Automated_Code_Refactoring_System\refactor-engine\data\real_world\raw_sources\eth_py150\babble\babble\include\jython\Lib\test\test_linuxaudiodev.py: could not parse (Missing parentheses in call to 'print'. Did you mean print(...)? (test_linuxaudiodev.py, line 25))
Skipping C:\Users\Juju\Desktop\Automated_Code_Refactoring_System\refactor-engine\data\real_world\raw_sources\eth_py150\babble\babble\src\main\ed\lang\python\lib\thread.py: could not parse (invalid syntax (thread.py, line 24))
Skipping C:\Users\Juju\Desktop\Automated_Code_Refactoring_System\refactor-engine\data\real_world\raw_sources\eth_py150\bartdag\recodoc2\recodoc2\apps\docutil\test_util.py: could not parse (Missing parentheses in call to 'print'. Did you mean print(...)? (test_util.py, line 51))
Skipping C:\Users\Juju\Desktop\Automated_Code_Refactoring_System\refactor-engine\data\real_world\raw_sources\eth_py150\basho-labs\spark-bdp-stockticker-demo\populateData.py: could not parse (Missing parentheses in call to 'print'. Did you mean print(...)? (populateData.py, line 20))
Skipping C:\Users\Juju\Desktop\Automated_Code_Refactoring_System\refactor-engine\data\real_world\raw_sources\eth_py150\baz\app-sales-machine\jobs\pull_report.py: could not parse (Missing parentheses in call to 'print'. Did you mean print(...)? (pull_report.py, line 25))
Skipping C:\Users\Juju\Desktop\Automated_Code_Refactoring_System\refactor-engine\data\real_world\raw_sources\eth_py150\benanne\kaggle-galaxies\try_convnet_cc_multirotflip_3x69r45_8433n_maxout2048_extradense_pysex.py: could not parse (Missing parentheses in call to 'print'. Did you mean print(...)? (try_convnet_cc_multirotflip_3x69r45_8433n_maxout2048_extradense_pysex.py, line 54))
Skipping C:\Users\Juju\Desktop\Automated_Code_Refactoring_System\refactor-engine\data\real_world\raw_sources\eth_py150\benanne\kaggle-ndsb\configurations\featharalick_bagged_convroll4_doublescale_fs5.py: could not parse (Missing parentheses in call to 'print'. Did you mean print(...)? (featharalick_bagged_convroll4_doublescale_fs5.py, line 79))
Skipping C:\Users\Juju\Desktop\Automated_Code_Refactoring_System\refactor-engine\data\real_world\raw_sources\eth_py150\benjamin-hodgson\asynqp\test\util.py: could not parse (invalid syntax (util.py, line 113))
Skipping C:\Users\Juju\Desktop\Automated_Code_Refactoring_System\refactor-engine\data\real_world\raw_sources\eth_py150\biocore\emperor\emperor\qiime_backports\filter.py: could not parse (invalid syntax (filter.py, line 32))
C:\Users\Juju\Desktop\Automated_Code_Refactoring_System\refactor-engine\data\real_world\raw_sources\eth_py150\blaze\odo\odo\backends\hdfs.py:514: SyntaxWarning: "\w" is an invalid escape sequence. Such sequences will not work in the future. Did you mean "\\w"? A raw string is also an option.
  hdfs_pattern = '(((?P<user>[a-zA-Z]\w*)@)?(?P<host>[\w.-]*)?(:(?P<port>\d+))?:)?(?P<path>[/\w.*-]+)'
Skipping C:\Users\Juju\Desktop\Automated_Code_Refactoring_System\refactor-engine\data\real_world\raw_sources\eth_py150\blixt\py-starbound\export.py: could not parse (Missing parentheses in call to 'print'. Did you mean print(...)? (export.py, line 25))
C:\Users\Juju\Desktop\Automated_Code_Refactoring_System\refactor-engine\data\real_world\raw_sources\eth_py150\boakley\robotframework-lint\rflint\parser\common.py:26: SyntaxWarning: "\[" is an invalid escape sequence. Such sequences will not work in the future. Did you mean "\\["? A raw string is also an option.
  '''Return a list of settings (statements with cell[1] matching \[.*?\])
Skipping C:\Users\Juju\Desktop\Automated_Code_Refactoring_System\refactor-engine\data\real_world\raw_sources\eth_py150\boakley\robotframework-lint\rflint\parser\common.py: could not parse (Missing parentheses in call to 'print'. Did you mean print(...)? (common.py, line 80))
Skipping C:\Users\Juju\Desktop\Automated_Code_Refactoring_System\refactor-engine\data\real_world\raw_sources\eth_py150\box\ClusterRunner\app\deployment\remote_service.py: could not parse (invalid syntax (remote_service.py, line 30))
Skipping C:\Users\Juju\Desktop\Automated_Code_Refactoring_System\refactor-engine\data\real_world\raw_sources\eth_py150\bradfitz\addressbooker\gdata\service.py: could not parse (invalid syntax (service.py, line 509))
Skipping C:\Users\Juju\Desktop\Automated_Code_Refactoring_System\refactor-engine\data\real_world\raw_sources\eth_py150\brickgao\specchio\specchio\main.py: could not parse (Missing parentheses in call to 'print'. Did you mean print(...)? (main.py, line 54))
C:\Users\Juju\Desktop\Automated_Code_Refactoring_System\refactor-engine\data\real_world\raw_sources\eth_py150\BRML\climin\climin\adam.py:45: SyntaxWarning: "\c" is an invalid escape sequence. Such sequences will not work in the future. Did you mean "\\c"? A raw string is also an option.
  m_t   & \\leftarrow \\beta_{1,t} \cdot g_t + (1 - \\beta_{1, t}) \cdot m_{t-1} \\\\
Skipping C:\Users\Juju\Desktop\Automated_Code_Refactoring_System\refactor-engine\data\real_world\raw_sources\eth_py150\bro\broccoli-python\tests\test.py: could not parse (Missing parentheses in call to 'print'. Did you mean print(...)? (test.py, line 15))
Skipping C:\Users\Juju\Desktop\Automated_Code_Refactoring_System\refactor-engine\data\real_world\raw_sources\eth_py150\bryancatanzaro\copperhead\copperhead\compiler\parsetypes.py: could not parse (invalid syntax (parsetypes.py, line 40))
Skipping C:\Users\Juju\Desktop\Automated_Code_Refactoring_System\refactor-engine\data\real_world\raw_sources\eth_py150\buildingenergy\buildingenergy-platform\seed\migrations\0014_convert_orgs_to_super_orgs.py: could not parse (Missing parentheses in call to 'print'. Did you mean print(...)? (0014_convert_orgs_to_super_orgs.py, line 35))
C:\Users\Juju\Desktop\Automated_Code_Refactoring_System\refactor-engine\data\real_world\raw_sources\eth_py150\burke-software\django-report-builder\report_builder\urls.py:26: SyntaxWarning: "\d" is an invalid escape sequence. Such sequences will not work in the future. Did you mean "\\d"? A raw string is also an option.
  url('^report/(?P<pk>\d+)/$', views.ReportSPAView.as_view(), name="report_update_view"),
Skipping C:\Users\Juju\Desktop\Automated_Code_Refactoring_System\refactor-engine\data\real_world\raw_sources\eth_py150\bytefish\facerec\py\facedet\detector.py: could not parse (Missing parentheses in call to 'print'. Did you mean print(...)? (detector.py, line 104))
Skipping C:\Users\Juju\Desktop\Automated_Code_Refactoring_System\refactor-engine\data\real_world\raw_sources\eth_py150\c01db33f\concolica\examples\test_trace.py: could not parse (Missing parentheses in call to 'print'. Did you mean print(...)? (test_trace.py, line 26))
Skipping C:\Users\Juju\Desktop\Automated_Code_Refactoring_System\refactor-engine\data\real_world\raw_sources\eth_py150\catap\namebench\libnamebench\providers.py: could not parse (Missing parentheses in call to 'print'. Did you mean print(...)? (providers.py, line 81))
Skipping C:\Users\Juju\Desktop\Automated_Code_Refactoring_System\refactor-engine\data\real_world\raw_sources\eth_py150\CellProfiler\CellProfiler\cellprofiler\gui\imagesetctrl.py: could not parse (Missing parentheses in call to 'print'. Did you mean print(...)? (imagesetctrl.py, line 771))
Skipping C:\Users\Juju\Desktop\Automated_Code_Refactoring_System\refactor-engine\data\real_world\raw_sources\eth_py150\cfedermann\Appraise\appraise\scripts\create_wmt15_invites.py: could not parse (Missing parentheses in call to 'print'. Did you mean print(...)? (create_wmt15_invites.py, line 46))
C:\Users\Juju\Desktop\Automated_Code_Refactoring_System\refactor-engine\data\real_world\raw_sources\eth_py150\CGATOxford\cgat\CGAT\CBioPortal.py:871: SyntaxWarning: "\." is an invalid escape sequence. Such sequences will not work in the future. Did you mean "\\."? A raw string is also an option.
  if re.search("[^0-9\.\-]", value):
C:\Users\Juju\Desktop\Automated_Code_Refactoring_System\refactor-engine\data\real_world\raw_sources\eth_py150\CGATOxford\cgat\CGAT\CBioPortal.py:874: SyntaxWarning: "\." is an invalid escape sequence. Such sequences will not work in the future. Did you mean "\\."? A raw string is also an option.
  elif re.search("[0-9]+\.[0-9]+", value):
Skipping C:\Users\Juju\Desktop\Automated_Code_Refactoring_System\refactor-engine\data\real_world\raw_sources\eth_py150\CGATOxford\cgat\legacy\renumber_pdb_files.py: could not parse (Missing parentheses in call to 'print'. Did you mean print(...)? (renumber_pdb_files.py, line 107))
Skipping C:\Users\Juju\Desktop\Automated_Code_Refactoring_System\refactor-engine\data\real_world\raw_sources\eth_py150\CGATOxford\cgat\obsolete\pipeline_rmaa\calculate_rpkms.py: could not parse (Missing parentheses in call to 'print'. Did you mean print(...)? (calculate_rpkms.py, line 43))
C:\Users\Juju\Desktop\Automated_Code_Refactoring_System\refactor-engine\data\real_world\raw_sources\eth_py150\CGATOxford\cgat\scripts\bed2plot.py:145: SyntaxWarning: "\s" is an invalid escape sequence. Such sequences will not work in the future. Did you mean "\\s"? A raw string is also an option.
  name = re.sub("\s", "_", bed.name)
Skipping C:\Users\Juju\Desktop\Automated_Code_Refactoring_System\refactor-engine\data\real_world\raw_sources\eth_py150\chen3feng\typhoon-blade\src\blade\scons_helper.py: could not parse (Missing parentheses in call to 'print'. Did you mean print(...)? (scons_helper.py, line 334))
C:\Users\Juju\Desktop\Automated_Code_Refactoring_System\refactor-engine\data\real_world\raw_sources\eth_py150\chrippa\livestreamer\src\livestreamer\plugins\common_jwplayer.py:10: SyntaxWarning: "\(" is an invalid escape sequence. Such sequences will not work in the future. Did you mean "\\("? A raw string is also an option.
  _playlist_re = re.compile("\(?\{.*playlist: (\[.*\]),.*?\}\)?;", re.DOTALL)
C:\Users\Juju\Desktop\Automated_Code_Refactoring_System\refactor-engine\data\real_world\raw_sources\eth_py150\chrippa\livestreamer\src\livestreamer\plugins\common_jwplayer.py:11: SyntaxWarning: "\w" is an invalid escape sequence. Such sequences will not work in the future. Did you mean "\\w"? A raw string is also an option.
  _js_to_json = partial(re.compile("(\w+):\s").sub, r'"\1":')
Skipping C:\Users\Juju\Desktop\Automated_Code_Refactoring_System\refactor-engine\data\real_world\raw_sources\eth_py150\ChrisBeaumont\brut\scripts\merge_full_search.py: could not parse (Missing parentheses in call to 'print'. Did you mean print(...)? (merge_full_search.py, line 18))
Skipping C:\Users\Juju\Desktop\Automated_Code_Refactoring_System\refactor-engine\data\real_world\raw_sources\eth_py150\chrisdembia\agent-bicycle\randlov1998\tasks_gotorewards.py: could not parse (Missing parentheses in call to 'print'. Did you mean print(...)? (tasks_gotorewards.py, line 114))
C:\Users\Juju\Desktop\Automated_Code_Refactoring_System\refactor-engine\data\real_world\raw_sources\eth_py150\cloudera\hue\apps\oozie\src\oozie\models.py:61: SyntaxWarning: "\-" is an invalid escape sequence. Such sequences will not work in the future. Did you mean "\\-"? A raw string is also an option.
  name_validator = RegexValidator(regex='^[a-zA-Z_][\-_a-zA-Z0-9]{1,39}$',
Skipping C:\Users\Juju\Desktop\Automated_Code_Refactoring_System\refactor-engine\data\real_world\raw_sources\eth_py150\cloudera\hue\apps\oozie\src\oozie\models.py: could not parse (leading zeros in decimal integer literals are not permitted; use an 0o prefix for octal integers (models.py, line 303))
Skipping C:\Users\Juju\Desktop\Automated_Code_Refactoring_System\refactor-engine\data\real_world\raw_sources\eth_py150\cloudera\hue\desktop\core\ext-py\guppy-0.1.10\guppy\etc\RE_Rect.py: could not parse (inconsistent use of tabs and spaces in indentation (RE_Rect.py, line 25))
Skipping C:\Users\Juju\Desktop\Automated_Code_Refactoring_System\refactor-engine\data\real_world\raw_sources\eth_py150\cloudera\hue\desktop\core\ext-py\tablib-0.10.0\tablib\packages\xlrd\biffh.py: could not parse ('utf-8' codec can't decode byte 0xa9 in position 94: invalid start byte)
C:\Users\Juju\Desktop\Automated_Code_Refactoring_System\refactor-engine\data\real_world\raw_sources\eth_py150\ClusterHQ\flocker\flocker\node\agents\test\test_blockdevice.py:3708: SyntaxWarning: "\ " is an invalid escape sequence. Such sequences will not work in the future. Did you mean "\\ "? A raw string is also an option.
  If there are volumes in the ``LoopbackBlockDeviceAPI``\ 's "attached"
C:\Users\Juju\Desktop\Automated_Code_Refactoring_System\refactor-engine\data\real_world\raw_sources\eth_py150\ClusterHQ\flocker\flocker\node\agents\test\test_blockdevice.py:3871: SyntaxWarning: "\ " is an invalid escape sequence. Such sequences will not work in the future. Did you mean "\\ "? A raw string is also an option.
  Tests for ``CreateFilesystem``\ 's ``IStateChange`` implementation.
C:\Users\Juju\Desktop\Automated_Code_Refactoring_System\refactor-engine\data\real_world\raw_sources\eth_py150\ClusterHQ\flocker\flocker\node\agents\test\test_blockdevice.py:3998: SyntaxWarning: "\ " is an invalid escape sequence. Such sequences will not work in the future. Did you mean "\\ "? A raw string is also an option.
  Tests for ``MountBlockDevice``\ 's ``IStateChange`` implementation, as
C:\Users\Juju\Desktop\Automated_Code_Refactoring_System\refactor-engine\data\real_world\raw_sources\eth_py150\ClusterHQ\flocker\flocker\node\agents\test\test_blockdevice.py:4513: SyntaxWarning: "\ " is an invalid escape sequence. Such sequences will not work in the future. Did you mean "\\ "? A raw string is also an option.
  ``CreateBlockDeviceDataset.run`` uses the ``IDeployer``\ 's API object
C:\Users\Juju\Desktop\Automated_Code_Refactoring_System\refactor-engine\data\real_world\raw_sources\eth_py150\ClusterHQ\flocker\flocker\node\agents\test\test_blockdevice.py:4532: SyntaxWarning: "\ " is an invalid escape sequence. Such sequences will not work in the future. Did you mean "\\ "? A raw string is also an option.
  ``CreateBlockDeviceDataset.run`` uses the ``IDeployer``\ 's API object
C:\Users\Juju\Desktop\Automated_Code_Refactoring_System\refactor-engine\data\real_world\raw_sources\eth_py150\ClusterHQ\flocker\flocker\node\agents\test\test_blockdevice.py:4583: SyntaxWarning: "\ " is an invalid escape sequence. Such sequences will not work in the future. Did you mean "\\ "? A raw string is also an option.
  ``CreateBlockDeviceDataset.run`` uses the ``IDeployer``\ 's API object
C:\Users\Juju\Desktop\Automated_Code_Refactoring_System\refactor-engine\data\real_world\raw_sources\eth_py150\ClusterHQ\flocker\flocker\node\agents\test\test_blockdevice.py:4631: SyntaxWarning: "\ " is an invalid escape sequence. Such sequences will not work in the future. Did you mean "\\ "? A raw string is also an option.
  Tests for ``AttachVolume``\ 's ``IStateChange`` implementation.
Skipping C:\Users\Juju\Desktop\Automated_Code_Refactoring_System\refactor-engine\data\real_world\raw_sources\eth_py150\cmorgan\trading-with-python\lib\eventSystem.py: could not parse (Missing parentheses in call to 'print'. Did you mean print(...)? (eventSystem.py, line 58))
Skipping C:\Users\Juju\Desktop\Automated_Code_Refactoring_System\refactor-engine\data\real_world\raw_sources\eth_py150\cmpilato\thotkeeper\lib\tk_main.py: could not parse (invalid syntax (tk_main.py, line 53))
Skipping C:\Users\Juju\Desktop\Automated_Code_Refactoring_System\refactor-engine\data\real_world\raw_sources\eth_py150\codalab\codalab-cli\worker\docker_client.py: could not parse (invalid syntax (docker_client.py, line 21))
Skipping C:\Users\Juju\Desktop\Automated_Code_Refactoring_System\refactor-engine\data\real_world\raw_sources\eth_py150\coinkite\coinkite-real-time-invoice\main.py: could not parse (Missing parentheses in call to 'print'. Did you mean print(...)? (main.py, line 103))
C:\Users\Juju\Desktop\Automated_Code_Refactoring_System\refactor-engine\data\real_world\raw_sources\eth_py150\coleifer\irc\bots\googlebot.py:26: SyntaxWarning: "\S" is an invalid escape sequence. Such sequences will not work in the future. Did you mean "\\S"? A raw string is also an option.
  self.ping('^find me (?P<query>\S+)', self.find_me),
Skipping C:\Users\Juju\Desktop\Automated_Code_Refactoring_System\refactor-engine\data\real_world\raw_sources\eth_py150\colemana\PyPDF2\PyPDF2\merger.py: could not parse (invalid syntax (merger.py, line 288))
Skipping C:\Users\Juju\Desktop\Automated_Code_Refactoring_System\refactor-engine\data\real_world\raw_sources\eth_py150\CollabQ\CollabQ\bin\upload.py: could not parse (leading zeros in decimal integer literals are not permitted; use an 0o prefix for octal integers (upload.py, line 397))
C:\Users\Juju\Desktop\Automated_Code_Refactoring_System\refactor-engine\data\real_world\raw_sources\eth_py150\CollabQ\CollabQ\common\patterns.py:25: SyntaxWarning: "\." is an invalid escape sequence. Such sequences will not work in the future. Did you mean "\\."? A raw string is also an option.
  AVATAR_PATH_RE = r'^image/' + AVATAR_PARTIAL_PATH_RE + '\.jpg'
C:\Users\Juju\Desktop\Automated_Code_Refactoring_System\refactor-engine\data\real_world\raw_sources\eth_py150\CollabQ\CollabQ\vendor\django\contrib\localflavor\nl\forms.py:12: SyntaxWarning: "\d" is an invalid escape sequence. Such sequences will not work in the future. Did you mean "\\d"? A raw string is also an option.
  pc_re = re.compile('^\d{4}[A-Z]{2}$')
C:\Users\Juju\Desktop\Automated_Code_Refactoring_System\refactor-engine\data\real_world\raw_sources\eth_py150\CollabQ\CollabQ\vendor\django\contrib\localflavor\nl\forms.py:13: SyntaxWarning: "\d" is an invalid escape sequence. Such sequences will not work in the future. Did you mean "\\d"? A raw string is also an option.
  sofi_re = re.compile('^\d{9}$')
C:\Users\Juju\Desktop\Automated_Code_Refactoring_System\refactor-engine\data\real_world\raw_sources\eth_py150\CollabQ\CollabQ\vendor\django\contrib\localflavor\nl\forms.py:14: SyntaxWarning: "\d" is an invalid escape sequence. Such sequences will not work in the future. Did you mean "\\d"? A raw string is also an option.
  numeric_re = re.compile('^\d+$')
C:\Users\Juju\Desktop\Automated_Code_Refactoring_System\refactor-engine\data\real_world\raw_sources\eth_py150\CollabQ\CollabQ\vendor\django\contrib\localflavor\nl\forms.py:60: SyntaxWarning: "\-" is an invalid escape sequence. Such sequences will not work in the future. Did you mean "\\-"? A raw string is also an option.
  phone_nr = re.sub('[\-\s\(\)]', '', smart_unicode(value))
Skipping C:\Users\Juju\Desktop\Automated_Code_Refactoring_System\refactor-engine\data\real_world\raw_sources\eth_py150\CollabQ\CollabQ\vendor\django\template\loaders\filesystem.py: could not parse (invalid syntax (filesystem.py, line 40))
C:\Users\Juju\Desktop\Automated_Code_Refactoring_System\refactor-engine\data\real_world\raw_sources\eth_py150\CollabQ\CollabQ\vendor\gdata\blogger\__init__.py:36: SyntaxWarning: "\w" is an invalid escape sequence. Such sequences will not work in the future. Did you mean "\\w"? A raw string is also an option.
  blog_name_pattern = re.compile('(http://)(\w*)')
C:\Users\Juju\Desktop\Automated_Code_Refactoring_System\refactor-engine\data\real_world\raw_sources\eth_py150\CollabQ\CollabQ\vendor\gdata\blogger\__init__.py:37: SyntaxWarning: "\w" is an invalid escape sequence. Such sequences will not work in the future. Did you mean "\\w"? A raw string is also an option.
  blog_id_pattern = re.compile('(tag:blogger.com,1999:blog-)(\w*)')
C:\Users\Juju\Desktop\Automated_Code_Refactoring_System\refactor-engine\data\real_world\raw_sources\eth_py150\CollabQ\CollabQ\vendor\gdata\blogger\__init__.py:38: SyntaxWarning: "\d" is an invalid escape sequence. Such sequences will not work in the future. Did you mean "\\d"? A raw string is also an option.
  blog_id2_pattern = re.compile('tag:blogger.com,1999:user-(\d+)\.blog-(\d+)')
C:\Users\Juju\Desktop\Automated_Code_Refactoring_System\refactor-engine\data\real_world\raw_sources\eth_py150\CollabQ\CollabQ\vendor\gdata\blogger\__init__.py:94: SyntaxWarning: "\w" is an invalid escape sequence. Such sequences will not work in the future. Did you mean "\\w"? A raw string is also an option.
  post_id_pattern = re.compile('(tag:blogger.com,1999:blog-)(\w*)(.post-)(\w*)')
C:\Users\Juju\Desktop\Automated_Code_Refactoring_System\refactor-engine\data\real_world\raw_sources\eth_py150\CollabQ\CollabQ\vendor\gdata\blogger\__init__.py:163: SyntaxWarning: "\w" is an invalid escape sequence. Such sequences will not work in the future. Did you mean "\\w"? A raw string is also an option.
  comment_id_pattern = re.compile('.*-(\w*)$')
Skipping C:\Users\Juju\Desktop\Automated_Code_Refactoring_System\refactor-engine\data\real_world\raw_sources\eth_py150\comodit\demos\ceph-cluster\deploy.py: could not parse (Missing parentheses in call to 'print'. Did you mean print(...)? (deploy.py, line 16))
Skipping C:\Users\Juju\Desktop\Automated_Code_Refactoring_System\refactor-engine\data\real_world\raw_sources\eth_py150\comodit\demos\openshift\helper.py: could not parse (Missing parentheses in call to 'print'. Did you mean print(...)? (helper.py, line 56))
Skipping C:\Users\Juju\Desktop\Automated_Code_Refactoring_System\refactor-engine\data\real_world\raw_sources\eth_py150\coreemu\core\daemon\examples\netns\emane80211.py: could not parse (Missing parentheses in call to 'print'. Did you mean print(...)? (emane80211.py, line 59))
Skipping C:\Users\Juju\Desktop\Automated_Code_Refactoring_System\refactor-engine\data\real_world\raw_sources\eth_py150\Craig-Macomber\Panda3D-Terrain-System\renderer\renderer.py: could not parse (Missing parentheses in call to 'print'. Did you mean print(...)? (renderer.py, line 66))
Skipping C:\Users\Juju\Desktop\Automated_Code_Refactoring_System\refactor-engine\data\real_world\raw_sources\eth_py150\danecjensen\subscribely\src\flaskext\wtf\recaptcha\widgets.py: could not parse (Lambda expression parameters cannot be parenthesized (widgets.py, line 17))
Skipping C:\Users\Juju\Desktop\Automated_Code_Refactoring_System\refactor-engine\data\real_world\raw_sources\eth_py150\danecjensen\subscribely\src\wtforms\validators.py: could not parse ('u' and 'r' prefixes are incompatible (validators.py, line 275))
Skipping C:\Users\Juju\Desktop\Automated_Code_Refactoring_System\refactor-engine\data\real_world\raw_sources\eth_py150\darcyliu\storyboard\storage\views.py: could not parse (Missing parentheses in call to 'print'. Did you mean print(...)? (views.py, line 272))
Skipping C:\Users\Juju\Desktop\Automated_Code_Refactoring_System\refactor-engine\data\real_world\raw_sources\eth_py150\deadbits\Intersect-2.5\Tools\Standalone-Shells\XOR\xor-listener.py: could not parse (Missing parentheses in call to 'print'. Did you mean print(...)? (xor-listener.py, line 48))
Skipping C:\Users\Juju\Desktop\Automated_Code_Refactoring_System\refactor-engine\data\real_world\raw_sources\eth_py150\dikien\Machine-Learning-Newspaper\nytimes\step1_data_wrangling.py: could not parse (Missing parentheses in call to 'print'. Did you mean print(...)? (step1_data_wrangling.py, line 38))
Skipping C:\Users\Juju\Desktop\Automated_Code_Refactoring_System\refactor-engine\data\real_world\raw_sources\eth_py150\dimagi\commcare-hq\corehq\apps\domain\management\commands\migrate_domain_bu.py: could not parse (Missing parentheses in call to 'print'. Did you mean print(...)? (migrate_domain_bu.py, line 35))
C:\Users\Juju\Desktop\Automated_Code_Refactoring_System\refactor-engine\data\real_world\raw_sources\eth_py150\dimagi\commcare-hq\corehq\apps\hqpillow_retry\views.py:255: SyntaxWarning: "\." is an invalid escape sequence. Such sequences will not work in the future. Did you mean "\\."? A raw string is also an option.
  if re.search('@dimagi\.com$', couch_user.username):
Skipping C:\Users\Juju\Desktop\Automated_Code_Refactoring_System\refactor-engine\data\real_world\raw_sources\eth_py150\dimagi\commcare-hq\corehq\ex-submodules\couchforms\management\commands\post_form.py: could not parse (Missing parentheses in call to 'print'. Did you mean print(...)? (post_form.py, line 16))
Skipping C:\Users\Juju\Desktop\Automated_Code_Refactoring_System\refactor-engine\data\real_world\raw_sources\eth_py150\dimagi\commcare-hq\corehq\ex-submodules\fluff\management\commands\ptop_fast_reindex_fluff.py: could not parse (Missing parentheses in call to 'print'. Did you mean print(...)? (ptop_fast_reindex_fluff.py, line 48))
Skipping C:\Users\Juju\Desktop\Automated_Code_Refactoring_System\refactor-engine\data\real_world\raw_sources\eth_py150\DistrictDataLabs\spark-workshop\apps\sales.py: could not parse (Missing parentheses in call to 'print'. Did you mean print(...)? (sales.py, line 57))
Skipping C:\Users\Juju\Desktop\Automated_Code_Refactoring_System\refactor-engine\data\real_world\raw_sources\eth_py150\djc\awmy\prune.py: could not parse (Missing parentheses in call to 'print'. Did you mean print(...)? (prune.py, line 36))
Skipping C:\Users\Juju\Desktop\Automated_Code_Refactoring_System\refactor-engine\data\real_world\raw_sources\eth_py150\douban\dpark\examples\cos.py: could not parse (Missing parentheses in call to 'print'. Did you mean print(...)? (cos.py, line 16))
C:\Users\Juju\Desktop\Automated_Code_Refactoring_System\refactor-engine\data\real_world\raw_sources\eth_py150\dpgaspar\Flask-AppBuilder\examples\mongoengine\config.py:6: SyntaxWarning: "\e" is an invalid escape sequence. Such sequences will not work in the future. Did you mean "\\e"? A raw string is also an option.
  SECRET_KEY = '\2\1thisismyscretkey\1\2\e\y\y\h'
Skipping C:\Users\Juju\Desktop\Automated_Code_Refactoring_System\refactor-engine\data\real_world\raw_sources\eth_py150\dpkp\kafka-python\kafka\producer\simple.py: could not parse (invalid syntax (simple.py, line 54))
Skipping C:\Users\Juju\Desktop\Automated_Code_Refactoring_System\refactor-engine\data\real_world\raw_sources\eth_py150\dsiroky\snakemq\tests\performance\packeter_single_large_throttled.py: could not parse (Missing parentheses in call to 'print'. Did you mean print(...)? (packeter_single_large_throttled.py, line 39))
Skipping C:\Users\Juju\Desktop\Automated_Code_Refactoring_System\refactor-engine\data\real_world\raw_sources\eth_py150\eBay\restcommander\play-1.2.4\python\Lib\timeit.py: could not parse (Missing parentheses in call to 'exec'. Did you mean exec(...)? (timeit.py, line 136))
Skipping C:\Users\Juju\Desktop\Automated_Code_Refactoring_System\refactor-engine\data\real_world\raw_sources\eth_py150\EiNSTeiN-\idapython\pywraps\py_lines.py: could not parse (invalid hexadecimal literal (py_lines.py, line 4))
Skipping C:\Users\Juju\Desktop\Automated_Code_Refactoring_System\refactor-engine\data\real_world\raw_sources\eth_py150\emansim\text2image\mnist-captions\sample-captions.py: could not parse (Missing parentheses in call to 'print'. Did you mean print(...)? (sample-captions.py, line 77))
Skipping C:\Users\Juju\Desktop\Automated_Code_Refactoring_System\refactor-engine\data\real_world\raw_sources\eth_py150\enthought\envisage\examples\plugins\tasks\ipython_kernel\example.py: could not parse (Missing parentheses in call to 'print'. Did you mean print(...)? (example.py, line 46))
C:\Users\Juju\Desktop\Automated_Code_Refactoring_System\refactor-engine\data\real_world\raw_sources\eth_py150\enthought\traits\traits\util\clean_strings.py:25: SyntaxWarning: "\w" is an invalid escape sequence. Such sequences will not work in the future. Did you mean "\\w"? A raw string is also an option.
  wordparts = re.split('[^\w\.\-]+', name)
C:\Users\Juju\Desktop\Automated_Code_Refactoring_System\refactor-engine\data\real_world\raw_sources\eth_py150\enthought\traitsui\examples\tutorials\doc_examples\examples\instance_editor_selection.py:20: SyntaxWarning: "\d" is an invalid escape sequence. Such sequences will not work in the future. Did you mean "\\d"? A raw string is also an option.
  regex = '\d\d\d[-]\d\d\d\d' )
Skipping C:\Users\Juju\Desktop\Automated_Code_Refactoring_System\refactor-engine\data\real_world\raw_sources\eth_py150\enthought\traitsui\examples\tutorials\doc_examples\examples\tree_editor.py: could not parse (Missing parentheses in call to 'print'. Did you mean print(...)? (tree_editor.py, line 117))
Skipping C:\Users\Juju\Desktop\Automated_Code_Refactoring_System\refactor-engine\data\real_world\raw_sources\eth_py150\Esri\ops-server-config\SupportFiles\UtilitiesArcPy.py: could not parse (Missing parentheses in call to 'print'. Did you mean print(...)? (UtilitiesArcPy.py, line 53))
Skipping C:\Users\Juju\Desktop\Automated_Code_Refactoring_System\refactor-engine\data\real_world\raw_sources\eth_py150\Esri\solutions-geoprocessing-toolbox\suitability\toolboxes\scripts\METAR\MetarDecoder.py: could not parse (Missing parentheses in call to 'print'. Did you mean print(...)? (MetarDecoder.py, line 421))
C:\Users\Juju\Desktop\Automated_Code_Refactoring_System\refactor-engine\data\real_world\raw_sources\eth_py150\eucalyptus\eutester\eutester\midget.py:758: SyntaxWarning: "\w" is an invalid escape sequence. Such sequences will not work in the future. Did you mean "\\w"? A raw string is also an option.
  if re.match('^\w{8}-\w{4}-\w{4}-\w{4}-\w{12}$', chain):
C:\Users\Juju\Desktop\Automated_Code_Refactoring_System\refactor-engine\data\real_world\raw_sources\eth_py150\eucalyptus\eutester\eutester\midget.py:809: SyntaxWarning: "\w" is an invalid escape sequence. Such sequences will not work in the future. Did you mean "\\w"? A raw string is also an option.
  if re.match('^sg-\w{8}$', group):
C:\Users\Juju\Desktop\Automated_Code_Refactoring_System\refactor-engine\data\real_world\raw_sources\eth_py150\eucalyptus\eutester\eutester\windows_instance.py:98: SyntaxWarning: "\S" is an invalid escape sequence. Such sequences will not work in the future. Did you mean "\\S"? A raw string is also an option.
  if (re.search("\S", str(dict[key])) and not re.search("\D", str(dict[key]))):
C:\Users\Juju\Desktop\Automated_Code_Refactoring_System\refactor-engine\data\real_world\raw_sources\eth_py150\eucalyptus\eutester\eutester\windows_instance.py:98: SyntaxWarning: "\D" is an invalid escape sequence. Such sequences will not work in the future. Did you mean "\\D"? A raw string is also an option.
  if (re.search("\S", str(dict[key])) and not re.search("\D", str(dict[key]))):
Skipping C:\Users\Juju\Desktop\Automated_Code_Refactoring_System\refactor-engine\data\real_world\raw_sources\eth_py150\eucalyptus\eutester\eutester\windows_instance.py: could not parse (Missing parentheses in call to 'print'. Did you mean print(...)? (windows_instance.py, line 835))
C:\Users\Juju\Desktop\Automated_Code_Refactoring_System\refactor-engine\data\real_world\raw_sources\eth_py150\eucalyptus\eutester\testcases\cloud_admin\install_imaging_service.py:178: SyntaxWarning: "\$" is an invalid escape sequence. Such sequences will not work in the future. Did you mean "\\$"? A raw string is also an option.
  '\$ModLoad imudp', conf)
C:\Users\Juju\Desktop\Automated_Code_Refactoring_System\refactor-engine\data\real_world\raw_sources\eth_py150\eucalyptus\eutester\testcases\cloud_admin\install_imaging_service.py:180: SyntaxWarning: "\$" is an invalid escape sequence. Such sequences will not work in the future. Did you mean "\\$"? A raw string is also an option.
  '\$UDPServerRun ' +
C:\Users\Juju\Desktop\Automated_Code_Refactoring_System\refactor-engine\data\real_world\raw_sources\eth_py150\eucalyptus\eutester\testcases\cloud_admin\install_imaging_service.py:184: SyntaxWarning: "\$" is an invalid escape sequence. Such sequences will not work in the future. Did you mean "\\$"? A raw string is also an option.
  '\$UDPServerAddress 0.0.0.0', conf)
C:\Users\Juju\Desktop\Automated_Code_Refactoring_System\refactor-engine\data\real_world\raw_sources\eth_py150\eucalyptus\eutester\testcases\cloud_admin\install_imaging_service.py:205: SyntaxWarning: "\#" is an invalid escape sequence. Such sequences will not work in the future. Did you mean "\\#"? A raw string is also an option.
  machine.sys('perl -p -i -e "s/^*.*' +str(orig_key) + '/\#' +
Skipping C:\Users\Juju\Desktop\Automated_Code_Refactoring_System\refactor-engine\data\real_world\raw_sources\eth_py150\Exa-Networks\exabgp\lib\exabgp\reactor\network\outgoing.py: could not parse (invalid syntax (outgoing.py, line 7))
Skipping C:\Users\Juju\Desktop\Automated_Code_Refactoring_System\refactor-engine\data\real_world\raw_sources\eth_py150\ExCiteS\geokey\geokey\core\middleware.py: could not parse (Missing parentheses in call to 'print'. Did you mean print(...)? (middleware.py, line 52))
Skipping C:\Users\Juju\Desktop\Automated_Code_Refactoring_System\refactor-engine\data\real_world\raw_sources\eth_py150\fabric-engine\Kraken\Python\kraken\core\kraken_system.py: could not parse (Missing parentheses in call to 'print'. Did you mean print(...)? (kraken_system.py, line 320))
Skipping C:\Users\Juju\Desktop\Automated_Code_Refactoring_System\refactor-engine\data\real_world\raw_sources\eth_py150\fabric-engine\Kraken\tests\MathTests\mathTypes.py: could not parse (Missing parentheses in call to 'print'. Did you mean print(...)? (mathTypes.py, line 7))
Skipping C:\Users\Juju\Desktop\Automated_Code_Refactoring_System\refactor-engine\data\real_world\raw_sources\eth_py150\fatcloud\PyCV-time\opencv-official-samples\3.0.0\lk_track.py: could not parse (Missing parentheses in call to 'print'. Did you mean print(...)? (lk_track.py, line 96))
Skipping C:\Users\Juju\Desktop\Automated_Code_Refactoring_System\refactor-engine\data\real_world\raw_sources\eth_py150\fcicq\vdisk_lib\vdisk.py: could not parse (invalid syntax (vdisk.py, line 15))
Skipping C:\Users\Juju\Desktop\Automated_Code_Refactoring_System\refactor-engine\data\real_world\raw_sources\eth_py150\feinheit\django-facebook-graph\facebook\session.py: could not parse (invalid syntax (session.py, line 179))
C:\Users\Juju\Desktop\Automated_Code_Refactoring_System\refactor-engine\data\real_world\raw_sources\eth_py150\fictivekin\openrecipes\scrapy_proj\openrecipes\spiders\bbcgoodfood_spider.py:100: SyntaxWarning: "\?" is an invalid escape sequence. Such sequences will not work in the future. Did you mean "\\?"? A raw string is also an option.
  Rule(SgmlLinkExtractor(allow=('/searchAZ.do\?pager\.offset=\d+'))),
C:\Users\Juju\Desktop\Automated_Code_Refactoring_System\refactor-engine\data\real_world\raw_sources\eth_py150\fictivekin\openrecipes\scrapy_proj\openrecipes\spiders\bbcgoodfood_spider.py:101: SyntaxWarning: "\?" is an invalid escape sequence. Such sequences will not work in the future. Did you mean "\\?"? A raw string is also an option.
  Rule(SgmlLinkExtractor(allow=('/searchAZ.do\?letter=[a-zA-Z]+'))),
C:\Users\Juju\Desktop\Automated_Code_Refactoring_System\refactor-engine\data\real_world\raw_sources\eth_py150\fictivekin\openrecipes\scrapy_proj\openrecipes\spiders\bbcgoodfood_spider.py:102: SyntaxWarning: "\d" is an invalid escape sequence. Such sequences will not work in the future. Did you mean "\\d"? A raw string is also an option.
  Rule(SgmlLinkExtractor(allow=('/recipes/\d+/.+/?'),
C:\Users\Juju\Desktop\Automated_Code_Refactoring_System\refactor-engine\data\real_world\raw_sources\eth_py150\fictivekin\openrecipes\scrapy_proj\openrecipes\spiders\bbcgoodfood_spider.py:103: SyntaxWarning: "\d" is an invalid escape sequence. Such sequences will not work in the future. Did you mean "\\d"? A raw string is also an option.
  deny='/recipes/\d+/.+/?\?.+'),
Skipping C:\Users\Juju\Desktop\Automated_Code_Refactoring_System\refactor-engine\data\real_world\raw_sources\eth_py150\flags\Reactor-3\tests\M07_recoil.py: could not parse (Missing parentheses in call to 'print'. Did you mean print(...)? (M07_recoil.py, line 82))
Skipping C:\Users\Juju\Desktop\Automated_Code_Refactoring_System\refactor-engine\data\real_world\raw_sources\eth_py150\flaviovdf\tribeflow\scripts\lme-to-tf.py: could not parse (Missing parentheses in call to 'print'. Did you mean print(...)? (lme-to-tf.py, line 9))
C:\Users\Juju\Desktop\Automated_Code_Refactoring_System\refactor-engine\data\real_world\raw_sources\eth_py150\fluentpython\example-code\03-dict-set\index.py:11: SyntaxWarning: "\w" is an invalid escape sequence. Such sequences will not work in the future. Did you mean "\\w"? A raw string is also an option.
  WORD_RE = re.compile('\w+')
Skipping C:\Users\Juju\Desktop\Automated_Code_Refactoring_System\refactor-engine\data\real_world\raw_sources\eth_py150\fogleman\FeedNotifier\filters.py: could not parse (Missing parentheses in call to 'print'. Did you mean print(...)? (filters.py, line 222))
Skipping C:\Users\Juju\Desktop\Automated_Code_Refactoring_System\refactor-engine\data\real_world\raw_sources\eth_py150\fp7-ofelia\ocf\ofam\src\src\foam\sfa\rspecs\rspec.py: could not parse (Missing parentheses in call to 'print'. Did you mean print(...)? (rspec.py, line 118))
Skipping C:\Users\Juju\Desktop\Automated_Code_Refactoring_System\refactor-engine\data\real_world\raw_sources\eth_py150\fp7-ofelia\ocf\vt_manager\src\python\vt_manager\controller\dispatchers\ui\PolicyDispatcher.py: could not parse (inconsistent use of tabs and spaces in indentation (PolicyDispatcher.py, line 21))
Skipping C:\Users\Juju\Desktop\Automated_Code_Refactoring_System\refactor-engine\data\real_world\raw_sources\eth_py150\frappe\frappe\frappe\model\db_query.py: could not parse (invalid syntax (db_query.py, line 31))
Skipping C:\Users\Juju\Desktop\Automated_Code_Refactoring_System\refactor-engine\data\real_world\raw_sources\eth_py150\fraser-hemp\gradify\gradify.py: could not parse (Missing parentheses in call to 'print'. Did you mean print(...)? (gradify.py, line 179))
Skipping C:\Users\Juju\Desktop\Automated_Code_Refactoring_System\refactor-engine\data\real_world\raw_sources\eth_py150\freedoom\freedoom\lumps\dmxgus\comparison.py: could not parse (Missing parentheses in call to 'print'. Did you mean print(...)? (comparison.py, line 45))
C:\Users\Juju\Desktop\Automated_Code_Refactoring_System\refactor-engine\data\real_world\raw_sources\eth_py150\freenas\freenas\gui\jails\migrations\0019_templates_to_9_2_1_6.py:12: SyntaxWarning: "\." is an invalid escape sequence. Such sequences will not work in the future. Did you mean "\\."? A raw string is also an option.
  version_regex = re.compile('9.2.[0-9\.]+')
C:\Users\Juju\Desktop\Automated_Code_Refactoring_System\refactor-engine\data\real_world\raw_sources\eth_py150\freenas\freenas\gui\jails\migrations\0019_templates_to_9_2_1_6.py:15: SyntaxWarning: "\." is an invalid escape sequence. Such sequences will not work in the future. Did you mean "\\."? A raw string is also an option.
  '(9.2[0-9\.]+?/RELEASE/(x86|x64)/jails/).+', jt.jt_url)
C:\Users\Juju\Desktop\Automated_Code_Refactoring_System\refactor-engine\data\real_world\raw_sources\eth_py150\freenas\freenas\gui\jails\migrations\0019_templates_to_9_2_1_6.py:22: SyntaxWarning: "\." is an invalid escape sequence. Such sequences will not work in the future. Did you mean "\\."? A raw string is also an option.
  version_regex = re.compile('9.2.[0-9\.]+')
C:\Users\Juju\Desktop\Automated_Code_Refactoring_System\refactor-engine\data\real_world\raw_sources\eth_py150\freenas\freenas\gui\middleware\notifier.py:1558: SyntaxWarning: "\s" is an invalid escape sequence. Such sequences will not work in the future. Did you mean "\\s"? A raw string is also an option.
  volume.vol_guid = re.sub('\s+', ' ', line).split(' ')[2]
C:\Users\Juju\Desktop\Automated_Code_Refactoring_System\refactor-engine\data\real_world\raw_sources\eth_py150\freenas\freenas\gui\middleware\notifier.py:2282: SyntaxWarning: "\(" is an invalid escape sequence. Such sequences will not work in the future. Did you mean "\\("? A raw string is also an option.
  m = re.match('^(?P<ntgroup>.+) \((?P<SID>S-[0-9\-]+)\) -> (?P<unixgroup>.+)$', line)
Skipping C:\Users\Juju\Desktop\Automated_Code_Refactoring_System\refactor-engine\data\real_world\raw_sources\eth_py150\freenas\freenas\gui\middleware\notifier.py: could not parse (leading zeros in decimal integer literals are not permitted; use an 0o prefix for octal integers (notifier.py, line 2416))
Skipping C:\Users\Juju\Desktop\Automated_Code_Refactoring_System\refactor-engine\data\real_world\raw_sources\eth_py150\freenas\freenas\test\api\test-suite\system_reboot.py: could not parse (Missing parentheses in call to 'print'. Did you mean print(...)? (system_reboot.py, line 15))
Skipping C:\Users\Juju\Desktop\Automated_Code_Refactoring_System\refactor-engine\data\real_world\raw_sources\eth_py150\Gallopsled\pwntools-write-ups\wargames\overthewire-vortex\level4\libformatstr\guess.py: could not parse (Missing parentheses in call to 'print'. Did you mean print(...)? (guess.py, line 31))
Skipping C:\Users\Juju\Desktop\Automated_Code_Refactoring_System\refactor-engine\data\real_world\raw_sources\eth_py150\gazetteerhk\census_explorer\scripts\checkPubFacilityCSV.py: could not parse (Missing parentheses in call to 'print'. Did you mean print(...)? (checkPubFacilityCSV.py, line 72))
Skipping C:\Users\Juju\Desktop\Automated_Code_Refactoring_System\refactor-engine\data\real_world\raw_sources\eth_py150\getsentry\sentry\src\sentry\digests\notifications.py: could not parse (Lambda expression parameters cannot be parenthesized (notifications.py, line 173))
C:\Users\Juju\Desktop\Automated_Code_Refactoring_System\refactor-engine\data\real_world\raw_sources\eth_py150\globocom\database-as-a-service\dbaas\workflow\steps\util\__init__.py:295: SyntaxWarning: "\`" is an invalid escape sequence. Such sequences will not work in the future. Did you mean "\\`"? A raw string is also an option.
  TODAY=\`date +%Y_%m_%d\`
C:\Users\Juju\Desktop\Automated_Code_Refactoring_System\refactor-engine\data\real_world\raw_sources\eth_py150\globocom\tapioca\tapioca\spec.py:73: SyntaxWarning: "\." is an invalid escape sequence. Such sequences will not work in the future. Did you mean "\\."? A raw string is also an option.
  normalized = re.sub('[/\.{}]', '_', path)
Skipping C:\Users\Juju\Desktop\Automated_Code_Refactoring_System\refactor-engine\data\real_world\raw_sources\eth_py150\gmcquillan\firetower\firetower\collectors\maildir_client.py: could not parse (Missing parentheses in call to 'print'. Did you mean print(...)? (maildir_client.py, line 26))
C:\Users\Juju\Desktop\Automated_Code_Refactoring_System\refactor-engine\data\real_world\raw_sources\eth_py150\goFrendiAsgard\kokoropy\kokoropy\packages\sqlalchemy\pool.py:47: SyntaxWarning: "\*" is an invalid escape sequence. Such sequences will not work in the future. Did you mean "\\*"? A raw string is also an option.
  :param \*\*params: will be passed through to *poolclass*
C:\Users\Juju\Desktop\Automated_Code_Refactoring_System\refactor-engine\data\real_world\raw_sources\eth_py150\goFrendiAsgard\kokoropy\kokoropy\packages\sqlalchemy\pool.py:923: SyntaxWarning: "\*" is an invalid escape sequence. Such sequences will not work in the future. Did you mean "\\*"? A raw string is also an option.
  :param \**kw: Other keyword arguments including
Skipping C:\Users\Juju\Desktop\Automated_Code_Refactoring_System\refactor-engine\data\real_world\raw_sources\eth_py150\google\gfw-toolkit\api_sample\third_party\apiclient\ext\authtools.py: could not parse (Missing parentheses in call to 'print'. Did you mean print(...)? (authtools.py, line 130))
Skipping C:\Users\Juju\Desktop\Automated_Code_Refactoring_System\refactor-engine\data\real_world\raw_sources\eth_py150\googleads\googleads-python-lib\examples\adwords\v201509\reporting\get_report_fields.py: could not parse (Missing parentheses in call to 'print'. Did you mean print(...)? (get_report_fields.py, line 41))
Skipping C:\Users\Juju\Desktop\Automated_Code_Refactoring_System\refactor-engine\data\real_world\raw_sources\eth_py150\googleads\googleads-python-lib\examples\dfp\v201505\premium_rate_service\get_premium_rates_for_a_rate_card.py: could not parse (Missing parentheses in call to 'print'. Did you mean print(...)? (get_premium_rates_for_a_rate_card.py, line 62))
Skipping C:\Users\Juju\Desktop\Automated_Code_Refactoring_System\refactor-engine\data\real_world\raw_sources\eth_py150\googleads\googleads-python-lib\examples\dfp\v201508\label_service\update_labels.py: could not parse (Missing parentheses in call to 'print'. Did you mean print(...)? (update_labels.py, line 63))
Skipping C:\Users\Juju\Desktop\Automated_Code_Refactoring_System\refactor-engine\data\real_world\raw_sources\eth_py150\googleads\googleads-python-lib\examples\dfp\v201511\proposal_service\get_all_proposals.py: could not parse (Missing parentheses in call to 'print'. Did you mean print(...)? (get_all_proposals.py, line 46))
Skipping C:\Users\Juju\Desktop\Automated_Code_Refactoring_System\refactor-engine\data\real_world\raw_sources\eth_py150\googleads\googleads-python-lib\examples\dfp\v201511\user_service\update_users.py: could not parse (Missing parentheses in call to 'print'. Did you mean print(...)? (update_users.py, line 59))
Skipping C:\Users\Juju\Desktop\Automated_Code_Refactoring_System\refactor-engine\data\real_world\raw_sources\eth_py150\googleads\googleads-python-lib\examples\dfp\v201602\user_service\update_users.py: could not parse (Missing parentheses in call to 'print'. Did you mean print(...)? (update_users.py, line 59))
C:\Users\Juju\Desktop\Automated_Code_Refactoring_System\refactor-engine\data\real_world\raw_sources\eth_py150\GoogleCloudPlatform\appengine-flask-skeleton\lib\jinja2\ext.py:90: SyntaxWarning: "\s" is an invalid escape sequence. Such sequences will not work in the future. Did you mean "\\s"? A raw string is also an option.
  :class:`~jinja2.lexer.Token`\s, but it doesn't have to return a
Skipping C:\Users\Juju\Desktop\Automated_Code_Refactoring_System\refactor-engine\data\real_world\raw_sources\eth_py150\GoogleCloudPlatform\python-compat-runtime\appengine-compat\exported_appengine_sdk\google\appengine\tools\devappserver2\request_rewriter.py: could not parse (invalid syntax (request_rewriter.py, line 305))
Skipping C:\Users\Juju\Desktop\Automated_Code_Refactoring_System\refactor-engine\data\real_world\raw_sources\eth_py150\GoogleCloudPlatform\storage-file-transfer-json-python\chunked_transfer.py: could not parse (Missing parentheses in call to 'print'. Did you mean print(...)? (chunked_transfer.py, line 93))
Skipping C:\Users\Juju\Desktop\Automated_Code_Refactoring_System\refactor-engine\data\real_world\raw_sources\eth_py150\googlei18n\nototools\nototools\noto_font_cmaps.py: could not parse (Missing parentheses in call to 'print'. Did you mean print(...)? (noto_font_cmaps.py, line 146))
Skipping C:\Users\Juju\Desktop\Automated_Code_Refactoring_System\refactor-engine\data\real_world\raw_sources\eth_py150\googlei18n\nototools\nototools\summary.py: could not parse (Missing parentheses in call to 'print'. Did you mean print(...)? (summary.py, line 115))
Skipping C:\Users\Juju\Desktop\Automated_Code_Refactoring_System\refactor-engine\data\real_world\raw_sources\eth_py150\grahams\nicecast-trackupdate\Target.py: could not parse (Missing parentheses in call to 'print'. Did you mean print(...)? (Target.py, line 25))
Skipping C:\Users\Juju\Desktop\Automated_Code_Refactoring_System\refactor-engine\data\real_world\raw_sources\eth_py150\hatRiot\PeachOrchard\node\src\core\node_resource.py: could not parse (Missing parentheses in call to 'print'. Did you mean print(...)? (node_resource.py, line 57))
Skipping C:\Users\Juju\Desktop\Automated_Code_Refactoring_System\refactor-engine\data\real_world\raw_sources\eth_py150\haystack\eyebrowse-server\common\helpers.py: could not parse (Missing parentheses in call to 'print'. Did you mean print(...)? (helpers.py, line 36))
Skipping C:\Users\Juju\Desktop\Automated_Code_Refactoring_System\refactor-engine\data\real_world\raw_sources\eth_py150\HumanDynamics\openPDS\openpds\connectors\opensense\views.py: could not parse (Missing parentheses in call to 'print'. Did you mean print(...)? (views.py, line 16))
Skipping C:\Users\Juju\Desktop\Automated_Code_Refactoring_System\refactor-engine\data\real_world\raw_sources\eth_py150\HumanDynamics\openPDS\openpds\questions\tasks.py: could not parse (Missing parentheses in call to 'print'. Did you mean print(...)? (tasks.py, line 77))
C:\Users\Juju\Desktop\Automated_Code_Refactoring_System\refactor-engine\data\real_world\raw_sources\eth_py150\huntlyc\Sublime-Wordpress-Dev-Plugin\wordpress_dev.py:100: SyntaxWarning: "\/" is an invalid escape sequence. Such sequences will not work in the future. Did you mean "\\/"? A raw string is also an option.
  repatt = '(?:\/\/)?(define\(\'DB_NAME\'.*)'
C:\Users\Juju\Desktop\Automated_Code_Refactoring_System\refactor-engine\data\real_world\raw_sources\eth_py150\huntlyc\Sublime-Wordpress-Dev-Plugin\wordpress_dev.py:106: SyntaxWarning: "\(" is an invalid escape sequence. Such sequences will not work in the future. Did you mean "\\("? A raw string is also an option.
  dbrepat = "define\('DB_NAME\',\s+'([^']*)'\);\s*(\/\/(.*))?"
C:\Users\Juju\Desktop\Automated_Code_Refactoring_System\refactor-engine\data\real_world\raw_sources\eth_py150\huntlyc\Sublime-Wordpress-Dev-Plugin\wordpress_dev.py:182: SyntaxWarning: "\(" is an invalid escape sequence. Such sequences will not work in the future. Did you mean "\\("? A raw string is also an option.
  debugpat = "define\('WP_DEBUG\',\s+(true|false)\);"
Skipping C:\Users\Juju\Desktop\Automated_Code_Refactoring_System\refactor-engine\data\real_world\raw_sources\eth_py150\hydrusnetwork\hydrus\include\ClientImageHandling.py: could not parse (Function parameters cannot be parenthesized (ClientImageHandling.py, line 14))
Skipping C:\Users\Juju\Desktop\Automated_Code_Refactoring_System\refactor-engine\data\real_world\raw_sources\eth_py150\iambus\xunlei-lixian\lixian_verification_code.py: could not parse (Missing parentheses in call to 'print'. Did you mean print(...)? (lixian_verification_code.py, line 6))
Skipping C:\Users\Juju\Desktop\Automated_Code_Refactoring_System\refactor-engine\data\real_world\raw_sources\eth_py150\iamteem\redisco\redisco\containers.py: could not parse (invalid syntax (containers.py, line 63))
C:\Users\Juju\Desktop\Automated_Code_Refactoring_System\refactor-engine\data\real_world\raw_sources\eth_py150\iBaa\PlexConnect\PILBackgrounds.py:28: SyntaxWarning: "\S" is an invalid escape sequence. Such sequences will not work in the future. Did you mean "\\S"? A raw string is also an option.
  id = re.search('/library/metadata/(?P<ratingKey>\S+)/art/(?P<fileId>\S+)', url)
Skipping C:\Users\Juju\Desktop\Automated_Code_Refactoring_System\refactor-engine\data\real_world\raw_sources\eth_py150\ilastik\ilastik-0.5\ilastik\modules\unsupervised_decomposition\core\testModule.py: could not parse (Missing parentheses in call to 'print'. Did you mean print(...)? (testModule.py, line 71))
Skipping C:\Users\Juju\Desktop\Automated_Code_Refactoring_System\refactor-engine\data\real_world\raw_sources\eth_py150\infinitezxc\kaggle-avazu\script\genM.py: could not parse (Missing parentheses in call to 'print'. Did you mean print(...)? (genM.py, line 12))
Skipping C:\Users\Juju\Desktop\Automated_Code_Refactoring_System\refactor-engine\data\real_world\raw_sources\eth_py150\ipeirotis\Mturk-Tracker\app\mturk\search\management\commands\solr_data_import.py: could not parse (invalid decimal literal (solr_data_import.py, line 17))
C:\Users\Juju\Desktop\Automated_Code_Refactoring_System\refactor-engine\data\real_world\raw_sources\eth_py150\ithinksw\philo\philo\loaders\database.py:10: SyntaxWarning: "\ " is an invalid escape sequence. Such sequences will not work in the future. Did you mean "\\ "? A raw string is also an option.
  :class:`philo.loaders.database.Loader` enables loading of template code from :class:`.Template`\ s. This would let :class:`.Template`\ s be used with ``{% include %}`` and ``{% extends %}`` tags, as well as any other features that use template loading.
Skipping C:\Users\Juju\Desktop\Automated_Code_Refactoring_System\refactor-engine\data\real_world\raw_sources\eth_py150\jchris\portable-google-app-engine-sdk\google\appengine\ext\webapp\util.py: could not parse (invalid syntax (util.py, line 85))
Skipping C:\Users\Juju\Desktop\Automated_Code_Refactoring_System\refactor-engine\data\real_world\raw_sources\eth_py150\jensl\critic\installation\admin.py: could not parse (Missing parentheses in call to 'print'. Did you mean print(...)? (admin.py, line 45))
Skipping C:\Users\Juju\Desktop\Automated_Code_Refactoring_System\refactor-engine\data\real_world\raw_sources\eth_py150\jessepeterson\commandment\commandment\utils\app_manifest.py: could not parse (Missing parentheses in call to 'print'. Did you mean print(...)? (app_manifest.py, line 41))
Skipping C:\Users\Juju\Desktop\Automated_Code_Refactoring_System\refactor-engine\data\real_world\raw_sources\eth_py150\jesseward\plex-lastfm-scrobbler\plex_scrobble\lastfm.py: could not parse (Missing parentheses in call to 'print'. Did you mean print(...)? (lastfm.py, line 141))
Skipping C:\Users\Juju\Desktop\Automated_Code_Refactoring_System\refactor-engine\data\real_world\raw_sources\eth_py150\jfalkner\Efficient-Django-QuerySet-Use\demo\django_db_utils\__init__.py: could not parse (Missing parentheses in call to 'print'. Did you mean print(...)? (__init__.py, line 13))
Skipping C:\Users\Juju\Desktop\Automated_Code_Refactoring_System\refactor-engine\data\real_world\raw_sources\eth_py150\jgurtowski\ectools\split_read_layout.py: could not parse (Missing parentheses in call to 'print'. Did you mean print(...)? (split_read_layout.py, line 13))
Skipping C:\Users\Juju\Desktop\Automated_Code_Refactoring_System\refactor-engine\data\real_world\raw_sources\eth_py150\jjhelmus\nmrglue\examples\separate\separate_2d_bruker\separate.py: could not parse (Missing parentheses in call to 'print'. Did you mean print(...)? (separate.py, line 15))
Skipping C:\Users\Juju\Desktop\Automated_Code_Refactoring_System\refactor-engine\data\real_world\raw_sources\eth_py150\joliva\nlp-nltk-demo\code\parse.py: could not parse (Missing parentheses in call to 'print'. Did you mean print(...)? (parse.py, line 60))
Skipping C:\Users\Juju\Desktop\Automated_Code_Refactoring_System\refactor-engine\data\real_world\raw_sources\eth_py150\jrk\llvm-py\test\test.py: could not parse (Missing parentheses in call to 'print'. Did you mean print(...)? (test.py, line 72))
Skipping C:\Users\Juju\Desktop\Automated_Code_Refactoring_System\refactor-engine\data\real_world\raw_sources\eth_py150\jyr\opentumblr\opentumblr\text.py: could not parse (inconsistent use of tabs and spaces in indentation (text.py, line 90))
C:\Users\Juju\Desktop\Automated_Code_Refactoring_System\refactor-engine\data\real_world\raw_sources\eth_py150\karesansui\karesansui\karesansui\gadget\hostby1service.py:61: SyntaxWarning: "\d" is an invalid escape sequence. Such sequences will not work in the future. Did you mean "\\d"? A raw string is also an option.
  '/host/(\d+)/service/?(\.part)$', HostBy1Service,
Skipping C:\Users\Juju\Desktop\Automated_Code_Refactoring_System\refactor-engine\data\real_world\raw_sources\eth_py150\kayhayen\Nuitka\tests\basics\Constants27.py: could not parse (Missing parentheses in call to 'print'. Did you mean print(...)? (Constants27.py, line 21))
Skipping C:\Users\Juju\Desktop\Automated_Code_Refactoring_System\refactor-engine\data\real_world\raw_sources\eth_py150\kayhayen\Nuitka\tests\syntax\FutureBraces.py: could not parse (not a chance (FutureBraces.py, line 18))
Skipping C:\Users\Juju\Desktop\Automated_Code_Refactoring_System\refactor-engine\data\real_world\raw_sources\eth_py150\keeganmccallum\sql4pandas\sql4pandas\tests.py: could not parse (Missing parentheses in call to 'print'. Did you mean print(...)? (tests.py, line 34))
Skipping C:\Users\Juju\Desktop\Automated_Code_Refactoring_System\refactor-engine\data\real_world\raw_sources\eth_py150\Kickflip\python-kickflip\kickflip\kickflip.py: could not parse (Missing parentheses in call to 'print'. Did you mean print(...)? (kickflip.py, line 129))
C:\Users\Juju\Desktop\Automated_Code_Refactoring_System\refactor-engine\data\real_world\raw_sources\eth_py150\lalinsky\acoustid-server\acoustid\api\v2\__init__.py:77: SyntaxWarning: "\." is an invalid escape sequence. Such sequences will not work in the future. Did you mean "\\."? A raw string is also an option.
  if not re.match('^[$A-Za-z_][0-9A-Za-z_]*(\.[$A-Za-z_][0-9A-Za-z_]*)*$', callback):
C:\Users\Juju\Desktop\Automated_Code_Refactoring_System\refactor-engine\data\real_world\raw_sources\eth_py150\lanffy\myVimrc\sublimeText\Data\Packages\BracketHighlighter\bh_modules\tagnameselect.py:11: SyntaxWarning: "\w" is an invalid escape sequence. Such sequences will not work in the future. Did you mean "\\w"? A raw string is also an option.
  tag_name = '[\w\:\.\-]+'
Skipping C:\Users\Juju\Desktop\Automated_Code_Refactoring_System\refactor-engine\data\real_world\raw_sources\eth_py150\LibraryOfCongress\chronam\core\management\commands\update_has_issues.py: could not parse (Missing parentheses in call to 'print'. Did you mean print(...)? (update_has_issues.py, line 12))
Skipping C:\Users\Juju\Desktop\Automated_Code_Refactoring_System\refactor-engine\data\real_world\raw_sources\eth_py150\linkedin\sysops-api\scripts\extract_sysops_cache.py: could not parse (Missing parentheses in call to 'print'. Did you mean print(...)? (extract_sysops_cache.py, line 34))
Skipping C:\Users\Juju\Desktop\Automated_Code_Refactoring_System\refactor-engine\data\real_world\raw_sources\eth_py150\lionheart\TimeTracker-Linux\libs\UI.py: could not parse (Missing parentheses in call to 'print'. Did you mean print(...)? (UI.py, line 76))
Skipping C:\Users\Juju\Desktop\Automated_Code_Refactoring_System\refactor-engine\data\real_world\raw_sources\eth_py150\livenson\vcdm\src\vcdm\utils.py: could not parse (Missing parentheses in call to 'print'. Did you mean print(...)? (utils.py, line 49))
Skipping C:\Users\Juju\Desktop\Automated_Code_Refactoring_System\refactor-engine\data\real_world\raw_sources\eth_py150\longaccess\longaccess-client\lacli\certinput.py: could not parse (Missing parentheses in call to 'print'. Did you mean print(...)? (certinput.py, line 42))
Skipping C:\Users\Juju\Desktop\Automated_Code_Refactoring_System\refactor-engine\data\real_world\raw_sources\eth_py150\lsbardel\python-stdnet\stdnet\backends\redisb\client\__init__.py: could not parse (invalid syntax (__init__.py, line 2))
Skipping C:\Users\Juju\Desktop\Automated_Code_Refactoring_System\refactor-engine\data\real_world\raw_sources\eth_py150\LxMLS\lxmls-toolkit\lxmls\sequences\bak\second_order_forward_backward.py: could not parse (Missing parentheses in call to 'print'. Did you mean print(...)? (second_order_forward_backward.py, line 55))
C:\Users\Juju\Desktop\Automated_Code_Refactoring_System\refactor-engine\data\real_world\raw_sources\eth_py150\lyda\chkcrontab\chkcrontab_lib.py:810: SyntaxWarning: "\s" is an invalid escape sequence. Such sequences will not work in the future. Did you mean "\\s"? A raw string is also an option.
  chkcrontab_cmd = re.compile('##*\s*chkcrontab:\s*(.*)=(.*)')
C:\Users\Juju\Desktop\Automated_Code_Refactoring_System\refactor-engine\data\real_world\raw_sources\eth_py150\lyda\chkcrontab\chkcrontab_lib.py:811: SyntaxWarning: "\s" is an invalid escape sequence. Such sequences will not work in the future. Did you mean "\\s"? A raw string is also an option.
  assignment_line_re = re.compile('[a-zA-Z_][a-zA-Z0-9_]*\s*=(.*)')
C:\Users\Juju\Desktop\Automated_Code_Refactoring_System\refactor-engine\data\real_world\raw_sources\eth_py150\lyda\chkcrontab\chkcrontab_lib.py:812: SyntaxWarning: "\S" is an invalid escape sequence. Such sequences will not work in the future. Did you mean "\\S"? A raw string is also an option.
  at_line_re = re.compile('@(\S+)\s+(\S+)\s+(.*)')
C:\Users\Juju\Desktop\Automated_Code_Refactoring_System\refactor-engine\data\real_world\raw_sources\eth_py150\lyda\chkcrontab\chkcrontab_lib.py:813: SyntaxWarning: "\*" is an invalid escape sequence. Such sequences will not work in the future. Did you mean "\\*"? A raw string is also an option.
  cron_time_field_re = '[\*0-9a-zA-Z,/-]+'
C:\Users\Juju\Desktop\Automated_Code_Refactoring_System\refactor-engine\data\real_world\raw_sources\eth_py150\lyda\chkcrontab\chkcrontab_lib.py:815: SyntaxWarning: "\s" is an invalid escape sequence. Such sequences will not work in the future. Did you mean "\\s"? A raw string is also an option.
  '^\s*(%s)\s+(%s)\s+(%s)\s+(%s)\s+(%s)\s+(\S+)\s+(.*)' %
Skipping C:\Users\Juju\Desktop\Automated_Code_Refactoring_System\refactor-engine\data\real_world\raw_sources\eth_py150\makinacorpus\makina-states.pack1\doc\mc_states\ping.py: could not parse (Missing parentheses in call to 'print'. Did you mean print(...)? (ping.py, line 211))
C:\Users\Juju\Desktop\Automated_Code_Refactoring_System\refactor-engine\data\real_world\raw_sources\eth_py150\manahl\mdf\docs\ipython_console_highlighting.py:58: SyntaxWarning: "\[" is an invalid escape sequence. Such sequences will not work in the future. Did you mean "\\["? A raw string is also an option.
  input_prompt = re.compile("(In \[[0-9]+\]: )|(   \.\.\.+:)")
C:\Users\Juju\Desktop\Automated_Code_Refactoring_System\refactor-engine\data\real_world\raw_sources\eth_py150\manahl\mdf\docs\ipython_console_highlighting.py:59: SyntaxWarning: "\[" is an invalid escape sequence. Such sequences will not work in the future. Did you mean "\\["? A raw string is also an option.
  output_prompt = re.compile("(Out\[[0-9]+\]: )|(   \.\.\.+:)")
C:\Users\Juju\Desktop\Automated_Code_Refactoring_System\refactor-engine\data\real_world\raw_sources\eth_py150\manahl\mdf\docs\ipython_console_highlighting.py:60: SyntaxWarning: "\." is an invalid escape sequence. Such sequences will not work in the future. Did you mean "\\."? A raw string is also an option.
  continue_prompt = re.compile("   \.\.\.+:")
C:\Users\Juju\Desktop\Automated_Code_Refactoring_System\refactor-engine\data\real_world\raw_sources\eth_py150\manahl\mdf\docs\ipython_console_highlighting.py:61: SyntaxWarning: "\-" is an invalid escape sequence. Such sequences will not work in the future. Did you mean "\\-"? A raw string is also an option.
  tb_start = re.compile("\-+")
Skipping C:\Users\Juju\Desktop\Automated_Code_Refactoring_System\refactor-engine\data\real_world\raw_sources\eth_py150\marcelcaraciolo\foursquare\examples\oauth.py: could not parse (Missing parentheses in call to 'print'. Did you mean print(...)? (oauth.py, line 18))
Skipping C:\Users\Juju\Desktop\Automated_Code_Refactoring_System\refactor-engine\data\real_world\raw_sources\eth_py150\marcua\tweeql\tweeql\extras\sentiment\analysis.py: could not parse ('u' and 'r' prefixes are incompatible (analysis.py, line 17))
Skipping C:\Users\Juju\Desktop\Automated_Code_Refactoring_System\refactor-engine\data\real_world\raw_sources\eth_py150\marshall\logcat-color\release.py: could not parse (Missing parentheses in call to 'print'. Did you mean print(...)? (release.py, line 34))
Skipping C:\Users\Juju\Desktop\Automated_Code_Refactoring_System\refactor-engine\data\real_world\raw_sources\eth_py150\matrix-org\synapse\scripts-dev\check_event_hash.py: could not parse (Missing parentheses in call to 'print'. Did you mean print(...)? (check_event_hash.py, line 40))
Skipping C:\Users\Juju\Desktop\Automated_Code_Refactoring_System\refactor-engine\data\real_world\raw_sources\eth_py150\matrix-org\synapse\synapse\notifier.py: could not parse (invalid syntax (notifier.py, line 21))
Skipping C:\Users\Juju\Desktop\Automated_Code_Refactoring_System\refactor-engine\data\real_world\raw_sources\eth_py150\mdmintz\SeleniumBase\seleniumbase\plugins\selenium_plugin.py: could not parse (Missing parentheses in call to 'print'. Did you mean print(...)? (selenium_plugin.py, line 124))
Skipping C:\Users\Juju\Desktop\Automated_Code_Refactoring_System\refactor-engine\data\real_world\raw_sources\eth_py150\meejah\txtorcon\examples\dump_config.py: could not parse (Missing parentheses in call to 'print'. Did you mean print(...)? (dump_config.py, line 12))
C:\Users\Juju\Desktop\Automated_Code_Refactoring_System\refactor-engine\data\real_world\raw_sources\eth_py150\mgaitan\waliki\waliki\rst2html5.py:753: SyntaxWarning: "\(" is an invalid escape sequence. Such sequences will not work in the future. Did you mean "\\("? A raw string is also an option.
  template = '\(%s\)' % math_code
Skipping C:\Users\Juju\Desktop\Automated_Code_Refactoring_System\refactor-engine\data\real_world\raw_sources\eth_py150\mhausenblas\omnidator\lib\rdfextras\tools\QueryRunner.py: could not parse (Missing parentheses in call to 'print'. Did you mean print(...)? (QueryRunner.py, line 25))
Skipping C:\Users\Juju\Desktop\Automated_Code_Refactoring_System\refactor-engine\data\real_world\raw_sources\eth_py150\mhausenblas\omnidator\lib\rdfextras\tools\QueryStats.py: could not parse (Missing parentheses in call to 'print'. Did you mean print(...)? (QueryStats.py, line 21))
Skipping C:\Users\Juju\Desktop\Automated_Code_Refactoring_System\refactor-engine\data\real_world\raw_sources\eth_py150\Microsoft\ivy\ivy\logic.py: could not parse (Missing parentheses in call to 'print'. Did you mean print(...)? (logic.py, line 130))
Skipping C:\Users\Juju\Desktop\Automated_Code_Refactoring_System\refactor-engine\data\real_world\raw_sources\eth_py150\moskytw\zipcodetw\zipcodetw\builder.py: could not parse (Missing parentheses in call to 'print'. Did you mean print(...)? (builder.py, line 30))
Skipping C:\Users\Juju\Desktop\Automated_Code_Refactoring_System\refactor-engine\data\real_world\raw_sources\eth_py150\mossberg\poet\server.py: could not parse (Missing parentheses in call to 'print'. Did you mean print(...)? (server.py, line 67))
Skipping C:\Users\Juju\Desktop\Automated_Code_Refactoring_System\refactor-engine\data\real_world\raw_sources\eth_py150\mozilla\addons-server\src\olympia\stats\management\commands\update_counts_from_file.py: could not parse ((unicode error) 'unicodeescape' codec can't decode bytes in position 0-1: malformed \N character escape (update_counts_from_file.py, line 131))
Skipping C:\Users\Juju\Desktop\Automated_Code_Refactoring_System\refactor-engine\data\real_world\raw_sources\eth_py150\mozilla\inventory\api_v2\system_rack_handler.py: could not parse (inconsistent use of tabs and spaces in indentation (system_rack_handler.py, line 102))
C:\Users\Juju\Desktop\Automated_Code_Refactoring_System\refactor-engine\data\real_world\raw_sources\eth_py150\mozilla\standup\standup\apps\status\helpers.py:42: SyntaxWarning: "\d" is an invalid escape sequence. Such sequences will not work in the future. Did you mean "\\d"? A raw string is also an option.
  return day and re.match('^\d{4}-\d{2}-\d{2}$', day)
Skipping C:\Users\Juju\Desktop\Automated_Code_Refactoring_System\refactor-engine\data\real_world\raw_sources\eth_py150\mrknow\filmkodi\plugin.video.mrknow\host\bajkipopolsku.py: could not parse (inconsistent use of tabs and spaces in indentation (bajkipopolsku.py, line 102))
C:\Users\Juju\Desktop\Automated_Code_Refactoring_System\refactor-engine\data\real_world\raw_sources\eth_py150\mrknow\filmkodi\plugin.video.specto\resources\lib\resolvers\ipithos.py:30: SyntaxWarning: "\w" is an invalid escape sequence. Such sequences will not work in the future. Did you mean "\\w"? A raw string is also an option.
  url = re.compile('//.+?/([\w]+)').findall(url)[0]
C:\Users\Juju\Desktop\Automated_Code_Refactoring_System\refactor-engine\data\real_world\raw_sources\eth_py150\mrknow\filmkodi\plugin.video.specto\resources\lib\resolvers\ipithos.py:35: SyntaxWarning: "\)" is an invalid escape sequence. Such sequences will not work in the future. Did you mean "\\)"? A raw string is also an option.
  result = re.compile('(eval.*?\)\)\))').findall(result)[-1]
C:\Users\Juju\Desktop\Automated_Code_Refactoring_System\refactor-engine\data\real_world\raw_sources\eth_py150\mrknow\filmkodi\plugin.video.specto\resources\lib\resolvers\vk.py:29: SyntaxWarning: "\/" is an invalid escape sequence. Such sequences will not work in the future. Did you mean "\\/"? A raw string is also an option.
  except: oid, id = re.compile('\/video(.*)_(.*)').findall(url)[0]
Skipping C:\Users\Juju\Desktop\Automated_Code_Refactoring_System\refactor-engine\data\real_world\raw_sources\eth_py150\msoulier\tftpy\tftpy\TftpPacketTypes.py: could not parse (invalid syntax (TftpPacketTypes.py, line 66))
Skipping C:\Users\Juju\Desktop\Automated_Code_Refactoring_System\refactor-engine\data\real_world\raw_sources\eth_py150\murphy214\berrl\berrl\pipehtml.py: could not parse (inconsistent use of tabs and spaces in indentation (pipehtml.py, line 99))
Skipping C:\Users\Juju\Desktop\Automated_Code_Refactoring_System\refactor-engine\data\real_world\raw_sources\eth_py150\mustafaakin\terminal-webcam\capture.py: could not parse (Missing parentheses in call to 'print'. Did you mean print(...)? (capture.py, line 9))
Skipping C:\Users\Juju\Desktop\Automated_Code_Refactoring_System\refactor-engine\data\real_world\raw_sources\eth_py150\NervanaSystems\neon\examples\cifar10_conv.py: could not parse (Missing parentheses in call to 'print'. Did you mean print(...)? (cifar10_conv.py, line 74))
Skipping C:\Users\Juju\Desktop\Automated_Code_Refactoring_System\refactor-engine\data\real_world\raw_sources\eth_py150\NervanaSystems\neon\tests\test_mergesum_layer.py: could not parse (Missing parentheses in call to 'print'. Did you mean print(...)? (test_mergesum_layer.py, line 129))
Skipping C:\Users\Juju\Desktop\Automated_Code_Refactoring_System\refactor-engine\data\real_world\raw_sources\eth_py150\Netflix\aminator\aminator\util\linux.py: could not parse (leading zeros in decimal integer literals are not permitted; use an 0o prefix for octal integers (linux.py, line 256))
Skipping C:\Users\Juju\Desktop\Automated_Code_Refactoring_System\refactor-engine\data\real_world\raw_sources\eth_py150\neuropoly\spinalcordtoolbox\dev\sct_register_multimodal_old\sct_register_multimodal.py: could not parse (Missing parentheses in call to 'print'. Did you mean print(...)? (sct_register_multimodal.py, line 221))
Skipping C:\Users\Juju\Desktop\Automated_Code_Refactoring_System\refactor-engine\data\real_world\raw_sources\eth_py150\nfd\filepirate\plugin\vimfilepirate.py: could not parse (invalid syntax (vimfilepirate.py, line 249))
Skipping C:\Users\Juju\Desktop\Automated_Code_Refactoring_System\refactor-engine\data\real_world\raw_sources\eth_py150\nitishsrivastava\deepnet\cudamat\examples\util.py: could not parse (Missing parentheses in call to 'print'. Did you mean print(...)? (util.py, line 16))
Skipping C:\Users\Juju\Desktop\Automated_Code_Refactoring_System\refactor-engine\data\real_world\raw_sources\eth_py150\nlloyd\SubliminalCollaborator\libs\twisted\words\service.py: could not parse (Function parameters cannot be parenthesized (service.py, line 384))
Skipping C:\Users\Juju\Desktop\Automated_Code_Refactoring_System\refactor-engine\data\real_world\raw_sources\eth_py150\ntt\reverence\src\localization.py: could not parse (Missing parentheses in call to 'print'. Did you mean print(...)? (localization.py, line 136))
Skipping C:\Users\Juju\Desktop\Automated_Code_Refactoring_System\refactor-engine\data\real_world\raw_sources\eth_py150\NVIDIA\DIGITS\examples\classification\example.py: could not parse (Missing parentheses in call to 'print'. Did you mean print(...)? (example.py, line 149))
Skipping C:\Users\Juju\Desktop\Automated_Code_Refactoring_System\refactor-engine\data\real_world\raw_sources\eth_py150\ODM2\ODMToolsPython\odmtools\gui\plotSummary.py: could not parse (Missing parentheses in call to 'print'. Did you mean print(...)? (plotSummary.py, line 63))
Skipping C:\Users\Juju\Desktop\Automated_Code_Refactoring_System\refactor-engine\data\real_world\raw_sources\eth_py150\ODM2\ODMToolsPython\odmtools\view\clsIntro.py: could not parse (Missing parentheses in call to 'print'. Did you mean print(...)? (clsIntro.py, line 97))
Skipping C:\Users\Juju\Desktop\Automated_Code_Refactoring_System\refactor-engine\data\real_world\raw_sources\eth_py150\ofermend\medicare-demo\socialite\src\pysocialite\SociaLite.py: could not parse (Missing parentheses in call to 'print'. Did you mean print(...)? (SociaLite.py, line 75))
Skipping C:\Users\Juju\Desktop\Automated_Code_Refactoring_System\refactor-engine\data\real_world\raw_sources\eth_py150\open-cloud\xos\xos\core\models\slice.py: could not parse (invalid syntax (slice.py, line 150))
Skipping C:\Users\Juju\Desktop\Automated_Code_Refactoring_System\refactor-engine\data\real_world\raw_sources\eth_py150\open-cloud\xos\xos\synchronizers\model_policy.py: could not parse (Missing parentheses in call to 'print'. Did you mean print(...)? (model_policy.py, line 34))
Skipping C:\Users\Juju\Desktop\Automated_Code_Refactoring_System\refactor-engine\data\real_world\raw_sources\eth_py150\open-cloud\xos\xos\tosca\tests\basetest.py: could not parse (Missing parentheses in call to 'print'. Did you mean print(...)? (basetest.py, line 108))
Skipping C:\Users\Juju\Desktop\Automated_Code_Refactoring_System\refactor-engine\data\real_world\raw_sources\eth_py150\openeventdata\petrarch2\petrarch2\tree_to_tex.py: could not parse (Missing parentheses in call to 'print'. Did you mean print(...)? (tree_to_tex.py, line 11))
Skipping C:\Users\Juju\Desktop\Automated_Code_Refactoring_System\refactor-engine\data\real_world\raw_sources\eth_py150\opennode\opennode-tui\opennode\cli\config.py: could not parse (Missing parentheses in call to 'print'. Did you mean print(...)? (config.py, line 47))
C:\Users\Juju\Desktop\Automated_Code_Refactoring_System\refactor-engine\data\real_world\raw_sources\eth_py150\openstack\horizon\horizon\templatetags\shellfilter.py:29: SyntaxWarning: "\`" is an invalid escape sequence. Such sequences will not work in the future. Did you mean "\\`"? A raw string is also an option.
  '`': '\`',
C:\Users\Juju\Desktop\Automated_Code_Refactoring_System\refactor-engine\data\real_world\raw_sources\eth_py150\openstack\rack\rack\openstack\common\db\sqlalchemy\migration.py:74: SyntaxWarning: "\w" is an invalid escape sequence. Such sequences will not work in the future. Did you mean "\\w"? A raw string is also an option.
  UNIQUE_PATTERN = "CONSTRAINT (\w+) UNIQUE \(([^\)]+)\)"
C:\Users\Juju\Desktop\Automated_Code_Refactoring_System\refactor-engine\data\real_world\raw_sources\eth_py150\openstack\swift\swift\common\ring\utils.py:229: SyntaxWarning: "\d" is an invalid escape sequence. Such sequences will not work in the future. Did you mean "\\d"? A raw string is also an option.
  allowed = re.compile("(?!-)[A-Z\d-]{1,63}(?<!-)$", re.IGNORECASE)
Skipping C:\Users\Juju\Desktop\Automated_Code_Refactoring_System\refactor-engine\data\real_world\raw_sources\eth_py150\openyou\emokit\python\render.py: could not parse (Missing parentheses in call to 'print'. Did you mean print(...)? (render.py, line 7))
Skipping C:\Users\Juju\Desktop\Automated_Code_Refactoring_System\refactor-engine\data\real_world\raw_sources\eth_py150\OSIOT\OBSOLETE-IoT-Toolkit\SmartObjectFramework\ObjectService\SmartObject\Observers.py: could not parse (Missing parentheses in call to 'print'. Did you mean print(...)? (Observers.py, line 41))
Skipping C:\Users\Juju\Desktop\Automated_Code_Refactoring_System\refactor-engine\data\real_world\raw_sources\eth_py150\owtf\owtf\framework\plugin\plugin_handler.py: could not parse (Missing parentheses in call to 'print'. Did you mean print(...)? (plugin_handler.py, line 429))
Skipping C:\Users\Juju\Desktop\Automated_Code_Refactoring_System\refactor-engine\data\real_world\raw_sources\eth_py150\owtf\owtf\tests\testing_framework\runner\parser.py: could not parse (Missing parentheses in call to 'print'. Did you mean print(...)? (parser.py, line 27))
Skipping C:\Users\Juju\Desktop\Automated_Code_Refactoring_System\refactor-engine\data\real_world\raw_sources\eth_py150\PacificBiosciences\cDNA_primer\pbtranscript-tofu\pbtranscript\pbtools\pbtranscript\ice\IceIterative.py: could not parse (Missing parentheses in call to 'print'. Did you mean print(...)? (IceIterative.py, line 1304))
C:\Users\Juju\Desktop\Automated_Code_Refactoring_System\refactor-engine\data\real_world\raw_sources\eth_py150\pantsbuild\pants\src\python\pants\backend\jvm\targets\jar_library.py:35: SyntaxWarning: "\s" is an invalid escape sequence. Such sequences will not work in the future. Did you mean "\\s"? A raw string is also an option.
  :param jars: List of `jar <#jar>`_\s to depend upon.
Skipping C:\Users\Juju\Desktop\Automated_Code_Refactoring_System\refactor-engine\data\real_world\raw_sources\eth_py150\paypal\support\support\ll.py: could not parse (Missing parentheses in call to 'print'. Did you mean print(...)? (ll.py, line 99))
Skipping C:\Users\Juju\Desktop\Automated_Code_Refactoring_System\refactor-engine\data\real_world\raw_sources\eth_py150\pcapriotti\pledger\pledger\cli.py: could not parse (Missing parentheses in call to 'print'. Did you mean print(...)? (cli.py, line 40))
Skipping C:\Users\Juju\Desktop\Automated_Code_Refactoring_System\refactor-engine\data\real_world\raw_sources\eth_py150\pebble\cloudpebble\ide\utils\project.py: could not parse (Missing parentheses in call to 'print'. Did you mean print(...)? (project.py, line 9))
Skipping C:\Users\Juju\Desktop\Automated_Code_Refactoring_System\refactor-engine\data\real_world\raw_sources\eth_py150\pedrodgcouto\kivy.data_grid\data_grid.py: could not parse (Missing parentheses in call to 'print'. Did you mean print(...)? (data_grid.py, line 72))
Skipping C:\Users\Juju\Desktop\Automated_Code_Refactoring_System\refactor-engine\data\real_world\raw_sources\eth_py150\phalt\pokeapi\data\v1\build.py: could not parse (Missing parentheses in call to 'print'. Did you mean print(...)? (build.py, line 49))
Skipping C:\Users\Juju\Desktop\Automated_Code_Refactoring_System\refactor-engine\data\real_world\raw_sources\eth_py150\powdahound\twisted\twisted\persisted\sob.py: could not parse (Missing parentheses in call to 'exec'. Did you mean exec(...)? (sob.py, line 208))
Skipping C:\Users\Juju\Desktop\Automated_Code_Refactoring_System\refactor-engine\data\real_world\raw_sources\eth_py150\powdahound\twisted\twisted\python\shortcut.py: could not parse (invalid syntax (shortcut.py, line 75))
C:\Users\Juju\Desktop\Automated_Code_Refactoring_System\refactor-engine\data\real_world\raw_sources\eth_py150\pydata\pandas\pandas\io\sql.py:1456: SyntaxWarning: "\s" is an invalid escape sequence. Such sequences will not work in the future. Did you mean "\\s"? A raw string is also an option.
  pat = re.compile('\s+')
Skipping C:\Users\Juju\Desktop\Automated_Code_Refactoring_System\refactor-engine\data\real_world\raw_sources\eth_py150\pyjs\pyjs\pyjs\builtin\pyjslib.pyv8.py: could not parse (Missing parentheses in call to 'print'. Did you mean print(...)? (pyjslib.pyv8.py, line 21))
Skipping C:\Users\Juju\Desktop\Automated_Code_Refactoring_System\refactor-engine\data\real_world\raw_sources\eth_py150\python-diamond\Diamond\src\collectors\mesos_cgroup\test\testmesos_cgroup.py: could not parse (Missing parentheses in call to 'print'. Did you mean print(...)? (testmesos_cgroup.py, line 37))
C:\Users\Juju\Desktop\Automated_Code_Refactoring_System\refactor-engine\data\real_world\raw_sources\eth_py150\python-openxml\python-docx\docx\oxml\xmlchemy.py:43: SyntaxWarning: "\w" is an invalid escape sequence. Such sequences will not work in the future. Did you mean "\\w"? A raw string is also an option.
  '( *</?[\w:]+)(.*?)(/?>)([^<]*</[\w:]+>)?$'
Skipping C:\Users\Juju\Desktop\Automated_Code_Refactoring_System\refactor-engine\data\real_world\raw_sources\eth_py150\QuantSoftware\QuantSoftwareToolkit\QSTK\qstksim\tradesim.py: could not parse (Missing parentheses in call to 'print'. Did you mean print(...)? (tradesim.py, line 164))
Skipping C:\Users\Juju\Desktop\Automated_Code_Refactoring_System\refactor-engine\data\real_world\raw_sources\eth_py150\RallyTools\RallyRestToolkitForPython\build_dist.py: could not parse (Missing parentheses in call to 'print'. Did you mean print(...)? (build_dist.py, line 76))
Skipping C:\Users\Juju\Desktop\Automated_Code_Refactoring_System\refactor-engine\data\real_world\raw_sources\eth_py150\rbgirshick\py-faster-rcnn\tools\train_faster_rcnn_alt_opt.py: could not parse (Missing parentheses in call to 'print'. Did you mean print(...)? (train_faster_rcnn_alt_opt.py, line 62))
Skipping C:\Users\Juju\Desktop\Automated_Code_Refactoring_System\refactor-engine\data\real_world\raw_sources\eth_py150\rcarmo\Yaki\yaki\userlibs\yaki\Feeds.py: could not parse (Missing parentheses in call to 'print'. Did you mean print(...)? (Feeds.py, line 193))
Skipping C:\Users\Juju\Desktop\Automated_Code_Refactoring_System\refactor-engine\data\real_world\raw_sources\eth_py150\rcarmo\Yaki\yaki\userlibs\yaki\Plugins\Quicklook.py: could not parse (Missing parentheses in call to 'print'. Did you mean print(...)? (Quicklook.py, line 34))
Skipping C:\Users\Juju\Desktop\Automated_Code_Refactoring_System\refactor-engine\data\real_world\raw_sources\eth_py150\RDFLib\rdflib\rdflib\plugins\stores\concurrent.py: could not parse (Missing parentheses in call to 'print'. Did you mean print(...)? (concurrent.py, line 89))
Skipping C:\Users\Juju\Desktop\Automated_Code_Refactoring_System\refactor-engine\data\real_world\raw_sources\eth_py150\rdhyee\working-open-data-2014\notebooks\Project-Starter_OpenContext.py: could not parse (Missing parentheses in call to 'print'. Did you mean print(...)? (Project-Starter_OpenContext.py, line 263))
Skipping C:\Users\Juju\Desktop\Automated_Code_Refactoring_System\refactor-engine\data\real_world\raw_sources\eth_py150\ReactiveX\RxPY\examples\ironpython\meetdotnet.py: could not parse (Missing parentheses in call to 'print'. Did you mean print(...)? (meetdotnet.py, line 26))
Skipping C:\Users\Juju\Desktop\Automated_Code_Refactoring_System\refactor-engine\data\real_world\raw_sources\eth_py150\reclosedev\async_gui\tests\test_gevent.py: could not parse (invalid syntax (test_gevent.py, line 16))
Skipping C:\Users\Juju\Desktop\Automated_Code_Refactoring_System\refactor-engine\data\real_world\raw_sources\eth_py150\redhat-imaging\imagefactory\imagefactory_plugins\ovfcommon\ovfcommon.py: could not parse (inconsistent use of tabs and spaces in indentation (ovfcommon.py, line 696))
Skipping C:\Users\Juju\Desktop\Automated_Code_Refactoring_System\refactor-engine\data\real_world\raw_sources\eth_py150\renmengye\imageqa-public\src\imageqa_test.py: could not parse (Missing parentheses in call to 'print'. Did you mean print(...)? (imageqa_test.py, line 53))
Skipping C:\Users\Juju\Desktop\Automated_Code_Refactoring_System\refactor-engine\data\real_world\raw_sources\eth_py150\RetroMelon\PatchWords\patchwords_project\populate.py: could not parse (Missing parentheses in call to 'print'. Did you mean print(...)? (populate.py, line 120))
Skipping C:\Users\Juju\Desktop\Automated_Code_Refactoring_System\refactor-engine\data\real_world\raw_sources\eth_py150\reverse-shell\routersploit\routersploit\modules\exploits\technicolor\tc7200_password_disclosure.py: could not parse (Missing parentheses in call to 'print'. Did you mean print(...)? (tc7200_password_disclosure.py, line 43))
C:\Users\Juju\Desktop\Automated_Code_Refactoring_System\refactor-engine\data\real_world\raw_sources\eth_py150\reviewboard\rbtools\rbtools\clients\mercurial.py:630: SyntaxWarning: "\s" is an invalid escape sequence. Such sequences will not work in the future. Did you mean "\\s"? A raw string is also an option.
  parents = re.split(':[^\s]+\s*', parents)
Skipping C:\Users\Juju\Desktop\Automated_Code_Refactoring_System\refactor-engine\data\real_world\raw_sources\eth_py150\rinuboney\ladder\ladder.py: could not parse (Missing parentheses in call to 'print'. Did you mean print(...)? (ladder.py, line 77))
Skipping C:\Users\Juju\Desktop\Automated_Code_Refactoring_System\refactor-engine\data\real_world\raw_sources\eth_py150\robclewley\compneuro\linear_ODE.py: could not parse (Missing parentheses in call to 'print'. Did you mean print(...)? (linear_ODE.py, line 57))
Skipping C:\Users\Juju\Desktop\Automated_Code_Refactoring_System\refactor-engine\data\real_world\raw_sources\eth_py150\RobotLocomotion\director\src\python\director\atlasdriver.py: could not parse (Missing parentheses in call to 'print'. Did you mean print(...)? (atlasdriver.py, line 36))
C:\Users\Juju\Desktop\Automated_Code_Refactoring_System\refactor-engine\data\real_world\raw_sources\eth_py150\rtcTo\rtc2git\rtcFunctions.py:183: SyntaxWarning: "\(" is an invalid escape sequence. Such sequences will not work in the future. Did you mean "\\("? A raw string is also an option.
  regex = "\(_[\w-]+\)"
C:\Users\Juju\Desktop\Automated_Code_Refactoring_System\refactor-engine\data\real_world\raw_sources\eth_py150\rtucker-mozilla\mozilla_inventory\systems\views.py:387: SyntaxWarning: "\." is an invalid escape sequence. Such sequences will not work in the future. Did you mean "\\."? A raw string is also an option.
  matches = re.search('^nic\.(\d+)', str(kv.key) )
Skipping C:\Users\Juju\Desktop\Automated_Code_Refactoring_System\refactor-engine\data\real_world\raw_sources\eth_py150\rtucker-mozilla\mozilla_inventory\systems\views.py: could not parse (Missing parentheses in call to 'print'. Did you mean print(...)? (views.py, line 416))
Skipping C:\Users\Juju\Desktop\Automated_Code_Refactoring_System\refactor-engine\data\real_world\raw_sources\eth_py150\rusthon\Rusthon\src\runtime\builtins.py: could not parse (Missing parentheses in call to 'print'. Did you mean print(...)? (builtins.py, line 184))
Skipping C:\Users\Juju\Desktop\Automated_Code_Refactoring_System\refactor-engine\data\real_world\raw_sources\eth_py150\saga-project\BigJob\tests\bigjob-api\example_fg_single.py: could not parse (Missing parentheses in call to 'print'. Did you mean print(...)? (example_fg_single.py, line 68))
Skipping C:\Users\Juju\Desktop\Automated_Code_Refactoring_System\refactor-engine\data\real_world\raw_sources\eth_py150\scanlime\coastermelt\backdoor\shell_magics.py: could not parse (Missing parentheses in call to 'print'. Did you mean print(...)? (shell_magics.py, line 278))
C:\Users\Juju\Desktop\Automated_Code_Refactoring_System\refactor-engine\data\real_world\raw_sources\eth_py150\scipy\scipy\tools\validate_runtests_log.py:43: SyntaxWarning: "\d" is an invalid escape sequence. Such sequences will not work in the future. Did you mean "\\d"? A raw string is also an option.
  r = re.compile("Ran (?P<num_tests>\d+) tests in (?P<time>\d+\S+)")
Skipping C:\Users\Juju\Desktop\Automated_Code_Refactoring_System\refactor-engine\data\real_world\raw_sources\eth_py150\scipy\scipy\tools\osx\build.py: could not parse (Missing parentheses in call to 'print'. Did you mean print(...)? (build.py, line 25))
Skipping C:\Users\Juju\Desktop\Automated_Code_Refactoring_System\refactor-engine\data\real_world\raw_sources\eth_py150\servermon\servermon\servermon\hwdoc\south_migrations\0005_migrate_states.py: could not parse (inconsistent use of tabs and spaces in indentation (0005_migrate_states.py, line 12))
C:\Users\Juju\Desktop\Automated_Code_Refactoring_System\refactor-engine\data\real_world\raw_sources\eth_py150\shellderp\sublime-robot-plugin\lib\robot_scanner.py:20: SyntaxWarning: "\*" is an invalid escape sequence. Such sequences will not work in the future. Did you mean "\\*"? A raw string is also an option.
  detect_robot_regex = '\*+\s*(settings?|metadata|(user )?keywords?|test ?cases?|variables?)'
Skipping C:\Users\Juju\Desktop\Automated_Code_Refactoring_System\refactor-engine\data\real_world\raw_sources\eth_py150\shellderp\sublime-robot-plugin\lib\robot_scanner.py: could not parse (Missing parentheses in call to 'print'. Did you mean print(...)? (robot_scanner.py, line 87))
C:\Users\Juju\Desktop\Automated_Code_Refactoring_System\refactor-engine\data\real_world\raw_sources\eth_py150\sidnei\txstatsd\txstatsd\server\processor.py:32: SyntaxWarning: "\s" is an invalid escape sequence. Such sequences will not work in the future. Did you mean "\\s"? A raw string is also an option.
  SPACES = re.compile("\s+")
C:\Users\Juju\Desktop\Automated_Code_Refactoring_System\refactor-engine\data\real_world\raw_sources\eth_py150\sidnei\txstatsd\txstatsd\server\processor.py:33: SyntaxWarning: "\/" is an invalid escape sequence. Such sequences will not work in the future. Did you mean "\\/"? A raw string is also an option.
  SLASHES = re.compile("\/+")
C:\Users\Juju\Desktop\Automated_Code_Refactoring_System\refactor-engine\data\real_world\raw_sources\eth_py150\sidnei\txstatsd\txstatsd\server\processor.py:34: SyntaxWarning: "\-" is an invalid escape sequence. Such sequences will not work in the future. Did you mean "\\-"? A raw string is also an option.
  NON_ALNUM = re.compile("[^a-zA-Z_\-0-9\.]")
C:\Users\Juju\Desktop\Automated_Code_Refactoring_System\refactor-engine\data\real_world\raw_sources\eth_py150\sidnei\txstatsd\txstatsd\server\processor.py:35: SyntaxWarning: "\d" is an invalid escape sequence. Such sequences will not work in the future. Did you mean "\\d"? A raw string is also an option.
  RATE = re.compile("^@([\d\.]+)")
Skipping C:\Users\Juju\Desktop\Automated_Code_Refactoring_System\refactor-engine\data\real_world\raw_sources\eth_py150\sightmachine\SimpleCV\SimpleCV\examples\arduino\CannyStream-arduino.py: could not parse (Missing parentheses in call to 'print'. Did you mean print(...)? (CannyStream-arduino.py, line 19))
C:\Users\Juju\Desktop\Automated_Code_Refactoring_System\refactor-engine\data\real_world\raw_sources\eth_py150\sixohsix\twitter\twitter\util.py:163: SyntaxWarning: "\s" is an invalid escape sequence. Such sequences will not work in the future. Did you mean "\\s"? A raw string is also an option.
  m.group(1) for m in re.finditer("\s*([^,\s]+)\s*,?\s*", list_of_hosts))
Skipping C:\Users\Juju\Desktop\Automated_Code_Refactoring_System\refactor-engine\data\real_world\raw_sources\eth_py150\sjev\trading-with-python\lib\cboe.py: could not parse (invalid syntax (cboe.py, line 42))
Skipping C:\Users\Juju\Desktop\Automated_Code_Refactoring_System\refactor-engine\data\real_world\raw_sources\eth_py150\skyostil\tracy\src\analyzer\tools\mergepixmaps.py: could not parse (Missing parentheses in call to 'print'. Did you mean print(...)? (mergepixmaps.py, line 41))
Skipping C:\Users\Juju\Desktop\Automated_Code_Refactoring_System\refactor-engine\data\real_world\raw_sources\eth_py150\skyostil\tracy\src\generator\Cheetah\Tests\Test.py: could not parse (cannot assign to True (Test.py, line 37))
Skipping C:\Users\Juju\Desktop\Automated_Code_Refactoring_System\refactor-engine\data\real_world\raw_sources\eth_py150\Southpaw-TACTIC\TACTIC\src\context\client\tactic-api-python-4.0.api04\Lib\uu.py: could not parse (leading zeros in decimal integer literals are not permitted; use an 0o prefix for octal integers (uu.py, line 71))
Skipping C:\Users\Juju\Desktop\Automated_Code_Refactoring_System\refactor-engine\data\real_world\raw_sources\eth_py150\Southpaw-TACTIC\TACTIC\src\context\client\tactic-api-python-4.0.api04\Lib\whichdb.py: could not parse (Missing parentheses in call to 'print'. Did you mean print(...)? (whichdb.py, line 117))
Skipping C:\Users\Juju\Desktop\Automated_Code_Refactoring_System\refactor-engine\data\real_world\raw_sources\eth_py150\spring\uberserver\stacktracer.py: could not parse (inconsistent use of tabs and spaces in indentation (stacktracer.py, line 69))
C:\Users\Juju\Desktop\Automated_Code_Refactoring_System\refactor-engine\data\real_world\raw_sources\eth_py150\SpriteLink\NIPAP\tests\performance\speedtest.py:48: SyntaxWarning: "\." is an invalid escape sequence. Such sequences will not work in the future. Did you mean "\\."? A raw string is also an option.
  m = re.match("([0-9]+)\.([0-9]+)\.([0-9]+)\.([0-9]+)", arg_prefix)
Skipping C:\Users\Juju\Desktop\Automated_Code_Refactoring_System\refactor-engine\data\real_world\raw_sources\eth_py150\SpriteLink\NIPAP\tests\performance\speedtest.py: could not parse (Missing parentheses in call to 'print'. Did you mean print(...)? (speedtest.py, line 68))
C:\Users\Juju\Desktop\Automated_Code_Refactoring_System\refactor-engine\data\real_world\raw_sources\eth_py150\spulec\moto\moto\apigateway\urls.py:18: SyntaxWarning: "\d" is an invalid escape sequence. Such sequences will not work in the future. Did you mean "\\d"? A raw string is also an option.
  '{0}/restapis/(?P<function_id>[^/]+)/resources/(?P<resource_id>[^/]+)/methods/(?P<method_name>[^/]+)/integration/responses/(?P<status_code>\d+)/?$': APIGatewayResponse().integration_responses,
Skipping C:\Users\Juju\Desktop\Automated_Code_Refactoring_System\refactor-engine\data\real_world\raw_sources\eth_py150\spulec\pep8ify\tests\fixtures\blank_lines\blank_lines1_in.py: could not parse (Missing parentheses in call to 'print'. Did you mean print(...)? (blank_lines1_in.py, line 60))
Skipping C:\Users\Juju\Desktop\Automated_Code_Refactoring_System\refactor-engine\data\real_world\raw_sources\eth_py150\StackStorm\st2\st2client\st2client\commands\action.py: could not parse (invalid syntax (action.py, line 255))
Skipping C:\Users\Juju\Desktop\Automated_Code_Refactoring_System\refactor-engine\data\real_world\raw_sources\eth_py150\StackStorm\st2contrib\packs\ipcam\actions\capture_screenshot.py: could not parse (Missing parentheses in call to 'print'. Did you mean print(...)? (capture_screenshot.py, line 20))
C:\Users\Juju\Desktop\Automated_Code_Refactoring_System\refactor-engine\data\real_world\raw_sources\eth_py150\statsmodels\statsmodels\statsmodels\genmod\families\family.py:813: SyntaxWarning: "\m" is an invalid escape sequence. Such sequences will not work in the future. Did you mean "\\m"? A raw string is also an option.
  A good choice for the binomial family is :math:`\mu_0 = (Y_i + 0.5)/2`
C:\Users\Juju\Desktop\Automated_Code_Refactoring_System\refactor-engine\data\real_world\raw_sources\eth_py150\statsmodels\statsmodels\statsmodels\genmod\families\family.py:1686: SyntaxWarning: "\_" is an invalid escape sequence. Such sequences will not work in the future. Did you mean "\\_"? A raw string is also an option.
  resid\_anscombe_i = (\log(endog) - \log(\mu)) / \sqrt{mu}
C:\Users\Juju\Desktop\Automated_Code_Refactoring_System\refactor-engine\data\real_world\raw_sources\eth_py150\statsmodels\statsmodels\statsmodels\tsa\statespace\tools.py:671: SyntaxWarning: "\S" is an invalid escape sequence. Such sequences will not work in the future. Did you mean "\\S"? A raw string is also an option.
  written as :math:`(\Sigma, A_1, \dots, A_p)`, where :math:`p` is the order
C:\Users\Juju\Desktop\Automated_Code_Refactoring_System\refactor-engine\data\real_world\raw_sources\eth_py150\statsmodels\statsmodels\statsmodels\tsa\statespace\tools.py:859: SyntaxWarning: "\h" is an invalid escape sequence. Such sequences will not work in the future. Did you mean "\\h"? A raw string is also an option.
  \hat \Gamma(s) = \frac{1}{n} \sum_{t=1}^{n-s}
C:\Users\Juju\Desktop\Automated_Code_Refactoring_System\refactor-engine\data\real_world\raw_sources\eth_py150\statsmodels\statsmodels\statsmodels\tsa\statespace\tools.py:927: SyntaxWarning: "\G" is an invalid escape sequence. Such sequences will not work in the future. Did you mean "\\G"? A raw string is also an option.
  \Gamma(j) = E(y_t y_{t-j}')
C:\Users\Juju\Desktop\Automated_Code_Refactoring_System\refactor-engine\data\real_world\raw_sources\eth_py150\statsmodels\statsmodels\statsmodels\tsa\statespace\tools.py:1222: SyntaxWarning: "\d" is an invalid escape sequence. Such sequences will not work in the future. Did you mean "\\d"? A raw string is also an option.
  y_t = A_1 y_{t-1} + \dots + A_p y_{t-p} + \varepsilon_t
Skipping C:\Users\Juju\Desktop\Automated_Code_Refactoring_System\refactor-engine\data\real_world\raw_sources\eth_py150\STIXProject\python-stix\stix\bindings\threat_actor.py: could not parse (Missing parentheses in call to 'print'. Did you mean print(...)? (threat_actor.py, line 517))
Skipping C:\Users\Juju\Desktop\Automated_Code_Refactoring_System\refactor-engine\data\real_world\raw_sources\eth_py150\STIXProject\python-stix\stix\bindings\extensions\test_mechanism\yara.py: could not parse (Missing parentheses in call to 'print'. Did you mean print(...)? (yara.py, line 124))
Skipping C:\Users\Juju\Desktop\Automated_Code_Refactoring_System\refactor-engine\data\real_world\raw_sources\eth_py150\SuperCowPowers\workbench\workbench\workers\timeout_corner\yara_sigs.py: could not parse (Missing parentheses in call to 'print'. Did you mean print(...)? (yara_sigs.py, line 33))
Skipping C:\Users\Juju\Desktop\Automated_Code_Refactoring_System\refactor-engine\data\real_world\raw_sources\eth_py150\tanghaibao\jcvi\algorithms\ec.py: could not parse (Missing parentheses in call to 'print'. Did you mean print(...)? (ec.py, line 192))
Skipping C:\Users\Juju\Desktop\Automated_Code_Refactoring_System\refactor-engine\data\real_world\raw_sources\eth_py150\tanghaibao\jcvi\assembly\gaps.py: could not parse (Missing parentheses in call to 'print'. Did you mean print(...)? (gaps.py, line 155))
Skipping C:\Users\Juju\Desktop\Automated_Code_Refactoring_System\refactor-engine\data\real_world\raw_sources\eth_py150\taoliu\taolib\Scripts\window_stat.py: could not parse (invalid decimal literal (window_stat.py, line 33))
C:\Users\Juju\Desktop\Automated_Code_Refactoring_System\refactor-engine\data\real_world\raw_sources\eth_py150\Theano\Theano\theano\tensor\nlinalg.py:56: SyntaxWarning: "\c" is an invalid escape sequence. Such sequences will not work in the future. Did you mean "\\c"? A raw string is also an option.
  matrix :math:`A_{inv}` such that the dot product :math:`A \cdot A_{inv}`
C:\Users\Juju\Desktop\Automated_Code_Refactoring_System\refactor-engine\data\real_world\raw_sources\eth_py150\Theano\Theano\theano\tensor\nlinalg.py:131: SyntaxWarning: "\c" is an invalid escape sequence. Such sequences will not work in the future. Did you mean "\\c"? A raw string is also an option.
  :math:`A_0 \cdot A_1 \cdot A_2 \cdot .. \cdot A_N`.
C:\Users\Juju\Desktop\Automated_Code_Refactoring_System\refactor-engine\data\real_world\raw_sources\eth_py150\TigorC\django-redactorjs\redactor\fields.py:23: SyntaxWarning: "\." is an invalid escape sequence. Such sequences will not work in the future. Did you mean "\\."? A raw string is also an option.
  add_introspection_rules([], ['^redactor\.fields\.RedactorField'])
C:\Users\Juju\Desktop\Automated_Code_Refactoring_System\refactor-engine\data\real_world\raw_sources\eth_py150\timonwong\OmniMarkupPreviewer\OmniMarkupLib\Renderers\libs\python2\genshi\path.py:663: SyntaxWarning: "\d" is an invalid escape sequence. Such sequences will not work in the future. Did you mean "\\d"? A raw string is also an option.
  _tokenize = re.compile('("[^"]*")|(\'[^\']*\')|((?:\d+)?\.\d+)|(%s)|([^%s\s]+)|\s+' % (
Skipping C:\Users\Juju\Desktop\Automated_Code_Refactoring_System\refactor-engine\data\real_world\raw_sources\eth_py150\tobami\littlechef\littlechef\solo.py: could not parse (leading zeros in decimal integer literals are not permitted; use an 0o prefix for octal integers (solo.py, line 92))
Skipping C:\Users\Juju\Desktop\Automated_Code_Refactoring_System\refactor-engine\data\real_world\raw_sources\eth_py150\tokestermw\tensorflow-shakespeare\tensorshake\tests\test_data.py: could not parse (Missing parentheses in call to 'print'. Did you mean print(...)? (test_data.py, line 28))
Skipping C:\Users\Juju\Desktop\Automated_Code_Refactoring_System\refactor-engine\data\real_world\raw_sources\eth_py150\tomalec\Sublime-Text-2-Vlt-Plugin\vlt.py: could not parse (Missing parentheses in call to 'print'. Did you mean print(...)? (vlt.py, line 68))
C:\Users\Juju\Desktop\Automated_Code_Refactoring_System\refactor-engine\data\real_world\raw_sources\eth_py150\tonyfischetti\sake\functests\test3\functest.py:137: SyntaxWarning: "\)" is an invalid escape sequence. Such sequences will not work in the future. Did you mean "\\)"? A raw string is also an option.
  bash -c "cat <(echo -n 'qstats version ') <(cat qstats-documentation.html | grep version | perl -pe 's/.*version (.+?)\)<.*/\\1/') | figlet > VERSION.txt"
C:\Users\Juju\Desktop\Automated_Code_Refactoring_System\refactor-engine\data\real_world\raw_sources\eth_py150\tonyfischetti\sake\functests\test3\functest.py:463: SyntaxWarning: "\)" is an invalid escape sequence. Such sequences will not work in the future. Did you mean "\\)"? A raw string is also an option.
  bash -c "cat <(echo -n 'qstats version ') <(cat qstats-documentation.html | grep version | perl -pe 's/.*version (.+?)\)<.*/\\1/') | figlet > VERSION.txt"
C:\Users\Juju\Desktop\Automated_Code_Refactoring_System\refactor-engine\data\real_world\raw_sources\eth_py150\tonyfischetti\sake\functests\test3\functest.py:803: SyntaxWarning: "\)" is an invalid escape sequence. Such sequences will not work in the future. Did you mean "\\)"? A raw string is also an option.
  bash -c "cat <(echo -n 'qstats version ') <(cat qstats-documentation.html | grep version | perl -pe 's/.*version (.+?)\)<.*/\\1/') | figlet > VERSION.txt"
C:\Users\Juju\Desktop\Automated_Code_Refactoring_System\refactor-engine\data\real_world\raw_sources\eth_py150\tonyfischetti\sake\functests\test3\functest.py:992: SyntaxWarning: "\)" is an invalid escape sequence. Such sequences will not work in the future. Did you mean "\\)"? A raw string is also an option.
  bash -c "cat <(echo -n 'qstats version ') <(cat qstats-documentation.html | grep version | perl -pe 's/.*version (.+?)\)<.*/\\1/') | figlet > VERSION.txt"
Skipping C:\Users\Juju\Desktop\Automated_Code_Refactoring_System\refactor-engine\data\real_world\raw_sources\eth_py150\tucker777\QSTK\qstklearn\kdtknn.py: could not parse (Missing parentheses in call to 'print'. Did you mean print(...)? (kdtknn.py, line 125))
Skipping C:\Users\Juju\Desktop\Automated_Code_Refactoring_System\refactor-engine\data\real_world\raw_sources\eth_py150\tvidas\a5\scripts\bin\mobile_test.py: could not parse (Missing parentheses in call to 'print'. Did you mean print(...)? (mobile_test.py, line 39))
Skipping C:\Users\Juju\Desktop\Automated_Code_Refactoring_System\refactor-engine\data\real_world\raw_sources\eth_py150\twisted\nevow\examples\customform\customform.py: could not parse (Missing parentheses in call to 'print'. Did you mean print(...)? (customform.py, line 139))
C:\Users\Juju\Desktop\Automated_Code_Refactoring_System\refactor-engine\data\real_world\raw_sources\eth_py150\typesupply\woffTools\Lib\woffTools\test\test_validate.py:1214: SyntaxWarning: "\A" is an invalid escape sequence. Such sequences will not work in the future. Did you mean "\\A"? A raw string is also an option.
  metadata = "\A" * 8
C:\Users\Juju\Desktop\Automated_Code_Refactoring_System\refactor-engine\data\real_world\raw_sources\eth_py150\ucb-sts\sts\sts\experiments\lifecycle.py:42: SyntaxWarning: "\s" is an invalid escape sequence. Such sequences will not work in the future. Did you mean "\\s"? A raw string is also an option.
  'cpu_info' : backtick("cat 2>/dev/null /proc/cpuinfo | grep 'model name[[:space:]]' | uniq | sed 's/.*://' | perl -pi -e 's/\s+/ /g'")
Skipping C:\Users\Juju\Desktop\Automated_Code_Refactoring_System\refactor-engine\data\real_world\raw_sources\eth_py150\ucbvislab\radiotool\radiotool\composer\rawtrack.py: could not parse (Missing parentheses in call to 'print'. Did you mean print(...)? (rawtrack.py, line 62))
Skipping C:\Users\Juju\Desktop\Automated_Code_Refactoring_System\refactor-engine\data\real_world\raw_sources\eth_py150\UDST\activitysim\activitysim\defaults\tables\size_terms.py: could not parse (Missing parentheses in call to 'print'. Did you mean print(...)? (size_terms.py, line 39))
Skipping C:\Users\Juju\Desktop\Automated_Code_Refactoring_System\refactor-engine\data\real_world\raw_sources\eth_py150\ufora\ufora\ufora\cumulus\PersistentCache\PersistentCacheIndex_test.py: could not parse (Missing parentheses in call to 'print'. Did you mean print(...)? (PersistentCacheIndex_test.py, line 77))
Skipping C:\Users\Juju\Desktop\Automated_Code_Refactoring_System\refactor-engine\data\real_world\raw_sources\eth_py150\USArmyResearchLab\Dshell\lib\httpdecoder.py: could not parse (Missing parentheses in call to 'print'. Did you mean print(...)? (httpdecoder.py, line 99))
Skipping C:\Users\Juju\Desktop\Automated_Code_Refactoring_System\refactor-engine\data\real_world\raw_sources\eth_py150\VillanCh\scraplat\scraplat\deamons\deamon_logs.py: could not parse (invalid non-printable character U+FEFF (deamon_logs.py, line 1))
Skipping C:\Users\Juju\Desktop\Automated_Code_Refactoring_System\refactor-engine\data\real_world\raw_sources\eth_py150\VillanCh\scraplat\scraplat\pool\manager.py: could not parse (invalid non-printable character U+FEFF (manager.py, line 1))
Skipping C:\Users\Juju\Desktop\Automated_Code_Refactoring_System\refactor-engine\data\real_world\raw_sources\eth_py150\vinitkumar\googlecl\src\googlecl\discovery\data.py: could not parse (Missing parentheses in call to 'print'. Did you mean print(...)? (data.py, line 184))
Skipping C:\Users\Juju\Desktop\Automated_Code_Refactoring_System\refactor-engine\data\real_world\raw_sources\eth_py150\VisTrails\VisTrails\vistrails\tests\resources\myjob.py: could not parse (Missing parentheses in call to 'print'. Did you mean print(...)? (myjob.py, line 59))
Skipping C:\Users\Juju\Desktop\Automated_Code_Refactoring_System\refactor-engine\data\real_world\raw_sources\eth_py150\weblabdeusto\weblabdeusto\tools\ExperimentServerTester\src\test_server.py: could not parse (Missing parentheses in call to 'print'. Did you mean print(...)? (test_server.py, line 21))
Skipping C:\Users\Juju\Desktop\Automated_Code_Refactoring_System\refactor-engine\data\real_world\raw_sources\eth_py150\Workiva\furious\example\abort_and_restart.py: could not parse (invalid syntax (abort_and_restart.py, line 28))
Skipping C:\Users\Juju\Desktop\Automated_Code_Refactoring_System\refactor-engine\data\real_world\raw_sources\eth_py150\yadutaf\ovh-cli\ovhcli\schema.py: could not parse (Missing parentheses in call to 'print'. Did you mean print(...)? (schema.py, line 18))
Skipping C:\Users\Juju\Desktop\Automated_Code_Refactoring_System\refactor-engine\data\real_world\raw_sources\eth_py150\Yubico\python-pyhsm\examples\yhsm-password-auth.py: could not parse (Missing parentheses in call to 'print'. Did you mean print(...)? (yhsm-password-auth.py, line 117))
Skipping C:\Users\Juju\Desktop\Automated_Code_Refactoring_System\refactor-engine\data\real_world\raw_sources\eth_py150\yyuu\botornado\botornado\connection.py: could not parse (Lambda expression parameters cannot be parenthesized (connection.py, line 180))
Skipping C:\Users\Juju\Desktop\Automated_Code_Refactoring_System\refactor-engine\data\real_world\raw_sources\eth_py150\yyuu\botornado\examples\sqs_get_all_queues.py: could not parse (Missing parentheses in call to 'print'. Did you mean print(...)? (sqs_get_all_queues.py, line 21))
C:\Users\Juju\Desktop\Automated_Code_Refactoring_System\refactor-engine\data\real_world\raw_sources\eth_py150\zmap\ztag\ztag\annotations\FtpBftpd.py:13: SyntaxWarning: "\d" is an invalid escape sequence. Such sequences will not work in the future. Did you mean "\\d"? A raw string is also an option.
  versionStr = "\d+\.\d+(\.\d+)?(([a-z])|(rc\d))?"
C:\Users\Juju\Desktop\Automated_Code_Refactoring_System\refactor-engine\data\real_world\raw_sources\eth_py150\zmap\ztag\ztag\annotations\FtpBftpd.py:15: SyntaxWarning: "\d" is an invalid escape sequence. Such sequences will not work in the future. Did you mean "\\d"? A raw string is also an option.
  "^220 bftpd " + versionStr + " at \d+\.\d+\.\d+\.\d+ ready",
C:\Users\Juju\Desktop\Automated_Code_Refactoring_System\refactor-engine\data\real_world\raw_sources\eth_py150\zmap\ztag\ztag\annotations\FtpBftpd.py:19: SyntaxWarning: "\d" is an invalid escape sequence. Such sequences will not work in the future. Did you mean "\\d"? A raw string is also an option.
  "bftpd (\d+\.\d+) at",
C:\Users\Juju\Desktop\Automated_Code_Refactoring_System\refactor-engine\data\real_world\raw_sources\eth_py150\zmap\ztag\ztag\annotations\FtpBftpd.py:37: SyntaxWarning: "\(" is an invalid escape sequence. Such sequences will not work in the future. Did you mean "\\("? A raw string is also an option.
  impl_2_re = re.compile("^220 \(bftpd\)\r\n$", re.IGNORECASE)
C:\Users\Juju\Desktop\Automated_Code_Refactoring_System\refactor-engine\data\real_world\raw_sources\eth_py150\zmap\ztag\ztag\annotations\FtpVsFtpd.py:12: SyntaxWarning: "\d" is an invalid escape sequence. Such sequences will not work in the future. Did you mean "\\d"? A raw string is also an option.
  versionStr = "\d+\.\d+(\.\d+)?(([a-z])|(rc\d))?"
C:\Users\Juju\Desktop\Automated_Code_Refactoring_System\refactor-engine\data\real_world\raw_sources\eth_py150\zmap\ztag\ztag\annotations\FtpVsFtpd.py:14: SyntaxWarning: "\(" is an invalid escape sequence. Such sequences will not work in the future. Did you mean "\\("? A raw string is also an option.
  "^220 (\()?vsFTPd (\d+(\.\d+)*)[+]?",
C:\Users\Juju\Desktop\Automated_Code_Refactoring_System\refactor-engine\data\real_world\raw_sources\eth_py150\zmap\ztag\ztag\annotations\FtpVsFtpd.py:17: SyntaxWarning: "\d" is an invalid escape sequence. Such sequences will not work in the future. Did you mean "\\d"? A raw string is also an option.
  version_re = re.compile("vsFTPd (\d+\.\d+\.\d+)", re.IGNORECASE)
C:\Users\Juju\Desktop\Automated_Code_Refactoring_System\refactor-engine\data\real_world\raw_sources\eth_py150\zmap\ztag\ztag\annotations\FtpVsFtpd.py:18: SyntaxWarning: "\(" is an invalid escape sequence. Such sequences will not work in the future. Did you mean "\\("? A raw string is also an option.
  rev_re = re.compile("\((ext\.(?:\d+))\)", re.IGNORECASE)
C:\Users\Juju\Desktop\Automated_Code_Refactoring_System\refactor-engine\data\real_world\raw_sources\eth_py150\zmap\ztag\ztag\annotations\microsoft_exchange.py:37: SyntaxWarning: "\+" is an invalid escape sequence. Such sequences will not work in the future. Did you mean "\\+"? A raw string is also an option.
  banner_re = re.compile("\+OK (?:Welcome to )?Microsoft Exchange (?:Server )?(2[0-9][0-9][0-9]) POP3")
C:\Users\Juju\Desktop\Automated_Code_Refactoring_System\refactor-engine\data\real_world\raw_sources\eth_py150\zmap\ztag\ztag\annotations\microsoft_exchange.py:57: SyntaxWarning: "\*" is an invalid escape sequence. Such sequences will not work in the future. Did you mean "\\*"? A raw string is also an option.
  banner_re = re.compile("\* OK Microsoft Exchange (?:Server )?(2[0-9][0-9][0-9]) IMAP")
Skipping C:\Users\Juju\Desktop\Automated_Code_Refactoring_System\refactor-engine\data\real_world\raw_sources\eth_py150\zomux\deepy\experiments\tutorials\tutorial3.py: could not parse (Missing parentheses in call to 'print'. Did you mean print(...)? (tutorial3.py, line 56))
Skipping C:\Users\Juju\Desktop\Automated_Code_Refactoring_System\refactor-engine\data\real_world\raw_sources\eth_py150\zunzun\pyeq2\Examples\GUI\devExamples\wxNestedTabsExample.py: could not parse (Missing parentheses in call to 'print'. Did you mean print(...)? (wxNestedTabsExample.py, line 76))
Skipping C:\Users\Juju\Desktop\Automated_Code_Refactoring_System\refactor-engine\data\real_world\raw_sources\git_repos\cookiecutter\tests\hooks-abort-render\hooks\post_gen_project.py: could not parse (invalid syntax (post_gen_project.py, line 7))
Skipping C:\Users\Juju\Desktop\Automated_Code_Refactoring_System\refactor-engine\data\real_world\raw_sources\git_repos\cookiecutter\tests\hooks-abort-render\hooks\pre_gen_project.py: could not parse (invalid syntax (pre_gen_project.py, line 7))
C:\Users\Juju\Desktop\Automated_Code_Refactoring_System\refactor-engine\data\real_world\raw_sources\git_repos\flask-appbuilder\bin\config.py:5: SyntaxWarning: "\e" is an invalid escape sequence. Such sequences will not work in the future. Did you mean "\\e"? A raw string is also an option.
  SECRET_KEY = '\2\1thisismyscretkey\1\2\e\y\y\h'
Skipping C:\Users\Juju\Desktop\Automated_Code_Refactoring_System\refactor-engine\data\real_world\raw_sources\git_repos\flask-appbuilder\bin\db_migrate.py: could not parse (Missing parentheses in call to 'exec'. Did you mean exec(...)? (db_migrate.py, line 10))
Skipping C:\Users\Juju\Desktop\Automated_Code_Refactoring_System\refactor-engine\data\real_world\raw_sources\git_repos\flask-appbuilder\bin\db_upgrade.py: could not parse (Missing parentheses in call to 'print'. Did you mean print(...)? (db_upgrade.py, line 6))
Skipping C:\Users\Juju\Desktop\Automated_Code_Refactoring_System\refactor-engine\data\real_world\raw_sources\git_repos\flask-appbuilder\bin\hash_db_password.py: could not parse (Missing parentheses in call to 'print'. Did you mean print(...)? (hash_db_password.py, line 17))
Skipping C:\Users\Juju\Desktop\Automated_Code_Refactoring_System\refactor-engine\data\real_world\raw_sources\git_repos\flask-appbuilder\bin\migrate_db_0.7.py: could not parse (Missing parentheses in call to 'print'. Did you mean print(...)? (migrate_db_0.7.py, line 21))
C:\Users\Juju\Desktop\Automated_Code_Refactoring_System\refactor-engine\data\real_world\raw_sources\git_repos\flask-appbuilder\examples\base_api\config.py:6: SyntaxWarning: "\e" is an invalid escape sequence. Such sequences will not work in the future. Did you mean "\\e"? A raw string is also an option.
  SECRET_KEY = "\2\1thisismyscretkey\1\2\e\y\y\h"
C:\Users\Juju\Desktop\Automated_Code_Refactoring_System\refactor-engine\data\real_world\raw_sources\git_repos\flask-appbuilder\examples\base_filters\config.py:6: SyntaxWarning: "\e" is an invalid escape sequence. Such sequences will not work in the future. Did you mean "\\e"? A raw string is also an option.
  SECRET_KEY = "\2\1thisismyscretkey\1\2\e\y\y\h"
C:\Users\Juju\Desktop\Automated_Code_Refactoring_System\refactor-engine\data\real_world\raw_sources\git_repos\flask-appbuilder\examples\composite_keys\config.py:6: SyntaxWarning: "\e" is an invalid escape sequence. Such sequences will not work in the future. Did you mean "\\e"? A raw string is also an option.
  SECRET_KEY = "\2\1thisismyscretkey\1\2\e\y\y\h"
C:\Users\Juju\Desktop\Automated_Code_Refactoring_System\refactor-engine\data\real_world\raw_sources\git_repos\flask-appbuilder\examples\crud_rest_api\config.py:7: SyntaxWarning: "\e" is an invalid escape sequence. Such sequences will not work in the future. Did you mean "\\e"? A raw string is also an option.
  SECRET_KEY = "\2\1thisismyscretkey\1\2\e\y\y\h"
C:\Users\Juju\Desktop\Automated_Code_Refactoring_System\refactor-engine\data\real_world\raw_sources\git_repos\flask-appbuilder\examples\employees\config.py:6: SyntaxWarning: "\e" is an invalid escape sequence. Such sequences will not work in the future. Did you mean "\\e"? A raw string is also an option.
  SECRET_KEY = "\2\1thisismyscretkey\1\2\e\y\y\h"
C:\Users\Juju\Desktop\Automated_Code_Refactoring_System\refactor-engine\data\real_world\raw_sources\git_repos\flask-appbuilder\examples\enums\config.py:6: SyntaxWarning: "\e" is an invalid escape sequence. Such sequences will not work in the future. Did you mean "\\e"? A raw string is also an option.
  SECRET_KEY = "\2\1thisismyscretkey\1\2\e\y\y\h"
C:\Users\Juju\Desktop\Automated_Code_Refactoring_System\refactor-engine\data\real_world\raw_sources\git_repos\flask-appbuilder\examples\extendsecurity\config.py:6: SyntaxWarning: "\e" is an invalid escape sequence. Such sequences will not work in the future. Did you mean "\\e"? A raw string is also an option.
  SECRET_KEY = "\2\1thisismyscretkey\1\2\e\y\y\h"
C:\Users\Juju\Desktop\Automated_Code_Refactoring_System\refactor-engine\data\real_world\raw_sources\git_repos\flask-appbuilder\examples\extendsecurity2\config.py:6: SyntaxWarning: "\e" is an invalid escape sequence. Such sequences will not work in the future. Did you mean "\\e"? A raw string is also an option.
  SECRET_KEY = "\2\1thisismyscretkey\1\2\e\y\y\h"
C:\Users\Juju\Desktop\Automated_Code_Refactoring_System\refactor-engine\data\real_world\raw_sources\git_repos\flask-appbuilder\examples\masterdetail\config.py:6: SyntaxWarning: "\e" is an invalid escape sequence. Such sequences will not work in the future. Did you mean "\\e"? A raw string is also an option.
  SECRET_KEY = "\2\1thisismyscretkey\1\2\e\y\y\h"
C:\Users\Juju\Desktop\Automated_Code_Refactoring_System\refactor-engine\data\real_world\raw_sources\git_repos\flask-appbuilder\examples\oauth\config.py:8: SyntaxWarning: "\e" is an invalid escape sequence. Such sequences will not work in the future. Did you mean "\\e"? A raw string is also an option.
  SECRET_KEY = "\2\1thisismyscretkey\1\2\e\y\y\h"
C:\Users\Juju\Desktop\Automated_Code_Refactoring_System\refactor-engine\data\real_world\raw_sources\git_repos\flask-appbuilder\examples\productsale\config.py:6: SyntaxWarning: "\e" is an invalid escape sequence. Such sequences will not work in the future. Did you mean "\\e"? A raw string is also an option.
  SECRET_KEY = "\2\1thisismyscretkey\1\2\e\y\y\h"
C:\Users\Juju\Desktop\Automated_Code_Refactoring_System\refactor-engine\data\real_world\raw_sources\git_repos\flask-appbuilder\examples\quickactions\config.py:13: SyntaxWarning: "\e" is an invalid escape sequence. Such sequences will not work in the future. Did you mean "\\e"? A raw string is also an option.
  SECRET_KEY = "\2\1thisismyscretkey\1\2\e\y\y\h"
C:\Users\Juju\Desktop\Automated_Code_Refactoring_System\refactor-engine\data\real_world\raw_sources\git_repos\flask-appbuilder\examples\quickcharts\config.py:6: SyntaxWarning: "\e" is an invalid escape sequence. Such sequences will not work in the future. Did you mean "\\e"? A raw string is also an option.
  SECRET_KEY = "\2\1thisismyscretkey\1\2\e\y\y\h"
C:\Users\Juju\Desktop\Automated_Code_Refactoring_System\refactor-engine\data\real_world\raw_sources\git_repos\flask-appbuilder\examples\quickcharts2\config.py:6: SyntaxWarning: "\e" is an invalid escape sequence. Such sequences will not work in the future. Did you mean "\\e"? A raw string is also an option.
  SECRET_KEY = "\2\1thisismyscretkey\1\2\e\y\y\h"
C:\Users\Juju\Desktop\Automated_Code_Refactoring_System\refactor-engine\data\real_world\raw_sources\git_repos\flask-appbuilder\examples\quickfiles\config.py:6: SyntaxWarning: "\e" is an invalid escape sequence. Such sequences will not work in the future. Did you mean "\\e"? A raw string is also an option.
  SECRET_KEY = "\2\1thisismyscretkey\1\2\e\y\y\h"
C:\Users\Juju\Desktop\Automated_Code_Refactoring_System\refactor-engine\data\real_world\raw_sources\git_repos\flask-appbuilder\examples\quickhowto\config.py:9: SyntaxWarning: "\e" is an invalid escape sequence. Such sequences will not work in the future. Did you mean "\\e"? A raw string is also an option.
  SECRET_KEY = "\2\1thisismyscretkey\1\2\e\y\y\h"
C:\Users\Juju\Desktop\Automated_Code_Refactoring_System\refactor-engine\data\real_world\raw_sources\git_repos\flask-appbuilder\examples\quickhowto2\config.py:13: SyntaxWarning: "\e" is an invalid escape sequence. Such sequences will not work in the future. Did you mean "\\e"? A raw string is also an option.
  SECRET_KEY = "\2\1thisismyscretkey\1\2\e\y\y\h"
C:\Users\Juju\Desktop\Automated_Code_Refactoring_System\refactor-engine\data\real_world\raw_sources\git_repos\flask-appbuilder\examples\quickhowto3\config.py:6: SyntaxWarning: "\e" is an invalid escape sequence. Such sequences will not work in the future. Did you mean "\\e"? A raw string is also an option.
  SECRET_KEY = "\2\1thisismyscretkey\1\2\e\y\y\h"
Skipping C:\Users\Juju\Desktop\Automated_Code_Refactoring_System\refactor-engine\data\real_world\raw_sources\git_repos\flask-appbuilder\examples\quickhowto3\migrate_db_0.7.py: could not parse (Missing parentheses in call to 'print'. Did you mean print(...)? (migrate_db_0.7.py, line 21))
Skipping C:\Users\Juju\Desktop\Automated_Code_Refactoring_System\refactor-engine\data\real_world\raw_sources\git_repos\flask-appbuilder\examples\quickhowto3\testdata.py: could not parse (Missing parentheses in call to 'print'. Did you mean print(...)? (testdata.py, line 47))
C:\Users\Juju\Desktop\Automated_Code_Refactoring_System\refactor-engine\data\real_world\raw_sources\git_repos\flask-appbuilder\examples\quickimages\config.py:6: SyntaxWarning: "\e" is an invalid escape sequence. Such sequences will not work in the future. Did you mean "\\e"? A raw string is also an option.
  SECRET_KEY = "\2\1thisismyscretkey\1\2\e\y\y\h"
C:\Users\Juju\Desktop\Automated_Code_Refactoring_System\refactor-engine\data\real_world\raw_sources\git_repos\flask-appbuilder\examples\quickmigrate\config.py:6: SyntaxWarning: "\e" is an invalid escape sequence. Such sequences will not work in the future. Did you mean "\\e"? A raw string is also an option.
  SECRET_KEY = "\2\1thisismyscretkey\1\2\e\y\y\h"
C:\Users\Juju\Desktop\Automated_Code_Refactoring_System\refactor-engine\data\real_world\raw_sources\git_repos\flask-appbuilder\examples\quicksqlviews\config.py:6: SyntaxWarning: "\e" is an invalid escape sequence. Such sequences will not work in the future. Did you mean "\\e"? A raw string is also an option.
  SECRET_KEY = "\2\1thisismyscretkey\1\2\e\y\y\h"
C:\Users\Juju\Desktop\Automated_Code_Refactoring_System\refactor-engine\data\real_world\raw_sources\git_repos\flask-appbuilder\examples\quicktemplates\config.py:6: SyntaxWarning: "\e" is an invalid escape sequence. Such sequences will not work in the future. Did you mean "\\e"? A raw string is also an option.
  SECRET_KEY = "\2\1thisismyscretkey\1\2\e\y\y\h"
C:\Users\Juju\Desktop\Automated_Code_Refactoring_System\refactor-engine\data\real_world\raw_sources\git_repos\flask-appbuilder\examples\react-rest-api\config.py:6: SyntaxWarning: "\e" is an invalid escape sequence. Such sequences will not work in the future. Did you mean "\\e"? A raw string is also an option.
  SECRET_KEY = "\2\1thisismyscretkey\1\2\e\y\y\h"
C:\Users\Juju\Desktop\Automated_Code_Refactoring_System\refactor-engine\data\real_world\raw_sources\git_repos\flask-appbuilder\examples\related_fields\config.py:6: SyntaxWarning: "\e" is an invalid escape sequence. Such sequences will not work in the future. Did you mean "\\e"? A raw string is also an option.
  SECRET_KEY = "\2\1thisismyscretkey\1\2\e\y\y\h"
C:\Users\Juju\Desktop\Automated_Code_Refactoring_System\refactor-engine\data\real_world\raw_sources\git_repos\flask-appbuilder\examples\saml\config.py:22: SyntaxWarning: "\e" is an invalid escape sequence. Such sequences will not work in the future. Did you mean "\\e"? A raw string is also an option.
  SECRET_KEY = "\2\1thisismyscretkey\1\2\e\y\y\h"
C:\Users\Juju\Desktop\Automated_Code_Refactoring_System\refactor-engine\data\real_world\raw_sources\git_repos\flask-appbuilder\examples\simpleform\config.py:13: SyntaxWarning: "\e" is an invalid escape sequence. Such sequences will not work in the future. Did you mean "\\e"? A raw string is also an option.
  SECRET_KEY = "\2\1thisismyscretkey\1\2\e\y\y\h"
C:\Users\Juju\Desktop\Automated_Code_Refactoring_System\refactor-engine\data\real_world\raw_sources\git_repos\flask-appbuilder\examples\simpleview1\config.py:6: SyntaxWarning: "\e" is an invalid escape sequence. Such sequences will not work in the future. Did you mean "\\e"? A raw string is also an option.
  SECRET_KEY = "\2\1thisismyscretkey\1\2\e\y\y\h"
C:\Users\Juju\Desktop\Automated_Code_Refactoring_System\refactor-engine\data\real_world\raw_sources\git_repos\flask-appbuilder\examples\simpleview2\config.py:6: SyntaxWarning: "\e" is an invalid escape sequence. Such sequences will not work in the future. Did you mean "\\e"? A raw string is also an option.
  SECRET_KEY = "\2\1thisismyscretkey\1\2\e\y\y\h"
C:\Users\Juju\Desktop\Automated_Code_Refactoring_System\refactor-engine\data\real_world\raw_sources\git_repos\flask-appbuilder\examples\user_registration\config.py:6: SyntaxWarning: "\e" is an invalid escape sequence. Such sequences will not work in the future. Did you mean "\\e"? A raw string is also an option.
  SECRET_KEY = "\2\1thisismyscretkey\1\2\e\y\y\h"
C:\Users\Juju\Desktop\Automated_Code_Refactoring_System\refactor-engine\data\real_world\raw_sources\git_repos\flask-appbuilder\examples\widgets\config.py:6: SyntaxWarning: "\e" is an invalid escape sequence. Such sequences will not work in the future. Did you mean "\\e"? A raw string is also an option.
  SECRET_KEY = "\2\1thisismyscretkey\1\2\e\y\y\h"
C:\Users\Juju\Desktop\Automated_Code_Refactoring_System\refactor-engine\data\real_world\raw_sources\git_repos\httpie\extras\scripts\generate_man_pages.py:24: SyntaxWarning: "\[" is an invalid escape sequence. Such sequences will not work in the future. Did you mean "\\["? A raw string is also an option.
  '"': '\[dq]',
C:\Users\Juju\Desktop\Automated_Code_Refactoring_System\refactor-engine\data\real_world\raw_sources\git_repos\httpie\extras\scripts\generate_man_pages.py:25: SyntaxWarning: "\[" is an invalid escape sequence. Such sequences will not work in the future. Did you mean "\\["? A raw string is also an option.
  "'": '\[aq]',
C:\Users\Juju\Desktop\Automated_Code_Refactoring_System\refactor-engine\data\real_world\raw_sources\git_repos\httpie\extras\scripts\generate_man_pages.py:26: SyntaxWarning: "\(" is an invalid escape sequence. Such sequences will not work in the future. Did you mean "\\("? A raw string is also an option.
  '~': '\(ti',
C:\Users\Juju\Desktop\Automated_Code_Refactoring_System\refactor-engine\data\real_world\raw_sources\git_repos\httpie\extras\scripts\generate_man_pages.py:27: SyntaxWarning: "\(" is an invalid escape sequence. Such sequences will not work in the future. Did you mean "\\("? A raw string is also an option.
  '’': "\(ga",
C:\Users\Juju\Desktop\Automated_Code_Refactoring_System\refactor-engine\data\real_world\raw_sources\git_repos\httpie\extras\scripts\generate_man_pages.py:28: SyntaxWarning: "\e" is an invalid escape sequence. Such sequences will not work in the future. Did you mean "\\e"? A raw string is also an option.
  '\\': '\e',
[expand] manifest written to C:\Users\Juju\Desktop\Automated_Code_Refactoring_System\refactor-engine\data\real_world\corpus_manifest.json
[expand] parse report written to C:\Users\Juju\Desktop\Automated_Code_Refactoring_System\refactor-engine\data\real_world\parse_report.json
[expand] ======================================================================
[expand] TOTAL FILES ON DISK NOW: 9151 (was 4500, added 4644)
[expand] TOTAL FILES PARSED OK: 8861 (failed: 290)
[expand] TOTAL CLASSES FOUND: 12083
[expand]   standard_dataset   files= 3165  classes= 4166
[expand]   git_repos          files= 4537  classes= 7512
[expand]   site_packages      files=  249  classes=  405
[expand]   codesearchnet      files= 1200  classes=    0
[expand] ======================================================================
