class_name,cbo,lcom,class_length,avg_method_length,avg_cyclomatic_complexity,dit,fan_in,fan_out,atfd,fdp,fdp_concentration,label,split
Verify,0,0.0,4,3.0,1.0,0,0,0,1,1,1.0,Clean,train
When,0,0.0,4,3.0,1.0,0,0,0,1,1,1.0,Clean,test
Expect,0,0.0,5,4.0,1.0,0,0,0,1,1,1.0,Clean,train
Spy,0,1.0,12,3.5,1.5,0,0,0,0,0,0.0,Clean,train
Dummy,0,1.0,16,5.5,2.0,0,0,0,1,1,1.0,Clean,train
UserContext,0,0.3333333333333333,27,8.0,2.0,0,0,0,1,1,1.0,Clean,train
RamsesTicketAuthRegisterView,0,0.0,2,0.0,0.0,1,0,0,0,0,0.0,Clean,test
RamsesTicketAuthLoginView,0,0.0,2,0.0,0.0,0,0,0,0,0,0.0,Clean,train
RamsesTicketAuthLogoutView,0,0.0,2,0.0,0.0,0,0,0,0,0,0.0,Clean,train
RegisterViewBase,0,0.0,3,0.0,0.0,0,0,0,0,0,0.0,Clean,train
RamsesTokenAuthRegisterView,0,0.0,2,0.0,0.0,1,0,0,0,0,0.0,Clean,train
RamsesTokenAuthClaimView,0,0.0,2,0.0,0.0,0,0,0,0,0,0.0,Clean,train
RamsesTokenAuthResetView,0,0.0,2,0.0,0.0,0,0,0,0,0,0.0,Clean,train
RegisterViewBase,0,0.0,3,0.0,0.0,0,0,0,0,0,0.0,Clean,train
AuthUser,0,0.0,2,0.0,0.0,0,0,0,0,0,0.0,Clean,test
GeneratedACLBase,0,0.0,8,5.0,1.0,0,0,0,0,0,0.0,Clean,train
Verify,0,0.0,4,3.0,1.0,0,0,0,1,1,1.0,Clean,train
When,0,0.0,4,3.0,1.0,0,0,0,1,1,1.0,Clean,train
Expect,0,0.0,5,4.0,1.0,0,0,0,1,1,1.0,Clean,train
Spy,0,1.0,12,3.5,1.5,0,0,0,0,0,0.0,Clean,train
Dummy,0,1.0,16,5.5,2.0,0,0,0,1,1,1.0,Clean,test
UserContext,0,0.3333333333333333,27,8.0,2.0,0,0,0,1,1,1.0,Clean,train
MorfessorEvaluationResult,0,0.5238095238095238,69,6.571428571428571,1.2857142857142858,0,2,0,1,1,1.0,Clean,train
MorfessorEvaluation,1,0.7619047619047619,135,17.0,2.857142857142857,0,0,3,8,6,0.25,Clean,train
WilcoxonSignedRank,0,1.0,98,16.2,3.2,0,0,1,4,3,0.5,Clean,train
TrackerAppConfig,0,0.0,6,2.0,1.0,0,0,0,0,0,0.0,Clean,test
OrganizationUnitProvisioningClient,0,0.9956709956709957,473,18.0,1.4090909090909092,0,0,0,11,6,0.2727,God Class,train
CalendarResourceEntry,0,0.9848484848484849,153,10.25,1.6666666666666667,0,0,0,2,1,1.0,God Class,train
CalendarResourceFeed,0,0.0,5,0.0,0.0,0,0,0,0,0,0.0,Clean,train
VariationAdmin,0,0.0,7,2.0,1.0,0,0,0,0,0,0.0,Clean,train
Purchase,0,0.0,10,0.0,0.0,0,0,0,0,0,0.0,Clean,train
Meta,0,0.0,2,0.0,0.0,0,0,0,0,0,0.0,Clean,train
BaseProductSet,0,1.0,46,12.666666666666666,4.333333333333333,0,0,0,14,5,0.5714,Feature Envy,train
DefaultConfig,0,0.0,2,0.0,0.0,0,0,0,0,0,0.0,Clean,train
SettingsAdmin,0,0.0,2,0.0,0.0,0,0,0,0,0,0.0,Clean,test
Transition,0,0.6666666666666666,30,2.3333333333333335,1.0,0,0,0,0,0,0.0,Data Class,train
AirflowException,0,0.0,2,0.0,0.0,0,0,0,0,0,0.0,Clean,train
AirflowSensorTimeout,0,0.0,2,0.0,0.0,1,0,0,0,0,0.0,Clean,train
AirflowTaskTimeout,0,0.0,2,0.0,0.0,1,0,0,0,0,0.0,Clean,train
AirflowSkipException,0,0.0,2,0.0,0.0,1,0,0,0,0,0.0,Clean,test
TypeInfo,0,0.7222222222222222,43,3.888888888888889,1.4444444444444444,0,0,0,9,4,0.3333,Clean,train
ColdfusionFormatter,0,0.0,57,18.0,6.0,0,0,0,12,3,0.8333,Feature Envy,test
BeautifierOptions,0,0.0,21,9.0,1.0,0,0,0,0,0,0.0,Data Class,train
Printer,0,0.31868131868131866,70,3.9285714285714284,1.7857142857142858,0,1,0,1,1,1.0,Clean,train
Beautifier,1,0.14545454545454545,311,26.818181818181817,8.363636363636363,0,0,13,20,6,0.7,Long Method,train
TreeBuilderRegistry,0,0.0,49,15.0,4.0,0,0,0,1,1,1.0,Clean,train
TreeBuilder,0,1.0,97,9.0,2.0,0,0,0,3,3,0.3333,Clean,train
SAXTreeBuilder,0,0.9454545454545454,44,2.727272727272727,1.0,1,0,0,0,0,0.0,Clean,test
HTMLTreeBuilder,0,0.0,66,32.0,6.0,1,0,0,3,2,0.6667,Clean,test
ParserRejectedMarkup,0,0.0,2,0.0,0.0,0,0,0,0,0,0.0,Clean,train
CMakeBuildConfig,1,0.6838235294117647,227,11.4375,2.5625,0,0,1,8,5,0.375,God Class,train
NoSuchProfile,0,0.0,11,4.0,1.0,0,1,0,0,0,0.0,Clean,train
GentooPackage,0,1.0,43,19.0,3.0,0,0,0,5,4,0.4,Clean,test
FeatureOpType,0,0.0,3,0.0,0.0,0,0,0,0,0,0.0,Clean,train
FeatureType,0,0.0,4,0.0,0.0,0,0,0,0,0,0.0,Clean,train
InvalidValueTreatment,0,0.0,2,0.0,0.0,0,0,0,0,0,0.0,Clean,train
Feature,0,0.8222222222222222,62,4.6,1.1,0,2,0,1,1,1.0,Clean,train
NumericFeature,0,1.0,7,2.0,1.0,1,1,0,1,1,1.0,Clean,train
RealNumericFeature,0,0.0,4,2.0,1.0,2,0,0,1,1,1.0,Data Class,train
IntegerNumericFeature,0,1.0,7,2.0,1.0,2,1,0,1,1,1.0,Data Class,train
CategoricalFeature,0,0.5,31,5.25,1.5,1,1,2,2,2,0.5,Clean,train
IntegerCategoricalFeature,0,0.0,4,2.0,1.0,2,0,0,1,1,1.0,Clean,train
StringCategoricalFeature,0,0.0,4,2.0,1.0,2,0,0,1,1,1.0,Clean,train
DerivedFeature,0,0.3,52,7.2,1.0,2,1,6,4,2,0.75,Clean,train
BaseModule,0,0.8666666666666667,110,9.5,2.4,0,0,0,3,3,0.3333,Clean,test
Parent,0,0.0,4,0.0,0.0,0,0,0,0,0,0.0,Clean,train
Child,0,0.0,5,0.0,0.0,0,0,0,0,0,0.0,Clean,train
Solution,0,1.0,42,13.0,2.3333333333333335,0,0,0,0,0,0.0,Clean,train
Cell,0,0.0,8,3.0,1.0,0,1,0,1,1,1.0,Clean,train
Solution,1,0.0,49,23.5,5.0,0,0,1,6,2,0.5,Clean,test
CommandLineError,0,0.0,2,0.0,0.0,0,0,0,0,0,0.0,Clean,test
DefaultsManager,0,0.6,42,6.2,2.4,0,0,0,3,1,1.0,Clean,test
LevelOfMessageException,0,1.0,7,2.0,1.0,0,0,0,0,0,0.0,Clean,train
CustomTransformer,0,0.0,20,8.5,2.0,0,0,0,1,1,1.0,Clean,train
PickleView,0,0.0,12,4.5,2.0,0,0,0,1,1,1.0,Clean,train
TeePickleView,0,0.0,20,8.5,2.0,0,0,0,2,2,0.5,Clean,test
ProgressView,0,0.0,85,41.0,9.5,0,0,0,0,0,0.0,Long Method,test
ClockView,0,0.0,14,5.5,1.5,0,0,0,0,0,0.0,Clean,train
_ArrayLoader,0,0.6666666666666666,51,13.666666666666666,2.3333333333333335,0,1,3,1,1,1.0,Clean,test
_Logger,0,0.0,14,5.5,1.5,0,0,0,1,1,1.0,Clean,train
_VariantsLoader,0,0.0,88,83.0,11.0,1,2,0,4,1,1.0,Long Method,train
_CalldataLoader,0,0.0,84,80.0,12.0,1,2,0,4,1,1.0,Long Method,train
_Calldata2DLoader,0,0.0,7,3.0,1.0,2,1,3,0,0,0.0,Clean,test
GetBsnBySnRequest,0,1.0,10,2.0,1.0,0,0,0,0,0,0.0,Clean,train
CreateIndexRequest,0,1.0,22,2.0,1.0,0,0,0,0,0,0.0,Clean,test
DropIndexesRequest,0,1.0,28,2.0,1.0,0,0,0,0,0,0.0,Clean,train
DescribeInnerOcsInstanceInfoRequest,0,1.0,28,2.0,1.0,0,0,0,0,0,0.0,Clean,train
CreateImgVpcRequest,0,1.0,52,2.0,1.0,0,0,0,0,0,0.0,Clean,test
StartLoadBalancerListenerRequest,0,1.0,40,2.0,1.0,0,0,0,0,0,0.0,Clean,train
ConfirmLoginRequest,0,1.0,22,2.0,1.0,0,0,0,0,0,0.0,Clean,train
Migration,0,0.0,56,0.0,0.0,0,0,0,0,0,0.0,Clean,train
NetworkInlineFormset,0,0.0,4,2.0,1.0,0,0,0,0,0,0.0,Clean,train
DisableMigrations,0,1.0,7,2.0,1.0,0,0,0,0,0,0.0,Clean,train
DiffMeansPermute,0,0.6666666666666666,27,7.333333333333333,1.0,0,0,0,2,2,0.5,Clean,train
DiffMeansOneSided,0,0.0,11,8.0,1.0,1,0,0,2,2,0.5,Clean,train
DiffStdPermute,0,0.0,11,8.0,1.0,1,0,0,2,2,0.5,Clean,train
CorrelationPermute,0,1.0,20,8.0,1.0,0,0,0,0,0,0.0,Clean,train
Message,0,0.6666666666666666,25,6.0,2.0,0,0,0,1,1,1.0,Clean,test
Discovery,0,0.0,35,10.333333333333334,2.3333333333333335,0,0,0,0,0,0.0,Clean,train
Memories,0,0.0,35,3.25,1.0,0,0,0,0,0,0.0,Clean,test
Person,0,0.20105820105820105,123,3.357142857142857,1.0714285714285714,0,0,0,0,0,0.0,Clean,train
_test_structmembersType,0,0.0,2,0.0,0.0,0,0,0,0,0,0.0,Clean,test
error,0,0.0,2,0.0,0.0,0,0,0,0,0,0.0,Clean,train
instancemethod,0,0.0,2,0.0,0.0,0,0,0,0,0,0.0,Clean,test
Menus,0,1.0,62,14.25,1.0,0,0,0,9,7,0.3333,Clean,test
Tasks,0,0.0,14,12.0,1.0,0,0,0,1,1,1.0,Clean,train
TodoApp,1,0.5238095238095238,62,7.428571428571429,2.142857142857143,0,0,1,7,4,0.5714,Clean,train
DataService,0,0.0,3,2.0,1.0,0,1,0,0,0,0.0,Clean,train
CheckBoxDemo,0,0.0,12,4.5,1.0,0,0,0,1,1,1.0,Clean,train
ListBoxDemo,0,0.3333333333333333,34,9.666666666666666,1.0,0,0,0,3,2,0.6667,Clean,train
Grid,0,0.6428571428571429,56,5.875,2.25,0,0,0,0,0,0.0,Clean,train
Canvas,0,0.6,54,8.0,1.1666666666666667,0,1,2,5,4,0.4,Clean,test
CanvasImage,0,1.0,9,3.5,1.5,0,2,3,0,0,0.0,Clean,train
ImageLoadListener,0,0.26666666666666666,30,4.0,1.8333333333333333,0,2,1,3,2,0.6667,Clean,train
Color,0,0.0,33,4.5,3.0,0,0,0,0,0,0.0,Clean,test
DialogBox,0,0.7904761904761904,131,5.0,1.380952380952381,0,0,0,12,6,0.3333,God Class,train
PushButton,0,1.0,31,4.0,1.25,0,0,0,1,1,1.0,Clean,test
MultiListener,0,1.0,39,5.666666666666667,2.3333333333333335,0,0,0,1,1,1.0,Clean,train
Timer,0,0.8333333333333334,27,5.5,1.0,0,0,0,0,0,0.0,Clean,train
LayoutExample,0,0.8333333333333334,53,12.25,1.0,0,0,0,9,5,0.5556,Clean,train
DAG,0,0.7486631016042781,508,12.529411764705882,3.235294117647059,0,0,0,33,12,0.2727,God Class,train
LessFileStorage,0,0.0,11,5.0,2.0,0,0,0,0,0,0.0,Clean,train
IDAWrapper,0,0.0,35,34.0,8.0,0,0,0,0,0,0.0,Clean,train
Git,0,0.8,64,8.0,1.5,0,0,0,5,3,0.6,Clean,train
ExportResponse,0,0.6666666666666666,15,3.0,1.3333333333333333,0,0,0,0,0,0.0,Clean,train
ExportQuery,0,0.0,35,13.0,1.5,0,0,0,1,1,1.0,Clean,train
Project,0,0.0,6,2.0,1.0,0,0,0,0,0,0.0,Clean,train
ProjectURL,0,1.0,10,2.0,1.0,0,0,0,0,0,0.0,Clean,train
WidgetMeta,0,0.0,32,18.0,7.0,0,5,6,1,1,1.0,Clean,test
WidgetError,0,0.0,2,0.0,0.0,0,1,0,0,0,0.0,Clean,train
Widget,1,1.0,394,13.555555555555555,1.7777777777777777,0,5,5,2,2,0.5,Clean,train
FlowWidget,0,1.0,24,5.0,1.0,1,3,0,0,0,0.0,Clean,test
BoxWidget,0,0.0,20,5.0,1.0,1,2,0,0,0,0.0,Clean,test
FixedWidget,0,1.0,24,5.0,1.0,1,3,0,0,0,0.0,Clean,train
Divider,0,0.1,70,11.6,1.8,1,7,13,1,1,1.0,Clean,train
SolidFill,0,0.0,32,7.666666666666667,1.0,2,6,10,0,0,0.0,Clean,train
TextError,0,0.0,2,0.0,0.0,0,1,0,0,0,0.0,Clean,train
Text,1,0.7619047619047619,298,17.466666666666665,1.8,1,8,20,3,2,0.6667,God Class,test
EditError,0,0.0,2,0.0,0.0,1,1,0,0,0,0.0,Clean,test
Edit,1,0.78,575,21.04,2.84,2,7,27,3,2,0.6667,God Class,train
IntEdit,0,0.8333333333333334,59,13.25,2.5,3,5,9,0,0,0.0,Clean,test
WidgetWrapError,0,0.0,2,0.0,0.0,0,1,0,0,0,0.0,Clean,test
WidgetWrap,1,0.6666666666666666,45,13.333333333333334,1.0,1,6,3,0,0,0.0,Clean,train
DelegateToWidgetMixin,0,0.0,18,3.0,1.0,1,1,7,0,0,0.0,Clean,train
GoGridResponse,0,0.6666666666666666,26,7.333333333333333,2.6666666666666665,0,0,1,0,0,0.0,Clean,train
GoGridConnection,0,1.0,25,5.0,1.0,0,1,0,1,1,1.0,Clean,train
GoGridIpAddress,0,0.0,11,6.0,1.0,0,2,0,0,0,0.0,Clean,train
BaseGoGridDriver,1,0.9523809523809523,81,9.714285714285714,2.0,0,0,2,3,3,0.3333,Clean,test
GridspotAPIException,0,0.0,6,2.0,1.0,0,1,0,0,0,0.0,Clean,test
GridspotResponse,1,1.0,15,5.0,2.0,0,0,1,0,0,0.0,Clean,train
GridspotConnection,0,0.0,11,3.0,1.0,0,0,0,0,0,0.0,Clean,train
GridspotNodeDriver,0,0.7,67,9.8,1.6,0,0,0,2,2,0.5,Clean,train
DurableDNSResponse,0,0.0,2,0.0,0.0,0,0,0,0,0,0.0,Clean,train
DurableDNSConnection,0,0.0,2,0.0,0.0,0,0,0,0,0,0.0,Clean,train
DurableDNSDriver,0,0.5054945054945055,597,40.357142857142854,5.285714285714286,0,0,0,22,14,0.1364,Long Method,train
cc_taskgen,0,0.0,2,0.0,0.0,0,0,0,0,0,0.0,Clean,train
BaseClient,0,0.6691176470588235,491,27.529411764705884,6.764705882352941,0,0,0,39,20,0.1538,God Class,train
Client,0,0.0,2,0.0,0.0,1,0,0,0,0,0.0,Clean,test
DownCommand,0,0.6666666666666666,105,34.0,7.666666666666667,0,0,0,7,5,0.4286,Long Method,train
Error,0,0.0,2,0.0,0.0,0,0,0,0,0,0.0,Clean,train
ErrorOnTransform,0,0.0,2,0.0,0.0,1,0,0,0,0,0.0,Clean,test
InvalidConfiguration,0,0.0,2,0.0,0.0,1,0,0,0,0,0.0,Clean,train
InvalidCodeInConfiguration,0,0.0,2,0.0,0.0,1,0,0,0,0,0.0,Clean,train
InvalidExportData,0,0.0,2,0.0,0.0,1,0,0,0,0,0.0,Clean,test
InvalidImportData,0,0.0,2,0.0,0.0,1,0,0,0,0,0.0,Clean,train
EvaluatedCallable,1,1.0,82,7.666666666666667,1.3333333333333333,0,0,2,1,1,1.0,Clean,test
ConnectorSubOptions,0,0.0,7,0.0,0.0,0,0,0,0,0,0.0,Clean,train
ConnectorOptions,0,0.0,27,7.0,2.0,0,1,3,0,0,0.0,Clean,train
ExportEntry,0,0.0,7,0.0,0.0,0,0,0,0,0,0.0,Clean,train
PropertyEntry,0,0.0,27,14.0,4.0,0,1,3,1,1,1.0,Clean,train
TransformerEntry,0,0.0,57,41.0,11.0,0,2,0,2,2,0.5,Long Method,train
PythonPreambleEntry,0,0.0,26,16.0,2.0,0,2,0,1,1,1.0,Clean,train
BulkloaderEntry,0,0.0,8,0.0,0.0,0,0,0,0,0,0.0,Clean,test
ParsedMethod,0,0.6666666666666666,46,13.666666666666666,2.3333333333333335,0,1,0,1,1,1.0,Clean,train
GQL,1,0.9371069182389937,1345,20.537037037037038,3.7037037037037037,0,0,2,27,17,0.1111,God Class,train
Literal,0,0.0,15,2.3333333333333335,1.0,0,1,0,0,0,0.0,Clean,train
Error,0,0.0,2,0.0,0.0,0,0,0,0,0,0.0,Clean,train
ThreadNotRegisteredError,0,0.0,2,0.0,0.0,1,1,0,0,0,0.0,Clean,train
UnknownThrottleNameError,0,0.0,2,0.0,0.0,1,1,0,0,0,0.0,Clean,train
Throttle,2,0.4444444444444444,259,21.2,2.9,0,3,2,4,3,0.5,Long Method,test
ThrottleHandler,0,0.0,127,16.857142857142858,1.5714285714285714,0,2,2,8,3,0.625,Clean,train
ThrottledHttpRpcServer,1,0.0,31,12.0,1.0,0,1,4,2,2,0.5,Clean,train
Throttler,0,1.0,10,4.0,2.0,0,0,0,0,0,0.0,Clean,train
DatastoreThrottler,0,0.6428571428571429,58,3.0,1.25,1,1,4,7,2,0.5714,Clean,train
_BackgroundRequest,0,0.0,51,14.0,1.6666666666666667,0,1,0,0,0,0.0,Clean,train
_BackgroundRequestsContainer,1,0.7,41,6.8,1.2,0,0,3,2,1,1.0,Clean,test
RequestEnvironment,0,0.7,41,4.8,1.0,0,0,2,0,0,0.0,Clean,train
RequestLocalStream,0,0.4,17,2.0,1.0,0,1,0,0,0,0.0,Clean,test
RequestLocalEnviron,0,0.45454545454545453,40,2.0,1.0,0,1,0,0,0,0.0,Clean,train
_Event,0,0.7142857142857143,29,2.25,1.0,0,1,0,1,1,1.0,Clean,train
ScheduledExecutor,1,0.23809523809523808,81,10.285714285714286,2.4285714285714284,0,0,3,6,2,0.6667,Clean,train
Command,0,0.0,22,10.0,2.0,0,0,0,2,2,0.5,Clean,train
Serializer,0,0.39285714285714285,60,5.75,2.0,0,0,0,11,4,0.3636,Clean,train
AutoEscapeControlNode,0,0.0,14,5.5,1.5,0,9,19,1,1,1.0,Clean,train
CommentNode,0,0.0,3,2.0,1.0,0,9,0,0,0,0.0,Clean,test
CsrfTokenNode,0,0.0,16,15.0,4.0,0,9,0,2,2,0.5,Clean,train
CycleNode,0,0.0,13,5.5,2.0,0,10,0,2,2,0.5,Clean,test
DebugNode,0,0.0,7,6.0,1.0,0,9,0,0,0,0.0,Clean,train
FilterNode,0,0.0,11,4.5,1.0,0,9,19,2,1,1.0,Clean,test
FirstOfNode,0,0.0,10,4.0,2.0,0,10,0,1,1,1.0,Clean,test
ForNode,0,0.0,83,19.25,5.0,0,9,19,6,3,0.5,Long Method,train
IfChangedNode,0,0.0,31,13.5,4.0,0,9,19,1,1,1.0,Clean,train
IfEqualNode,0,0.6666666666666666,17,4.0,2.3333333333333335,0,9,19,0,0,0.0,Clean,train
IfNode,0,0.5,26,5.0,2.0,0,9,20,0,0,0.0,Clean,train
RegroupNode,0,0.0,19,8.5,1.5,0,10,0,0,0,0.0,Clean,train
SsiNode,0,0.0,26,12.0,4.0,0,9,19,4,3,0.5,Clean,train
LoadNode,0,0.0,3,2.0,1.0,0,9,0,0,0,0.0,Clean,train
NowNode,0,0.0,9,3.5,1.0,0,10,0,2,2,0.5,Clean,train
SpacelessNode,0,0.0,7,2.5,1.0,0,9,19,0,0,0.0,Clean,test
TemplateTagNode,0,0.0,16,2.0,1.0,0,10,0,0,0,0.0,Clean,train
URLNode,0,0.0,41,19.5,4.0,0,10,0,4,4,0.25,Clean,train
WidthRatioNode,0,0.0,22,10.0,2.5,0,10,0,0,0,0.0,Clean,train
WithNode,0,0.6666666666666666,16,4.333333333333333,1.0,0,9,19,2,1,1.0,Clean,train
TemplateLiteral,0,0.3333333333333333,10,2.3333333333333335,1.0,0,2,0,0,0,0.0,Clean,train
TemplateIfParser,1,0.0,9,2.5,1.0,0,0,18,0,0,0.0,Clean,train
CacheNode,0,0.0,24,11.0,2.5,0,0,0,3,2,0.6667,Clean,test
CacheClass,0,0.0,59,8.833333333333334,2.6666666666666665,0,0,0,1,1,1.0,Clean,test
PLProvinceSelect,0,0.0,7,3.0,1.0,0,5,5,0,0,0.0,Clean,train
PLCountySelect,0,0.0,7,3.0,1.0,0,5,5,0,0,0.0,Clean,test
PLPESELField,0,1.0,36,6.333333333333333,2.0,0,5,9,0,0,0.0,Clean,test
PLNIPField,0,1.0,40,8.333333333333334,2.3333333333333335,0,5,9,0,0,0.0,Clean,train
PLREGONField,0,1.0,42,9.333333333333334,2.3333333333333335,0,5,9,0,0,0.0,Clean,train
PLPostalCodeField,0,0.0,12,3.0,1.0,0,5,5,0,0,0.0,Clean,train
DjangoSafeDumper,0,0.0,3,2.0,1.0,0,0,0,0,0,0.0,Clean,train
Serializer,0,0.6666666666666666,24,5.0,1.6666666666666667,0,0,0,2,2,0.5,Clean,train
BaseDatabaseWrapper,0,0.8717948717948718,73,4.230769230769231,1.5384615384615385,0,1,3,3,3,0.3333,Clean,train
BaseDatabaseFeatures,0,0.0,16,0.0,0.0,0,0,0,0,0,0.0,Data Class,train
BaseDatabaseOperations,0,0.9988925802879292,377,7.511627906976744,1.2790697674418605,0,1,0,8,7,0.25,God Class,train
BaseDatabaseIntrospection,0,0.5238095238095238,88,10.857142857142858,3.2857142857142856,0,0,1,9,5,0.3333,Clean,test
BaseDatabaseClient,0,1.0,15,2.5,1.0,0,0,0,0,0,0.0,Clean,train
BaseDatabaseValidation,0,1.0,10,2.5,1.0,0,0,0,0,0,0.0,Clean,train
DatabaseClient,0,0.0,10,7.0,2.0,0,0,0,0,0,0.0,Clean,train
Loader,0,1.0,40,17.5,4.5,0,0,0,4,2,0.5,Clean,train
View,0,0.5,67,13.75,2.25,0,0,0,6,5,0.3333,Clean,train
TemplateResponseMixin,0,1.0,29,10.5,1.5,0,1,0,0,0,0.0,Clean,test
TemplateView,0,1.0,12,3.5,1.0,1,1,1,0,0,0.0,Clean,train
RedirectView,0,0.9523809523809523,53,5.571428571428571,1.7142857142857142,1,0,1,4,2,0.75,Clean,train
osx_install_data,0,0.0,12,6.0,1.0,0,0,0,0,0,0.0,Clean,train
BasePasswordHasher,0,1.0,56,8.0,1.6,0,6,0,1,1,1.0,Clean,train
PBKDF2PasswordHasher,0,0.0,36,7.333333333333333,1.6666666666666667,1,3,6,2,2,0.5,Clean,test
PBKDF2SHA1PasswordHasher,0,0.0,9,0.0,0.0,2,0,0,0,0,0.0,Clean,test
BCryptPasswordHasher,0,0.5,38,5.5,1.0,1,4,1,3,2,0.6667,Clean,train
SHA1PasswordHasher,0,0.0,26,6.0,1.3333333333333333,1,3,6,1,1,1.0,Clean,test
MD5PasswordHasher,0,0.0,26,6.0,1.3333333333333333,1,3,6,1,1,1.0,Clean,train
UnsaltedMD5PasswordHasher,0,1.0,26,3.0,1.0,1,3,6,0,0,0.0,Clean,train
CryptPasswordHasher,0,0.5,33,5.25,1.0,1,4,1,2,2,0.5,Clean,train
GeometryColumns,0,1.0,28,4.666666666666667,1.0,0,0,0,0,0,0.0,Clean,train
SpatialRefSys,0,1.0,23,2.0,1.0,0,0,0,0,0,0.0,Clean,train
Meta,0,0.0,3,0.0,0.0,0,0,0,0,0,0.0,Clean,train
Meta,0,0.0,3,0.0,0.0,0,0,0,0,0,0.0,Clean,train
GoogleMapException,0,0.0,2,0.0,0.0,0,1,0,0,0,0.0,Clean,test
GoogleMap,1,0.8666666666666667,134,10.9,2.5,0,1,2,2,2,0.5,Long Method,train
GoogleMapSet,0,0.4,79,14.2,1.6,1,1,1,5,3,0.6,Clean,train
PermLookupDict,0,0.0,10,9.0,1.0,0,1,1,0,0,0.0,Clean,train
PermWrapper,0,0.0,10,9.0,1.0,0,1,1,0,0,0.0,Clean,train
BadHeaderError,0,0.0,2,0.0,0.0,0,0,0,0,0,0.0,Clean,test
SafeMIMEText,0,0.6666666666666666,22,6.0,1.0,0,3,4,2,2,0.5,Clean,train
SafeMIMEMultipart,0,0.6666666666666666,22,6.0,1.0,0,3,4,2,2,0.5,Clean,train
EmailMessage,2,0.8181818181818182,156,12.545454545454545,3.3636363636363638,0,3,3,9,7,0.2222,God Class,test
EmailMultiAlternatives,1,0.5,41,7.5,2.25,1,3,7,2,2,0.5,Clean,test
WSGIServerException,0,0.0,2,0.0,0.0,0,1,0,0,0,0.0,Clean,train
ServerHandler,0,1.0,37,16.5,3.0,0,1,0,0,0,0.0,Clean,test
WSGIServer,1,1.0,15,5.5,2.0,0,1,2,1,1,1.0,Clean,train
WSGIRequestHandler,0,0.0,71,22.333333333333332,5.666666666666667,0,1,2,4,4,0.25,Clean,train
AdminMediaHandler,0,0.9,40,5.4,1.2,0,0,0,4,4,0.25,Clean,train
GeoFlexibleFieldLookupDict,0,0.0,15,0.0,0.0,0,0,0,0,0,0.0,Clean,train
SpatiaLiteIntrospection,0,0.0,32,29.0,5.0,0,0,0,4,2,0.75,Clean,test
Redirect,0,0.0,16,2.0,1.0,0,0,0,0,0,0.0,Clean,train
Meta,0,0.0,6,0.0,0.0,0,0,0,0,0,0.0,Clean,train
Trans,0,0.0,21,8.0,2.0,0,0,0,1,1,1.0,Clean,test
override,0,0.3333333333333333,17,4.666666666666667,1.6666666666666667,0,0,0,0,0,0.0,Clean,train
WrappingLogFormatter,0,0.0,42,12.0,1.5,0,0,0,1,1,1.0,Clean,train
Session,0,1.0,30,10.0,2.0,0,1,0,4,3,0.5,Clean,train
DatastoreSessionFactory,0,0.0,38,8.5,3.0,0,0,2,1,1,1.0,Clean,train
PickleProperty,0,1.0,15,3.3333333333333335,1.3333333333333333,0,0,0,2,1,1.0,Clean,test
Solr,3,0.8571428571428571,433,27.533333333333335,4.466666666666667,0,0,3,63,24,0.1111,God Class,train
Schema,0,0.0,11,9.0,1.0,0,1,0,0,0,0.0,Clean,train
Index,0,0.0,11,9.0,1.0,0,1,0,0,0,0.0,Clean,train
Header,0,0.0,11,9.0,1.0,0,0,0,0,0,0.0,Clean,train
Field,0,0.0,29,17.0,1.0,0,1,0,0,0,0.0,Data Class,test
Results,0,0.0,8,5.0,1.0,0,0,0,0,0,0.0,Clean,test
CocoaConfig,1,0.0,41,39.0,6.0,0,0,1,2,2,0.5,Clean,train
CocoaCanvasConfig,1,0.6666666666666666,33,9.666666666666666,2.3333333333333335,0,2,2,4,4,0.25,Clean,train
CocoaContext,0,0.0,57,3.5,1.1,0,1,1,1,1,1.0,Clean,test
GdiplusStartupInput,0,0.0,7,0.0,0.0,0,0,0,0,0,0.0,Clean,train
GdiplusStartupOutput,0,0.0,5,0.0,0.0,0,0,0,0,0,0.0,Clean,train
BitmapData,0,0.0,9,0.0,0.0,0,1,0,0,0,0.0,Clean,train
Rect,0,0.0,7,0.0,0.0,0,1,0,0,0,0.0,Clean,train
PropertyItem,0,0.0,7,0.0,0.0,0,0,0,0,0,0.0,Clean,train
GDIPlusDecoder,2,1.0,135,18.142857142857142,2.2857142857142856,0,0,2,29,11,0.4138,Clean,train
timeval,0,0.0,5,0.0,0.0,0,0,0,0,0,0.0,Clean,train
input_event,0,0.0,7,0.0,0.0,0,0,0,0,0,0.0,Clean,train
input_id,0,0.0,7,0.0,0.0,0,0,0,0,0,0.0,Clean,train
input_absinfo,0,0.0,8,0.0,0.0,0,0,0,0,0,0.0,Clean,train
EvdevDevice,0,0.5714285714285714,103,13.142857142857142,3.0,0,0,0,10,5,0.4,Clean,train
AttributedTextDecoder,0,0.8333333333333334,75,17.25,5.25,0,0,0,6,4,0.3333,Long Method,train
UserProfileViewset,0,1.0,20,5.0,1.5,0,0,0,7,4,0.4286,Feature Envy,test
UserFollowViewset,0,1.0,48,8.5,1.75,0,0,0,10,6,0.3,Clean,train
UserArgumentsView,0,1.0,24,7.5,2.0,0,0,0,4,4,0.25,Clean,train
Migration,0,0.0,20,0.0,0.0,0,0,0,0,0,0.0,Clean,train
PexpectLogger,0,0.0,18,16.0,3.0,0,0,0,0,0,0.0,Clean,train
AuthorsResource,0,0.0,5,0.0,0.0,0,0,0,0,0,0.0,Clean,test
ArticleResource,0,0.0,6,0.0,0.0,0,0,0,0,0,0.0,Clean,train
Meta,0,0.0,4,0.0,0.0,0,0,0,0,0,0.0,Clean,train
Meta,0,0.0,3,0.0,0.0,0,0,0,0,0,0.0,Clean,test
ExtensionLoaderMixin,0,1.0,41,16.5,2.0,0,1,1,1,1,1.0,Clean,train
StrictEnvironment,0,0.0,11,7.0,1.0,1,1,1,0,0,0.0,Clean,train
Corpus,0,0.0,6,0.0,0.0,0,0,0,0,0,0.0,Clean,train
CLI,0,0.6666666666666666,93,29.333333333333332,2.6666666666666665,0,0,0,20,10,0.5,Clean,train
ProtocolArgument,0,0.0,18,16.0,8.0,0,0,0,0,0,0.0,Clean,train
PortArgument,0,0.0,22,20.0,6.0,0,0,0,1,1,1.0,Clean,train
CidrArgument,0,0.0,6,4.0,2.0,0,0,0,0,0,0.0,Clean,train
SourceGroupArgument,0,0.0,8,6.0,3.0,0,0,0,1,1,1.0,Clean,train
GroupOwnerArgument,0,0.0,5,3.0,2.0,0,0,0,0,0,0.0,Clean,test
AWSShellCompleter,0,0.3611111111111111,131,13.625,3.5,0,0,0,12,10,0.25,Long Method,train
PhoneNumber,0,0.0,33,0.0,0.0,0,0,0,0,0,0.0,Clean,train
PhoneNumbers,0,0.0,27,23.0,3.0,0,0,0,0,0,0.0,Clean,train
BottomNavigation,0,0.0,30,6.666666666666667,1.6666666666666667,0,0,0,2,2,0.5,Clean,train
BottomNavigationiOS,0,0.0,2,0.0,0.0,1,0,0,0,0,0.0,Clean,train
PostauthFollowPeople,0,0.0,17,6.0,1.0,0,0,0,1,1,1.0,Clean,train
PostauthFollowPeopleiOS,0,0.0,2,0.0,0.0,1,0,0,0,0,0.0,Clean,train
TaskSchedulingError,0,0.0,35,5.0,1.0,0,0,0,0,0,0.0,Clean,test
CheckNameAvailabilityInput,0,0.0,24,3.0,1.0,0,0,0,0,0,0.0,Clean,train
Resource,0,0.0,30,4.0,1.0,0,0,0,0,0,0.0,Clean,train
DataLakeAnalyticsAccount,0,0.0,45,7.0,1.0,0,0,0,0,0,0.0,Data Class,train
DataLakeAnalyticsJobManagementClientConfiguration,0,0.0,52,26.0,8.0,0,0,1,0,0,0.0,Data Class,test
DataLakeAnalyticsJobManagementClient,0,0.0,21,11.0,1.0,0,1,0,1,1,1.0,Clean,train
ExpressRouteCircuitPeeringPaged,0,0.0,13,3.0,1.0,0,0,0,0,0,0.0,Clean,test
LocalNetworkGatewayPaged,0,0.0,13,3.0,1.0,0,0,0,0,0,0.0,Clean,test
NetworkInterfaceDnsSettings,0,0.0,32,6.0,1.0,0,0,0,0,0,0.0,Clean,train
VirtualNetworkGatewayIPConfiguration,0,0.0,49,9.0,1.0,0,0,0,0,0,0.0,Data Class,train
RedisResourcePaged,0,0.0,13,3.0,1.0,0,0,0,0,0,0.0,Clean,train
FeaturesOperations,0,0.0,273,52.0,5.8,0,0,0,4,3,0.5,Long Method,train
ExportTemplateRequest,0,0.0,22,3.0,1.0,0,0,0,0,0,0.0,Clean,test
ResourceProviderOperationDetailsOperations,0,0.0,84,37.0,4.0,0,0,0,4,3,0.5,Long Method,test
RecommendationRule,0,0.0,62,11.0,1.0,0,0,0,0,0,0.0,Data Class,train
ResponseContextManager,0,0.0,13,2.0,1.0,0,1,0,0,0,0.0,Clean,train
B2Http,1,0.5,115,22.75,1.25,0,0,1,3,2,0.6667,Clean,train
AuthException,0,0.0,2,0.0,0.0,0,0,0,0,0,0.0,Clean,train
Command,0,0.0,9,2.0,1.0,0,0,0,1,1,1.0,Clean,train
Command,0,0.0,17,5.0,1.0,0,0,0,1,1,1.0,Clean,train
Gzip,0,0.0,22,20.0,3.0,0,0,0,6,5,0.3333,Feature Envy,train
locked_cached_property,0,0.0,24,7.5,3.0,0,0,0,0,0,0.0,Clean,train
_PackageBoundObject,0,0.6888888888888889,120,10.5,1.6,0,0,0,1,1,1.0,Clean,train
PackageCache,0,0.8333333333333334,40,5.25,1.75,0,0,1,4,3,0.5,Clean,train
Settings,0,0.5,65,13.75,2.75,0,1,0,4,2,0.5,Clean,train
Connection,0,0.0,21,2.0,1.0,0,0,0,1,1,1.0,Clean,train
LiveAuthenticationComplete,0,0.0,2,0.0,0.0,0,1,0,0,0,0.0,Clean,train
LiveProvider,1,0.0,65,20.666666666666668,3.0,0,0,1,6,2,0.5,Clean,train
Blast,0,1.0,26,6.0,1.5,0,0,0,2,1,1.0,Clean,train
Migration,0,0.0,275,0.0,0.0,0,0,0,0,0,0.0,Clean,test
_OptionContainer,0,0.0,13,4.0,1.0,0,0,0,0,0,0.0,Clean,train
InternalDatabaseVersion,0,0.0,12,3.0,1.0,0,0,0,0,0,0.0,Clean,train
Meta,0,0.0,3,0.0,0.0,0,0,0,0,0,0.0,Clean,train
RPCQueue,0,0.0,69,10.6,2.8,0,2,5,8,3,0.375,Clean,train
DualEvent,0,0.0,34,4.6,1.8,0,3,0,0,0,0.0,Clean,train
ChildCore,0,0.6785714285714286,147,14.875,2.75,0,2,7,5,5,0.2,Clean,test
MultiprocessingCore,3,0.3111111111111111,200,16.9,2.5,0,2,13,12,8,0.3333,Clean,train
StoreCredentials,0,0.0,11,4.5,1.0,0,0,0,0,0,0.0,Clean,train
CommandResult,0,0.16666666666666666,35,6.5,2.0,0,1,0,2,1,1.0,Clean,train
Command,1,1.0,93,25.0,6.0,0,0,1,14,5,0.3571,Feature Envy,train
LDObjectContainer,0,0.5,21,2.75,1.25,0,0,2,1,1,1.0,Clean,train
LDObject,0,0.8952380952380953,190,9.8,2.6666666666666665,0,2,7,7,7,0.1429,God Class,test
BaseArrayOfObjects,0,0.5,22,3.0,1.0,1,1,5,2,1,1.0,Clean,train
DictObject,0,0.0,7,2.0,1.0,0,1,0,0,0,0.0,Clean,train
ListObject,0,0.0,6,2.0,1.0,0,2,0,0,0,0.0,Clean,train
ArrayOfTypedObjects,0,0.0,2,0.0,0.0,2,0,0,0,0,0.0,Clean,test
MultiTarget,0,0.6666666666666666,30,9.0,2.3333333333333335,0,0,0,4,4,0.25,Clean,train
XAccelRedirectResponse,0,0.0,22,20.0,11.0,0,0,0,0,0,0.0,Clean,train
Command,0,0.0,6,3.0,2.0,0,0,0,1,1,1.0,Clean,test
TaskletExit,0,0.0,2,0.0,0.0,0,0,0,0,0,0.0,Clean,test
coroutine,0,0.2857142857142857,45,4.285714285714286,1.4285714285714286,0,2,1,1,1,1.0,Clean,train
tasklet,0,0.8181818181818182,110,7.083333333333333,1.75,1,1,8,4,2,0.5,Clean,train
Scheduler,0,0.6666666666666666,145,8.0,2.125,0,2,2,4,3,0.5,Clean,train
MBCSGroupProber,0,0.0,14,13.0,1.0,0,0,0,0,0,0.0,Clean,test
PickleProxy,0,0.47619047619047616,71,8.857142857142858,1.0,0,2,2,1,1,1.0,Clean,test
PickleProtocol,1,0.8333333333333334,117,6.3125,1.5,0,2,7,3,2,0.6667,Clean,test
PickleProtocolFactory,0,0.0,19,3.75,1.0,0,1,3,0,0,0.0,Clean,train
MailBackend,0,0.6666666666666666,96,12.25,2.25,0,0,0,6,2,0.8333,Clean,train
EmperorSupportFilesError,0,0.0,3,0.0,0.0,0,0,0,0,0,0.0,Clean,train
EmperorInputFilesError,0,0.0,3,0.0,0.0,0,0,0,0,0,0.0,Clean,train
EmperorUnsupportedComputation,0,0.0,3,0.0,0.0,0,0,0,0,0,0.0,Clean,train
Migration,0,1.0,101,4.0,1.0,0,0,0,1,1,1.0,Clean,test
Ui_MainWindow,0,0.0,3915,1956.5,1.0,0,0,0,82,19,0.4634,Long Method,train
GeometryField,0,1.0,15,6.5,2.0,0,0,0,4,3,0.5,Clean,test
log,0,1.0,8,2.5,1.5,0,0,0,0,0,0.0,Clean,train
_HDFS,0,0.0,31,18.0,9.0,0,0,0,1,1,1.0,Clean,train
Error,0,0.0,2,0.0,0.0,0,1,0,0,0,0.0,Clean,train
Layout,0,1.0,63,5.5,1.0,0,1,0,0,0,0.0,Clean,train
Accessor,1,0.5228758169934641,208,10.333333333333334,1.4444444444444444,0,0,4,1,1,1.0,Clean,train
Binary,0,0.6,64,5.5,2.1666666666666665,0,1,3,3,3,0.3333,Clean,train
UUIDLegacy,0,0.5,59,4.5,1.25,1,1,1,2,2,0.5,Clean,train
GridFSError,0,0.0,5,0.0,0.0,0,0,0,0,0,0.0,Clean,test
CorruptGridFile,0,0.0,3,0.0,0.0,1,0,0,0,0,0.0,Clean,test
NoFile,0,0.0,5,0.0,0.0,1,0,0,0,0,0.0,Clean,train
FileExists,0,0.0,5,0.0,0.0,1,0,0,0,0,0.0,Clean,test
UnsupportedAPI,0,0.0,11,0.0,0.0,1,0,0,0,0,0.0,Clean,train
TimeHelpers,0,1.0,42,3.857142857142857,1.0,0,0,0,10,2,0.7,Feature Envy,train
IdentifierField,0,0.0,7,4.0,1.0,0,1,2,2,2,0.5,Clean,test
DeploymentInfo,0,0.0,17,7.0,3.0,0,2,0,0,0,0.0,Clean,train
DeployedProject,0,0.6947368421052632,348,15.6,2.7,0,1,2,38,9,0.2632,God Class,test
EditorAPI,0,0.8,20,3.0,1.2,0,0,0,1,1,1.0,Clean,train
CustomXMLRPCServer,0,0.0,14,2.5,1.0,0,1,1,0,0,0.0,Clean,train
debuglibrary,1,0.8055555555555556,97,9.444444444444445,2.0,0,1,3,2,2,0.5,Clean,train
Policy,0,0.0,27,6.5,1.5,0,0,0,2,2,0.5,Clean,train
PolicyCondition,0,0.0,31,7.0,2.5,0,0,0,1,1,1.0,Clean,train
_CodeRunner,0,0.5357142857142857,88,9.0,1.375,0,0,0,3,1,1.0,Data Class,train
Axis,0,0.0,115,0.0,0.0,0,0,0,0,0,0.0,Data Class,test
ContinuousAxis,0,0.0,6,0.0,0.0,1,0,0,0,0,0.0,Data Class,test
LinearAxis,0,0.0,8,0.0,0.0,2,0,0,0,0,0.0,Data Class,train
LogAxis,0,0.0,8,0.0,0.0,2,0,0,0,0,0.0,Data Class,train
CategoricalAxis,0,0.0,8,0.0,0.0,1,0,0,0,0,0.0,Data Class,train
DatetimeAxis,0,0.0,10,0.0,0.0,3,0,0,0,0,0.0,Data Class,train
XHTMLReader,0,0.7818181818181819,154,12.818181818181818,3.1818181818181817,0,0,0,16,8,0.3125,God Class,train
PostAPI,0,0.0,14,10.0,3.0,0,0,0,1,1,1.0,Clean,train
Adam,0,0.0,175,54.5,3.5,0,0,0,0,0,0.0,Long Method,train
Port,0,0.0,8,3.0,1.0,0,0,0,1,1,1.0,Clean,train
InstanceUsageAuditLogController,0,0.8333333333333334,91,21.25,3.0,0,1,0,5,5,0.2,Clean,train
InstanceUsageAuditLog,1,1.0,13,3.0,1.0,0,0,1,1,1,1.0,Clean,train
AgentController,0,1.0,149,31.0,3.5,0,1,0,33,10,0.2424,Clean,train
Agents,1,0.0,14,6.0,1.0,0,0,1,1,1,1.0,Clean,train
ViewBuilder,0,0.9,82,14.6,2.8,0,1,0,1,1,1.0,Clean,train
ViewBuilderV21,0,0.0,7,5.0,1.0,1,0,1,0,0,0.0,Clean,train
MonitorHandler,0,0.0,63,28.0,3.5,0,0,0,7,5,0.4286,Clean,train
ExactRamFilter,0,0.0,20,17.0,2.0,0,0,0,5,3,0.6,Clean,train
DomainJobInfo,0,1.0,113,32.333333333333336,3.3333333333333335,0,0,0,11,5,0.5455,Clean,train
Host,0,0.9855442176870748,833,15.857142857142858,2.836734693877551,0,0,0,111,42,0.2973,God Class,test
Migration,0,1.0,117,23.0,1.0,0,0,0,5,1,1.0,Clean,train
CMEModule,0,0.0,50,20.5,3.0,0,0,0,5,3,0.4,Clean,train
SavedUploadForm,0,0.0,8,0.0,0.0,0,0,0,0,0,0.0,Clean,train
Meta,0,0.0,6,0.0,0.0,0,0,0,0,0,0.0,Clean,train
Command,0,0.6666666666666666,171,54.333333333333336,7.666666666666667,0,0,0,16,13,0.125,Long Method,train
FilernameCd,0,0.0,175,2.0,1.0,0,0,0,0,0,0.0,Data Class,test
FilerFilingsCd,0,0.0,180,2.0,1.0,0,0,0,0,0,0.0,Data Class,train
FilingsCd,0,0.0,45,2.0,1.0,0,0,0,0,0,0.0,Clean,train
HdrCd,0,0.0,83,2.0,1.0,0,0,0,0,0,0.0,Data Class,train
HeaderCd,0,0.0,108,2.0,1.0,0,0,0,0,0,0.0,Data Class,train
SmryCd,0,1.0,168,3.5,1.75,0,0,0,0,0,0.0,Clean,test
CvrE530Cd,0,0.0,349,2.0,1.0,0,0,0,0,0,0.0,Data Class,train
SpltCd,0,0.0,83,2.0,1.0,0,0,0,0,0,0.0,Data Class,train
TextMemoCd,0,0.0,193,2.0,1.0,0,0,0,0,0,0.0,Data Class,train
Meta,0,0.0,6,0.0,0.0,0,0,0,0,0,0.0,Clean,train
Meta,0,0.0,5,0.0,0.0,0,0,0,0,0,0.0,Clean,test
Meta,0,0.0,5,0.0,0.0,0,0,0,0,0,0.0,Clean,train
Meta,0,0.0,5,0.0,0.0,0,0,0,0,0,0.0,Clean,train
Meta,0,0.0,5,0.0,0.0,0,0,0,0,0,0.0,Clean,train
Meta,0,0.0,6,0.0,0.0,0,0,0,0,0,0.0,Clean,test
Meta,0,0.0,5,0.0,0.0,0,0,0,0,0,0.0,Clean,train
Meta,0,0.0,5,0.0,0.0,0,0,0,0,0,0.0,Clean,train
Meta,0,0.0,5,0.0,0.0,0,0,0,0,0,0.0,Clean,test
Command,0,0.8333333333333334,94,22.0,3.25,0,0,0,2,1,1.0,Clean,train
CategoriesConfig,0,1.0,14,4.5,1.0,0,0,0,2,2,0.5,Clean,test
SocketyAgent,0,0.0,8,3.0,1.0,0,1,6,0,0,0.0,Clean,train
Timeout,0,0.0,4,0.0,0.0,0,1,0,0,0,0.0,Clean,train
Resolver,0,0.6666666666666666,33,9.0,2.3333333333333335,0,1,0,3,3,0.3333,Clean,train
BodyReceiver,0,0.0,12,2.6666666666666665,1.0,0,2,0,0,0,0.0,Clean,train
StringProducer,0,0.8333333333333334,18,2.5,1.0,0,2,0,2,2,0.5,Clean,test
ProcessProtocol,0,0.0,37,11.0,2.3333333333333335,0,1,0,7,6,0.2857,Clean,train
HTTPRequest,5,0.8666666666666667,89,13.333333333333334,3.0,0,1,5,17,8,0.2941,Clean,test
PersistentCache,0,0.48484848484848486,94,6.583333333333333,2.0833333333333335,0,1,0,4,2,0.75,Clean,train
WebClientContextFactory,0,0.0,3,2.0,1.0,0,1,0,0,0,0.0,Clean,train
ElasticSearch,0,0.9285714285714286,57,5.875,1.375,0,0,0,3,3,0.3333,Clean,train
Slice,0,0.0,4,2.0,1.0,0,0,0,0,0,0.0,Clean,train
ParallelMagic,0,0.3333333333333333,274,38.333333333333336,6.166666666666667,0,0,0,2,2,0.5,Long Method,train
MetaKernelBash,0,0.7,47,4.6,1.8,0,0,0,5,2,0.6,Clean,train
Campaign,0,0.9264705882352942,183,9.647058823529411,1.0588235294117647,0,0,0,0,0,0.0,God Class,train
ScannerSubscription,0,0.975609756097561,236,3.0,1.0,0,0,0,21,21,0.0476,God Class,train
ResearcherForm,0,0.0,14,0.0,0.0,0,0,0,0,0,0.0,Clean,train
Meta,0,0.0,10,0.0,0.0,0,0,0,0,0,0.0,Clean,train
UnknownAlgorithm,0,0.0,3,0.0,0.0,0,0,0,0,0,0.0,Clean,train
DNAME,0,0.0,4,2.0,1.0,0,0,0,0,0,0.0,Clean,train
Mock,0,0.0,4,2.0,1.0,0,0,0,0,0,0.0,Clean,test
FrameworkError,0,0.0,3,0.0,0.0,0,0,0,0,0,0.0,Clean,test
HTTPError,0,0.5,81,10.0,1.75,1,0,0,1,1,1.0,Clean,train
PermissionsError,0,0.0,4,0.0,0.0,1,0,0,0,0,0.0,Clean,train
GoogleDriveFileNode,0,0.0,3,0.0,0.0,0,0,0,0,0,0.0,Clean,train
GoogleDriveFolder,0,0.0,2,0.0,0.0,1,0,0,0,0,0.0,Clean,train
GoogleDriveFile,0,0.0,2,0.0,0.0,1,0,0,0,0,0.0,Clean,train
Anchor,0,0.0,4,0.0,0.0,0,0,0,0,0,0.0,Clean,test
Footnotes,0,0.0,16,5.0,2.0,0,0,0,1,1,1.0,Clean,train
PageNumberPaginationWithoutCount,1,0.6666666666666666,43,12.666666666666666,3.0,0,0,2,3,2,0.6667,Clean,train
PaginatorWithoutCount,0,1.0,20,5.333333333333333,1.6666666666666667,0,1,0,0,0,0.0,Clean,train
_Registry,0,1.0,38,5.2,1.6,0,0,0,2,2,0.5,Clean,train
UmichHarvester,0,0.0,111,0.0,0.0,0,0,0,0,0,0.0,Data Class,train
CBioPortal,1,0.7631578947368421,801,38.15,4.7,0,0,1,4,3,0.5,God Class,train
CDGSError,0,0.0,10,2.5,1.0,0,1,0,0,0,0.0,Clean,train
AttributeDict,0,0.0,11,0.0,0.0,0,0,0,0,0,0.0,Clean,train
Migration,0,0.0,31,0.0,0.0,0,0,0,0,0,0.0,Clean,train
Query,0,0.8571428571428571,126,7.066666666666666,1.7333333333333334,0,1,1,4,4,0.25,Clean,train
RemoteQuerySet,2,0.5228758169934641,358,17.72222222222222,3.388888888888889,0,1,9,22,11,0.1818,Long Method,train
FakeInt,0,0.6666666666666666,10,2.3333333333333335,1.3333333333333333,0,1,0,0,0,0.0,Clean,train
Url,0,0.0,9,3.5,1.0,0,1,0,0,0,0.0,Clean,train
UrlPatterns,0,0.0,39,8.75,4.75,0,0,1,4,1,1.0,Clean,train
DateInput,0,0.0,5,0.0,0.0,0,0,0,0,0,0.0,Clean,train
NumberInput,0,0.0,5,0.0,0.0,0,0,0,0,0,0.0,Clean,train
RangeInput,0,0.0,5,0.0,0.0,0,0,0,0,0,0.0,Clean,train
URLInput,0,0.0,5,0.0,0.0,0,0,0,0,0,0.0,Clean,train
EmailInput,0,0.0,6,0.0,0.0,0,0,0,0,0,0.0,Clean,train
SearchInput,0,0.0,6,0.0,0.0,0,0,0,0,0,0.0,Clean,train
TelInput,0,0.0,6,0.0,0.0,0,0,0,0,0,0.0,Clean,train
SearchField,0,0.0,5,0.0,0.0,0,0,0,0,0,0.0,Data Class,test
DateField,0,0.0,6,0.0,0.0,0,0,0,0,0,0.0,Clean,train
URLField,0,0.0,6,0.0,0.0,0,0,0,0,0,0.0,Data Class,train
EmailField,0,0.0,6,0.0,0.0,0,0,0,0,0,0.0,Data Class,train
TelField,0,0.0,6,0.0,0.0,0,0,0,0,0,0.0,Data Class,train
IntegerField,0,0.0,6,0.0,0.0,0,0,0,0,0,0.0,Clean,train
DecimalField,0,0.0,6,0.0,0.0,0,0,0,0,0,0.0,Clean,train
IntegerRangeField,0,0.0,6,0.0,0.0,0,0,0,0,0,0.0,Clean,test
DecimalRangeField,0,0.0,6,0.0,0.0,0,0,0,0,0,0.0,Clean,train
Migration,0,0.0,12,0.0,0.0,0,0,0,0,0,0.0,Clean,train
TextSnippet,0,0.0,46,0.0,0.0,0,0,0,0,0,0.0,Clean,test
Article,0,0.0,48,0.0,0.0,0,0,0,0,0,0.0,Clean,train
Meta,0,0.0,4,0.0,0.0,0,0,0,0,0,0.0,Clean,train
TumblelogMeta,0,0.0,35,0.0,0.0,0,0,0,0,0,0.0,Data Class,train
Meta,0,0.0,4,0.0,0.0,0,0,0,0,0,0.0,Clean,test
TumblelogMeta,0,0.0,36,0.0,0.0,0,0,0,0,0,0.0,Data Class,train
bark,0,0.0,3,0.0,0.0,0,1,0,0,0,0.0,Clean,train
Pound,2,0.0,7,5.0,1.0,0,0,2,0,0,0.0,Clean,train
Dog,1,1.0,7,2.0,1.0,0,0,1,0,0,0.0,Clean,train
Bob,0,0.0,5,0.0,0.0,1,1,0,0,0,0.0,Clean,train
Fred,0,0.0,5,0.0,0.0,1,1,0,0,0,0.0,Clean,train
increment,0,0.0,4,2.0,1.0,0,1,0,0,0,0.0,Clean,train
NodeClient,1,1.0,25,11.0,2.5,0,0,1,3,2,0.6667,Clean,train
Start,0,1.0,70,6.0,2.0,0,0,0,1,1,1.0,Clean,train
DeleteFlavor,0,1.0,19,4.666666666666667,1.0,0,0,0,1,1,1.0,Clean,test
CreateFlavor,0,0.0,6,0.0,0.0,0,0,0,0,0,0.0,Clean,train
UpdateFlavor,0,0.0,6,0.0,0.0,0,0,0,0,0,0.0,Clean,test
UpdateMetadata,0,0.0,6,0.0,0.0,0,0,0,0,0,0.0,Clean,train
ModifyAccess,0,0.0,12,5.0,1.0,0,0,0,1,1,1.0,Clean,train
FlavorFilterAction,0,0.0,9,8.0,1.0,0,0,0,2,2,0.5,Clean,train
FlavorsTable,0,0.0,35,0.0,0.0,0,0,0,0,0,0.0,Data Class,test
Meta,0,0.0,8,0.0,0.0,0,0,0,0,0,0.0,Clean,train
IndexView,0,0.0,16,12.0,2.0,0,0,0,5,3,0.6,Clean,train
CreateView,0,0.0,3,0.0,0.0,0,0,0,0,0,0.0,Clean,train
UpdateView,0,0.0,21,17.0,3.0,0,0,0,8,3,0.75,Feature Envy,train
UpdateMetadataView,0,0.0,48,13.333333333333334,1.6666666666666667,0,0,0,7,5,0.2857,Clean,train
RouterRulesTable,0,0.0,10,0.0,0.0,0,0,0,0,0,0.0,Clean,train
Meta,0,0.0,3,0.0,0.0,0,0,0,0,0,0.0,Clean,train
Users,0,0.0,5,0.0,0.0,0,0,0,0,0,0.0,Clean,train
Networks,0,0.0,4,0.0,0.0,0,0,0,0,0,0.0,Clean,train
OverviewTab,0,0.0,7,2.0,1.0,0,0,0,0,0,0.0,Clean,train
VolumeDetailTabs,0,0.0,3,0.0,0.0,0,0,0,0,0,0.0,Clean,test
NetworkProfileTab,0,0.0,7,2.0,1.0,0,0,0,0,0,0.0,Clean,train
PolicyProfileTab,0,0.0,5,0.0,0.0,0,0,0,0,0,0.0,Clean,train
IndexTabs,0,0.0,3,0.0,0.0,0,0,0,0,0,0.0,Clean,train
ParsingError,0,0.0,2,0.0,0.0,0,1,0,0,0,0.0,Clean,train
Parser,1,0.9,51,7.6,1.4,0,0,3,2,2,0.5,Clean,train
BLTParser,0,0.9047619047619048,78,9.714285714285714,2.0,1,1,0,9,4,0.5556,Feature Envy,train
Migration,0,1.0,80,3.0,1.0,0,0,0,2,1,1.0,Clean,test
AdminAuthenticationForm,0,0.0,21,13.0,6.0,0,0,0,1,1,1.0,Clean,train
IncorrectLookupParameters,0,0.0,2,0.0,0.0,0,0,0,0,0,0.0,Clean,train
RenameBaseModelAdminMethods,0,0.0,4,0.0,0.0,0,0,0,0,0,0.0,Clean,train
BaseModelAdmin,0,0.8676470588235294,317,16.470588235294116,4.117647058823529,0,2,2,38,21,0.1842,God Class,train
ModelAdmin,0,0.8107822410147991,1174,24.636363636363637,4.454545454545454,1,1,15,99,38,0.0909,God Class,train
InlineModelAdmin,0,0.8222222222222222,165,13.4,3.6,1,2,10,15,11,0.2,Long Method,train
StackedInline,0,0.0,2,0.0,0.0,2,0,0,0,0,0.0,Clean,train
TabularInline,0,0.0,2,0.0,0.0,2,0,0,0,0,0.0,Clean,train
DeleteProtectedModelForm,0,1.0,32,15.0,2.5,0,2,0,4,3,0.5,Clean,test
BaseValidator,0,1.0,185,12.214285714285714,4.714285714285714,0,1,0,21,6,0.5238,God Class,train
ModelAdminValidator,0,1.0,171,12.153846153846153,4.230769230769231,1,0,1,22,7,0.4545,God Class,train
InlineValidator,0,1.0,22,4.5,2.0,1,0,0,3,2,0.6667,Clean,test
BadHeaderError,0,0.0,2,0.0,0.0,0,0,0,0,0,0.0,Clean,test
MIMEMixin,0,0.0,31,14.0,3.0,0,0,0,5,4,0.4,Clean,train
SafeMIMEText,0,0.0,24,10.5,2.0,1,3,4,3,3,0.3333,Clean,train
SafeMIMEMultipart,0,0.0,9,3.0,1.0,1,3,4,0,0,0.0,Clean,train
EmailMessage,2,0.8181818181818182,158,12.727272727272727,3.4545454545454546,0,3,3,12,9,0.1667,God Class,train
EmailMultiAlternatives,1,0.5,41,7.5,2.25,1,3,7,2,2,0.5,Clean,train
Command,0,1.0,226,41.8,11.0,0,0,0,14,9,0.2857,Long Method,train
RawQuery,0,0.47619047619047616,54,6.142857142857143,1.4285714285714286,0,1,1,1,1,1.0,Clean,train
Query,0,0.8692899140660335,1802,25.611940298507463,4.776119402985074,0,1,2,183,60,0.2295,God Class,train
DjangoOpenIDStore,0,1.0,92,12.142857142857142,2.7142857142857144,0,0,0,20,6,0.35,Clean,train
Lock,0,0.6838235294117647,234,11.764705882352942,2.3529411764705883,0,1,4,7,6,0.2857,God Class,train
Semaphore,1,0.4725274725274725,254,14.928571428571429,2.5714285714285716,0,1,5,3,3,0.3333,Clean,test
BaseCursor,0,0.803921568627451,292,13.277777777777779,3.1666666666666665,0,2,6,19,9,0.4211,God Class,train
CursorStoreResultMixIn,0,0.4642857142857143,69,6.875,2.125,0,3,5,0,0,0.0,Clean,train
CursorUseResultMixIn,0,0.8,48,5.5,1.6666666666666667,0,2,5,0,0,0.0,Clean,test
CursorTupleRowsMixIn,0,0.0,6,0.0,0.0,0,0,0,0,0,0.0,Clean,train
CursorDictRowsMixIn,0,1.0,30,7.0,1.0,0,0,6,0,0,0.0,Clean,train
CursorOldDictRowsMixIn,0,0.0,7,0.0,0.0,1,0,0,0,0,0.0,Clean,train
Cursor,0,0.0,5,0.0,0.0,1,0,0,0,0,0.0,Clean,train
DictCursor,0,0.0,5,0.0,0.0,1,0,0,0,0,0.0,Clean,train
SSCursor,0,0.0,5,0.0,0.0,1,0,0,0,0,0.0,Clean,train
SSDictCursor,0,0.0,5,0.0,0.0,1,0,0,0,0,0.0,Clean,train
Drawing,0,0.03571428571428571,87,10.0,2.6666666666666665,0,0,0,5,3,0.6,Clean,test
EmbeddedWAVAudioFile,0,0.0,8,4.0,1.0,0,0,0,0,0,0.0,Clean,train
Hyperlink,0,0.0,32,20.0,1.0,0,0,0,0,0,0.0,Data Class,train
Font,0,0.0,20,10.0,1.0,0,0,0,0,0,0.0,Data Class,train
CharacterProperties,0,0.0,142,83.0,1.0,0,0,0,0,0,0.0,Long Method,train
TabStop,0,0.0,11,6.0,1.0,0,0,0,0,0,0.0,Clean,train
TabStopList,0,0.0,8,4.0,1.0,0,0,0,0,0,0.0,Clean,train
Spacing,0,0.0,13,6.0,1.0,0,0,0,0,0,0.0,Clean,train
AutonumberBullet,0,0.0,22,6.0,1.0,0,0,0,0,0,0.0,Clean,test
ParagraphProperties,0,0.0,101,58.0,1.0,0,0,0,0,0,0.0,Data Class,train
ListStyle,0,0.0,43,23.0,1.0,0,0,0,0,0,0.0,Data Class,train
RegularTextRun,0,0.0,18,6.0,1.0,0,1,0,0,0,0.0,Data Class,train
LineBreak,0,0.0,10,4.0,1.0,0,0,0,0,0,0.0,Clean,train
TextField,0,0.0,22,12.0,1.0,0,0,0,0,0,0.0,Clean,test
Paragraph,1,0.0,30,14.0,2.0,0,0,1,0,0,0.0,Data Class,test
GeomGuide,0,0.0,11,6.0,1.0,0,0,0,0,0,0.0,Clean,test
GeomGuideList,0,0.0,8,4.0,1.0,0,0,0,0,0,0.0,Clean,train
PresetTextShape,0,0.0,23,6.0,1.0,0,0,0,0,0,0.0,Clean,train
TextNormalAutofit,0,0.0,11,6.0,1.0,0,0,0,0,0,0.0,Clean,train
RichTextProperties,0,0.0,88,53.0,1.0,0,0,0,0,0,0.0,Data Class,train
WorkSheetParser,0,0.21568627450980393,264,12.61111111111111,3.3333333333333335,0,0,0,44,30,0.1136,Long Method,train
WSGIWarning,0,0.0,4,0.0,0.0,0,0,0,0,0,0.0,Clean,train
InputWrapper,0,0.6,33,4.333333333333333,1.5,0,1,0,0,0,0.0,Clean,train
ErrorWrapper,0,0.7,18,2.4,1.2,0,1,0,0,0,0.0,Clean,test
WriteWrapper,0,1.0,8,2.5,1.0,0,0,0,0,0,0.0,Clean,train
PartialIteratorWrapper,1,0.0,8,2.5,1.0,0,0,1,0,0,0.0,Clean,test
IteratorWrapper,0,0.4,34,5.2,1.6,0,1,3,0,0,0.0,Clean,test
HeaderDict,0,1.0,77,3.5,1.5833333333333333,0,0,0,1,1,1.0,Clean,train
DiscoveryResponse,0,0.0,10,0.0,0.0,0,0,0,0,0,0.0,Data Class,train
IllegalChild,0,0.0,2,0.0,0.0,0,2,0,0,0,0.0,Clean,train
IllegalText,0,0.0,2,0.0,0.0,0,1,0,0,0,0.0,Clean,train
Node,1,0.19444444444444445,99,9.444444444444445,3.0,0,1,3,11,4,0.5455,Clean,train
Childless,0,0.7142857142857143,38,3.142857142857143,1.0,0,2,0,0,0,0.0,Clean,train
Text,0,0.0,17,2.5,1.25,1,1,0,1,1,1.0,Clean,test
CDATASection,0,0.0,10,7.0,2.0,2,1,0,1,1,1.0,Clean,train
Element,4,0.6578947368421053,243,10.3,3.5,1,0,8,19,11,0.2632,Long Method,train
LifoQueue,0,0.0,20,2.25,1.0,0,1,0,0,0,0.0,Clean,train
ConnectionConfig,0,0.0,65,31.0,1.0,0,0,0,0,0,0.0,Data Class,test
ConnectionPooler,1,0.0,96,25.666666666666668,3.6666666666666665,0,1,1,5,3,0.6,Long Method,train
PooledClient,0,0.0,75,17.0,3.25,0,0,3,5,3,0.4,Clean,train
SuperClient,0,0.0,77,22.666666666666668,5.666666666666667,0,1,0,0,0,0.0,Long Method,test
Migration,0,1.0,8,2.0,1.0,0,0,0,0,0,0.0,Clean,train
Action,1,1.0,21,2.8,1.4,0,11,10,3,3,0.3333,Clean,test
ControlFlowAction,0,1.0,47,10.5,4.0,1,8,8,0,0,0.0,Clean,train
WorkflowAction,0,0.8333333333333334,70,11.5,5.75,1,8,8,1,1,1.0,Clean,train
CoordinatorAction,0,0.0,43,22.0,5.0,1,8,8,1,1,1.0,Clean,train
BundleAction,0,1.0,60,15.5,2.5,1,8,8,1,1,1.0,Clean,train
Job,0,0.6857142857142857,102,5.266666666666667,1.8,0,11,10,10,10,0.1,Clean,train
Workflow,0,1.0,69,8.0,3.6,1,8,9,1,1,1.0,Clean,train
Coordinator,0,0.8666666666666667,109,11.5,3.1666666666666665,1,8,9,3,3,0.3333,Clean,train
Bundle,0,0.6666666666666666,55,6.0,1.5,1,8,11,1,1,1.0,Clean,train
JobList,0,0.0,21,10.0,1.0,0,3,0,0,0,0.0,Clean,test
WorkflowList,0,0.0,3,2.0,1.0,1,2,5,0,0,0.0,Clean,train
CoordinatorList,0,0.0,3,2.0,1.0,1,2,5,0,0,0.0,Clean,train
BundleList,0,0.0,3,2.0,1.0,1,2,5,0,0,0.0,Clean,train
IBlockDeviceAPITestsMixin,0,0.20161290322580644,585,17.125,1.0625,0,0,0,23,13,0.1304,Clean,test
FakeCloudAPI,0,0.6666666666666666,17,3.6666666666666665,1.0,0,1,0,0,0,0.0,Clean,train
IProfiledBlockDeviceAPITestsMixin,0,0.0,23,9.0,1.5,0,0,0,2,2,0.5,Clean,train
InvalidConfig,0,0.0,5,0.0,0.0,0,0,0,0,0,0.0,Clean,train
Docker,0,0.0,26,11.0,3.0,0,0,0,4,1,1.0,Clean,train
ChartBlock,0,0.0,13,2.0,1.0,0,0,0,1,1,1.0,Data Class,test
Migration,0,0.0,65,0.0,0.0,0,0,0,0,0,0.0,Clean,train
Profiler,0,0.7555555555555555,146,12.8,3.1,0,0,0,3,3,0.3333,Clean,train
_RequestPassingFormView,0,1.0,44,3.75,1.125,0,2,2,1,1,1.0,Clean,train
RegistrationView,0,1.0,50,9.0,1.5,1,1,2,1,1,1.0,Clean,test
ActivationView,0,1.0,31,7.0,1.6666666666666667,0,2,2,1,1,1.0,Clean,train
Migration,0,1.0,98,18.5,1.0,0,0,0,5,1,1.0,Clean,train
GoogleBot,0,1.0,20,5.666666666666667,1.6666666666666667,0,0,0,1,1,1.0,Clean,test
DataSet,1,0.7941176470588235,116,5.764705882352941,1.7058823529411764,0,1,8,9,9,0.1111,Clean,train
Table,0,0.6789473684210526,118,4.8,1.75,0,4,3,6,6,0.1667,Clean,train
Exporter,0,1.0,6,2.0,1.0,0,1,0,0,0,0.0,Clean,train
JSONExporter,0,1.0,15,6.0,2.0,1,1,0,1,1,1.0,Clean,train
CSVExporter,0,0.0,7,6.0,4.0,1,1,0,2,2,0.5,Clean,train
Importer,0,1.0,11,4.5,1.0,0,2,1,1,1,1.0,Clean,train
JSONImporter,0,0.0,20,19.0,6.0,1,1,3,2,1,1.0,Clean,train
CSVImporter,0,0.0,35,34.0,10.0,1,2,1,2,1,1.0,Clean,train
BaseModel,0,0.0,3,0.0,0.0,0,0,0,0,0,0.0,Clean,train
Meta,0,0.0,2,0.0,0.0,0,0,0,0,0,0.0,Clean,train
Meta,0,0.0,2,0.0,0.0,0,0,0,0,0,0.0,Clean,train
APIProxyStub,0,0.6666666666666666,50,13.0,1.3333333333333333,0,0,0,4,3,0.5,Clean,train
URLFetchServiceStub,0,1.0,212,51.5,10.0,0,0,0,31,11,0.2581,Long Method,train
ModelManager,0,0.0,9,2.5,1.0,0,1,0,0,0,0.0,Clean,train
ModelOptions,0,0.6666666666666666,25,3.6666666666666665,1.0,0,1,0,0,0,0.0,Clean,train
Relation,0,0.0,3,2.0,1.0,0,1,0,0,0,0.0,Clean,train
PropertiedClassWithDjango,2,1.0,57,20.5,2.5,0,0,5,4,1,1.0,Clean,train
BaseModel,0,0.8333333333333334,32,5.5,1.25,0,0,0,2,2,0.5,Clean,train
RegistrationTestModel,0,0.0,8,0.0,0.0,1,0,0,0,0,0.0,Clean,train
pk,0,0.0,3,0.0,0.0,0,0,0,0,0,0.0,Clean,train
PatternHandler,0,1.0,13,2.6666666666666665,1.3333333333333333,0,0,1,0,0,0.0,Clean,test
ChannelPostHandler,0,0.0,5,2.0,1.0,1,0,0,1,1,1.0,Clean,train
CommentHandler,0,0.0,15,5.0,1.0,1,0,0,1,1,1.0,Clean,train
ConfirmHandler,0,0.0,5,2.0,1.0,1,0,0,0,0,0.0,Clean,train
FollowHandler,0,0.0,17,12.0,3.0,1,0,0,1,1,1.0,Clean,train
HelpHandler,0,0.0,5,2.0,1.0,1,0,0,0,0,0.0,Clean,train
LeaveHandler,0,0.0,17,12.0,3.0,1,0,0,1,1,1.0,Clean,train
OffHandler,0,0.0,5,2.0,1.0,1,0,0,0,0,0.0,Clean,train
OnHandler,0,0.0,5,2.0,1.0,1,0,0,0,0,0.0,Clean,train
PostHandler,0,1.0,6,2.0,1.0,1,1,0,0,0,0.0,Clean,train
PromotionHandler,0,0.0,8,2.0,1.0,1,0,0,1,1,1.0,Clean,test
SignInHandler,0,0.0,11,5.0,1.0,1,0,0,1,1,1.0,Clean,test
SignOutHandler,0,0.0,5,2.0,1.0,1,0,0,0,0,0.0,Clean,train
SpatiaLiteAdaptor,0,0.0,5,3.0,2.0,0,0,0,1,1,1.0,Clean,train
NLZipCodeField,0,0.0,21,13.0,4.0,0,2,2,2,2,0.5,Clean,train
NLProvinceSelect,0,0.0,8,3.0,1.0,0,0,0,0,0,0.0,Clean,train
NLPhoneNumberField,0,0.0,23,15.0,7.0,0,2,2,1,1,1.0,Clean,train
NLSoFiNumberField,0,0.0,30,20.0,6.0,0,2,2,1,1,1.0,Clean,train
BloggerEntry,0,1.0,37,14.5,3.0,0,0,0,3,2,0.6667,Clean,train
BlogEntry,0,0.0,2,0.0,0.0,1,0,0,0,0,0.0,Clean,train
BlogFeed,0,0.0,5,0.0,0.0,0,0,0,0,0,0.0,Clean,test
BlogPostEntry,0,1.0,24,9.0,1.5,1,0,0,0,0,0.0,Clean,test
BlogPostFeed,0,0.0,5,0.0,0.0,0,0,0,0,0,0.0,Clean,train
InReplyTo,0,0.0,18,9.0,3.0,0,1,0,0,0,0.0,Data Class,train
CommentEntry,0,1.0,30,10.0,1.5,1,0,1,0,0,0.0,Clean,train
CommentFeed,0,0.0,5,0.0,0.0,0,0,0,0,0,0.0,Clean,test
HTTPBaseTLSConnection,0,1.0,44,12.0,1.6666666666666667,0,1,2,2,1,1.0,Clean,test
HTTPTLSConnection,0,1.0,115,55.0,1.0,1,1,2,0,0,0.0,Long Method,train
Dispatcher,0,0.2,98,14.5,2.3333333333333335,0,0,0,1,1,1.0,Clean,train
HostsController,0,0.6666666666666666,44,12.0,3.6666666666666665,0,0,0,1,1,1.0,Clean,train
BufferedReader,1,0.4642857142857143,53,5.625,1.875,0,3,3,3,2,0.6667,Clean,train
BufferedWriter,1,0.2857142857142857,47,5.714285714285714,2.142857142857143,0,3,4,1,1,1.0,Clean,train
BufferedStream,3,0.0,14,3.6666666666666665,1.6666666666666667,0,0,3,0,0,0.0,Clean,train
CompatibleFile,0,0.6,55,7.666666666666667,2.5,0,3,5,6,2,0.6667,Clean,train
QTextLabel,0,0.32142857142857145,113,11.5,1.5,0,0,0,10,6,0.3,Clean,train
ProxyPushButton,0,0.0,6,0.0,0.0,0,0,0,0,0,0.0,Clean,train
PushButton,0,0.0,14,7.0,3.0,0,0,0,0,0,0.0,Clean,train
SleekRefDied,0,0.0,2,0.0,0.0,0,0,0,0,0,0.0,Clean,train
_SENTINEL,0,0.0,2,0.0,0.0,0,0,0,0,0,0.0,Clean,train
LazyTuple,0,0.8583333333333333,241,11.1875,3.0,0,0,0,7,3,0.4286,God Class,train
MISSING_ELEMENT,0,0.0,2,0.0,0.0,0,0,0,0,0,0.0,Clean,train
Ref,0,0.0,6,0.0,0.0,0,1,0,0,0,0.0,Clean,train
SleekRef,1,0.0,63,21.5,4.5,0,0,1,0,0,0.0,Clean,train
Wheel,0,0.75,160,12.777777777777779,2.888888888888889,0,0,0,16,5,0.25,Long Method,test
TreeListColumnInfo,0,0.8421052631578947,209,8.736842105263158,1.105263157894737,0,5,0,9,1,1.0,God Class,train
TreeListHeaderWindow,1,0.5471264367816092,655,19.633333333333333,3.4,0,4,32,34,9,0.2647,Long Method,train
TreeListItem,0,0.4853801169590643,495,23.736842105263158,5.631578947368421,0,4,20,35,8,0.4571,Long Method,train
EditTextCtrl,0,0.6666666666666666,210,21.0,3.2222222222222223,0,4,20,13,9,0.3077,Long Method,train
TreeListMainWindow,2,0.8313725490196079,2039,37.450980392156865,9.0,0,4,53,137,23,0.2774,God Class,train
HyperTreeList,2,0.4535353535353535,709,13.6,1.4666666666666666,0,4,40,4,2,0.75,Long Method,test
_SENTINEL,0,0.0,2,0.0,0.0,0,0,0,0,0,0.0,Clean,train
LazyTuple,0,0.8583333333333333,241,11.1875,3.0,0,0,0,7,3,0.4286,God Class,train
HyperschemaCodec,0,0.0,20,14.0,3.0,0,0,0,1,1,1.0,Clean,train
DockerService,0,0.0,43,27.0,2.0,0,0,0,0,0,0.0,Clean,train
Root,1,0.8333333333333334,29,6.25,1.75,0,1,4,4,2,0.5,Clean,train
Doctype,0,0.0,12,5.0,1.0,0,2,0,0,0,0.0,Clean,test
FragmentRoot,1,1.0,7,2.5,1.0,1,2,1,0,0,0.0,Clean,train
FragmentWrapper,0,0.3888888888888889,41,3.5555555555555554,1.3333333333333333,0,3,0,1,1,1.0,Clean,test
TreeWalker,2,0.9,84,15.8,5.2,0,0,11,23,6,0.4348,Long Method,train
ModuleModel,0,0.0,4,0.0,0.0,0,0,0,0,0,0.0,Clean,train
RedisModule,0,0.0,37,0.0,0.0,0,0,0,0,0,0.0,Clean,test
BlobContainer,0,0.2857142857142857,77,9.285714285714286,1.5714285714285714,0,0,0,4,2,0.5,Clean,train
Match,0,0.5,42,7.2,2.0,0,0,0,1,1,1.0,Clean,train
CrateIndexDashboard,0,0.0,46,44.0,1.0,0,0,0,3,1,1.0,Clean,train
Store,0,1.0,36,4.833333333333333,2.0,0,0,0,8,4,0.5,Feature Envy,train
AcceptCriticCommand,0,0.0,46,22.0,6.0,0,0,0,8,7,0.25,Long Method,train
PositiveIntegerField,0,0.0,8,4.0,1.0,0,0,0,0,0,0.0,Clean,train
PositiveIntegerPreference,0,0.0,2,0.0,0.0,0,0,0,0,0,0.0,Clean,train
CrashLimitStorageDays,0,0.0,5,0.0,0.0,1,0,0,0,0,0.0,Clean,test
CrashLimitStorageSize,0,0.0,5,0.0,0.0,1,0,0,0,0,0.0,Clean,train
CrashLimitDuplicateNumber,0,0.0,5,0.0,0.0,1,0,0,0,0,0.0,Clean,test
OmahaLimitSize,0,0.0,5,0.0,0.0,1,0,0,0,0,0.0,Clean,train
SparkleLimitSize,0,0.0,5,0.0,0.0,1,0,0,0,0,0.0,Clean,train
FeedbackLimitStorageDays,0,0.0,5,0.0,0.0,1,0,0,0,0,0.0,Clean,train
FeedbackLimitSize,0,0.0,5,0.0,0.0,1,0,0,0,0,0.0,Clean,train
SymbolsLimitSize,0,0.0,5,0.0,0.0,1,0,0,0,0,0.0,Clean,train
TimeZone,0,0.0,8,0.0,0.0,0,0,0,0,0,0.0,Data Class,train
Qiniu,0,0.6,28,4.6,1.4,0,0,0,3,3,0.3333,Clean,train
FixMethodattrs,0,0.0,10,4.0,1.0,0,0,0,3,1,1.0,Clean,test
Registry,0,0.8571428571428571,70,3.6666666666666665,1.5333333333333334,0,0,0,1,1,1.0,Clean,train
PDFXRefTableListType,0,0.6410256410256411,66,4.538461538461538,1.8461538461538463,0,19,152,7,7,0.1429,Clean,train
PDFXRefTableType,0,0.8,85,4.8125,2.0,0,19,156,8,7,0.25,Clean,test
PDFXrefTableSubsectionListType,0,0.6410256410256411,66,4.538461538461538,1.8461538461538463,0,19,152,7,7,0.1429,Clean,train
PDFXrefTableSubsectionType,0,0.8,84,4.8125,2.0,0,19,152,7,7,0.1429,Clean,test
PDFTrailerListType,0,0.6410256410256411,65,4.538461538461538,1.8461538461538463,0,19,152,7,7,0.1429,Clean,train
PDFTrailerType,0,0.8253968253968254,143,4.892857142857143,2.2142857142857144,0,19,157,10,9,0.2,God Class,train
PDFFileIDType,0,0.6923076923076923,69,4.428571428571429,1.7857142857142858,0,19,152,7,7,0.1429,Clean,train
PDFIndirectObjectListType,0,0.6410256410256411,66,4.538461538461538,1.8461538461538463,0,19,152,7,7,0.1429,Clean,test
PDFIndirectObjectType,0,0.7842105263157895,104,4.75,2.05,0,19,157,9,8,0.2222,Clean,train
PDFIndirectObjectIDType,0,0.8380952380952381,77,4.666666666666667,1.8666666666666667,0,19,154,7,6,0.2857,Clean,train
PDFIndirectObjectContentsType,0,0.8131868131868132,79,5.142857142857143,2.0714285714285716,0,19,152,8,8,0.125,Clean,train
PDFStreamType,0,0.8187134502923976,97,4.7368421052631575,2.0,0,19,152,8,6,0.375,Clean,train
PDFDocumentInformationDictionaryType,0,0.8374384236453202,148,4.827586206896552,2.1724137931034484,0,19,152,7,6,0.2857,God Class,test
PDFXrefEntryListType,0,0.6410256410256411,66,4.538461538461538,1.8461538461538463,0,19,152,7,7,0.1429,Clean,train
PDFXrefEntryType,0,0.8011695906432749,96,4.631578947368421,1.9473684210526316,0,19,154,8,6,0.375,Clean,train
PDFDictionaryType,0,0.8131868131868132,80,5.142857142857143,2.0714285714285716,0,19,152,8,8,0.125,Clean,train
PDFFileMetadataType,0,0.8007246376811594,134,5.208333333333333,2.25,0,19,152,8,8,0.125,God Class,train
PDFKeywordCountsType,0,0.8696969696969697,231,4.977777777777778,2.3555555555555556,0,19,152,6,6,0.1667,God Class,train
PDFKeywordCountType,0,0.8131868131868132,74,4.785714285714286,1.9285714285714286,0,19,152,6,6,0.1667,Clean,train
PDFFileObjectType,0,0.8,108,5.05,2.15,0,19,171,10,10,0.1,Clean,train
WindowsCriticalSectionObjectType,0,0.8380952380952381,81,4.933333333333334,1.9333333333333333,0,0,0,7,6,0.2857,Clean,train
DeviceObjectStructType,0,0.8319088319088319,140,4.814814814814815,2.1481481481481484,0,2,16,7,6,0.2857,God Class,train
DeviceObjectListType,0,0.6410256410256411,65,4.538461538461538,1.8461538461538463,0,2,16,7,7,0.1429,Clean,train
WindowsDriverObjectType,0,0.9268502581755593,424,4.964285714285714,2.380952380952381,0,2,18,9,7,0.3333,God Class,test
ExtractedString,0,0.0,17,3.0,1.0,0,0,0,0,0,0.0,Data Class,train
ExtractedStrings,0,0.0,5,0.0,0.0,0,0,0,0,0,0.0,Clean,train
Entropy,0,0.0,8,0.0,0.0,0,0,0,0,0,0.0,Clean,train
PEBuildInformation,0,0.0,9,0.0,0.0,0,0,0,0,0,0.0,Clean,train
PEExportedFunction,0,0.0,8,0.0,0.0,0,0,0,0,0,0.0,Clean,train
PEExportedFunctions,0,0.0,5,0.0,0.0,0,0,0,0,0,0.0,Clean,test
PEExports,0,0.0,11,0.0,0.0,0,0,0,0,0,0.0,Data Class,train
DOSHeader,0,0.0,24,0.0,0.0,0,0,0,0,0,0.0,Data Class,train
PEFileHeader,0,0.0,13,0.0,0.0,0,0,0,0,0,0.0,Data Class,train
PEDataDirectoryStruct,0,0.0,7,0.0,0.0,0,0,0,0,0,0.0,Clean,train
DataDirectory,0,0.0,21,0.0,0.0,0,0,0,0,0,0.0,Data Class,train
PEOptionalHeader,0,0.0,37,0.0,0.0,0,0,0,0,0,0.0,Data Class,train
PEHeaders,0,0.0,11,0.0,0.0,0,0,0,0,0,0.0,Data Class,test
PEImportedFunction,0,0.0,10,0.0,0.0,0,0,0,0,0,0.0,Clean,train
PEImportedFunctions,0,0.0,5,0.0,0.0,0,0,0,0,0,0.0,Clean,train
PEImport,0,0.0,10,0.0,0.0,0,0,0,0,0,0.0,Clean,train
PEImportList,0,0.0,5,0.0,0.0,0,0,0,0,0,0.0,Clean,train
PEChecksum,0,0.0,8,0.0,0.0,0,0,0,0,0,0.0,Clean,train
PEResource,0,0.0,13,0.0,0.0,0,0,0,0,0,0.0,Data Class,train
PEResourceList,0,0.0,18,10.0,4.0,0,0,1,4,3,0.5,Clean,train
PESectionHeaderStruct,0,0.0,15,0.0,0.0,0,0,0,0,0,0.0,Data Class,train
PESection,0,0.0,9,0.0,0.0,0,0,0,0,0,0.0,Clean,test
PESectionList,0,0.0,5,0.0,0.0,0,0,0,0,0,0.0,Clean,train
PEVersionInfoResource,0,0.0,37,17.0,3.0,1,1,0,0,0,0.0,Clean,test
WinExecutableFile,0,0.0,17,0.0,0.0,0,0,0,0,0,0.0,Data Class,test
WinMailslot,0,0.0,12,0.0,0.0,0,0,0,0,0,0.0,Clean,train
ExtractPxdCode,0,0.6666666666666666,29,4.0,1.0,0,0,0,2,1,1.0,Clean,train
CompilationData,0,0.0,13,0.0,0.0,0,0,0,0,0,0.0,Clean,train
Context,1,0.9420289855072463,374,13.958333333333334,3.9583333333333335,0,1,1,52,23,0.1731,God Class,test
CompilationSource,0,0.0,9,4.0,1.0,0,1,0,0,0,0.0,Clean,train
CompilationOptions,1,0.3333333333333333,70,14.666666666666666,5.333333333333333,0,0,1,1,1,1.0,Long Method,train
CompilationResult,0,0.0,24,9.0,1.0,0,0,0,0,0,0.0,Data Class,train
CompilationResultSet,0,0.0,14,3.0,1.0,0,0,0,1,1,1.0,Clean,train
TempHandle,1,0.0,13,4.0,1.5,0,0,1,1,1,1.0,Clean,train
TempRefNode,0,0.6666666666666666,34,4.166666666666667,1.5,0,2,3,7,2,0.7143,Clean,train
TempsBlockNode,0,0.0,43,4.2,1.8,0,2,6,7,2,0.5714,Clean,train
ResultRefNode,0,0.7647058823529411,106,4.882352941176471,2.1176470588235294,0,5,2,9,3,0.5556,Clean,train
LetNodeMixin,0,0.0,30,9.0,2.3333333333333335,0,2,7,4,2,0.75,Clean,test
EvalWithTempExprNode,0,0.0,36,3.4285714285714284,1.0,0,4,12,1,1,1.0,Clean,train
LetNode,0,0.0,34,3.6,1.0,0,2,8,1,1,1.0,Clean,train
TempResultFromStatNode,0,0.0,26,3.5,1.0,0,3,8,2,2,0.5,Clean,train
GVector,0,0.2222222222222222,44,3.3333333333333335,1.2222222222222223,0,2,0,3,1,1.0,Clean,train
Spline,0,0.13333333333333333,67,9.333333333333334,3.1666666666666665,0,1,1,0,0,0.0,Clean,train
Chaosgame,1,0.2,93,16.4,4.0,0,0,4,11,6,0.2727,Clean,test
AdmixMinibatchIterator,0,0.35714285714285715,98,10.5,2.0,0,0,0,2,2,0.5,Clean,train
aboutWindow,0,0.6666666666666666,54,17.0,1.3333333333333333,0,0,0,4,3,0.5,Clean,test
ProxyCharacter,0,0.6,62,9.166666666666666,3.0,0,0,0,10,3,0.7,Clean,train
ProxyCard,0,0.5238095238095238,46,5.428571428571429,1.7142857142857142,0,0,0,4,3,0.5,Clean,train
BattlecryType,0,0.0,15,12.0,8.0,0,1,0,1,1,1.0,Clean,train
ChooseTargetMixin,0,1.0,69,8.857142857142858,3.142857142857143,0,0,1,3,2,0.6667,Clean,test
NullCard,0,1.0,6,2.0,1.0,0,1,0,0,0,0.0,Clean,train
TradeAgent,1,1.0,19,3.75,1.25,0,0,2,1,1,1.0,Clean,train
DefiasBandit,0,1.0,6,2.0,1.0,0,14,14,2,2,0.5,Clean,train
DefiasRingleader,1,1.0,7,2.5,1.0,0,14,15,2,2,0.5,Clean,train
EdwinVanCleef,0,1.0,9,3.5,1.0,0,14,14,2,2,0.5,Clean,test
Kidnapper,0,1.0,7,2.5,1.0,0,14,14,2,2,0.5,Clean,train
MasterOfDisguise,0,1.0,7,2.5,1.0,0,14,14,2,2,0.5,Clean,test
PatientAssassin,0,1.0,6,2.0,1.0,0,14,14,2,2,0.5,Clean,train
SI7Agent,0,1.0,9,3.5,1.0,0,14,14,2,2,0.5,Clean,train
AnubarAmbusher,0,1.0,6,2.0,1.0,0,14,14,2,2,0.5,Clean,train
OneeyedCheat,0,1.0,7,2.5,1.0,0,14,14,3,3,0.3333,Clean,train
IronSensei,0,1.0,7,2.5,1.0,0,14,14,3,3,0.3333,Clean,train
OgreNinja,0,1.0,13,5.5,1.0,0,14,14,2,2,0.5,Clean,train
TradePrinceGallywix,0,1.0,11,4.5,1.0,0,14,14,2,2,0.5,Clean,test
GoblinAutoBarber,0,1.0,7,2.5,1.0,0,14,14,3,3,0.3333,Clean,train
DarkIronSkulker,0,1.0,8,3.0,1.0,0,14,14,2,2,0.5,Clean,train
Anubarak,0,1.0,7,2.5,1.0,0,14,14,2,2,0.5,Clean,test
Address,0,0.0,38,4.833333333333333,1.8333333333333333,0,0,0,0,0,0.0,Clean,train
AutoScaleConnection,0,1.0,612,18.483870967741936,3.0,0,0,0,33,9,0.3636,God Class,train
ResponseGroup,0,0.5714285714285714,59,6.0,2.142857142857143,0,2,2,0,0,0.0,Clean,train
Item,0,0.0,6,3.0,1.0,1,1,2,0,0,0.0,Clean,train
ItemSet,1,0.6,59,8.333333333333334,2.6666666666666665,1,2,6,0,0,0.0,Clean,train
Loader,0,0.0,9,7.0,1.0,0,0,0,0,0,0.0,Clean,train
TimeboardClient,0,1.0,306,21.46153846153846,3.5384615384615383,0,0,0,46,22,0.2609,God Class,train
Metric,0,1.0,13,3.0,1.0,0,1,0,0,0,0.0,Clean,train
Gauge,0,0.0,16,3.0,1.0,1,1,0,0,0,0.0,Clean,train
Counter,0,0.0,16,3.0,1.0,1,1,0,0,0,0.0,Clean,train
Histogram,0,0.0,46,9.5,2.25,1,1,0,0,0,0.0,Clean,train
MetricsAggregator,0,0.0,26,6.333333333333333,2.3333333333333335,0,0,8,0,0,0.0,Clean,train
MetricClient,0,1.0,38,17.0,2.5,0,0,0,16,7,0.5,Clean,train
IOutput,0,1.0,57,10.0,1.0,0,0,0,0,0,0.0,Clean,train
CementOutputHandler,0,0.0,21,2.0,1.0,0,0,0,0,0,0.0,Clean,test
TemplateOutputHandler,0,0.6666666666666666,84,25.0,3.6666666666666665,1,0,0,5,5,0.2,Clean,test
IMeta,0,0.0,9,0.0,0.0,0,0,0,0,0,0.0,Clean,train
Meta,0,0.0,12,0.0,0.0,0,0,0,0,0,0.0,Clean,train
DictCache,0,0.6666666666666666,16,3.6666666666666665,1.6666666666666667,0,0,0,1,1,1.0,Clean,test
_Keyring,0,0.6666666666666666,17,2.75,1.25,0,0,0,0,0,0.0,Clean,train
ProfileForm,0,0.0,6,0.0,0.0,0,0,0,0,0,0.0,Clean,train
Meta,0,0.0,4,0.0,0.0,0,0,0,0,0,0.0,Clean,test
GeometryColumns,0,1.0,27,4.666666666666667,1.0,0,0,0,0,0,0.0,Clean,train
SpatialRefSys,0,1.0,21,2.0,1.0,0,0,0,0,0,0.0,Clean,test
Meta,0,0.0,2,0.0,0.0,0,0,0,0,0,0.0,Clean,train
Meta,0,0.0,4,0.0,0.0,0,0,0,0,0,0.0,Clean,train
Layer,0,0.6140350877192983,170,7.157894736842105,1.631578947368421,0,0,0,4,2,0.75,Clean,test
Storage,0,1.0,103,8.0,1.4,0,1,3,3,2,0.6667,Clean,test
FileSystemStorage,0,0.9444444444444444,95,9.11111111111111,2.4444444444444446,1,1,5,12,6,0.25,Clean,test
Form,0,0.0,2,0.0,0.0,0,0,0,0,0,0.0,Clean,train
ModelForm,0,0.0,13,5.0,2.0,0,0,0,0,0,0.0,Clean,train
OAuthAuthenticationForm,0,1.0,38,7.0,1.5,1,0,0,5,4,0.4,Clean,train
HelpAction,0,0.0,32,25.0,7.0,0,1,0,7,5,0.2857,Feature Envy,train
HelpCommand,1,1.0,43,19.0,3.5,0,0,1,4,4,0.25,Clean,train
Migration,0,0.0,14,0.0,0.0,0,0,0,0,0,0.0,Clean,test
Migration,0,0.0,48,0.0,0.0,0,0,0,0,0,0.0,Clean,train
DataInterface,0,0.0,11,2.0,1.0,0,0,0,0,0,0.0,Clean,train
CaseReassignmentInterface,0,1.0,60,8.4,1.2,0,0,0,17,8,0.4118,Clean,train
FormManagementMode,0,0.0,48,11.666666666666666,2.0,0,2,0,0,0,0.0,Clean,train
ArchiveOrNormalFormFilter,1,1.0,20,2.0,1.0,0,0,1,1,1,1.0,Clean,train
BulkFormManagementInterface,1,0.7333333333333333,84,11.333333333333334,1.3333333333333333,0,0,2,9,5,0.5556,Clean,train
AbstractProperty,0,0.0,3,2.0,1.0,0,0,0,0,0,0.0,Clean,train
DEID,0,0.0,8,0.0,0.0,0,0,0,0,0,0.0,Clean,test
ColumnTypesOptions,0,0.0,5,0.0,0.0,0,0,0,0,0,0.0,Clean,train
CustomExportHelper,0,0.6071428571428571,135,14.375,2.25,0,2,2,15,12,0.2,Clean,train
FormCustomExportHelper,1,0.7142857142857143,176,22.428571428571427,5.285714285714286,1,2,8,19,10,0.3684,Long Method,train
CustomColumn,0,0.16666666666666666,36,7.75,1.25,0,2,0,0,0,0.0,Clean,train
CaseCustomExportHelper,1,1.0,111,22.75,5.75,1,2,5,9,7,0.3333,Long Method,train
BaseAdminSectionView,0,1.0,10,2.0,1.0,0,0,0,0,0,0.0,Clean,train
AuthenticateAs,0,1.0,29,6.333333333333333,1.3333333333333333,1,6,7,4,3,0.5,Clean,train
RecentCouchChangesView,0,1.0,34,11.0,1.5,1,6,7,1,1,1.0,Clean,train
SystemInfoView,0,1.0,35,12.5,1.5,1,6,7,4,4,0.25,Clean,train
ManagementCommandsView,0,1.0,18,4.0,1.0,1,6,6,0,0,0.0,Clean,train
FlagBrokenBuilds,0,1.0,18,6.0,2.0,0,6,7,5,4,0.4,Clean,test
LoadtestReportView,0,1.0,83,36.0,6.5,1,6,7,14,9,0.2857,Long Method,train
DownloadMALTView,0,1.0,23,7.5,2.0,1,6,6,2,2,0.5,Clean,train
_,0,0.0,1,0.0,0.0,0,0,0,0,0,0.0,Clean,test
PillowErrorsReport,0,0.9358974358974359,130,6.769230769230769,1.4615384615384615,0,1,0,17,4,0.7059,Clean,train
EditPillowError,0,0.9,91,15.8,4.2,0,0,1,20,11,0.15,Long Method,test
GaTracker,0,0.0,7,2.0,1.0,0,0,0,0,0,0.0,Clean,train
MaintenanceAlert,0,0.0,13,2.0,1.0,0,0,0,0,0,0.0,Clean,train
Meta,0,0.0,2,0.0,0.0,0,0,0,0,0,0.0,Clean,test
IndicatorCRUDFormRequestManager,0,0.0,9,4.0,3.0,0,0,0,0,0,0.0,Clean,train
IndicatorAdminCRUDManager,0,0.8333333333333334,25,3.75,1.5,0,2,2,1,1,1.0,Clean,train
FormLabelIndicatorAdminCRUDManager,0,0.0,6,3.0,1.0,1,0,0,0,0,0.0,Clean,test
BaseFormIndicatorAdminCRUDManager,0,0.0,12,10.0,2.0,2,2,2,1,1,1.0,Clean,train
FormAliasIndicatorAdminCRUDManager,0,0.0,6,3.0,1.0,3,0,0,0,0,0.0,Clean,train
CaseDataInFormIndicatorAdminCRUDManager,0,0.0,6,3.0,1.0,3,0,0,0,0,0.0,Clean,train
FormDataInCaseAdminCRUDManager,0,0.0,6,3.0,1.0,3,0,0,0,0,0.0,Clean,train
BaseDynamicIndicatorCRUDManager,0,0.0,6,3.0,1.0,1,0,0,0,0,0.0,Clean,train
CouchIndicatorCRUDManager,0,1.0,18,7.0,2.5,2,2,2,0,0,0.0,Clean,train
CombinedCouchIndicatorCRUDManager,0,0.0,6,3.0,1.0,2,0,0,0,0,0.0,Clean,test
_ReportQuickCache,0,0.0,12,7.0,5.0,0,0,0,3,2,0.6667,Clean,train
CaseMetaException,0,0.0,2,0.0,0.0,0,1,0,0,0,0.0,Clean,train
FormQuestionOption,0,0.0,3,0.0,0.0,0,0,0,0,0,0.0,Clean,train
FormQuestion,0,1.0,27,5.5,2.5,0,0,0,0,0,0.0,Clean,train
FormQuestionResponse,0,0.0,12,8.0,4.0,1,0,0,1,1,1.0,Clean,test
ConditionalFormQuestionResponse,0,0.0,3,0.0,0.0,0,1,0,0,0,0.0,Clean,train
QuestionList,0,0.0,2,0.0,0.0,0,0,0,0,0,0.0,Clean,train
ConditionList,0,0.0,2,0.0,0.0,0,1,0,0,0,0.0,Clean,test
CaseFormMeta,0,0.0,5,0.0,0.0,0,1,0,0,0,0.0,Clean,train
CaseProperty,2,1.0,26,6.333333333333333,2.0,0,2,2,4,2,0.75,Clean,train
CaseTypeMeta,2,1.0,32,7.0,2.3333333333333335,0,1,2,4,4,0.25,Clean,test
AppCaseMetadata,2,1.0,59,8.333333333333334,2.0,0,0,6,10,4,0.4,Feature Envy,test
Migration,0,0.0,12,0.0,0.0,0,0,0,0,0,0.0,Clean,train
ExportConfiguration,0,0.7272727272727273,92,6.636363636363637,2.0,0,0,0,5,4,0.4,Clean,train
Constant,0,0.0,5,2.0,1.0,0,0,0,0,0,0.0,Clean,test
FormattedRow,0,0.7142857142857143,71,6.75,2.25,0,0,0,0,0,0.0,Clean,test
Migration,0,1.0,44,10.0,1.0,0,0,0,2,1,1.0,Clean,test
Migration,0,0.0,27,0.0,0.0,0,0,0,0,0,0.0,Clean,test
MCHBaseReport,0,0.9722222222222222,105,8.0,2.0,0,0,2,2,2,0.5,Clean,train
MotherMCHRegister,0,1.0,182,57.0,1.3333333333333333,1,1,0,67,1,1.0,Feature Envy,train
ChildMCHRegister,0,1.0,114,34.0,1.3333333333333333,1,1,0,37,1,1.0,Feature Envy,train
EWSGlobalStats,0,0.0,4,0.0,0.0,0,0,0,0,0,0.0,Clean,train
InputStockView,0,0.0,91,27.333333333333332,5.333333333333333,0,0,0,20,10,0.25,Clean,test
EWSUserExtensionView,0,0.3333333333333333,33,8.333333333333334,1.6666666666666667,0,0,0,10,6,0.2,Clean,train
DashboardPageView,0,0.0,36,34.0,10.0,0,0,0,14,10,0.1429,Clean,train
InventoryHistoryData,0,1.0,38,13.5,4.0,0,1,0,5,4,0.4,Clean,train
RegistrationData,0,0.5,40,7.0,2.5,0,1,0,3,2,0.6667,Clean,train
RandRHistory,0,0.0,9,2.0,1.0,0,1,0,1,1,1.0,Clean,train
Notes,0,1.0,29,9.5,1.5,0,1,0,7,3,0.7143,Feature Envy,train
RecentMessages,0,1.0,38,8.666666666666666,1.3333333333333333,0,1,0,7,3,0.7143,Feature Envy,train
FacilityDetailsReport,5,1.0,34,6.666666666666667,1.6666666666666667,0,0,5,0,0,0.0,Clean,train
MVPDaysSinceLastTransmissionForm,0,0.0,2,0.0,0.0,0,0,0,0,0,0.0,Clean,train
MVPActiveCasesForm,0,0.0,8,3.0,2.0,0,0,0,0,0,0.0,Clean,train
MVPChildCasesByAgeForm,0,0.0,12,4.0,1.0,1,0,0,0,0,0.0,Clean,train
Memcache,1,0.9,27,3.4,1.0,0,0,1,0,0,0.0,Clean,test
MemcachePipeline,0,0.0,5,4.0,1.0,0,1,0,0,0,0.0,Clean,train
Pycassa,0,0.7,23,3.2,1.0,0,1,1,0,0,0.0,Clean,train
PycassaCluster,0,0.0,19,14.0,1.0,0,1,1,0,0,0.0,Clean,test
TabularInline,0,0.0,2,0.0,0.0,0,0,0,0,0,0.0,Clean,train
PagePermissionInlineAdmin,0,1.0,66,18.333333333333332,5.0,1,1,3,9,5,0.5556,Feature Envy,test
ViewRestrictionInlineAdmin,0,1.0,31,9.5,1.5,2,1,2,3,3,0.3333,Clean,train
GlobalPagePermissionAdmin,0,1.0,42,12.5,4.0,0,0,0,1,1,1.0,Clean,train
GenericCmsPermissionAdmin,0,0.8333333333333334,46,9.5,2.75,0,1,0,5,5,0.2,Clean,test
UnalteredPM,0,0.0,3,0.0,0.0,0,0,0,0,0,0.0,Clean,train
NoRelNmePM,0,0.0,4,0.0,0.0,0,0,0,0,0,0.0,Clean,train
NoRelQNmePM,0,0.0,4,0.0,0.0,0,0,0,0,0,0.0,Clean,train
CustomRelQNmePM,0,0.0,4,0.0,0.0,0,0,0,0,0,0.0,Clean,train
CustomRelNmePM,0,0.0,4,0.0,0.0,0,0,0,0,0,0.0,Clean,test
CustomRelNmeAndRelQNmePM,0,0.0,4,0.0,0.0,0,0,0,0,0,0.0,Clean,train
Migration,0,1.0,50,13.0,1.0,0,0,0,3,1,1.0,Clean,train
Migration,0,0.0,25,0.0,0.0,0,0,0,0,0,0.0,Clean,train
ContentTypeManager,0,0.3888888888888889,137,14.0,2.4444444444444446,0,0,1,9,4,0.4444,Clean,train
ContentType,0,0.7333333333333333,45,4.666666666666667,1.3333333333333333,0,1,0,2,2,0.5,Clean,train
Meta,0,0.0,5,0.0,0.0,0,0,0,0,0,0.0,Clean,train
SpatialReference,0,0.353968253968254,293,6.25,1.6111111111111112,0,0,0,31,3,0.871,Long Method,test
CoordTransform,0,0.6666666666666666,20,5.0,2.0,0,0,0,6,3,0.3333,Clean,train
ListMixin,0,1.0,308,7.862068965517241,2.5172413793103448,0,0,0,3,2,0.6667,God Class,train
StaticFilesHandler,0,0.8571428571428571,56,5.857142857142857,1.7142857142857142,0,0,0,6,5,0.3333,Clean,train
Command,0,1.0,32,12.0,3.0,0,0,0,3,2,0.6667,Clean,train
DatabaseClient,0,0.0,7,4.0,1.0,0,0,0,0,0,0.0,Clean,train
MigrationAutodetector,0,0.765079365079365,1142,30.333333333333332,7.555555555555555,0,0,0,91,32,0.1429,God Class,train
MigrationRecorder,0,0.5714285714285714,75,5.857142857142857,1.2857142857142858,0,0,0,1,1,1.0,Clean,train
Migration,0,0.0,12,2.0,1.0,0,0,0,0,0,0.0,Clean,train
Meta,0,0.0,4,0.0,0.0,0,0,0,0,0,0.0,Clean,train
Loader,0,0.6888888888888889,157,14.5,3.0,0,0,0,5,3,0.6,Clean,test
BRStateField,0,1.0,16,4.5,1.0,0,0,0,0,0,0.0,Clean,train
MKIdentityCardNumberField,0,1.0,20,3.6666666666666665,1.0,0,2,5,0,0,0.0,Clean,train
MKMunicipalityField,0,1.0,17,4.5,1.0,0,2,4,0,0,0.0,Clean,train
UMCNField,0,1.0,29,3.6666666666666665,1.0,0,2,5,0,0,0.0,Clean,train
Migration,0,0.0,39,0.0,0.0,0,0,0,0,0,0.0,Clean,train
Migration,0,1.0,100,8.5,2.0,0,0,0,8,5,0.375,Feature Envy,train
Migration,0,1.0,108,6.0,1.0,0,0,0,3,1,1.0,Clean,train
Command,0,0.6,242,38.833333333333336,9.166666666666666,0,0,0,10,7,0.3,Long Method,test
Command,0,1.0,34,14.0,2.5,0,0,0,6,5,0.3333,Feature Envy,test
Migration,0,0.0,15,0.0,0.0,0,0,0,0,0,0.0,Clean,train
CatalogueApplication,0,0.0,102,53.0,1.0,0,0,0,0,0,0.0,Clean,train
ExpressTransactionAdmin,0,0.0,19,0.0,0.0,0,0,0,0,0,0.0,Clean,test
Command,0,0.0,43,38.0,5.0,0,0,0,10,5,0.5,Feature Envy,train
GeometryField,1,1.0,36,6.75,3.0,0,1,1,2,1,1.0,Clean,train
GeometrySerializerMethodField,1,0.0,11,10.0,2.0,0,0,2,2,1,1.0,Clean,test
GeoJsonDict,0,0.0,14,8.0,1.0,0,2,0,0,0,0.0,Clean,test
HStoreQuerysetMixin,0,0.2,52,8.4,2.0,0,1,0,4,2,0.75,Clean,train
HStoreQueryset,0,0.0,2,0.0,0.0,1,1,0,0,0,0.0,Clean,train
HStoreManagerMixin,0,1.0,14,2.0,1.0,0,0,4,0,0,0.0,Clean,train
HStoreManager,1,0.0,3,2.0,1.0,1,1,1,0,0,0.0,Clean,train
AgreementDetailView,0,0.0,26,5.0,1.0,0,2,2,1,1,1.0,Clean,train
AgreementListView,0,0.0,29,8.0,2.0,0,2,2,2,1,1.0,Clean,train
SignatureForm,0,0.0,12,0.0,0.0,0,0,0,0,0,0.0,Clean,test
AgreementSignView,0,0.0,46,7.0,2.0,0,2,2,3,3,0.3333,Clean,test
Meta,0,0.0,3,0.0,0.0,0,0,0,0,0,0.0,Clean,train
DndEditionSitemap,0,0.0,3,2.0,1.0,0,0,0,1,1,1.0,Clean,train
RulebookSitemap,0,0.0,3,2.0,1.0,0,0,0,1,1,1.0,Clean,train
CharacterClassSitemap,0,0.0,3,2.0,1.0,0,0,0,1,1,1.0,Clean,train
CharacterClassVariantSitemap,0,0.0,3,2.0,1.0,0,0,0,1,1,1.0,Clean,train
DomainSitemap,0,0.0,3,2.0,1.0,0,0,0,1,1,1.0,Clean,train
SpellDescriptorSitemap,0,0.0,3,2.0,1.0,0,0,0,1,1,1.0,Clean,train
SpellSchoolSitemap,0,0.0,3,2.0,1.0,0,0,0,1,1,1.0,Clean,test
SpellSubSchoolSitemap,0,0.0,3,2.0,1.0,0,0,0,1,1,1.0,Clean,train
SpellSitemap,0,0.0,3,2.0,1.0,0,0,0,1,1,1.0,Clean,train
FeatCategorySitemap,0,0.0,3,2.0,1.0,0,0,0,1,1,1.0,Clean,test
SkillSitemap,0,0.0,3,2.0,1.0,0,0,0,1,1,1.0,Clean,train
FeatSitemap,0,0.0,4,3.0,1.0,0,0,0,1,1,1.0,Clean,train
BaseGroupBy,0,0.8,41,5.0,1.1666666666666667,0,3,0,0,0,0.0,Clean,train
GroupByCol,0,0.0,25,10.5,1.5,1,0,2,0,0,0.0,Clean,train
GroupByDateYear,0,1.0,12,5.0,1.5,1,0,2,1,1,1.0,Clean,test
GroupByDateMonth,0,1.0,16,4.333333333333333,1.3333333333333333,1,2,1,2,1,1.0,Clean,test
BaseProcessData,0,0.75,131,13.125,3.625,0,2,0,2,2,0.5,Long Method,train
DirectProcessData,0,0.0,13,11.0,4.0,1,0,2,0,0,0.0,Clean,test
GroupByProcessData,0,0.0,19,11.0,4.0,1,0,2,0,0,0.0,Clean,test
_RulesReader,0,0.0,50,47.0,2.0,0,2,0,2,2,0.5,Clean,train
CreateMapping,0,1.0,27,11.5,1.0,0,3,4,5,4,0.4,Clean,train
DeleteMapping,0,1.0,16,6.0,1.0,0,3,3,3,3,0.3333,Clean,test
ListMapping,0,0.0,12,9.0,1.0,0,0,0,2,2,0.5,Clean,train
SetMapping,0,1.0,32,14.0,1.5,0,3,4,5,4,0.4,Clean,train
ShowMapping,0,1.0,19,7.5,1.0,0,3,3,4,4,0.25,Clean,train
RainbowCompleter,0,0.0,48,22.5,4.5,0,0,0,2,2,0.5,Clean,test
MessagesBase,0,1.0,9,2.0,1.0,0,0,0,1,1,1.0,Clean,train
Message,0,0.0,4,2.0,1.0,1,1,0,1,1,1.0,Clean,train
Messages,0,0.0,45,42.0,1.0,1,1,0,4,4,0.25,Clean,train
ShortCodesBase,0,1.0,9,2.0,1.0,0,0,0,1,1,1.0,Clean,train
ShortCode,0,0.0,3,0.0,0.0,1,1,0,0,0,0.0,Clean,test
ShortCodes,0,1.0,37,16.5,1.0,1,1,0,5,4,0.4,Clean,train
SMS,4,1.0,45,3.75,1.0,0,0,4,2,1,1.0,Clean,train
DelayablePractice,0,1.0,36,10.0,1.6666666666666667,0,0,0,5,4,0.4,Clean,test
Meta,0,0.0,2,0.0,0.0,0,0,0,0,0,0.0,Clean,train
JobCache,0,0.6666666666666666,198,17.0,2.5,0,0,0,12,4,0.5,Clean,train
K,0,0.0,15,2.0,1.0,0,0,0,1,1,1.0,Clean,test
XMLGenerator,0,0.8461538461538461,79,4.846153846153846,1.6153846153846154,0,1,1,2,2,0.5,Clean,test
XMLFilterBase,0,0.6878306878306878,108,2.1785714285714284,1.0,0,1,11,0,0,0.0,Clean,train
CEnumMeta,0,0.0,6,5.0,2.0,0,1,1,1,1,1.0,Clean,train
_CEnum,0,0.0,6,5.0,1.0,0,1,1,1,1,1.0,Clean,train
Channel,0,0.0,5,0.0,0.0,0,0,0,0,0,0.0,Clean,train
UnknownResponse,0,0.0,2,0.0,0.0,0,1,0,0,0,0.0,Clean,train
ServiceFail,0,0.0,2,0.0,0.0,0,1,0,0,0,0.0,Clean,train
OAuthAccess,4,0.8169934640522876,235,11.555555555555555,2.7777777777777777,0,0,5,24,15,0.1667,God Class,train
Client,0,0.0,57,51.0,13.0,0,1,0,5,1,1.0,Long Method,train
OAuth20Token,0,0.0,11,4.0,1.5,0,1,0,0,0,0.0,Clean,train
Google,0,0.0,42,12.333333333333334,3.3333333333333335,0,0,0,4,2,0.75,Clean,test
ForumRegistryConfig,0,0.0,7,2.0,1.0,0,0,0,0,0,0.0,Clean,train
PermissionHandler,0,0.9943181818181818,441,11.575757575757576,2.5757575757575757,0,0,0,40,22,0.125,God Class,train
IProviderExtensionRegistry,0,1.0,19,4.666666666666667,1.0,0,0,0,0,0,0.0,Clean,train
DataView,0,1.0,40,2.0,1.0,0,1,0,0,0,0.0,Data Class,train
Data,1,0.7333333333333333,85,9.5,1.8333333333333333,0,0,1,3,2,0.6667,Clean,train
DataAdapter,0,0.9722222222222222,61,5.111111111111111,1.0,0,0,0,0,0,0.0,Clean,train
CustomGridPlane,0,0.8333333333333334,192,8.23076923076923,2.1538461538461537,0,0,0,10,4,0.4,God Class,train
VolumeLUTManager,0,0.0,22,0.0,0.0,0,0,0,0,0,0.0,Clean,train
Volume,0,0.7132352941176471,332,12.588235294117647,2.7058823529411766,0,0,0,34,16,0.2647,God Class,train
CallbackCSVLoader,0,0.0,13,4.0,2.0,0,1,0,0,0,0.0,Clean,train
CSVSourceFactory,1,0.0,20,7.5,1.0,0,0,1,1,1,1.0,Clean,train
TVTKGenerator,0,0.13333333333333333,173,26.333333333333332,4.666666666666667,0,0,0,17,11,0.1765,Clean,train
TraitsTaskPane,0,0.6666666666666666,39,5.666666666666667,1.3333333333333333,0,0,0,0,0,0.0,Clean,test
SplashScreen,0,0.3333333333333333,100,22.666666666666668,2.3333333333333335,0,0,0,5,3,0.6,Data Class,train
WindowEvent,0,0.0,7,0.0,0.0,0,0,0,0,0,0.0,Clean,train
VetoableWindowEvent,0,0.0,4,0.0,0.0,1,0,0,0,0,0.0,Clean,test
SizedPanel,0,0.0,36,9.0,1.0,0,0,0,0,0,0.0,Clean,test
Person,0,0.0,7,0.0,0.0,0,0,0,0,0,0.0,Clean,train
Team,0,0.0,16,0.0,0.0,0,0,0,0,0,0.0,Clean,train
archive,0,1.0,60,24.5,5.5,0,0,0,16,8,0.375,Clean,train
SUPERSID_PLOT,0,1.0,170,55.666666666666664,12.666666666666666,0,0,0,23,8,0.2174,Long Method,train
NAMDownloadException,0,0.0,10,4.0,1.5,0,0,0,0,0,0.0,Clean,train
_Default,0,0.0,15,2.0,1.0,0,1,0,0,0,0.0,Data Class,train
_XmlRemote,0,0.7,44,7.8,1.4,0,2,0,1,1,1.0,Clean,train
XmlManifest,2,0.844804318488529,845,20.358974358974358,5.410256410256411,0,1,5,97,40,0.1856,God Class,train
GitcManifest,0,1.0,20,5.333333333333333,1.3333333333333333,1,1,3,3,3,0.3333,Clean,train
Download,0,1.0,79,22.0,6.0,0,0,0,14,6,0.4286,Long Method,train
Start,0,1.0,85,36.5,9.0,0,0,0,18,6,0.5556,Long Method,test
RevertError,0,0.0,3,0.0,0.0,0,0,0,0,0,0.0,Clean,train
RevisionManagementError,0,0.0,3,0.0,0.0,0,0,0,0,0,0.0,Clean,train
RegistrationError,0,0.0,3,0.0,0.0,0,0,0,0,0,0.0,Clean,test
Analyzer,0,0.6,222,43.4,8.0,0,0,0,15,9,0.2,Long Method,train
ArpTable,0,0.5,12,2.0,1.0,0,2,2,0,0,0.0,Clean,train
MacTable,0,0.4,15,2.0,1.0,0,2,2,0,0,0.0,Clean,train
Midget,0,0.8840579710144928,1238,16.594202898550726,4.507246376811594,0,2,7,151,40,0.1258,God Class,train
MyReport,0,1.0,31,12.0,1.0,0,0,0,2,1,1.0,Clean,train
MyReport,0,0.0,20,11.0,1.0,0,0,0,2,1,1.0,Clean,test
GrammarBase,0,0.6,39,5.5,1.6666666666666667,0,0,0,5,5,0.2,Clean,train
_Configuration,0,0.0,48,8.6,3.4,0,1,0,5,3,0.4,Clean,train
Configuration,0,0.47058823529411764,395,22.11764705882353,3.2941176470588234,1,0,1,7,5,0.2857,Long Method,train
AchievementsPlugin,0,0.4222222222222222,126,11.1,2.7,0,0,0,18,11,0.2222,Clean,train
Plugin,0,1.0,22,10.0,2.0,0,0,0,2,1,1.0,Clean,train
FileStorageCHMOD600,0,0.0,6,4.0,1.0,0,0,0,0,0,0.0,Clean,train
HostTable,0,0.0,25,0.0,0.0,0,0,0,0,0,0.0,Clean,test
Meta,0,0.0,4,0.0,0.0,0,0,0,0,0,0.0,Clean,train
ColorAttribute,0,1.0,53,10.75,1.25,0,0,0,1,1,1.0,Clean,train
ComponentInspector,0,0.0,88,26.666666666666668,3.3333333333333335,0,0,0,13,6,0.4615,Clean,train
KrakenWindow,1,0.6444444444444445,139,11.6,1.2,0,1,5,26,9,0.2692,Clean,train
OutputLogDialog,0,0.4642857142857143,65,6.0,1.0,0,1,3,9,6,0.4444,Clean,train
GraphView,0,0.865530303030303,636,16.303030303030305,3.8484848484848486,0,0,0,68,22,0.1471,God Class,train
APISettings,0,0.0,18,7.5,3.0,0,0,0,0,0,0.0,Clean,train
AdAsyncRequestSetNotificationResult,0,1.0,22,3.5,1.0,0,0,0,0,0,0.0,Clean,test
Field,0,0.0,3,0.0,0.0,0,0,0,0,0,0.0,Clean,train
AdPlacePageSet,0,0.8,87,10.166666666666666,1.6666666666666667,0,0,0,4,1,1.0,Clean,test
Field,0,0.0,6,0.0,0.0,0,0,0,0,0,0.0,Clean,train
Render,0,0.0,33,15.0,2.0,0,0,0,5,3,0.4,Clean,train
CapabilityView,0,0.0,16,11.0,1.0,0,0,0,2,2,0.5,Clean,train
HumansTxt,0,0.0,6,0.0,0.0,1,0,0,0,0,0.0,Clean,train
RsdXml,0,0.0,6,0.0,0.0,1,0,0,0,0,0.0,Clean,train
WLWManifestXml,0,0.0,6,0.0,0.0,1,0,0,0,0,0.0,Clean,train
OpenSearchXml,0,0.0,6,0.0,0.0,1,0,0,0,0,0.0,Clean,train
EntryTrackback,0,1.0,65,13.5,2.5,0,0,0,12,8,0.3333,Clean,train
CustomHTTPException,0,0.0,2,0.0,0.0,0,0,0,0,0,0.0,Clean,test
fetch_response,0,0.0,10,4.0,1.5,0,0,0,1,1,1.0,Clean,train
PickleBackend,0,0.0,51,24.0,2.5,0,0,0,9,6,0.2222,Clean,train
BaseRedisRouter,0,1.0,17,2.75,1.25,0,2,2,0,0,0.0,Clean,test
RedisCRC32HashRouter,0,0.0,14,5.0,1.5,1,2,2,1,1,1.0,Clean,train
RedisConsistentHashRouter,0,0.0,12,4.0,1.5,1,2,2,2,2,0.5,Clean,train
Singleton,0,0.0,7,4.0,2.0,0,0,0,0,0,0.0,Clean,train
FileHistory,0,0.8428030303030303,560,15.727272727272727,4.0,0,4,1,22,8,0.5909,God Class,train
OpenRecentlyClosedFileEvent,1,1.0,12,2.0,1.0,0,0,2,0,0,0.0,Clean,train
CleanupFileHistoryCommand,1,0.0,3,2.0,1.0,0,0,2,0,0,0.0,Clean,train
ResetFileHistoryCommand,1,0.0,3,2.0,1.0,0,0,2,0,0,0.0,Clean,train
OpenRecentlyClosedFileCommand,1,0.7777777777777778,197,18.2,4.6,0,2,10,0,0,0.0,Long Method,train
OpenRecentlyCloseFileCommandContextHandler,0,0.0,14,12.0,4.0,0,0,1,1,1,1.0,Clean,train
BBCgoodfoodMixin,0,1.0,82,38.0,4.5,0,0,0,8,7,0.25,Long Method,test
BBCgoodfoodcrawlSpider,0,0.0,14,0.0,0.0,0,0,0,0,0,0.0,Clean,train
FormattersSingleton,0,0.5238095238095238,41,4.142857142857143,1.5714285714285714,0,0,0,0,0,0.0,Clean,train
Formatter,0,1.0,21,3.75,1.0,0,6,0,0,0,0.0,Clean,train
JSONFormatter,0,1.0,17,3.0,1.6666666666666667,1,5,12,2,1,1.0,Clean,train
JSONPFormatter,0,1.0,19,3.6666666666666665,2.0,1,5,6,4,3,0.5,Clean,train
ValueFormatter,0,1.0,17,3.0,1.6666666666666667,1,5,12,0,0,0.0,Clean,train
PickleFormatter,0,1.0,25,3.6666666666666665,2.0,1,5,12,1,1,1.0,Clean,train
XMLFormatter,0,1.0,14,3.0,1.6666666666666667,1,5,12,0,0,0.0,Clean,test
YAMLFormatter,0,1.0,14,3.0,1.6666666666666667,1,5,12,0,0,0.0,Clean,test
Vector,0,0.7307692307692307,64,3.5384615384615383,1.3846153846153846,0,0,0,2,2,0.5,Clean,train
Cache,0,0.0,5,3.0,1.0,0,0,0,0,0,0.0,Clean,train
Mock,0,1.0,38,2.0,1.0,0,0,0,0,0,0.0,Clean,train
ResourceController,0,1.0,18,3.6666666666666665,1.6666666666666667,0,0,0,0,0,0.0,Clean,train
ExpedientPermission,0,0.0,48,3.0,1.0,0,0,0,0,0,0.0,Clean,test
ObjectPermission,0,0.0,94,27.5,4.0,0,1,0,5,4,0.4,Clean,train
Permittee,0,0.0,27,2.0,1.0,0,0,0,0,0,0.0,Clean,train
PermissionOwnership,0,0.0,27,4.0,1.0,0,0,0,0,0,0.0,Clean,train
PermissionRequest,0,1.0,34,4.0,1.0,0,0,1,0,0,0.0,Clean,test
Meta,0,0.0,4,0.0,0.0,0,0,0,0,0,0.0,Clean,train
Meta,0,0.0,2,0.0,0.0,0,0,0,0,0,0.0,Clean,train
Meta,0,0.0,2,0.0,0.0,0,0,0,0,0,0.0,Clean,train
PlanetLabSliceInfo,0,0.0,7,0.0,0.0,0,0,0,0,0,0.0,Clean,train
PlanetLabNetwork,0,0.6666666666666666,126,39.333333333333336,5.333333333333333,0,2,4,26,13,0.1923,Clean,train
PlanetLabNode,0,0.6666666666666666,95,26.666666666666668,4.0,0,2,4,19,8,0.3158,Clean,train
PlanetLabInterface,0,0.6666666666666666,73,17.333333333333332,2.6666666666666665,0,3,0,4,3,0.5,Clean,train
PlanetLabNodeSliver,0,0.0,3,0.0,0.0,0,0,0,0,0,0.0,Clean,train
PlanetLabNetworkSliver,0,0.0,3,0.0,0.0,0,0,0,0,0,0.0,Clean,test
PlanetLabAggregate,0,1.0,69,14.25,1.75,0,0,6,16,10,0.1875,Clean,train
Meta,0,0.0,2,0.0,0.0,0,0,0,0,0,0.0,Clean,test
SfaFault,0,0.0,5,4.0,2.0,0,41,41,0,0,0.0,Clean,train
OCFSfaPermissionDenied,0,0.0,5,4.0,1.0,1,41,41,1,1,1.0,Clean,train
OCFSfaError,0,0.0,5,4.0,1.0,1,41,41,1,1,1.0,Clean,test
SfaInvalidAPIMethod,0,0.0,6,5.0,2.0,1,41,41,1,1,1.0,Clean,train
SfaInvalidArgumentCount,0,0.0,9,8.0,2.0,1,41,41,1,1,1.0,Clean,train
SfaInvalidArgument,0,0.0,7,6.0,2.0,1,41,41,1,1,1.0,Clean,train
SfaAuthenticationFailure,0,0.0,4,3.0,1.0,1,41,41,1,1,1.0,Clean,test
SfaDBError,0,0.0,4,3.0,1.0,1,41,41,1,1,1.0,Clean,train
SfaPermissionDenied,0,0.0,4,3.0,1.0,1,41,41,1,1,1.0,Clean,train
SfaNotImplemented,0,0.0,6,5.0,2.0,1,41,41,1,1,1.0,Clean,train
SfaAPIError,0,0.0,4,3.0,1.0,1,41,41,1,1,1.0,Clean,train
MalformedHrnException,0,0.0,7,3.0,1.0,1,41,41,1,1,1.0,Clean,train
TreeException,0,0.0,7,3.0,1.0,1,41,41,1,1,1.0,Clean,train
NonExistingRecord,0,0.0,7,3.0,1.0,1,41,41,1,1,1.0,Clean,train
ExistingRecord,0,0.0,7,3.0,1.0,1,41,41,1,1,1.0,Clean,train
InvalidRPCParams,0,0.0,7,3.0,1.0,1,41,41,1,1,1.0,Clean,train
ConnectionKeyGIDMismatch,0,0.0,7,3.0,1.0,1,41,41,1,1,1.0,Clean,train
MissingCallerGID,0,0.0,7,3.0,1.0,1,41,41,1,1,1.0,Clean,train
RecordNotFound,0,0.0,7,3.0,1.0,1,41,41,1,1,1.0,Clean,train
UnknownSfaType,0,0.0,7,3.0,1.0,1,41,41,1,1,1.0,Clean,train
MissingAuthority,0,0.0,7,3.0,1.0,1,41,41,1,1,1.0,Clean,train
PlanetLabRecordDoesNotExist,0,0.0,7,3.0,1.0,1,41,41,1,1,1.0,Clean,train
PermissionError,0,0.0,7,3.0,1.0,1,41,41,1,1,1.0,Clean,train
InsufficientRights,0,0.0,7,3.0,1.0,1,41,41,1,1,1.0,Clean,test
MissingDelegateBit,0,0.0,7,3.0,1.0,1,41,41,1,1,1.0,Clean,train
ChildRightsNotSubsetOfParent,0,0.0,7,3.0,1.0,1,41,41,1,1,1.0,Clean,train
CertMissingParent,0,0.0,7,3.0,1.0,1,41,41,1,1,1.0,Clean,test
CertNotSignedByParent,0,0.0,7,3.0,1.0,1,41,41,1,1,1.0,Clean,train
GidParentHrn,0,0.0,7,3.0,1.0,1,41,41,1,1,1.0,Clean,test
GidInvalidParentHrn,0,0.0,7,3.0,1.0,1,41,41,1,1,1.0,Clean,train
SliverDoesNotExist,0,0.0,7,3.0,1.0,1,41,41,1,1,1.0,Clean,train
BadRequestHash,0,0.0,4,3.0,1.0,0,41,41,1,1,1.0,Clean,train
MissingTrustedRoots,0,0.0,7,3.0,1.0,1,41,41,1,1,1.0,Clean,test
MissingSfaInfo,0,0.0,7,3.0,1.0,1,41,41,1,1,1.0,Clean,train
InvalidRSpec,0,0.0,7,3.0,1.0,1,41,41,1,1,1.0,Clean,train
InvalidRSpecVersion,0,0.0,7,3.0,1.0,1,41,41,1,1,1.0,Clean,train
UnsupportedRSpecVersion,0,0.0,7,3.0,1.0,1,41,41,1,1,1.0,Clean,train
InvalidRSpecElement,0,0.0,7,3.0,1.0,1,41,41,1,1,1.0,Clean,train
InvalidXML,0,0.0,7,3.0,1.0,1,41,41,1,1,1.0,Clean,train
AccountNotEnabled,0,1.0,6,2.5,1.0,1,41,41,1,1,1.0,Clean,train
CredentialNotVerifiable,0,0.0,7,3.0,1.0,1,41,41,1,1,1.0,Clean,train
CertExpired,0,0.0,5,4.0,1.0,1,41,41,1,1,1.0,Clean,train
UnterminatedComment,0,0.0,2,0.0,0.0,0,1,0,0,0,0.0,Clean,train
UnterminatedStringLiteral,0,0.0,2,0.0,0.0,0,1,0,0,0,0.0,Clean,train
UnterminatedRegularExpression,0,0.0,2,0.0,0.0,0,1,0,0,0,0.0,Clean,train
JavascriptMinify,3,0.39285714285714285,154,18.125,7.625,0,0,3,0,0,0.0,Long Method,train
Migration,0,1.0,65,12.5,1.5,0,0,0,1,1,1.0,Clean,test
Migration,0,1.0,221,4.0,1.0,0,0,0,2,1,1.0,Clean,train
Migration,0,1.0,42,8.0,1.0,0,0,0,2,1,1.0,Clean,train
Migration,0,1.0,81,8.5,3.0,0,0,0,3,2,0.6667,Clean,train
Migration,0,1.0,76,6.0,3.0,0,0,0,3,1,1.0,Clean,train
Migration,0,1.0,366,55.0,1.0,0,0,0,5,1,1.0,Long Method,train
Migration,0,1.0,372,8.0,1.0,0,0,0,2,1,1.0,Clean,train
Migration,0,1.0,388,8.0,1.0,0,0,0,2,1,1.0,Clean,train
Migration,0,1.0,338,3.0,1.0,0,0,0,2,1,1.0,Clean,train
Migration,0,1.0,411,6.0,1.0,0,0,0,2,1,1.0,Clean,train
Migration,0,1.0,113,4.0,1.0,0,0,0,2,1,1.0,Clean,train
Migration,0,1.0,121,2.0,1.0,0,0,0,1,1,1.0,Clean,train
SMARTAlert,0,0.0,35,31.0,9.0,0,0,0,5,3,0.6,Clean,train
Migration,0,1.0,101,4.0,1.0,0,0,0,1,1,1.0,Clean,train
Migration,0,1.0,216,15.5,3.0,0,0,0,8,4,0.375,Feature Envy,train
Migration,0,1.0,164,6.5,3.0,0,0,0,3,1,1.0,Clean,test
LogisticRegression,0,0.8333333333333334,206,14.76923076923077,2.1538461538461537,0,2,12,2,2,0.5,God Class,test
BinaryClassifier,0,1.0,94,6.153846153846154,1.2307692307692308,1,2,22,0,0,0.0,Clean,train
MultiClassifier,0,0.8970588235294118,298,16.058823529411764,3.235294117647059,1,2,18,1,1,1.0,God Class,train
AdminUserListAPI,0,1.0,23,9.5,2.0,0,1,0,4,2,0.5,Clean,test
AdminUserAPI,0,1.0,15,5.5,2.0,0,0,1,4,3,0.5,Clean,test
RowParser,0,1.0,20,2.0,1.0,0,1,0,0,0,0.0,Clean,train
RowFilter,0,0.0,7,2.0,1.0,0,1,0,0,0,0.0,Clean,train
DateRangeFilter,0,0.0,11,4.5,3.0,1,2,0,0,0,0.0,Clean,train
BaseFeed,0,0.0,20,5.666666666666667,2.3333333333333335,0,1,11,1,1,1.0,Clean,train
BasicRowParser,0,0.6,31,5.2,1.8,1,2,0,2,2,0.5,Clean,train
Feed,2,0.8333333333333334,41,4.25,1.25,1,1,8,0,0,0.0,Clean,train
Session,0,0.6666666666666666,19,5.0,1.3333333333333333,0,0,0,3,2,0.6667,Clean,train
Gears,0,0.9487179487179487,107,6.923076923076923,2.076923076923077,0,0,0,18,7,0.3889,Clean,train
MScale,0,1.0,110,51.0,10.0,0,0,0,4,2,0.75,Long Method,train
SensorML,1,0.0,11,10.0,4.0,0,12,1,1,1,1.0,Clean,train
Member,4,0.0,11,10.0,5.0,0,1,4,1,1,1.0,Clean,test
PropertyGroup,0,0.3333333333333333,26,7.666666666666667,2.3333333333333335,0,12,0,4,4,0.25,Clean,train
ConstraintGroup,1,0.0,7,6.0,1.0,0,12,1,2,1,1.0,Clean,train
Documentation,1,0.0,5,4.0,1.0,0,14,1,1,1,1.0,Clean,train
Document,1,0.0,12,11.0,2.0,0,13,1,1,1,1.0,Data Class,test
Right,1,0.0,7,6.0,1.0,0,13,1,1,1,1.0,Clean,train
ReferenceGroup,2,0.0,14,6.0,1.5,0,12,2,4,4,0.25,Clean,test
GeneralInfoGroup,2,0.3333333333333333,25,7.333333333333333,1.6666666666666667,0,12,2,6,5,0.3333,Clean,train
Contact,0,0.0,15,14.0,1.0,0,14,0,1,1,1.0,Data Class,train
HistoryGroup,1,0.0,15,6.5,2.5,0,12,1,3,3,0.3333,Clean,train
Event,0,0.0,7,6.0,1.0,1,12,29,1,1,1.0,Clean,train
MetadataGroup,0,0.0,7,6.0,1.0,1,11,29,0,0,0.0,Clean,train
AbstractFeature,0,0.0,5,4.0,1.0,0,12,0,1,1,1.0,Clean,train
AbstractProcess,0,0.0,10,9.0,1.0,1,11,29,1,1,1.0,Clean,train
AbstractRestrictedProcess,0,0.0,6,4.0,1.0,1,11,29,0,0,0.0,Clean,train
AbstractPureProcess,0,0.0,10,9.0,1.0,2,11,29,1,1,1.0,Data Class,train
ProcessModel,1,0.0,4,3.0,1.0,3,12,30,1,1,1.0,Data Class,test
CompositePropertiesGroup,0,0.0,6,5.0,1.0,0,12,0,1,1,1.0,Clean,train
PhysicalPropertiesGroup,1,0.0,21,20.0,2.0,0,12,1,2,1,1.0,Data Class,train
ProcessChain,0,0.0,4,3.0,1.0,3,12,29,0,0,0.0,Data Class,train
System,0,0.0,5,4.0,1.0,2,12,29,0,0,0.0,Clean,train
Component,1,0.0,5,4.0,1.0,2,12,30,1,1,1.0,Clean,train
Term,0,0.0,5,4.0,1.0,0,12,0,1,1,1.0,Clean,train
Classifier,0,0.0,4,3.0,1.0,1,12,29,0,0,0.0,Clean,train
Identifier,0,0.0,4,3.0,1.0,1,12,29,0,0,0.0,Clean,test
ProcessMethod,0,0.0,8,6.0,1.0,2,11,29,2,1,1.0,Clean,train
Interface,1,0.0,4,3.0,1.0,0,13,1,1,1,1.0,Clean,train
InterfaceDefinition,0,0.0,3,2.0,1.0,0,13,0,0,0,0.0,Clean,train
Link,0,0.0,3,2.0,1.0,0,12,0,0,0,0.0,Clean,train
ArrayLink,0,0.0,3,2.0,1.0,0,12,0,0,0,0.0,Clean,train
ProjectMemberIndexEndpoint,0,0.0,14,13.0,1.0,0,0,0,6,5,0.3333,Feature Envy,train
AuthView,0,0.0,15,6.0,1.0,0,0,0,0,0,0.0,Clean,train
ConfigureView,0,0.0,6,2.0,1.0,0,0,0,0,0,0.0,Clean,test
Migration,0,1.0,225,2.0,1.0,0,0,0,0,0,0.0,Clean,train
Migration,0,1.0,405,8.0,1.0,0,0,0,3,2,0.6667,Clean,train
BrokenRequestMiddleware,0,0.0,3,2.0,1.0,0,0,0,0,0,0.0,Clean,train
BrokenResponseMiddleware,0,0.0,3,2.0,1.0,0,0,0,0,0,0.0,Clean,train
BrokenViewMiddleware,0,0.0,3,2.0,1.0,0,0,0,0,0,0.0,Clean,train
SudoMiddleware,0,0.0,3,2.0,1.0,0,0,0,0,0,0.0,Clean,train
InvalidQuerySetError,0,0.0,2,0.0,0.0,0,0,0,0,0,0.0,Clean,train
RangeQuerySetWrapper,0,0.0,81,36.5,10.5,0,1,0,3,1,1.0,Long Method,train
RangeQuerySetWrapperWithProgressBar,1,0.0,8,7.0,2.0,1,0,3,0,0,0.0,Data Class,train
WithProgressBar,0,0.0,24,11.0,3.5,0,1,0,3,1,1.0,Clean,train
EverythingCollector,0,0.0,45,40.0,8.0,0,0,0,6,4,0.3333,Feature Envy,train
ReplayEventView,0,0.0,54,51.0,7.0,0,0,0,11,5,0.3636,Feature Envy,train
UserService,0,0.0,2,0.0,0.0,0,0,0,0,0,0.0,Clean,test
BackupInfo,0,0.0,46,2.0,1.0,0,0,0,0,0,0.0,Data Class,train
Snapshot,0,0.0,11,2.0,1.0,1,0,0,0,0,0.0,Data Class,train
LogConfiguration,0,0.0,31,2.0,1.0,0,0,0,0,0,0.0,Data Class,train
Meta,0,0.0,2,0.0,0.0,0,0,0,0,0,0.0,Clean,train
Meta,0,0.0,4,0.0,0.0,0,0,0,0,0,0.0,Clean,train
Migration,0,1.0,64,9.0,1.0,0,0,0,2,1,1.0,Clean,test
HostAttrInline,0,0.0,7,2.0,1.0,0,0,0,0,0,0.0,Clean,test
HostAttrNfsaasInline,0,0.0,7,2.0,1.0,0,0,0,0,0,0.0,Clean,train
HostAdmin,0,0.0,16,2.0,1.0,0,0,0,1,1,1.0,Clean,test
Migration,0,1.0,111,4.0,1.0,0,0,0,2,1,1.0,Clean,train
SwitchMaster,0,1.0,131,42.333333333333336,6.333333333333333,0,0,0,16,7,0.3125,Clean,train
ReplicateOldAcl,0,1.0,45,14.0,2.3333333333333335,0,0,0,7,5,0.2857,Feature Envy,train
StartTDAgent,0,1.0,73,23.0,3.6666666666666665,0,0,0,7,5,0.2857,Feature Envy,train
StopTDAgent,0,1.0,50,15.333333333333334,2.6666666666666665,0,0,0,7,5,0.2857,Feature Envy,train
StopDatabase,0,1.0,56,17.333333333333332,3.0,0,0,0,6,3,0.5,Feature Envy,train
SpecItem,0,0.0,3,2.0,1.0,0,6,0,0,0,0.0,Clean,train
NamedItem,0,0.0,4,3.0,1.0,1,5,9,0,0,0.0,Clean,train
APISpecification,0,0.0,9,3.5,1.0,1,6,0,0,0,0.0,Clean,train
Path,0,0.0,5,4.0,1.0,2,5,9,0,0,0.0,Clean,test
Resource,0,0.0,10,4.0,1.5,2,5,9,0,0,0.0,Clean,train
Param,0,0.0,8,7.0,1.0,2,5,9,0,0,0.0,Data Class,train
Method,0,0.0,5,4.0,1.0,2,5,9,0,0,0.0,Clean,train
APIError,0,0.0,4,3.0,1.0,1,5,9,0,0,0.0,Clean,train
DocumentationHelpers,0,0.0,5,3.0,1.0,0,2,0,0,0,0.0,Clean,train
SwaggerSpecification,0,0.8571428571428571,67,7.25,2.0,0,6,1,11,2,0.8182,Clean,train
WADLSpecification,0,0.2857142857142857,37,4.142857142857143,1.1428571428571428,0,6,1,6,1,1.0,Clean,train
Rectangle,0,0.4,52,8.4,1.8,0,0,0,4,1,1.0,Clean,train
DatabaseWrapper,0,0.0,6,5.0,1.0,0,0,0,0,0,0.0,Clean,train
_ConnDialect,0,1.0,19,2.0,1.0,0,2,3,3,1,1.0,Clean,train
Pool,1,0.9358974358974359,284,20.307692307692307,2.5384615384615383,0,7,11,11,9,0.1818,God Class,train
_ConnectionRecord,1,0.4444444444444444,166,12.88888888888889,2.7777777777777777,0,9,13,10,4,0.5,Clean,train
_ConnectionFairy,0,0.5512820512820513,213,11.23076923076923,2.5384615384615383,0,9,12,17,8,0.2941,Clean,train
SingletonThreadPool,0,0.38095238095238093,77,7.571428571428571,2.0,1,5,13,3,3,0.3333,Clean,train
QueuePool,0,0.3181818181818182,150,10.833333333333334,2.0833333333333335,1,5,23,6,4,0.5,Clean,train
NullPool,0,1.0,40,3.8,1.0,1,4,7,1,1,1.0,Clean,train
StaticPool,1,0.9642857142857143,46,3.25,1.125,1,7,6,0,0,0.0,Clean,train
AssertionPool,0,0.6,60,6.5,2.0,1,5,13,1,1,1.0,Clean,train
_DBProxy,0,0.7142857142857143,89,9.125,1.625,0,7,3,2,2,0.5,Clean,train
CiscoXR,0,0.0,25,18.0,2.0,0,0,0,0,0,0.0,Clean,train
CiscoXrDevice,0,1.0,22,7.5,2.5,0,0,0,1,1,1.0,Clean,test
VolumeTypes,0,0.0,29,26.0,8.0,0,0,0,13,4,0.4615,Feature Envy,train
Error,0,0.0,2,0.0,0.0,0,0,0,0,0,0.0,Clean,test
Configuration,0,0.6428571428571429,31,2.875,1.125,0,0,0,0,0,0.0,Data Class,test
NotificationCount,0,0.0,18,15.0,3.0,0,0,1,7,4,0.2857,Feature Envy,train
NotificationBar,0,0.0,44,5.0,1.0,0,2,2,1,1,1.0,Clean,train
UpdateSettingsFlow,0,0.0,14,6.0,1.0,0,0,0,5,3,0.4,Clean,train
UserSettingsDialog,0,1.0,43,9.0,1.3333333333333333,0,3,2,10,6,0.3,Clean,train
ResetUserNotifications,0,0.0,11,4.0,1.0,0,0,0,4,3,0.5,Clean,train
ViewNotifications,0,1.0,112,24.75,5.5,0,2,2,20,12,0.2,Long Method,train
Error,0,0.0,2,0.0,0.0,0,0,0,0,0,0.0,Clean,train
ErrorInvalidClientApprovalAuthorization,0,0.0,2,0.0,0.0,1,1,0,0,0,0.0,Clean,train
ErrorInvalidApprovers,0,0.0,2,0.0,0.0,1,0,0,0,0,0.0,Clean,test
ErrorInvalidApprovalSpec,0,0.0,2,0.0,0.0,1,0,0,0,0,0.0,Clean,train
ClientApprovalAuthorization,1,1.0,42,3.75,2.0,0,0,1,3,3,0.3333,Clean,train
ClientApprovalAuthorizationManager,0,0.5,68,15.25,3.75,0,1,0,12,7,0.3333,Clean,train
ClientApprovalAuthorizationInit,1,0.0,5,3.0,1.0,0,0,1,0,0,0.0,Clean,train
Netstat,0,0.6666666666666666,40,9.666666666666666,1.6666666666666667,0,0,0,9,5,0.3333,Feature Envy,train
HuntRunnerArgs,0,0.0,9,6.0,3.0,0,2,0,0,0,0.0,Clean,train
UrnCollection,0,0.0,2,0.0,0.0,0,0,0,0,0,0.0,Clean,train
HuntErrorCollection,0,0.0,2,0.0,0.0,0,0,0,0,0,0.0,Clean,train
PluginStatusCollection,0,0.0,2,0.0,0.0,0,0,0,0,0,0.0,Clean,train
HuntRunner,1,0.47619047619047616,418,18.142857142857142,2.2857142857142856,0,1,6,40,23,0.125,Long Method,train
GRRHunt,1,0.85,529,10.658536585365853,1.975609756097561,0,1,6,70,32,0.1,God Class,train
HuntInitHook,0,0.0,5,3.0,1.0,0,0,0,1,1,1.0,Clean,train
SchemaCls,0,0.0,22,0.0,0.0,0,0,0,0,0,0.0,Clean,train
PlistRequest,0,0.0,2,0.0,0.0,0,0,0,0,0,0.0,Clean,train
FilterString,0,0.0,14,6.0,2.0,0,0,0,2,2,0.5,Clean,train
PlistQuery,0,0.0,2,0.0,0.0,1,0,0,0,0,0.0,Clean,train
LaunchdPlist,0,0.0,2,0.0,0.0,0,0,0,0,0,0.0,Clean,train
LaunchdKeepAlive,0,0.0,2,0.0,0.0,0,0,0,0,0,0.0,Clean,test
LaunchdStartCalendarIntervalEntry,0,0.0,2,0.0,0.0,0,0,0,0,0,0.0,Clean,train
PlistBoolDictEntry,0,0.0,2,0.0,0.0,0,0,0,0,0,0.0,Clean,train
PlistStringDictEntry,0,0.0,2,0.0,0.0,0,0,0,0,0,0.0,Clean,test
Error,0,0.0,2,0.0,0.0,0,0,0,0,0,0.0,Clean,train
DuplicateNameException,0,0.0,2,0.0,0.0,1,3,0,0,0,0.0,Clean,train
UnknownNameException,0,0.0,2,0.0,0.0,1,3,0,0,0,0.0,Clean,test
Schema,3,0.6666666666666666,82,5.7,1.9,0,3,10,0,0,0.0,Clean,train
Database,3,0.35714285714285715,70,7.25,2.25,0,3,8,0,0,0.0,Clean,train
Table,3,0.6043956043956044,123,7.357142857142857,1.7142857142857142,0,3,9,1,1,1.0,Clean,train
Column,0,0.5,21,3.75,1.25,0,3,3,0,0,0.0,Clean,train
ParsingState,0,0.0,5,3.0,1.0,0,0,0,0,0,0.0,Clean,train
AdminPanic,0,1.0,54,25.0,5.5,0,0,0,6,4,0.5,Feature Envy,train
PackageInfo,0,0.0,31,29.0,5.0,0,0,0,10,2,0.9,Feature Envy,train
AuthSessionCleanup,0,0.0,7,4.0,1.0,0,2,0,2,2,0.5,Clean,train
MarkComputersInactive,0,0.0,7,4.0,1.0,0,2,0,1,1,1.0,Clean,train
UpdateAverageInstallDurations,0,0.0,42,39.0,8.0,0,1,3,11,4,0.4545,Feature Envy,test
VerifyPackages,0,0.0,40,37.0,11.0,0,1,3,12,6,0.3333,Long Method,train
GtfsObjectBase,0,0.8888888888888888,102,5.7,2.6,0,0,0,1,1,1.0,Clean,test
GoogleOAuth2Client,0,1.0,21,6.5,1.0,0,2,0,0,0,0.0,Clean,train
GoogleRefreshTokenClient,0,0.0,82,19.333333333333332,1.6666666666666667,1,1,2,0,0,0.0,Clean,train
GoogleServiceAccountClient,0,0.0,90,24.333333333333332,2.0,1,1,2,1,1,1.0,Clean,test
ExtensionRegistry,0,0.0,7,4.0,1.0,0,1,0,1,1,1.0,Clean,train
Extension,0,1.0,87,7.428571428571429,1.2857142857142858,0,1,1,3,2,0.6667,Clean,train
InternationalizationExtension,0,0.8333333333333334,232,23.666666666666668,5.777777777777778,1,0,7,24,9,0.4167,Long Method,test
ExprStmtExtension,0,0.0,10,4.0,1.0,1,1,0,4,3,0.5,Clean,train
LoopControlExtension,0,0.0,9,5.0,2.0,1,1,0,5,3,0.4,Clean,train
WithExtension,0,0.0,19,15.0,3.0,1,1,0,7,3,0.5714,Feature Envy,train
AutoEscapeExtension,0,0.0,12,8.0,1.0,1,1,0,8,3,0.375,Feature Envy,test
_CommentFinder,0,0.0,35,8.666666666666666,3.6666666666666665,0,1,0,2,2,0.5,Clean,train
RangeIteratorFactory,3,1.0,60,12.5,1.0,0,4,8,0,0,0.0,Clean,train
RangeIterator,0,1.0,39,5.0,1.0,0,5,0,0,0,0.0,Clean,train
_PropertyRangeModelIterator,0,0.4,90,15.6,3.4,1,4,9,7,7,0.1429,Clean,test
_MultiPropertyRangeModelIterator,0,0.4,61,10.6,1.6,1,4,9,1,1,1.0,Clean,test
_KeyRangesIterator,0,0.4,65,11.4,2.2,1,4,9,4,4,0.25,Clean,train
AbstractKeyRangeIterator,0,0.9,59,9.2,1.8,0,4,12,5,5,0.2,Clean,test
KeyRangeModelIterator,0,0.0,31,13.5,4.0,1,1,0,2,2,0.5,Clean,train
KeyRangeEntityIterator,0,0.0,18,6.0,2.5,1,1,0,1,1,1.0,Clean,train
KeyRangeKeyIterator,0,0.0,4,0.0,0.0,2,0,0,0,0,0.0,Clean,train
KeyRangeEntityProtoIterator,0,0.0,25,10.5,2.0,1,1,0,4,3,0.5,Clean,train
ExtractUserAndTimestampDoFn,0,0.0,9,6.0,2.0,0,1,0,2,2,0.5,Clean,train
ComputeSessions,0,1.0,15,3.5,1.0,0,2,2,2,2,0.5,Clean,train
TopPerMonth,0,1.0,16,6.0,1.0,0,2,2,3,2,0.6667,Clean,train
SessionsToStringsDoFn,0,0.0,6,3.0,1.0,0,1,0,2,1,1.0,Clean,train
FormatOutputDoFn,0,0.0,9,6.0,2.0,0,1,0,2,1,1.0,Clean,test
ComputeTopSessions,5,0.0,16,6.0,1.0,0,2,7,0,0,0.0,Clean,train
TicTacToeApi,0,1.0,35,4.75,2.0,0,0,0,10,5,0.3,Feature Envy,train
Error,0,0.0,2,0.0,0.0,0,0,0,0,0,0.0,Clean,train
AppLoadError,0,0.0,3,0.0,0.0,1,0,0,0,0,0.0,Clean,test
StopHandler,0,0.0,5,3.0,1.0,0,2,0,0,0,0.0,Clean,test
HealthHandler,0,0.0,18,16.0,4.0,0,1,1,0,0,0.0,Clean,train
_MockedWsgiHandler,0,0.0,10,2.0,1.0,0,0,0,0,0,0.0,Clean,train
_StubOut,0,0.0,15,3.3333333333333335,1.3333333333333333,0,0,0,0,0,0.0,Clean,train
MetaWSGIApp,0,0.9272727272727272,364,30.0,5.7272727272727275,0,0,2,27,14,0.2593,God Class,train
InteractiveCommandError,0,0.0,2,0.0,0.0,0,1,0,0,0,0.0,Clean,train
_ScriptHandler,0,1.0,26,9.0,1.5,0,8,8,2,2,0.5,Clean,train
Module,2,0.9186991869918699,913,20.214285714285715,3.261904761904762,0,8,12,106,47,0.2075,God Class,train
AutoScalingModule,0,0.5857142857142857,391,16.666666666666668,2.9047619047619047,1,8,32,18,5,0.3333,Long Method,train
ManualScalingModule,0,0.6084656084656085,441,14.5,3.25,1,8,44,26,11,0.2692,Long Method,train
ExternalModule,1,0.7753623188405797,280,10.416666666666666,2.0833333333333335,1,8,39,17,7,0.2941,God Class,train
_ExternalInstanceFactory,1,0.0,29,6.5,1.0,0,7,9,1,1,1.0,Clean,train
_ExternalRuntimeProxy,0,0.0,15,6.0,1.0,0,7,8,2,2,0.5,Clean,test
BasicScalingModule,0,0.6103896103896104,384,16.045454545454547,3.4545454545454546,1,8,39,23,9,0.3478,Clean,test
InteractiveCommandModule,1,0.6,216,33.666666666666664,2.6666666666666665,1,8,24,8,5,0.25,Long Method,train
MainPage,0,0.0,17,12.0,1.0,0,0,0,3,2,0.6667,Clean,test
Photo,0,0.0,3,0.0,0.0,0,0,0,0,0,0.0,Clean,train
Thumbnailer,0,0.0,18,17.0,3.0,0,0,0,7,4,0.4286,Feature Envy,train
LogSenderHandler,0,0.0,16,15.0,3.0,0,0,0,3,2,0.6667,Clean,train
ActivityType,0,0.9,35,2.6,1.4,0,0,0,3,3,0.3333,Clean,train
Credentials,0,0.0,7,0.0,0.0,0,0,0,0,0,0.0,Clean,train
Load_Okapi,0,1.0,67,21.0,1.6666666666666667,0,0,0,4,4,0.25,Clean,train
WikiTarget,0,0.0,80,15.75,3.0,0,0,0,5,5,0.2,Clean,train
Cron,0,0.0,43,13.0,4.0,0,0,0,3,2,0.6667,Clean,train
PithosClient,0,0.9610855094726063,1526,23.142857142857142,3.1587301587301586,0,0,0,53,28,0.0943,God Class,train
Sentiment140Plugin,0,0.0,24,23.0,3.0,0,0,0,4,3,0.5,Clean,train
Migration,0,1.0,966,110.5,1.0,0,0,0,7,1,1.0,Feature Envy,train
AnalysisServer,3,0.8,233,9.9,1.8,0,3,4,34,17,0.1471,God Class,test
ResponseHandler,0,0.0,70,33.0,9.0,0,3,3,19,10,0.2105,Long Method,train
RequestHandler,0,0.0,27,11.5,3.0,0,3,4,3,2,0.6667,Clean,test
StdoutWatcher,0,0.0,36,17.0,3.0,0,3,3,4,2,0.75,Clean,train
JsonAdapter,0,1.0,23,8.0,1.5,0,0,0,1,1,1.0,Clean,train
SfmUiConsumer,0,0.0,120,22.2,3.8,0,0,0,32,10,0.375,Clean,test
PrefsUi,0,0.6666666666666666,72,23.0,1.0,0,0,0,13,2,0.5385,Clean,test
Migration,0,1.0,85,5.5,1.0,0,0,0,3,1,1.0,Clean,test
Migration,0,1.0,119,20.0,1.0,0,0,0,3,2,0.6667,Clean,train
Migration,0,0.0,17,0.0,0.0,0,0,0,0,0,0.0,Clean,train
ReadStream,0,0.30303030303030304,168,12.75,3.5833333333333335,0,0,0,8,4,0.5,Clean,train
SalesforceRestClientBase,0,0.9090909090909091,172,14.090909090909092,3.909090909090909,0,0,0,13,8,0.3077,God Class,train
BaseHandler,0,0.0,16,9.0,2.0,0,0,0,0,0,0.0,Clean,train
ViewHandler,0,0.0,8,5.0,1.0,1,0,0,0,0,0.0,Clean,train
APIHandler,0,1.0,50,20.5,3.0,1,0,0,1,1,1.0,Clean,train
UasStateIdle,0,0.0,70,67.0,16.0,0,0,0,11,4,0.6364,Feature Envy,train
SerialInstrument,0,0.0,14,8.0,1.0,0,0,0,0,0,0.0,Clean,train
View,0,1.0,49,14.5,1.0,0,0,1,3,2,0.6667,Clean,train
MethodViewType,0,0.0,16,14.0,6.0,0,0,0,3,3,0.3333,Clean,test
MethodView,0,0.0,25,4.0,1.0,1,1,0,1,1,1.0,Clean,train
GridToGoServer,1,1.0,22,9.5,1.5,0,1,1,4,3,0.5,Clean,train
Grid,0,0.3333333333333333,20,5.666666666666667,1.3333333333333333,0,1,1,1,1,1.0,Clean,test
GTGProtocol,1,0.16666666666666666,164,38.75,8.0,0,2,4,24,7,0.5417,Long Method,train
GTGFactory,1,0.0,27,12.5,2.5,0,1,1,7,4,0.2857,Clean,train
MqttAlarm,0,0.6944444444444444,76,6.777777777777778,1.7777777777777777,0,0,0,1,1,1.0,Clean,test
InstapushNotificationService,0,0.0,27,11.5,1.5,0,0,0,3,3,0.3333,Clean,train
Layer,0,0.5,20,2.4,1.0,0,1,0,0,0,0.0,Clean,train
Box,1,0.3787878787878788,125,9.25,2.75,0,0,1,4,2,0.75,Clean,train
NetworkTrafficGroupsExplainer,0,1.0,99,18.8,4.6,0,0,0,11,9,0.1818,Long Method,test
ServicesExplainer,0,1.0,78,14.6,2.4,0,0,0,7,6,0.2857,Clean,train
Node,0,0.0,63,18.666666666666668,2.6666666666666665,0,0,0,14,8,0.2143,Clean,train
Error,0,0.0,1,0.0,0.0,0,0,0,0,0,0.0,Clean,train
TimeConstructionError,0,0.0,1,0.0,0.0,1,0,0,0,0,0.0,Clean,train
WordpressdocCommand,0,0.0,7,6.0,3.0,0,0,0,1,1,1.0,Clean,train
PhpdocCommand,0,0.0,7,6.0,3.0,0,0,0,1,1,1.0,Clean,train
WordpressOpenConfigCommand,0,0.0,18,17.0,2.0,0,0,0,3,3,0.3333,Clean,test
WordpressOpenParentConfigCommand,0,0.0,30,24.0,3.0,0,0,0,0,0,0.0,Clean,train
WordpressDbSwitcherCommand,0,0.4,94,14.666666666666666,2.0,0,0,0,6,4,0.5,Clean,train
WordpressDebugToggleCommand,0,0.0,35,34.0,3.0,0,0,0,5,3,0.6,Clean,train
Migration,0,1.0,143,27.0,1.0,0,0,0,3,1,1.0,Clean,train
KayNullTranslations,0,1.0,15,3.0,1.0,0,0,1,0,0,0.0,Clean,train
_TranslationProxy,0,0.3446153846153846,94,2.230769230769231,1.0769230769230769,0,1,0,0,0,0.0,Clean,train
TrackingMeta,0,0.0,71,65.0,16.0,0,0,0,8,3,0.75,Feature Envy,test
Form,0,0.8095238095238095,607,24.285714285714285,4.285714285714286,0,0,0,18,8,0.4444,God Class,test
ResourceEndpoint,0,0.0,147,111.0,9.0,0,0,0,8,3,0.75,Feature Envy,test
RequestValidator,0,1.0,453,19.545454545454547,1.0,0,0,0,0,0,0.0,God Class,train
base16_ocean_light,0,0.0,91,0.0,0.0,0,0,0,0,0,0.0,Clean,train
FlowBuilder,0,0.0,13,5.0,1.5,0,0,0,1,1,1.0,Clean,test
RedirectBuilder,0,0.0,9,7.0,3.0,0,0,0,0,0,0.0,Clean,train
PreferenceAdmin,0,0.0,6,0.0,0.0,0,0,0,0,0,0.0,Clean,train
CalculatorLibrary,0,0.7,63,10.6,1.6,0,0,0,1,1,1.0,Clean,train
Pilot,0,0.9428571428571428,168,10.0,1.5333333333333334,0,0,0,0,0,0.0,God Class,train
CachingTestNode,0,0.8333333333333334,33,7.0,1.25,0,0,0,4,4,0.25,Clean,test
Regularizer,0,1.0,20,3.75,1.25,0,8,0,0,0,0.0,Clean,test
Update,1,1.0,7,2.0,1.0,0,7,1,0,0,0.0,Clean,train
SGD,0,1.0,16,6.5,1.5,1,6,10,0,0,0.0,Clean,train
Momentum,0,1.0,20,8.5,1.5,1,6,10,1,1,1.0,Clean,train
NAG,0,1.0,20,8.5,1.5,1,6,10,1,1,1.0,Clean,test
RMSprop,0,1.0,20,8.5,1.5,1,6,10,1,1,1.0,Clean,train
Adam,0,1.0,29,13.0,1.5,1,6,10,1,1,1.0,Clean,test
Adagrad,0,1.0,20,8.5,1.5,1,6,10,1,1,1.0,Clean,train
Adadelta,0,1.0,26,11.5,1.5,1,6,10,1,1,1.0,Clean,train
IIIFImageBase,0,0.0,14,11.0,1.0,0,2,0,0,0,0.0,Clean,train
IIIFImageInfo,0,0.0,42,34.0,2.0,0,1,2,9,7,0.2222,Clean,test
IIIFImageAPI,0,0.0,97,72.0,2.0,0,1,2,13,8,0.1538,Long Method,test
FileHandler,0,0.25,124,14.0,2.5,0,0,0,10,3,0.5,Clean,train
odict,0,0.5466666666666666,254,8.64,2.2,0,2,13,3,2,0.6667,Clean,train
lodict,1,1.0,64,9.0,1.8333333333333333,1,2,9,2,2,0.5,Clean,train
modict,0,1.0,210,6.142857142857143,1.5714285714285714,1,2,14,4,2,0.5,God Class,train
Command,0,0.0,5,0.0,0.0,0,0,0,0,0,0.0,Clean,train
Command,0,0.0,6,2.0,1.0,0,0,0,0,0,0.0,Clean,train
MessageFuture,0,0.0,17,7.0,2.0,0,0,0,0,0,0.0,Clean,test
RemoteFunction,0,0.0,32,4.5,1.5,0,1,0,0,0,0.0,Clean,train
ParallelFunction,0,0.3333333333333333,151,36.666666666666664,8.333333333333334,1,0,1,7,5,0.2857,Long Method,train
MongoDB,0,0.2222222222222222,91,6.888888888888889,1.8888888888888888,0,0,0,3,2,0.6667,Clean,train
HTTPConnectClient,0,0.6190476190476191,65,7.142857142857143,1.8571428571428572,0,1,1,4,1,1.0,Clean,test
HTTPConnectClientFactory,1,0.0,26,3.0,1.0,0,2,1,0,0,0.0,Clean,train
HTTPConnectClientEndpoint,1,0.0,17,5.0,1.0,0,0,1,2,2,0.5,Clean,train
ScraperHandler,0,0.0,50,22.5,2.5,0,0,0,2,1,1.0,Clean,train
Loader,0,0.0,13,6.0,2.0,0,0,0,3,2,0.6667,Clean,train
be_above_or_equal,0,0.0,6,2.0,1.0,0,0,0,0,0,0.0,Clean,train
above_or_equal,0,0.0,2,0.0,0.0,1,0,0,0,0,0.0,Clean,train
_be_empty,0,0.0,10,9.0,3.0,0,0,0,0,0,0.0,Clean,train
StockOption,0,0.0,22,20.0,1.0,0,0,0,1,1,1.0,Data Class,test
MeasurementInterface,0,0.9473684210526315,220,9.65,2.0,0,0,1,16,7,0.3125,God Class,train
DefaultMeasurementInterface,0,0.0,3,2.0,1.0,1,1,0,0,0,0.0,Clean,train
AwesomeStatusBarApp,0,1.0,16,2.25,1.0,0,0,0,1,1,1.0,Clean,train
BuildOutputMonitor,0,0.7,28,4.4,1.8,0,3,7,1,1,1.0,Clean,train
OutputParser,0,0.0,4,2.0,1.0,0,1,2,0,0,0.0,Clean,train
AbstractErrorParser,0,0.3333333333333333,23,4.5,1.0,1,5,0,1,1,1.0,Clean,train
ErrorParser,0,1.0,35,5.6,2.2,2,3,10,1,1,1.0,Clean,test
MultilineTestFailureParser,0,1.0,36,4.8,2.0,2,3,10,1,1,1.0,Clean,train
FinishedParser,0,0.6666666666666666,12,2.3333333333333335,1.3333333333333333,1,5,1,1,1,1.0,Clean,train
MerchantGUI,0,0.6071428571428571,76,8.5,1.125,0,0,0,16,7,0.5625,Clean,train
Migration,0,0.0,13,0.0,0.0,0,0,0,0,0,0.0,Clean,test
PipelineException,0,0.0,2,0.0,0.0,0,0,0,0,0,0.0,Clean,test
PackageNotFound,0,0.0,2,0.0,0.0,1,0,0,0,0,0.0,Clean,train
CompilerError,0,0.0,6,5.0,1.0,1,0,0,1,1,1.0,Clean,train
CompressorError,0,0.0,2,0.0,0.0,1,0,0,0,0,0.0,Clean,test
CSSMinCompressor,0,0.0,4,3.0,1.0,0,0,0,2,1,1.0,Clean,train
Migration,0,1.0,118,16.0,1.0,0,0,0,2,1,1.0,Clean,test
LuceeEventListener,0,1.0,49,8.2,2.6,0,0,0,8,3,0.5,Feature Envy,train
LuceeDocsCommand,0,0.0,16,14.0,5.0,0,0,0,1,1,1.0,Clean,train
CloseLuceeTagCommand,0,0.0,11,9.0,2.0,0,0,0,1,1,1.0,Clean,train
LuceeDefaultPackageSettingsCommand,0,0.0,4,2.0,1.0,0,0,0,1,1,1.0,Clean,test
LSystem,0,0.8,50,7.166666666666667,2.3333333333333335,0,0,0,2,2,0.5,Clean,test
Data_Append,0,0.0,65,26.0,2.5,0,0,0,1,1,1.0,Clean,train
Context,0,0.25,47,4.625,1.875,0,0,0,2,2,0.5,Clean,train
Markup,0,0.0,8,2.0,1.0,0,0,0,0,0,0.0,Clean,train
Provider,0,1.0,18,2.6,1.0,0,0,0,0,0,0.0,Clean,train
PixelDataSvgWriter,0,1.0,50,4.875,1.625,0,0,0,7,2,0.8571,Feature Envy,train
DistributionStorage,0,0.5357142857142857,83,8.875,1.875,0,0,0,2,1,1.0,Clean,train
IndexMatrix,1,0.6705263157894736,1021,12.243243243243244,2.9054054054054053,0,1,2,39,17,0.1795,God Class,train
col,0,1.0,5,2.0,1.0,0,1,1,0,0,0.0,Clean,test
EmailBackend,0,0.0,15,11.0,3.0,0,0,0,3,2,0.6667,Clean,train
Migration,0,0.0,13,0.0,0.0,0,0,0,0,0,0.0,Clean,train
Formatter,0,1.0,16,7.0,1.5,0,0,0,2,2,0.5,Clean,train
AppListener,0,1.0,18,7.5,3.5,0,0,0,2,1,1.0,Clean,train
SublimeRjsOpen1Command,0,0.0,4,3.0,1.0,0,0,0,0,0,0.0,Clean,train
SublimeRjsOpen2Command,0,0.0,4,3.0,1.0,0,0,0,0,0,0.0,Clean,train
SublimeRjsOpen3Command,0,0.0,4,3.0,1.0,0,0,0,0,0,0.0,Clean,train
SublimeRjsCommand,0,0.0,16,15.0,3.0,0,0,0,4,2,0.5,Clean,train
AddSublimeRjsCommand,0,0.0,7,6.0,1.0,0,0,0,0,0,0.0,Clean,train
Device,0,0.0,14,4.0,5.0,0,0,0,0,0,0.0,Clean,test
GCMDeviceManager,1,0.0,3,2.0,1.0,0,0,1,0,0,0.0,Clean,train
GCMDeviceQuerySet,0,0.0,11,10.0,3.0,0,1,0,1,1,1.0,Clean,train
GCMDevice,0,0.0,19,6.0,2.0,1,0,0,1,1,1.0,Clean,train
APNSDeviceManager,1,0.0,3,2.0,1.0,0,0,1,0,0,0.0,Clean,train
APNSDeviceQuerySet,0,0.0,6,5.0,2.0,0,1,0,0,0,0.0,Clean,train
APNSDevice,0,0.0,14,4.0,1.0,1,0,0,0,0,0.0,Clean,train
Meta,0,0.0,2,0.0,0.0,0,0,0,0,0,0.0,Clean,train
Meta,0,0.0,2,0.0,0.0,0,0,0,0,0,0.0,Clean,train
Meta,0,0.0,2,0.0,0.0,0,0,0,0,0,0.0,Clean,train
Drawing,0,0.9972862957937585,1079,14.746268656716419,1.9402985074626866,0,0,0,23,6,0.7391,God Class,train
tzinfo,0,0.6,31,4.6,1.2,0,0,0,0,0,0.0,Clean,test
MuPADLexer,0,0.0,69,0.0,0.0,0,0,0,0,0,0.0,Clean,train
MatlabLexer,0,0.0,93,0.0,0.0,0,1,0,0,0,0.0,Data Class,train
MatlabSessionLexer,1,0.0,47,37.0,8.0,0,1,2,8,5,0.375,Feature Envy,train
NumPyLexer,0,0.0,88,7.0,4.0,0,1,1,1,1,1.0,Clean,train
SLexer,0,0.0,68,0.0,0.0,0,0,0,0,0,0.0,Clean,train
LatestPosts,0,1.0,17,2.3333333333333335,1.0,0,0,0,3,2,0.6667,Clean,train
FieldTypeGuesser,0,0.0,37,17.0,10.5,0,1,0,18,2,0.8333,Feature Envy,train
ModelPopulator,1,0.3333333333333333,64,20.333333333333332,5.0,0,1,2,10,6,0.4,Clean,test
Populator,1,0.0,67,15.25,2.75,0,0,3,4,2,0.75,Clean,train
Provider,0,1.0,195,6.666666666666667,2.0,0,0,0,1,1,1.0,Clean,train
ImagePropertyMixin,0,1.0,19,6.5,2.5,0,0,0,2,2,0.5,Clean,train
TransparentMixin,0,0.0,25,15.0,6.0,0,0,0,3,2,0.6667,Clean,train
CachedHyperlinkedIdentityField,0,0.0,21,10.0,2.0,0,1,1,2,2,0.5,Clean,train
MarkdownField,0,1.0,8,2.0,1.0,0,1,1,0,0,0.0,Clean,train
Command,0,0.0,88,37.0,9.0,0,0,0,11,2,0.8182,Feature Envy,train
SwapBrackets,0,0.0,9,8.0,2.0,0,1,0,0,0,0.0,Clean,train
SwapBracketsCommand,1,0.3333333333333333,39,12.0,2.6666666666666665,0,0,2,0,0,0.0,Clean,train
OpenFileSettingsCommand,0,0.0,9,3.5,1.0,0,0,0,1,1,1.0,Clean,train
TerminalPlugin,0,0.0,76,12.6,3.4,0,0,0,8,4,0.625,Clean,train
DependencyAnalysis,0,0.0,18,7.5,4.0,0,0,0,1,1,1.0,Clean,train
Autocomplete,0,1.0,146,11.88888888888889,3.111111111111111,0,0,0,42,12,0.2381,Clean,train
Custom404,0,0.0,4,2.0,1.0,0,0,0,1,1,1.0,Clean,train
IndexHandler,0,0.0,4,2.0,1.0,0,0,0,0,0,0.0,Clean,test
FAQHandler,0,0.0,4,2.0,1.0,0,0,0,0,0,0.0,Clean,train
CreateHandler,0,1.0,22,7.0,1.5,0,0,0,1,1,1.0,Clean,train
URLHandler,0,0.0,60,56.0,8.0,0,0,0,14,9,0.2143,Clean,test
UploadForm,0,0.0,4,0.0,0.0,0,0,0,0,0,0.0,Clean,train
CreditEntry,0,0.42857142857142855,120,13.625,2.125,0,1,0,17,6,0.4118,Clean,train
Credits,1,0.0,38,7.75,1.0,0,0,4,5,3,0.4,Clean,train
Migration,0,0.0,44,0.0,0.0,0,0,0,0,0,0.0,Clean,test
AdminDeleteExample,0,0.0,13,10.0,3.0,0,0,0,3,3,0.3333,Clean,train
Migration,0,1.0,66,4.0,1.0,0,0,0,2,1,1.0,Clean,train
StartService,0,0.0,25,23.0,3.0,0,0,0,5,3,0.4,Clean,train
HostBy1Service,0,0.0,26,24.0,3.0,0,0,0,4,2,0.5,Clean,train
networkParser,0,0.5,47,10.0,1.5,0,0,0,0,0,0.0,Clean,train
StandardMetropolis,0,0.5,31,5.5,1.5,0,0,0,1,1,1.0,Clean,test
GitBlameCommand,0,0.8333333333333334,40,9.0,2.0,0,0,1,3,1,1.0,Clean,test
GitLog,0,0.9333333333333333,42,6.0,1.3333333333333333,0,1,1,2,2,0.5,Clean,test
GitLogCommand,0,0.0,2,0.0,0.0,1,0,0,0,0,0.0,Clean,train
GitLogAllCommand,0,0.0,2,0.0,0.0,1,0,0,0,0,0.0,Clean,train
GitShow,0,0.8333333333333334,27,5.75,1.25,0,0,0,2,2,0.5,Clean,train
GitShowCommand,0,0.0,2,0.0,0.0,1,0,0,0,0,0.0,Clean,train
GitShowAllCommand,0,0.0,2,0.0,0.0,1,0,0,0,0,0.0,Clean,train
GitGraph,0,1.0,10,4.0,1.5,0,0,0,0,0,0.0,Clean,test
GitGraphCommand,0,0.0,2,0.0,0.0,1,0,0,0,0,0.0,Clean,train
GitGraphAllCommand,0,0.0,2,0.0,0.0,1,0,0,0,0,0.0,Clean,train
GitOpenFileCommand,0,0.6666666666666666,42,5.0,1.2857142857142858,1,1,1,2,2,0.5,Clean,train
GitDocumentCommand,0,1.0,30,9.0,2.3333333333333335,1,1,0,4,3,0.5,Clean,train
GitGotoCommit,0,1.0,16,4.333333333333333,1.6666666666666667,0,0,0,5,2,0.8,Clean,train
GitStashCommand,0,0.8333333333333334,31,6.0,2.0,0,0,0,1,1,1.0,Clean,train
GitStashListCommand,0,0.0,6,2.0,1.0,1,0,0,0,0,0.0,Clean,train
GitStashApplyCommand,0,0.0,2,0.0,0.0,1,0,0,0,0,0.0,Clean,train
GitStashDropCommand,0,0.0,2,0.0,0.0,1,0,0,0,0,0.0,Clean,train
GitBranchStatusListener,0,1.0,6,2.0,1.0,0,0,0,1,1,1.0,Clean,test
GitBranchStatusCommand,0,0.8333333333333334,50,11.5,4.0,0,0,0,4,3,0.5,Clean,train
Model,0,0.0,10,9.0,3.0,0,0,0,2,1,1.0,Clean,test
Settings,0,0.0,8,0.0,0.0,1,0,0,0,0,0.0,Clean,test
Peer,0,0.0,6,0.0,0.0,1,0,0,0,0,0.0,Clean,train
Folder,0,0.0,18,0.0,0.0,1,0,0,0,0,0.0,Clean,train
FolderPreference,0,0.0,11,0.0,0.0,1,0,0,0,0,0.0,Clean,test
Migration,0,1.0,162,8.0,1.0,0,0,0,3,1,1.0,Clean,test
SettingsException,0,0.0,4,0.0,0.0,0,0,0,0,0,0.0,Clean,train
CoreCriticalException,0,0.0,2,0.0,0.0,0,0,0,0,0,0.0,Clean,test
LayoutChangeException,0,0.0,2,0.0,0.0,0,0,0,0,0,0.0,Clean,train
LayoutSelectionBehavior,0,0.8611111111111112,123,8.333333333333334,1.8888888888888888,0,1,3,2,2,0.5,Clean,train
RecycleLayoutManagerBehavior,0,0.8076923076923077,104,5.6923076923076925,1.6923076923076923,0,1,1,6,2,0.5,Clean,test
FreetypeRecipe,0,0.0,26,19.0,1.0,0,0,0,2,1,1.0,Clean,train
IosAccelerometer,0,0.0,18,3.25,1.0,0,0,0,0,0,0.0,Clean,train
EspeakTextToSpeech,0,0.0,5,2.0,1.0,0,0,0,1,1,1.0,Clean,train
PygameJNIComponentsRecipe,0,0.0,19,14.0,3.0,0,0,0,0,0,0.0,Clean,train
SixRecipe,0,0.0,4,0.0,0.0,0,0,0,0,0,0.0,Clean,train
_C,0,0.0,1,0.0,0.0,0,0,0,0,0,0.0,Clean,test
abstractproperty,0,0.0,27,0.0,0.0,0,0,0,0,0,0.0,Clean,train
ABCMeta,0,0.8,121,19.2,6.2,0,0,0,7,4,0.5714,Long Method,test
Todo,0,1.0,25,7.0,1.0,0,0,0,1,1,1.0,Clean,train
Section,0,1.0,19,2.0,1.0,0,1,0,0,0,0.0,Clean,test
TreeNode,0,1.0,15,4.0,1.0,0,1,1,0,0,0.0,Clean,train
GoogleDoc,2,0.8222222222222222,156,13.5,2.0,0,1,5,9,6,0.3333,Clean,train
Migration,0,1.0,132,4.0,1.0,0,0,0,2,1,1.0,Clean,train
ShareProjectSerializer,0,1.0,38,5.8,1.4,0,0,0,8,5,0.375,Feature Envy,train
DictOrganizer,0,1.0,58,17.0,3.6666666666666665,0,0,0,2,1,1.0,Clean,train
ExportBuilder,0,0.8833333333333333,516,29.3125,5.25,0,0,0,49,31,0.1837,God Class,train
InvalidInput,0,0.0,8,2.0,1.0,0,0,0,0,0,0.0,Clean,train
AWSBucket,0,0.5238095238095238,40,4.571428571428571,1.1428571428571428,0,1,0,0,0,0.0,Clean,test
AWSDomain,1,0.8095238095238095,158,6.4,1.75,0,0,5,17,5,0.4706,God Class,train
MyEventHandler,0,1.0,15,2.0,1.0,0,0,0,0,0,0.0,Clean,test
StorageHealthCheck,0,1.0,47,7.75,2.25,0,0,0,5,2,0.8,Clean,train
CiscoXrSSH,0,1.0,104,24.5,5.5,0,0,0,1,1,1.0,Long Method,test
CatShardsCommand,0,0.0,14,11.0,2.0,0,0,0,0,0,0.0,Clean,train
GetMultipleDocumentsCommand,0,0.0,11,8.0,1.0,0,0,0,0,0,0.0,Clean,train
ScrollCommand,0,1.0,18,7.0,1.5,0,0,0,0,0,0.0,Clean,test
Linter,0,0.8666666666666667,182,9.266666666666667,1.6,0,0,0,10,8,0.2,God Class,train
ConfigCmdargsSource,0,0.9848484848484849,86,5.25,1.5833333333333333,0,0,0,4,2,0.75,Clean,test
ConfigContainer,0,0.0,23,10.0,2.5,0,0,0,2,2,0.5,Clean,train
Integer,0,0.21505376344086022,102,2.903225806451613,1.6129032258064515,0,6,3,2,2,0.5,Clean,train
Boolean,0,0.0,6,0.0,0.0,1,0,0,0,0,0.0,Clean,train
BitString,0,0.6060606060606061,105,7.25,3.1666666666666665,0,6,4,4,3,0.5,Long Method,test
OctetString,0,0.6428571428571429,24,1.5,1.125,0,1,4,2,1,1.0,Clean,train
Null,0,0.0,6,0.0,0.0,1,0,0,0,0,0.0,Clean,train
ObjectIdentifier,0,0.4642857142857143,61,5.625,2.375,0,0,2,3,2,0.6667,Clean,train
Real,0,0.0,4,0.0,0.0,0,0,0,0,0,0.0,Clean,train
Enumerated,0,0.0,4,0.0,0.0,1,0,0,0,0,0.0,Clean,train
SetOf,0,0.4,58,8.0,3.5,0,3,7,5,4,0.4,Clean,train
SequenceOf,0,0.0,4,0.0,0.0,1,0,0,0,0,0.0,Clean,train
SequenceAndSetBase,0,0.26666666666666666,99,9.0,3.5,0,3,7,8,6,0.25,Clean,train
Sequence,0,0.0,10,2.0,1.0,1,0,0,0,0,0.0,Clean,train
Set,0,0.0,32,6.0,2.0,1,1,7,3,2,0.6667,Clean,train
Choice,0,0.7555555555555555,91,7.6,2.8,2,4,7,7,4,0.5714,Clean,train
BidirectionalM2MForm,0,0.6666666666666666,37,11.0,3.3333333333333335,0,0,0,1,1,1.0,Clean,train
ModelForm,0,0.0,9,5.0,1.0,0,0,0,0,0,0.0,Clean,train
APIHandlerParams,0,0.8333333333333334,31,6.5,2.5,0,4,0,5,3,0.6,Clean,test
APIHandler,0,0.8571428571428571,73,8.714285714285714,2.4285714285714284,0,0,7,23,7,0.2174,Clean,train
LookupHandlerParams,0,0.0,50,22.5,10.5,1,3,4,9,4,0.5556,Clean,train
LookupHandler,0,0.8538011695906432,373,18.42105263157895,8.263157894736842,1,1,0,24,17,0.2083,God Class,train
SubmissionStatusHandlerParams,0,0.0,6,4.0,1.0,1,3,4,1,1,1.0,Clean,train
SubmissionStatusHandler,0,0.0,14,10.0,3.0,1,1,0,2,2,0.5,Clean,test
SubmitHandlerParams,0,0.8333333333333334,64,14.75,6.5,1,3,4,11,3,0.7273,Feature Envy,test
SubmitHandler,0,0.0,70,64.0,20.0,1,1,0,7,3,0.7143,Feature Envy,test
TagNameSelect,0,0.0,11,10.0,2.0,0,0,0,0,0,0.0,Clean,train
Progress,0,0.4,67,5.0,2.0,0,0,0,0,0,0.0,Clean,test
IndexedCorpus,0,0.5,88,20.75,3.75,0,0,0,3,2,0.6667,Clean,train
kestrel_shutdown,0,0.3333333333333333,36,10.666666666666666,1.6666666666666667,0,0,0,1,1,1.0,Clean,train
CacheConnections,0,0.0,39,4.428571428571429,1.4285714285714286,0,1,0,1,1,1.0,Clean,train
CacheGroups,0,0.0,32,5.2,2.2,0,0,1,0,0,0.0,Clean,train
ManageForm,0,0.0,6,0.0,0.0,0,0,0,0,0,0.0,Clean,test
Migration,0,1.0,118,10.5,1.0,0,0,0,4,1,1.0,Clean,train
HTTPError,0,0.0,10,4.0,2.0,0,1,1,1,1,1.0,Clean,test
InvalidMethod,0,0.0,3,0.0,0.0,0,0,0,0,0,0.0,Clean,train
CurlError,0,0.0,10,4.0,2.0,0,1,1,1,1,1.0,Clean,train
InterfaceError,0,0.0,4,0.0,0.0,0,0,0,0,0,0.0,Clean,train
AuthError,0,0.0,3,0.0,0.0,0,0,0,0,0,0.0,Clean,train
VCDMError,0,0.0,3,0.0,0.0,0,0,0,0,0,0.0,Clean,train
ProtocolError,0,0.0,4,2.0,1.0,1,0,0,0,0,0.0,Clean,test
InternalError,0,0.0,4,2.0,1.0,1,0,0,0,0,0.0,Clean,test
MountPathSpec,0,0.0,33,11.0,1.5,0,0,0,0,0,0.0,Clean,train
EncryptedStreamResolverHelper,0,1.0,27,10.5,1.0,0,0,0,0,0,0.0,Clean,train
ApiHandler,0,0.9333333333333333,40,5.666666666666667,1.5,0,0,0,0,0,0.0,Clean,train
ReuseTCPServer,0,0.0,2,0.0,0.0,0,1,0,0,0,0.0,Clean,train
HttpApiThread,1,0.0,12,5.0,1.0,0,0,1,1,1,1.0,Clean,train
Plugin,0,0.9736842105263158,270,6.35,1.75,0,0,0,3,3,0.3333,God Class,train
Templates,0,0.0,44,35.0,6.0,0,0,0,13,10,0.2308,Clean,train
Backward,0,0.0,68,17.5,3.0,0,0,0,0,0,0.0,Clean,train
JavaScript,0,0.0,13,10.0,1.0,0,0,0,1,1,1.0,Clean,train
CheckPep8,0,0.3333333333333333,35,7.5,2.25,0,0,0,3,3,0.3333,Clean,train
EditFuture,0,1.0,6,2.0,1.0,0,2,0,0,0,0.0,Clean,train
EditStep,0,0.0,30,9.0,2.3333333333333335,0,1,3,5,2,0.8,Clean,train
Edit,2,0.8681318681318682,78,4.428571428571429,1.5,0,1,4,9,3,0.7778,Clean,train
apply_sublimelint_edit,0,0.0,3,2.0,1.0,0,1,0,0,0,0.0,Clean,test
HighlightSet,1,0.0,23,4.75,2.25,0,1,3,5,3,0.4,Clean,test
Highlight,0,0.5555555555555556,134,12.4,3.5,0,1,1,16,9,0.25,Clean,test
CollectionMeta,0,1.0,46,20.0,3.5,0,0,0,0,0,0.0,Clean,test
Collection,0,0.8199643493761141,329,7.676470588235294,1.7352941176470589,0,0,0,3,2,0.6667,God Class,train
FSM,0,0.16666666666666666,82,18.25,2.0,0,9,0,0,0,0.0,Clean,test
CronTimeField,0,0.7727272727272727,71,4.416666666666667,1.5,0,8,0,6,3,0.6667,Clean,train
CTTime,0,0.0,16,6.0,1.0,1,8,17,0,0,0.0,Clean,train
CTRange,0,0.0,18,7.0,1.0,1,8,18,0,0,0.0,Clean,train
CTRangeStep,0,0.0,22,9.0,1.0,1,8,20,0,0,0.0,Clean,test
CTStar,0,1.0,12,4.0,1.0,1,8,15,0,0,0.0,Clean,train
CTStarStep,0,0.0,16,6.0,1.0,1,8,17,0,0,0.0,Clean,train
CTText,0,0.0,15,5.5,1.0,1,8,16,0,0,0.0,Clean,train
CTTextRange,0,0.0,17,6.5,1.0,1,8,16,0,0,0.0,Clean,test
CTTextRangeStep,0,0.0,20,8.0,1.0,1,8,18,0,0,0.0,Clean,train
CronTimeFieldLimit,0,0.0,20,4.0,1.0,0,8,0,0,0,0.0,Clean,train
CronLineEmpty,0,0.0,6,3.0,1.0,0,1,0,0,0,0.0,Clean,test
CronLineChkCrontabCmd,0,0.0,24,10.0,2.5,0,9,4,5,1,1.0,Clean,test
CronLineComment,0,0.0,6,3.0,1.0,0,1,0,0,0,0.0,Clean,train
CronLineAssignment,0,0.0,22,9.0,2.0,0,9,2,4,1,1.0,Clean,train
CronLineTimeAction,0,0.6666666666666666,44,12.0,3.3333333333333335,0,8,4,5,1,1.0,Clean,train
CronLineAt,0,0.0,14,11.0,2.0,1,2,1,2,1,1.0,Clean,train
CronLineTime,0,0.0,34,31.0,7.0,1,2,11,7,3,0.7143,Feature Envy,train
CronLineUnknown,0,0.0,10,7.0,1.0,0,1,1,2,1,1.0,Clean,test
CronLineFactory,7,1.0,56,26.0,4.0,0,8,7,6,6,0.1667,Clean,train
LogMsgKindNotFound,0,0.0,3,0.0,0.0,0,1,0,0,0,0.0,Clean,train
LogCounter,1,0.6025641025641025,178,11.076923076923077,1.8461538461538463,0,14,1,1,1,1.0,Clean,train
LiteralNER,0,0.6666666666666666,72,22.0,4.666666666666667,0,1,0,4,3,0.5,Clean,train
LiteralNERRunner,1,0.0,27,12.0,2.0,0,0,3,2,2,0.5,Clean,train
IsPerson,0,0.0,2,0.0,0.0,0,0,0,0,0,0.0,Clean,train
IsPlace,0,0.0,2,0.0,0.0,0,0,0,0,0,0.0,Clean,train
IsCountry,0,0.0,2,0.0,0.0,0,0,0,0,0,0.0,Clean,test
IsPopulatedPlace,0,0.0,2,0.0,0.0,0,0,0,0,0,0.0,Clean,train
IsBand,0,0.0,2,0.0,0.0,0,0,0,0,0,0.0,Clean,train
IsAlbum,0,0.0,2,0.0,0.0,0,0,0,0,0,0.0,Clean,train
IsTvShow,0,0.0,2,0.0,0.0,0,0,0,0,0,0.0,Clean,train
IsMovie,0,0.0,2,0.0,0.0,0,0,0,0,0,0.0,Clean,train
HasShowName,0,0.0,3,0.0,0.0,0,0,0,0,0,0.0,Clean,train
HasName,0,0.0,3,0.0,0.0,0,0,0,0,0,0.0,Clean,test
DefinitionOf,0,0.0,3,0.0,0.0,0,0,0,0,0,0.0,Clean,train
LabelOf,0,0.0,3,0.0,0.0,0,0,0,0,0,0.0,Clean,train
UTCof,0,0.0,3,0.0,0.0,0,0,0,0,0,0.0,Clean,test
PresidentOf,0,0.0,3,0.0,0.0,0,0,0,0,0,0.0,Clean,train
IncumbentOf,0,0.0,3,0.0,0.0,0,0,0,0,0,0.0,Clean,test
CapitalOf,0,0.0,3,0.0,0.0,0,0,0,0,0,0.0,Clean,train
LanguageOf,0,0.0,3,0.0,0.0,0,0,0,0,0,0.0,Clean,test
PopulationOf,0,0.0,3,0.0,0.0,0,0,0,0,0,0.0,Clean,train
IsMemberOf,0,0.0,3,0.0,0.0,0,0,0,0,0,0.0,Clean,train
ActiveYears,0,0.0,3,0.0,0.0,0,0,0,0,0,0.0,Clean,train
MusicGenreOf,0,0.0,3,0.0,0.0,0,0,0,0,0,0.0,Clean,train
ProducedBy,0,0.0,2,0.0,0.0,0,0,0,0,0,0.0,Clean,test
BirthDateOf,0,0.0,3,0.0,0.0,0,0,0,0,0,0.0,Clean,train
BirthPlaceOf,0,0.0,3,0.0,0.0,0,0,0,0,0,0.0,Clean,train
ReleaseDateOf,0,0.0,3,0.0,0.0,0,0,0,0,0,0.0,Clean,train
StarsIn,0,0.0,3,0.0,0.0,0,0,0,0,0,0.0,Clean,train
NumberOfEpisodesIn,0,0.0,3,0.0,0.0,0,0,0,0,0,0.0,Clean,test
ShowNameOf,0,0.0,3,0.0,0.0,0,0,0,0,0,0.0,Clean,train
HasActor,0,0.0,2,0.0,0.0,0,0,0,0,0,0.0,Clean,test
CreatorOf,0,0.0,3,0.0,0.0,0,0,0,0,0,0.0,Clean,test
NameOf,0,0.0,4,0.0,0.0,0,0,0,0,0,0.0,Clean,train
DirectedBy,0,0.0,2,0.0,0.0,0,0,0,0,0,0.0,Clean,train
DirectorOf,0,0.0,3,0.0,0.0,0,0,0,0,0,0.0,Clean,train
DurationOf,0,0.0,6,0.0,0.0,0,0,0,0,0,0.0,Clean,test
HasAuthor,0,0.0,2,0.0,0.0,0,0,0,0,0,0.0,Clean,train
AuthorOf,0,0.0,3,0.0,0.0,0,0,0,0,0,0.0,Clean,train
IsBook,0,0.0,2,0.0,0.0,0,0,0,0,0,0.0,Clean,train
LocationOf,0,0.0,3,0.0,0.0,0,0,0,0,0,0.0,Clean,train
LRU,1,0.6473684210526316,241,8.95,2.1,0,2,7,1,1,1.0,Clean,train
LRI,0,0.6785714285714286,92,7.5,2.375,0,2,11,1,1,1.0,Clean,train
_HashedKey,0,0.0,12,2.5,1.0,0,1,0,0,0,0.0,Clean,train
CachedFunction,0,0.0,19,5.333333333333333,1.6666666666666667,0,2,0,0,0,0.0,Clean,train
ThresholdCounter,0,0.7543859649122807,173,5.7894736842105265,1.7894736842105263,0,2,2,1,1,1.0,God Class,train
RLock,0,1.0,7,2.0,1.0,0,1,0,0,0,0.0,Clean,train
BaseApplication,1,0.6190476190476191,144,18.857142857142858,5.285714285714286,0,2,4,20,8,0.35,Long Method,train
DispatchState,0,0.4,19,2.8,1.2,0,1,0,0,0,0.0,Clean,train
SubApplication,0,0.0,19,8.5,3.0,0,1,1,7,4,0.4286,Clean,test
Application,0,0.0,47,46.0,17.0,1,0,1,12,3,0.8333,Feature Envy,train
_BaseProjectException,0,0.0,13,11.0,4.0,0,0,0,0,0,0.0,Clean,train
ProjectException,0,0.0,2,0.0,0.0,1,0,0,0,0,0.0,Clean,train
ProjectNotCleanError,0,0.0,2,0.0,0.0,2,0,0,0,0,0.0,Clean,train
ProjectInitException,0,0.0,2,0.0,0.0,2,0,0,0,0,0.0,Clean,train
ProjectProcedureException,0,0.0,2,0.0,0.0,1,0,0,0,0,0.0,Clean,train
TooEarlyError,0,0.0,2,0.0,0.0,3,0,0,0,0,0.0,Clean,test
RemoteProjectException,0,0.0,2,0.0,0.0,2,0,0,0,0,0.0,Clean,train
BaseProjectInitException,0,0.0,2,0.0,0.0,2,0,0,0,0,0.0,Clean,train
RemoteProjectInitException,0,0.0,2,0.0,0.0,3,0,0,0,0,0.0,Clean,train
RemotePillarInitException,0,0.0,2,0.0,0.0,3,0,0,0,0,0.0,Clean,train
BaseRemoteProjectSyncError,0,0.0,2,0.0,0.0,3,0,0,0,0,0.0,Clean,train
RemoteProjectSyncError,0,0.0,2,0.0,0.0,4,0,0,0,0,0.0,Clean,train
RemoteProjectTransferError,0,0.0,2,0.0,0.0,5,0,0,0,0,0.0,Clean,train
RemoteProjectWCSyncError,0,0.0,2,0.0,0.0,5,0,0,0,0,0.0,Clean,train
RemoteProjectSyncRemoteError,0,0.0,2,0.0,0.0,5,0,0,0,0,0.0,Clean,train
RemoteProjectDeployError,0,0.0,2,0.0,0.0,3,0,0,0,0,0.0,Clean,train
TemplateView,0,0.0,7,4.0,1.0,0,0,0,0,0,0.0,Clean,train
Marcher,0,0.0,26,10.5,6.0,0,0,0,9,5,0.3333,Clean,test
IPythonConsoleLexer,0,0.0,72,41.0,10.0,0,0,0,15,8,0.2,Clean,train
Process,0,0.7472527472527473,116,6.714285714285714,1.1428571428571428,0,0,0,0,0,0.0,Clean,test
TemplateNameMixin,0,0.0,9,7.0,2.0,0,6,0,0,0,0.0,Clean,train
LayoutObject,0,0.25,82,9.25,2.5,1,6,0,2,2,0.5,Long Method,test
Layout,0,1.0,33,2.0,1.0,2,7,1,0,0,0.0,Clean,train
ButtonHolder,0,1.0,29,6.0,1.0,2,7,2,3,2,0.6667,Clean,train
BaseInput,0,0.0,28,10.5,1.5,1,6,8,3,2,0.6667,Clean,test
Submit,0,0.0,13,3.0,2.0,2,3,12,0,0,0.0,Clean,train
Button,0,0.0,13,3.0,2.0,2,3,12,0,0,0.0,Clean,train
Hidden,0,0.0,6,0.0,0.0,2,0,0,0,0,0.0,Clean,train
Reset,0,0.0,13,3.0,2.0,2,3,12,0,0,0.0,Clean,train
Fieldset,0,0.0,41,9.5,1.5,2,6,9,1,1,1.0,Clean,train
MultiField,0,0.0,35,14.5,2.5,2,7,3,4,3,0.5,Clean,train
Div,0,1.0,27,8.0,2.5,2,7,2,1,1,1.0,Clean,train
Row,0,0.0,10,3.0,2.0,3,3,12,0,0,0.0,Clean,test
Column,0,0.0,7,0.0,0.0,3,0,0,0,0,0.0,Clean,train
HTML,0,0.0,16,2.0,1.0,0,6,7,0,0,0.0,Clean,train
Field,0,0.0,42,15.0,3.5,2,7,2,3,2,0.6667,Clean,train
MultiWidgetField,0,0.0,21,4.0,1.0,3,4,0,1,1,1.0,Clean,train
StringLength,0,1.0,12,3.5,1.0,0,0,0,0,0,0.0,Clean,test
ChoiceInline,0,0.0,4,0.0,0.0,0,0,0,0,0,0.0,Clean,train
PollAdmin,0,0.0,6,0.0,0.0,0,0,0,0,0,0.0,Clean,train
random_init_conf,0,0.5714285714285714,37,4.285714285714286,1.4285714285714286,0,0,0,3,3,0.3333,Data Class,test
FieldABC,0,1.0,21,2.2,1.0,0,0,0,0,0,0.0,Clean,train
SchemaABC,0,1.0,14,2.0,1.0,0,0,0,0,0,0.0,Clean,train
Migration,0,1.0,85,4.0,1.0,0,0,0,2,1,1.0,Clean,train
Migration,0,1.0,116,4.0,1.0,0,0,0,1,1,1.0,Clean,train
STM32F103RC,0,1.0,14,3.0,1.0,0,0,0,0,0,0.0,Clean,train
ServerTransport,0,1.0,30,13.0,1.0,0,0,0,0,0,0.0,Clean,train
ClientTransport,0,0.0,17,14.0,1.0,0,0,0,0,0,0.0,Clean,train
GCE,0,0.2,43,5.0,2.2,0,4,0,0,0,0.0,Clean,train
Util,0,0.0,10,7.0,3.0,0,4,0,1,1,1.0,Clean,train
Image,0,0.0,22,19.0,3.0,0,1,1,1,1,1.0,Clean,train
Disk,0,1.0,63,10.6,1.4,0,0,4,4,3,0.5,Clean,train
Network,0,1.0,33,14.0,2.0,0,1,2,2,2,0.5,Clean,train
Metadata,0,1.0,38,7.25,1.75,0,0,1,3,2,0.6667,Clean,train
Compute,0,0.0,44,41.0,3.0,0,0,4,4,3,0.5,Clean,train
Settings,0,0.0,3,0.0,0.0,0,0,0,0,0,0.0,Clean,train
PublisherSite,0,0.0,20,2.0,1.0,0,0,0,0,0,0.0,Clean,train
VendorContract,0,0.0,26,2.0,1.0,0,0,0,0,0,0.0,Clean,train
Revision,0,1.0,108,42.5,1.5,0,0,0,3,3,0.3333,Long Method,test
Text,0,0.8,70,6.5,1.3333333333333333,0,0,0,3,2,0.6667,Clean,train
RabbitMQ,0,0.8846153846153846,377,26.615384615384617,4.538461538461538,0,0,0,13,9,0.2308,God Class,train
Analytics,0,0.0,4,3.0,1.0,0,0,0,1,1,1.0,Clean,test
RSS,0,0.0,63,15.5,2.5,0,1,0,3,3,0.3333,Clean,test
RSSfeed,0,0.0,4,3.0,1.0,0,0,1,2,2,0.5,Clean,train
Message,0,0.5714285714285714,42,5.75,1.0,0,0,0,3,3,0.3333,Data Class,train
FooterToBottom,0,0.0,23,8.0,5.0,0,0,1,3,2,0.6667,Clean,train
HTML5Writer,0,0.8333333333333334,93,5.5,1.0,0,1,2,6,2,0.8333,Clean,train
ElemStack,0,0.3333333333333333,70,8.571428571428571,1.8571428571428572,0,3,0,3,2,0.6667,Clean,test
HTML5Translator,1,0.8424056189640036,685,7.367647058823529,2.1176470588235294,0,1,7,32,5,0.4375,God Class,train
Application,0,0.4,49,6.75,1.5,0,0,0,1,1,1.0,Clean,train
TreeItem,0,0.45454545454545453,77,5.416666666666667,2.4166666666666665,0,1,3,2,1,1.0,Clean,train
HistoryTreeModel,1,0.625,170,9.5625,2.75,0,1,13,20,8,0.25,Clean,train
AbstractUser,0,0.7,47,3.2,1.2,0,0,0,1,1,1.0,Clean,train
User,0,0.0,9,0.0,0.0,1,0,0,0,0,0.0,Clean,train
Meta,0,0.0,4,0.0,0.0,0,0,0,0,0,0.0,Clean,train
Meta,0,0.0,2,0.0,0.0,0,0,0,0,0,0.0,Clean,train
UserSettingsManager,0,1.0,28,12.5,2.0,0,0,0,1,1,1.0,Clean,test
EmptyUserSetting,0,1.0,21,2.0,1.0,0,1,0,0,0,0.0,Clean,train
UserSettings,1,1.0,24,3.5,1.0,0,0,1,0,0,0.0,Clean,train
Meta,0,0.0,4,0.0,0.0,0,0,0,0,0,0.0,Clean,train
DjangoCMSFormsConf,0,0.0,66,0.0,0.0,0,0,0,0,0,0.0,Data Class,train
Meta,0,0.0,2,0.0,0.0,0,0,0,0,0,0.0,Clean,train
Application,0,0.0,19,18.0,1.0,0,0,0,0,0,0.0,Clean,train
MainHandler,0,0.0,9,8.0,2.0,0,0,0,0,0,0.0,Clean,train
ValidationError,0,0.0,2,0.0,0.0,0,0,0,0,0,0.0,Clean,train
Config,0,0.6071428571428571,85,8.75,2.0,0,0,0,11,5,0.5455,Clean,train
MultinomialSampler,0,0.5,40,7.75,1.0,0,0,1,1,1,1.0,Clean,train
WeightedDataset,0,0.0,45,13.0,3.3333333333333335,0,1,0,3,2,0.6667,Clean,test
Xdawn,0,0.5357142857142857,329,32.875,4.625,0,0,0,21,9,0.381,Long Method,train
PlatformUtility,0,0.0,4,2.0,1.0,0,0,0,0,0,0.0,Clean,test
Batch,1,0.5833333333333334,144,14.0,3.6666666666666665,0,2,1,12,5,0.3333,Long Method,train
BatchBroker,0,0.0,12,5.0,2.0,0,3,0,1,1,1.0,Clean,test
BatchVariable,0,0.0,4,3.0,1.0,0,2,0,0,0,0.0,Clean,train
BatchVertexVariable,1,1.0,12,5.0,2.5,1,1,5,4,1,1.0,Clean,train
BatchVertexVector,0,0.6666666666666666,22,6.333333333333333,1.6666666666666667,0,1,4,0,0,0.0,Clean,test
Migration,0,1.0,112,10.0,1.0,0,0,0,2,1,1.0,Clean,train
MinKey,0,1.0,32,2.0,1.0,0,0,0,0,0,0.0,Clean,train
MotorAttributeFactory,0,1.0,11,2.0,1.0,0,7,0,0,0,0.0,Clean,train
Async,2,0.8333333333333334,30,6.5,1.25,1,6,10,1,1,1.0,Clean,train
WrapBase,0,0.0,4,3.0,1.0,1,6,8,0,0,0.0,Clean,train
WrapAsync,0,0.0,33,15.5,1.5,2,6,14,1,1,1.0,Clean,train
Unwrap,0,0.0,35,16.5,2.5,2,6,14,3,3,0.3333,Clean,train
AsyncRead,0,0.0,7,6.0,1.0,2,6,8,0,0,0.0,Clean,train
AsyncWrite,0,0.0,7,6.0,1.0,2,6,8,0,0,0.0,Clean,train
AsyncCommand,0,0.0,7,6.0,1.0,2,6,8,0,0,0.0,Clean,test
ReadOnlyPropertyDescriptor,0,0.6666666666666666,16,4.333333333333333,1.6666666666666667,0,8,0,1,1,1.0,Clean,test
ReadOnlyProperty,1,0.0,4,2.0,1.0,1,2,1,0,0,0.0,Clean,test
DelegateMethod,0,0.0,3,0.0,0.0,2,0,0,0,0,0.0,Clean,train
ReadWritePropertyDescriptor,0,0.0,3,2.0,1.0,1,1,0,1,1,1.0,Clean,train
ReadWriteProperty,1,0.0,4,2.0,1.0,1,2,1,0,0,0.0,Clean,train
MotorCursorChainingMethod,0,0.0,16,15.0,2.0,1,2,0,2,1,1.0,Clean,train
LibrsvgPackage,0,1.0,24,6.666666666666667,1.3333333333333333,0,0,0,2,2,0.5,Clean,test
SolrError,0,0.0,4,0.0,0.0,0,0,0,0,0,0.0,Clean,test
SolrResponseError,0,0.0,4,0.0,0.0,0,0,0,0,0,0.0,Clean,train
ConnectionError,0,0.0,4,0.0,0.0,0,0,0,0,0,0.0,Clean,train
ZookeeperError,0,0.0,4,0.0,0.0,0,0,0,0,0,0.0,Clean,test
MopidyException,0,0.0,14,2.5,1.0,0,3,3,1,1,1.0,Clean,train
BackendError,0,0.0,2,0.0,0.0,1,0,0,0,0,0.0,Clean,train
CoreError,0,0.0,5,3.0,1.0,1,3,3,0,0,0.0,Clean,train
ExtensionError,0,0.0,2,0.0,0.0,1,0,0,0,0,0.0,Clean,train
FindError,0,0.0,5,3.0,1.0,1,3,3,0,0,0.0,Clean,train
FrontendError,0,0.0,2,0.0,0.0,1,0,0,0,0,0.0,Clean,train
MixerError,0,0.0,2,0.0,0.0,1,0,0,0,0,0.0,Clean,train
ScannerError,0,0.0,2,0.0,0.0,1,0,0,0,0,0.0,Clean,train
TracklistFull,0,0.0,5,3.0,1.0,2,3,3,0,0,0.0,Clean,train
AudioException,0,0.0,2,0.0,0.0,1,0,0,0,0,0.0,Clean,test
ValidationError,0,0.0,2,0.0,0.0,0,0,0,0,0,0.0,Clean,train
PlaybackState,0,0.0,14,0.0,0.0,0,0,0,0,0,0.0,Clean,train
LibraryController,0,0.6818181818181818,328,26.166666666666668,4.333333333333333,0,0,0,23,12,0.3478,God Class,train
AbuseReport,0,1.0,59,21.0,4.0,0,0,0,6,3,0.3333,Clean,train
Meta,0,0.0,2,0.0,0.0,0,0,0,0,0,0.0,Clean,train
TaskTimer,0,1.0,9,3.0,1.0,0,0,0,0,0,0.0,Clean,test
GroupPermission,0,0.8333333333333334,21,3.5,1.25,0,4,5,2,2,0.5,Clean,train
AnyOf,0,0.5,24,4.0,1.25,0,4,10,2,1,1.0,Clean,train
AllowAddonAuthor,0,1.0,7,2.0,1.0,0,5,0,2,2,0.5,Clean,train
AllowReviewer,0,1.0,19,3.0,2.5,0,4,5,4,3,0.5,Clean,train
AllowReviewerUnlisted,0,1.0,16,2.0,1.5,1,4,5,2,2,0.5,Clean,train
AllowReadOnlyIfPublicAndListed,0,1.0,11,2.5,2.0,0,4,5,3,2,0.6667,Clean,train
Command,0,0.0,32,7.0,2.0,0,0,0,2,2,0.5,Clean,train
StatsDictField,0,1.0,45,9.25,3.75,0,0,0,1,1,1.0,Clean,train
LargeStatsDictField,0,0.0,6,2.0,1.0,1,0,0,0,0,0.0,Clean,train
NotificationsSelectMultiple,0,1.0,48,22.0,4.5,0,1,1,8,6,0.25,Clean,train
RequiredInputMixin,0,0.0,9,4.0,2.0,0,1,1,1,1,1.0,Clean,train
RequiredTextInput,0,0.0,2,0.0,0.0,1,0,0,0,0,0.0,Clean,test
RequiredEmailInput,0,0.0,2,0.0,0.0,1,0,0,0,0,0.0,Clean,train
RequiredTextarea,0,0.0,2,0.0,0.0,1,0,0,0,0,0.0,Clean,train
RequiredCheckboxInput,0,0.0,2,0.0,0.0,1,0,0,0,0,0.0,Clean,train
Command,0,0.0,6,2.0,1.0,0,0,0,0,0,0.0,Clean,test
BaseForm,0,0.8333333333333334,96,22.0,5.75,0,0,0,12,5,0.3333,Long Method,train
Migration,0,1.0,246,7.0,1.0,0,0,0,1,1,1.0,Clean,test
Migration,0,0.0,74,0.0,0.0,0,0,0,0,0,0.0,Clean,train
ProductAdmin,0,0.0,6,0.0,0.0,0,0,0,0,0,0.0,Clean,train
TopicAdmin,0,0.0,11,2.0,1.0,0,0,0,0,0,0.0,Clean,train
VersionAdmin,0,0.0,7,0.0,0.0,0,0,0,0,0,0.0,Clean,test
PlatformAdmin,0,0.0,4,0.0,0.0,0,0,0,0,0,0.0,Clean,train
ZendeskSettingsError,0,0.0,2,0.0,0.0,0,0,0,0,0,0.0,Clean,train
Migration,0,1.0,317,5.5,1.0,0,0,0,5,2,0.6,Clean,train
Importer,3,0.0,85,39.0,4.0,0,0,7,6,5,0.3333,Feature Envy,train
CaseImporter,4,0.6666666666666666,181,58.333333333333336,5.333333333333333,0,1,11,19,11,0.2632,Long Method,train
UserCache,0,0.0,45,17.0,2.0,0,1,0,2,1,1.0,Clean,train
TagImporter,0,0.0,67,19.0,2.0,0,1,1,3,3,0.3333,Clean,train
SuiteImporter,1,0.0,113,23.0,2.75,0,2,3,7,7,0.1429,Clean,train
ImportResult,0,0.0,77,13.5,1.0,0,4,0,3,1,1.0,Clean,train
Migration,0,1.0,240,4.0,1.0,0,0,0,2,1,1.0,Clean,test
Migration,0,0.0,9,0.0,0.0,0,0,0,0,0,0.0,Clean,train
Migration,0,0.0,9,0.0,0.0,0,0,0,0,0,0.0,Clean,test
ParsedResource,0,1.0,24,7.5,1.0,0,0,0,0,0,0.0,Clean,train
Command,0,1.0,145,46.333333333333336,8.0,0,0,0,21,14,0.2381,Long Method,train
Command,0,0.0,46,44.0,5.0,0,0,0,3,3,0.3333,Clean,train
FileOperations,0,0.0,20,5.666666666666667,2.3333333333333335,0,0,0,2,1,1.0,Clean,train
ChunkedFile,0,0.5274725274725275,234,15.285714285714286,4.642857142857143,0,0,0,4,3,0.5,Clean,test
PrelaunchedProcess,0,0.0,16,2.75,1.25,0,1,0,0,0,0.0,Clean,train
PrelaunchDaemon,1,0.5238095238095238,90,11.428571428571429,3.142857142857143,0,0,3,6,3,0.5,Clean,train
Migration,0,0.0,14,0.0,0.0,0,0,0,0,0,0.0,Clean,train
Migration,0,1.0,191,2.0,1.0,0,0,0,1,1,1.0,Clean,train
EventHandlerMixIn,0,1.0,27,7.0,2.0,0,0,1,2,2,0.5,Clean,train
Event,0,0.4642857142857143,37,3.0,1.0,0,1,0,0,0,0.0,Clean,train
ColumnDeleted,0,0.0,6,0.0,0.0,1,0,0,0,0,0.0,Clean,train
CardClicked,0,0.0,6,0.0,0.0,1,0,0,0,0,0.0,Clean,test
PopinClosed,0,0.0,6,0.0,0.0,1,0,0,0,0,0.0,Clean,train
CardEditorClosed,0,0.0,6,0.0,0.0,2,0,0,0,0,0.0,Clean,train
CardArchived,0,0.0,6,0.0,0.0,1,0,0,0,0,0.0,Clean,train
SearchIndexUpdated,0,0.0,6,0.0,0.0,1,0,0,0,0,0.0,Clean,train
CardDisplayed,0,0.0,6,0.0,0.0,1,0,0,0,0,0.0,Clean,train
BoardAccessChanged,0,0.0,4,0.0,0.0,1,0,0,0,0,0.0,Clean,train
BoardDeleted,0,0.0,5,0.0,0.0,2,0,0,0,0,0.0,Clean,train
BoardArchived,0,0.0,5,0.0,0.0,2,0,0,0,0,0.0,Clean,train
BoardRestored,0,0.0,4,0.0,0.0,2,0,0,0,0,0.0,Clean,train
BoardLeft,0,0.0,5,0.0,0.0,2,0,0,0,0,0.0,Clean,test
ParentTitleNeeded,0,0.0,3,0.0,0.0,1,0,0,0,0,0.0,Clean,train
NewTemplateRequested,0,0.0,7,0.0,0.0,1,0,0,0,0,0.0,Clean,train
Migration,0,0.0,9,0.0,0.0,0,0,0,0,0,0.0,Clean,test
Issue,0,1.0,71,12.666666666666666,1.3333333333333333,0,0,0,3,2,0.6667,Clean,train
ModelForm,0,0.0,17,5.0,1.0,0,0,0,0,0,0.0,Clean,train
ColourFormatter,0,0.0,16,14.0,6.0,0,1,0,1,1,1.0,Clean,train
Watcher,1,0.0,22,8.5,2.5,0,0,1,1,1,1.0,Clean,train
PDFTemplateResponseMixin,0,1.0,52,9.5,1.25,0,1,0,0,0,0.0,Clean,train
PDFTemplateView,0,0.0,16,6.0,1.0,1,0,1,0,0,0.0,Clean,train
ResetMixin,0,0.0,80,11.0,4.0,0,0,0,1,1,1.0,Clean,test
OneTimeProperty,0,0.0,34,13.5,1.5,0,0,0,0,0,0.0,Clean,train
netcdf_file,1,0.5020161290322581,631,14.9375,3.15625,0,0,4,29,8,0.2759,Long Method,train
netcdf_variable,0,0.4666666666666667,173,11.2,2.0,0,1,0,1,1,1.0,Clean,train
Scheduler,0,1.0,14,2.0,1.0,0,0,0,0,0,0.0,Clean,train
PasteHomeView,0,0.6666666666666666,24,6.333333333333333,1.3333333333333333,0,0,2,5,4,0.4,Clean,train
PasteDetailView,0,0.0,20,17.0,1.0,0,1,0,3,2,0.6667,Clean,train
PasteDetailRawView,0,0.0,4,3.0,1.0,0,1,0,1,1,1.0,Clean,test
DatabaseEngine,0,0.5,44,9.75,1.75,0,0,0,5,2,0.8,Clean,train
Options,0,1.0,41,9.5,1.5,0,0,0,4,3,0.5,Clean,train
FakeStdIO,0,0.5,39,8.75,2.0,0,0,0,1,1,1.0,Clean,test
IManholeClient,0,1.0,24,7.0,1.0,0,1,0,0,0,0.0,Clean,test
Perspective,0,0.8205128205128205,159,10.692307692307692,2.1538461538461537,0,1,2,9,7,0.3333,God Class,train
Realm,1,0.0,19,7.0,2.0,0,0,3,3,2,0.6667,Clean,train
Service,0,1.0,27,9.5,2.0,0,0,0,1,1,1.0,Clean,test
CacheResolver,0,0.3333333333333333,112,12.714285714285714,3.2857142857142856,0,0,0,16,9,0.3125,Clean,train
IResource,0,1.0,38,8.333333333333334,1.0,0,0,0,0,0,0.0,Clean,train
Resource,1,0.7352941176470589,157,6.764705882352941,1.2352941176470589,0,3,2,2,2,0.5,God Class,train
ErrorPage,0,0.6666666666666666,48,4.666666666666667,1.0,1,3,3,2,1,1.0,Clean,train
NoResource,0,0.0,9,4.0,1.0,2,3,3,1,1,1.0,Clean,train
ForbiddenResource,0,0.0,9,4.0,1.0,2,2,3,1,1,1.0,Clean,train
NoRedisConnectionException,0,0.0,2,0.0,0.0,0,0,0,0,0,0.0,Clean,train
ImportTaskCRUDL,0,0.0,17,0.0,0.0,0,0,0,0,0,0.0,Clean,train
Read,0,0.0,6,5.0,2.0,0,0,0,0,0,0.0,Clean,train
List,0,0.0,6,2.0,1.0,0,0,0,1,1,1.0,Clean,train
GenericStatusChecker,0,0.0,21,3.0,1.0,0,0,0,1,1,1.0,Clean,train
RedirectMatcher,0,0.0,31,6.0,1.5,0,0,0,2,1,1.0,Clean,train
JsonMatcher,0,0.0,37,7.5,2.0,0,0,0,2,1,1.0,Clean,train
ContentTypeMatcher,0,0.0,43,9.0,2.75,0,0,0,4,2,0.5,Clean,train
HeaderMatcher,0,0.0,51,11.0,3.25,0,0,0,1,1,1.0,Clean,train
ContentMatcher,0,0.0,56,9.4,3.0,0,0,0,1,1,1.0,Clean,train
Checker,0,0.8333333333333334,22,4.0,1.25,0,0,0,2,1,1.0,Clean,train
pnlQCL,0,0.47619047619047616,115,15.428571428571429,1.2857142857142858,0,0,0,6,4,0.5,Long Method,test
SampleMediumCV,0,0.0,8,2.0,1.0,0,0,0,0,0,0.0,Clean,train
SiteTypeCV,0,0.0,8,2.0,1.0,0,0,0,0,0,0.0,Clean,train
Filter,0,0.0,3,0.0,0.0,0,0,0,0,0,0.0,Clean,train
Migration,0,1.0,49,4.0,1.0,0,0,0,1,1,1.0,Clean,train
Migration,0,1.0,121,4.0,1.0,0,0,0,2,1,1.0,Clean,train
Migration,0,1.0,171,22.5,1.0,0,0,0,6,2,0.6667,Feature Envy,train
Output,0,0.0,11,10.0,5.0,0,0,0,1,1,1.0,Clean,train
Frontend,0,0.3333333333333333,25,7.333333333333333,1.6666666666666667,0,0,0,1,1,1.0,Clean,train
Video,0,0.0,72,2.0,1.0,0,0,0,4,4,0.25,Clean,test
ThumbnailsCollectionRequest,1,1.0,25,11.0,1.0,0,2,1,0,0,0.0,Clean,train
ThumbnailsCollectionRequestBuilder,1,0.6666666666666666,44,13.333333333333334,1.0,0,0,2,1,1,1.0,Clean,test
ThumbnailsCollectionResponse,1,0.0,16,13.0,2.0,0,1,1,0,0,0.0,Clean,test
ThumbnailsCollectionPage,1,0.6666666666666666,36,10.666666666666666,1.3333333333333333,0,1,1,0,0,0.0,Clean,test
SyncSFlowTenant,0,1.0,58,5.5,1.5,0,0,0,7,5,0.2857,Feature Envy,test
CodeEdit,0,0.9376493072145246,1298,12.868421052631579,2.3289473684210527,0,0,0,136,45,0.125,God Class,test
Ui_SearchPanel,0,0.0,182,90.0,1.0,0,0,0,25,8,0.4,Long Method,train
Transform,0,0.8,42,4.5,1.1666666666666667,0,2,0,0,0,0.0,Clean,train
FunctionWrappingTransform,0,0.6666666666666666,13,2.3333333333333335,1.0,1,1,1,0,0,0.0,Clean,train
Registry,1,1.0,44,9.0,2.25,0,0,2,2,1,1.0,Clean,test
IaasConfig,0,0.0,80,74.0,1.0,0,0,0,17,7,0.4118,Long Method,train
ImportCommand,0,1.0,37,16.5,1.5,0,0,0,6,3,0.5,Feature Envy,test
FuelAndIPMIToolDriver,0,0.0,17,6.0,1.0,0,0,0,5,2,0.6,Clean,train
FuelAndSSHDriver,0,0.0,18,5.0,1.0,0,0,0,4,2,0.5,Clean,train
RSA,0,0.0,25,0.0,0.0,0,0,0,0,0,0.0,Clean,train
CryptException,0,0.0,2,0.0,0.0,0,1,0,0,0,0.0,Clean,train
OpenSSLException,0,1.0,12,4.5,1.0,1,2,1,4,2,0.75,Clean,test
RSAWrapper,1,0.7,28,4.4,1.2,0,2,1,4,1,1.0,Clean,train
CryptManager,3,0.0,60,58.0,8.0,0,0,3,7,4,0.5714,Feature Envy,train
FlavorsClient,0,0.0,155,14.4,1.2,0,0,0,0,0,0.0,Clean,train
PairingBehaviors,0,0.3333333333333333,59,13.5,4.0,0,0,0,1,1,1.0,Clean,train
Version,0,1.0,21,5.333333333333333,1.6666666666666667,0,0,0,1,1,1.0,Clean,train
NetworkingBehaviors,0,0.717948717948718,461,34.15384615384615,4.923076923076923,0,0,0,29,19,0.1034,God Class,train
NovaCLI,0,1.0,298,9.96,1.28,0,0,0,14,1,1.0,God Class,train
LoadBalancersClientTestsXML,0,0.0,4,0.0,0.0,1,0,0,0,0,0.0,Clean,train
LoadBalancersClientTestsJSON,0,0.0,4,0.0,0.0,1,0,0,0,0,0.0,Clean,train
FakeResponse,0,0.0,4,3.0,1.0,0,1,0,0,0,0.0,Clean,train
test_hosts,0,0.0,201,38.2,3.8,0,0,0,11,5,0.4545,Long Method,train
JsonSchemaOperationsSmoke,0,0.0,79,12.0,1.0,0,0,0,2,2,0.5,Clean,test
DFConnection,0,0.0,23,8.0,1.5,0,9,10,3,3,0.3333,Clean,train
OvsdbSwitchApi,9,0.8095238095238095,188,7.809523809523809,2.4761904761904763,0,9,21,21,10,0.1905,God Class,train
OvsdbSwitchPort,0,0.6666666666666666,10,2.0,1.0,0,10,0,0,0,0.0,Clean,train
OvsdbTunnelPort,0,0.0,8,2.5,1.0,1,9,10,0,0,0.0,Clean,train
DelControllerCommand,0,0.0,8,3.0,1.0,0,9,10,2,2,0.5,Clean,test
SetControllerCommand,0,0.0,15,6.5,1.5,0,9,10,5,4,0.4,Clean,train
SetControllerFailModeCommand,0,0.0,10,4.0,1.0,0,9,10,3,2,0.6667,Clean,train
DeleteSwitchPort,0,0.0,20,9.0,1.5,0,9,10,8,5,0.375,Feature Envy,test
AddTunnelPort,0,0.0,32,15.0,1.0,0,9,11,13,7,0.3077,Clean,train
OvsdbMonitor,0,0.7333333333333333,35,4.833333333333333,2.3333333333333335,0,9,10,8,6,0.25,Clean,test
AddPatchPort,0,0.0,26,12.0,1.0,0,9,10,12,7,0.25,Clean,train
DfDvrRouter,0,0.0,17,4.666666666666667,2.0,0,1,0,0,0,0.0,Clean,train
DfL3NATAgentWithStateReport,1,0.0,16,15.0,2.0,0,0,1,0,0,0.0,Clean,train
SomeConsumer,0,0.6666666666666666,13,3.3333333333333335,1.0,0,0,0,1,1,1.0,Clean,train
Wait,0,0.0,2,0.0,0.0,0,1,0,0,0,0.0,Clean,train
RichQueue,1,0.6666666666666666,58,4.5,1.8,0,1,1,3,1,1.0,Clean,train
QueuedThread,0,0.0,21,9.5,2.0,0,0,2,0,0,0.0,Clean,train
SessionsCollectionResource,0,0.0,27,7.0,2.0,0,0,0,5,3,0.4,Clean,train
SessionsResource,0,0.0,46,7.4,2.0,0,0,0,4,3,0.5,Clean,test
SessionsAction,1,0.0,32,13.0,2.5,0,0,2,9,4,0.5556,Feature Envy,train
Session,0,0.2222222222222222,123,13.0,3.25,0,1,0,4,2,0.75,Clean,train
SessionsJob,0,0.0,85,26.0,1.3333333333333333,0,0,0,4,4,0.25,Clean,test
SessionConfigurationAction,0,0.8333333333333334,63,5.75,2.25,0,0,0,1,1,1.0,Clean,train
SessionConfiguration,0,0.0,7,0.0,0.0,0,0,0,0,0,0.0,Clean,train
CreateSession,0,0.0,20,11.0,3.0,0,0,0,1,1,1.0,Clean,train
Meta,0,0.0,5,0.0,0.0,0,0,0,0,0,0.0,Clean,train
ExpressionParserException,0,0.0,2,0.0,0.0,0,0,0,0,0,0.0,Clean,train
LexError,0,0.0,2,0.0,0.0,1,0,0,0,0,0.0,Clean,train
ParseError,0,0.0,2,0.0,0.0,1,0,0,0,0,0.0,Clean,train
UnknownModel,0,0.0,2,0.0,0.0,1,0,0,0,0,0.0,Clean,train
CookieTokenMixin,0,0.0,20,14.0,3.0,0,2,0,3,3,0.3333,Clean,test
SkipAuthMixin,0,0.0,31,14.0,4.0,0,1,3,2,2,0.5,Clean,train
FakeAuthProtocol,0,1.0,11,4.0,1.5,1,2,1,0,0,0.0,Clean,train
NailgunKeystoneAuthMiddleware,0,0.0,15,10.0,2.0,1,1,3,0,0,0.0,Clean,test
NailgunFakeKeystoneAuthMiddleware,0,0.0,3,0.0,0.0,1,0,0,0,0,0.0,Clean,test
NotificationSerializer,0,0.0,11,0.0,0.0,0,0,0,0,0,0.0,Clean,train
IndexHandler,0,0.0,6,5.0,1.0,0,0,0,3,3,0.3333,Clean,train
GBPResource,0,1.0,128,9.083333333333334,2.5,0,0,0,12,8,0.1667,Clean,train
WorkflowView,0,0.782051282051282,184,10.76923076923077,2.3076923076923075,0,0,0,20,8,0.55,God Class,test
DeleteNetwork,0,1.0,27,6.666666666666667,1.3333333333333333,0,0,0,3,3,0.3333,Clean,train
CreateNetwork,0,0.0,7,0.0,0.0,0,0,0,0,0,0.0,Data Class,train
EditNetwork,0,0.0,7,0.0,0.0,0,0,0,0,0,0.0,Data Class,train
NetworksTable,0,0.0,35,8.0,2.0,0,0,0,1,1,1.0,Data Class,train
Meta,0,0.0,6,0.0,0.0,0,0,0,0,0,0.0,Clean,test
DeleteDHCPAgent,0,1.0,30,7.666666666666667,1.3333333333333333,0,0,0,3,3,0.3333,Clean,train
AddDHCPAgent,0,0.0,11,3.0,1.0,0,0,0,0,0,0.0,Clean,train
DHCPAgentsTable,0,0.0,16,0.0,0.0,0,0,0,0,0,0.0,Clean,train
Meta,0,0.0,6,0.0,0.0,0,0,0,0,0,0.0,Clean,train
IndexView,0,0.0,15,10.0,2.0,0,0,0,2,2,0.5,Clean,train
CreateView,0,0.0,2,0.0,0.0,0,0,0,0,0,0.0,Clean,train
UpdateView,0,0.6666666666666666,35,7.0,1.3333333333333333,0,1,1,3,3,0.3333,Clean,train
DetailView,0,0.4,57,9.2,1.6,0,1,1,14,7,0.4286,Clean,train
LaunchStack,0,0.0,7,0.0,0.0,0,0,0,0,0,0.0,Data Class,train
PreviewStack,0,0.0,7,0.0,0.0,0,0,0,0,0,0.0,Data Class,train
CheckStack,0,1.0,24,4.666666666666667,1.0,0,0,0,1,1,1.0,Clean,train
SuspendStack,0,1.0,24,4.666666666666667,1.0,0,0,0,1,1,1.0,Clean,train
ResumeStack,0,1.0,24,4.666666666666667,1.0,0,0,0,1,1,1.0,Clean,train
ChangeStackTemplate,0,0.0,9,2.0,1.0,0,0,0,2,2,0.5,Clean,train
DeleteStack,0,1.0,26,4.5,1.25,0,0,0,2,2,0.5,Clean,train
StacksUpdateRow,0,1.0,19,7.5,2.5,0,0,0,4,4,0.25,Clean,train
StacksFilterAction,0,0.0,7,5.0,1.0,0,0,0,2,2,0.5,Clean,train
StacksTable,0,0.0,108,2.0,1.0,0,0,0,1,1,1.0,Data Class,train
EventsTable,0,0.0,21,0.0,0.0,0,0,0,0,0,0.0,Clean,train
ResourcesUpdateRow,0,0.0,15,12.0,3.0,0,0,0,5,4,0.4,Clean,train
ResourcesTable,0,1.0,49,3.5,1.0,0,0,0,1,1,1.0,Data Class,train
Meta,0,0.0,18,0.0,0.0,0,0,0,0,0,0.0,Data Class,test
Meta,0,0.0,3,0.0,0.0,0,0,0,0,0,0.0,Clean,test
StatusColumn,0,0.0,3,2.0,1.0,0,0,0,1,1,1.0,Clean,train
Meta,0,0.0,5,0.0,0.0,0,0,0,0,0,0.0,Clean,train
DetailView,0,0.8333333333333334,41,8.0,1.75,0,10,14,13,8,0.3077,Clean,train
CreateView,0,0.0,52,13.666666666666666,2.3333333333333335,0,10,18,7,6,0.2857,Clean,train
ExtendView,0,0.0,39,9.333333333333334,2.0,0,10,13,5,4,0.4,Clean,train
CreateSnapshotView,0,0.0,31,11.0,2.0,0,10,10,4,4,0.25,Clean,test
UploadToImageView,0,0.0,37,8.333333333333334,1.3333333333333333,0,10,13,5,4,0.4,Clean,train
CreateTransferView,0,0.0,19,4.0,1.0,0,10,10,0,0,0.0,Clean,train
AcceptTransferView,0,0.0,10,0.0,0.0,0,0,0,0,0,0.0,Data Class,test
ShowTransferView,0,0.0,35,7.666666666666667,1.6666666666666667,0,10,13,4,3,0.5,Clean,test
UpdateView,0,0.0,33,7.333333333333333,1.6666666666666667,0,10,13,5,3,0.6,Clean,train
EditAttachmentsView,0,0.8571428571428571,73,7.714285714285714,2.2857142857142856,0,10,13,8,7,0.25,Clean,train
RetypeView,0,0.0,38,8.333333333333334,1.3333333333333333,0,10,13,5,4,0.4,Clean,test
EncryptionDetailView,0,0.8333333333333334,43,8.5,1.5,0,10,11,5,4,0.4,Clean,train
IpMacPort,0,0.0,8,5.0,2.0,0,1,0,1,1,1.0,Clean,train
IptablesDriver,1,0.6818181818181818,169,12.916666666666666,3.4166666666666665,0,0,1,23,13,0.2174,God Class,train
RouterType,0,0.0,36,0.0,0.0,0,0,0,0,0,0.0,Data Class,train
RouterHostingDeviceBinding,0,0.0,34,0.0,0.0,0,0,0,0,0,0.0,Data Class,train
AgentNotFound,0,0.0,2,0.0,0.0,0,0,0,0,0,0.0,Clean,train
AgentNotFoundByTypeHost,0,0.0,3,0.0,0.0,0,0,0,0,0,0.0,Clean,train
MultipleAgentFoundByTypeHost,0,0.0,3,0.0,0.0,0,0,0,0,0,0.0,Clean,train
Agent,0,1.0,45,4.428571428571429,1.1428571428571428,0,0,0,6,5,0.3333,Feature Envy,train
AgentPluginBase,0,1.0,43,5.8,1.0,0,0,0,1,1,1.0,Clean,train
DbQuotaDriver,0,0.9857142857142858,586,26.61904761904762,3.4761904761904763,0,2,6,51,19,0.3137,God Class,train
NoopQuotaDriver,0,1.0,271,14.529411764705882,1.3529411764705883,0,3,0,2,2,0.5,God Class,train
BaseResource,0,0.3333333333333333,66,20.0,2.6666666666666665,0,2,6,7,4,0.2857,Clean,train
ReservableResource,0,0.0,36,32.0,1.0,1,1,3,0,0,0.0,Clean,train
AbsoluteResource,0,0.0,3,0.0,0.0,1,0,0,0,0,0.0,Clean,test
CountableResource,0,0.0,36,31.0,1.0,2,1,3,0,0,0.0,Clean,test
QuotaEngine,0,0.35507246376811596,334,12.75,1.375,0,4,32,7,6,0.2857,Clean,test
Controller,0,0.5,28,6.0,2.0,0,0,0,3,3,0.3333,Clean,train
EngineActions,0,0.0,19,0.0,0.0,0,0,0,0,0,0.0,Clean,train
PluginActions,0,0.0,19,0.0,0.0,0,0,0,0,0,0.0,Clean,train
ConfiguratorCLI,0,0.0,46,41.0,2.0,0,0,0,14,11,0.1429,Clean,train
Init,0,0.0,7,6.0,1.0,0,0,0,2,2,0.5,Clean,train
InitInstall,0,0.0,9,8.0,1.0,0,0,0,2,2,0.5,Clean,train
InstallPlugin,0,0.0,8,7.0,1.0,0,0,0,1,1,1.0,Clean,train
ListPlugins,0,0.0,8,7.0,1.0,0,0,0,1,1,1.0,Clean,train
SSHAuthStrategy,0,0.0,5,0.0,0.0,0,0,0,0,0,0.0,Clean,test
ExtendedParamikoSSHClient,0,0.0,21,19.0,3.0,0,1,0,6,1,1.0,Feature Envy,train
BaseSSHClient,1,0.41818181818181815,294,25.636363636363637,4.363636363636363,0,1,3,17,10,0.2353,Long Method,train
SSHClient,0,0.2,152,29.2,2.2,1,1,3,3,1,1.0,Clean,test
BaseAuthPlugin,0,0.8666666666666667,121,8.8,1.5,0,0,0,5,4,0.4,Clean,train
MonascaManager,0,1.0,21,5.666666666666667,2.0,0,0,0,1,1,1.0,Clean,train
ShowAutoAllocatedTopology,0,1.0,56,25.0,6.5,0,0,0,9,6,0.3333,Long Method,test
ListSpeakers,0,0.0,7,0.0,0.0,0,0,0,0,0,0.0,Clean,train
ShowSpeaker,0,0.0,4,0.0,0.0,0,0,0,0,0,0.0,Clean,train
CreateSpeaker,0,1.0,31,12.5,1.0,0,0,0,3,2,0.6667,Clean,test
UpdateSpeaker,0,1.0,15,4.5,1.0,0,0,0,1,1,1.0,Clean,test
DeleteSpeaker,0,0.0,4,0.0,0.0,0,0,0,0,0,0.0,Clean,train
AddPeerToSpeaker,0,1.0,27,11.5,1.0,0,4,4,5,4,0.4,Clean,train
RemovePeerFromSpeaker,0,1.0,27,11.5,1.0,0,4,4,5,4,0.4,Clean,train
AddNetworkToSpeaker,0,1.0,26,11.0,1.0,0,4,4,4,3,0.5,Clean,train
RemoveNetworkFromSpeaker,0,1.0,26,11.0,1.0,0,4,4,4,3,0.5,Clean,train
ListRoutesAdvertisedBySpeaker,0,1.0,23,7.0,1.0,0,4,4,3,3,0.3333,Clean,test
Node,0,0.8333333333333334,101,10.5,1.0,0,0,0,5,3,0.4,Clean,train
AbsoluteLimits,0,0.0,40,0.0,0.0,0,0,0,0,0,0.0,Data Class,train
RateLimits,0,0.0,8,0.0,0.0,0,1,0,0,0,0.0,Clean,train
Limits,1,0.0,38,28.0,2.0,0,0,1,1,1,1.0,Clean,train
Project,0,0.0,29,0.0,0.0,0,0,0,0,0,0.0,Data Class,train
ViewBuilder,0,1.0,29,5.75,1.0,0,0,0,2,2,0.5,Clean,test
AdminCleanup,0,1.0,23,8.5,1.5,0,0,0,5,4,0.4,Clean,train
CeilometerSamples,0,1.0,40,15.0,2.0,0,0,0,4,3,0.5,Clean,train
Handled,0,0.0,2,0.0,0.0,0,0,0,0,0,0.0,Clean,train
Context,0,0.0,9,3.0,1.0,0,0,0,0,0,0.0,Clean,train
AlertsProvider,0,0.16666666666666666,43,9.75,2.5,0,2,0,7,7,0.1429,Clean,train
AmbariHealthCheck,0,0.8333333333333334,13,2.25,1.0,0,1,3,0,0,0.0,Clean,train
AmbariServiceHealthCheck,0,0.7,49,8.8,2.2,0,1,3,8,4,0.5,Clean,train
Hue,0,0.9558823529411765,231,11.823529411764707,2.0588235294117645,0,4,5,46,23,0.1739,God Class,train
HueV360,0,0.0,4,3.0,1.0,1,4,4,0,0,0.0,Clean,train
HueV370,0,0.0,4,3.0,1.0,1,4,4,0,0,0.0,Clean,train
HueV381,0,0.0,7,6.0,1.0,1,4,4,0,0,0.0,Clean,train
HueV390,0,1.0,19,8.5,1.0,1,4,6,1,1,1.0,Clean,train
ForbiddenException,0,0.0,2,0.0,0.0,0,0,0,0,0,0.0,Clean,test
ServiceHandler,0,0.0,31,4.8,1.0,0,0,0,7,2,0.8571,Clean,train
API,0,1.0,19,2.8,1.0,0,0,0,1,1,1.0,Clean,train
CrossDomainMiddleware,0,0.6666666666666666,63,7.666666666666667,1.6666666666666667,0,0,0,2,1,1.0,Clean,train
InfoController,0,0.9,83,13.8,2.8,0,0,0,3,1,1.0,Clean,train
AxisItem,0,0.0,17,7.5,3.0,0,1,1,2,1,1.0,Clean,train
Axis,1,0.0,16,7.0,2.0,0,1,2,4,2,0.75,Clean,test
APIDefinitionGenerator,0,1.0,59,14.5,2.0,0,3,1,0,0,0.0,Clean,test
ExtCallContext,0,0.0,9,8.0,1.0,0,2,3,0,0,0.0,Clean,train
FormExtCallContext,0,0.0,9,8.0,1.0,0,2,3,1,1,1.0,Clean,train
ExtDirectProtocol,3,0.925,193,10.0625,2.8125,0,3,4,22,8,0.3182,God Class,train
Tag,0,0.0,16,3.0,1.5,0,1,1,0,0,0.0,Clean,train
Tagged,0,0.0,26,8.5,2.5,0,1,1,1,1,1.0,Clean,test
Meta,0,0.0,4,0.0,0.0,0,0,0,0,0,0.0,Clean,train
Meta,0,0.0,2,0.0,0.0,0,0,0,0,0,0.0,Clean,train
MPURNLRI,0,0.7,19,2.0,1.0,0,0,0,1,1,1.0,Clean,train
_InstanceFactory,0,0.0,15,3.3333333333333335,1.0,0,1,0,0,0,0.0,Clean,test
MyClientCreator,1,0.0,18,15.0,1.0,0,0,2,4,3,0.5,Clean,train
Peer,0,0.0,6,5.0,1.0,0,1,1,0,0,0.0,Clean,test
Cmd,0,0.9969230769230769,471,16.384615384615383,2.8461538461538463,0,1,1,26,7,0.5385,God Class,train
VRRPInstance,0,0.0,11,4.5,1.0,0,1,2,0,0,0.0,Data Class,train
VRRPManager,2,0.6666666666666666,111,9.5,1.9,0,1,5,40,12,0.3,Clean,train
VRRPStatistics,0,0.0,33,15.5,1.0,0,2,0,0,0,0.0,Clean,test
MyHTTPConnection,0,0.0,6,5.0,1.0,0,1,1,1,1,1.0,Clean,train
MyHTTPHandler,0,0.0,10,9.0,3.0,0,0,0,0,0,0.0,Clean,train
MyHTTPSConnection,0,0.0,6,5.0,1.0,0,1,1,1,1,1.0,Clean,train
MyHTTPSHandler,0,0.0,10,9.0,3.0,0,0,0,0,0,0.0,Clean,test
SmartRedirectHandler,0,1.0,12,5.0,1.0,0,0,0,1,1,1.0,Clean,train
Requester,0,0.8518518518518519,270,8.535714285714286,2.142857142857143,0,0,0,7,7,0.1429,God Class,train
JarLibrary,2,0.7,95,14.6,2.2,0,0,2,7,6,0.2857,Clean,train
WrongTargetTypeError,0,0.0,3,0.0,0.0,0,1,0,0,0,0.0,Clean,test
ExpectedAddressError,0,0.0,3,0.0,0.0,0,1,0,0,0,0.0,Clean,train
ScalaJarDependency,0,0.0,10,2.0,1.0,0,0,0,1,1,1.0,Clean,train
UnpackJarsFingerprintStrategy,0,0.0,13,11.0,3.0,0,1,0,5,3,0.4,Clean,train
UnpackJars,3,0.9722222222222222,131,11.333333333333334,3.2222222222222223,0,0,3,12,10,0.25,Clean,train
InvalidPatternError,0,0.0,2,0.0,0.0,0,1,0,0,0,0.0,Clean,test
MissingUnpackedDirsError,0,0.0,2,0.0,0.0,0,1,0,0,0,0.0,Clean,train
PythonSetup,0,0.9340659340659341,94,4.285714285714286,1.3571428571428572,0,1,1,1,1,1.0,Clean,train
PythonRepos,0,1.0,30,3.8,1.0,0,1,1,1,1,1.0,Clean,test
BuildFilePath,0,0.0,9,3.5,1.0,0,0,0,1,1,1.0,Clean,train
DeferredSourcesMapper,2,1.0,56,12.333333333333334,2.6666666666666665,0,0,2,6,4,0.3333,Feature Envy,train
SourcesTargetLookupError,0,0.0,3,0.0,0.0,0,1,0,0,0,0.0,Clean,train
NoUnpackedSourcesError,0,0.0,3,0.0,0.0,0,1,0,0,0,0.0,Clean,train
ChangedTargetTask,0,1.0,37,6.0,1.0,0,0,0,4,4,0.25,Clean,test
TranslatorBase,0,0.0,8,2.0,1.0,0,1,0,0,0,0.0,Clean,train
ChainedTranslator,0,0.0,21,4.333333333333333,2.3333333333333335,1,3,3,1,1,1.0,Clean,train
SourceTranslator,0,0.6666666666666666,73,23.0,6.0,1,4,0,15,11,0.2,Long Method,train
BinaryTranslator,0,0.0,23,10.5,3.0,1,3,0,9,6,0.4444,Clean,train
EggTranslator,0,0.0,3,2.0,1.0,2,2,4,0,0,0.0,Clean,test
WheelTranslator,0,0.0,3,2.0,1.0,2,2,4,0,0,0.0,Clean,train
Translator,4,0.0,12,10.0,2.0,0,0,4,2,2,0.5,Clean,train
Migration,0,1.0,368,34.0,1.0,0,0,0,6,2,0.6667,Feature Envy,train
KafkaClient,0,0.3333333333333333,76,21.333333333333332,1.6666666666666667,0,0,0,0,0,0.0,Clean,test
ResponseFuture,0,0.0,33,6.75,1.5,0,1,0,1,1,1.0,Clean,train
Handler,0,0.0,5,3.0,1.0,0,2,0,0,0,0.0,Clean,train
ThreadingHandler,0,1.0,29,5.666666666666667,1.6666666666666667,1,2,2,4,3,0.5,Clean,train
GEventHandler,0,1.0,18,4.0,1.5,1,2,3,1,1,1.0,Clean,test
RequestHandler,1,0.6,88,12.833333333333334,2.3333333333333335,0,1,7,8,4,0.375,Clean,train
MetaProtocolMessage,0,0.0,10,0.0,0.0,0,0,0,0,0,0.0,Clean,train
Meta,0,0.0,2,0.0,0.0,0,0,0,0,0,0.0,Clean,train
Type,0,0.0,3,0.0,0.0,0,0,0,0,0,0.0,Clean,test
AppSettings,0,0.9952380952380953,276,5.277777777777778,1.2222222222222223,0,0,0,2,1,1.0,God Class,train
AuthenticationMethod,0,0.0,4,0.0,0.0,0,0,0,0,0,0.0,Clean,train
EmailVerificationMethod,0,0.0,9,0.0,0.0,0,0,0,0,0,0.0,Clean,train
OpenIDAccount,0,0.0,20,9.0,2.0,0,0,0,1,1,1.0,Clean,train
OpenIDProvider,0,1.0,48,7.8,1.8,0,0,0,8,4,0.375,Feature Envy,train
WindowsLiveOAuth2Adapter,0,0.0,22,16.0,1.0,0,0,0,2,2,0.5,Clean,train
LocationProvider,0,1.0,21,5.0,1.3333333333333333,0,0,0,0,0,0.0,Clean,train
_AbstractCanvas,0,0.638095238095238,305,18.6,4.333333333333333,0,5,7,1,1,1.0,Long Method,train
Canvas,0,0.5,47,9.0,2.0,1,5,6,2,1,1.0,Clean,train
Screen,3,0.9809523809523809,784,18.238095238095237,2.9047619047619047,0,5,33,28,10,0.2857,God Class,train
_WindowsScreen,0,0.5,305,20.11111111111111,3.4444444444444446,1,5,5,16,4,0.5,Long Method,train
_CursesScreen,0,0.7818181818181819,284,20.0,3.1818181818181817,1,5,10,4,2,0.75,God Class,train
_BlessedScreen,0,0.6,150,12.7,1.9,1,5,11,3,1,1.0,Clean,train
CoubletApp,0,0.0,30,11.0,1.0,0,0,0,2,1,1.0,Clean,train
Ruler,0,0.0,8,3.0,1.0,0,0,0,1,1,1.0,Clean,train
Featured,0,0.0,2,0.0,0.0,0,0,0,0,0,0.0,Clean,train
FeaturedBase,0,0.0,18,9.0,1.0,0,0,4,3,2,0.6667,Clean,train
FeaturedByImage,0,0.0,117,21.0,5.5,1,1,0,49,4,0.6735,Feature Envy,test
FeaturedByImageList,0,0.0,70,23.0,7.0,1,1,0,32,4,0.5,Feature Envy,train
FeaturedByText,0,0.0,120,36.5,7.0,1,1,0,66,5,0.7121,Feature Envy,train
FeaturedByDiapText,0,0.0,64,0.0,0.0,2,0,0,0,0,0.0,Clean,train
FeaturedByTextList,0,0.0,47,21.0,5.0,1,1,0,25,4,0.52,Feature Envy,test
FeaturedTitled,0,0.0,2,0.0,0.0,1,0,0,0,0,0.0,Clean,test
Migration,0,0.0,21,0.0,0.0,0,0,0,0,0,0.0,Clean,train
Migration,0,1.0,150,6.0,1.0,0,0,0,3,1,1.0,Clean,train
ph1_t,0,0.0,12,0.0,0.0,0,0,0,0,0,0.0,Clean,train
libraw_iparams_t,0,0.0,14,0.0,0.0,0,0,0,0,0,0.0,Clean,train
libraw_image_sizes_t,0,0.0,17,0.0,0.0,0,0,0,0,0,0.0,Clean,train
libraw_colordata_t,0,0.0,23,0.0,0.0,0,0,0,0,0,0.0,Clean,train
libraw_imgother_t,0,0.0,16,0.0,0.0,0,0,0,0,0,0.0,Clean,train
libraw_thumbnail_t,0,0.0,11,0.0,0.0,0,0,0,0,0,0.0,Clean,train
libraw_internal_output_params_t,0,0.0,8,0.0,0.0,0,0,0,0,0,0.0,Clean,train
libraw_rawdata_t,0,0.0,17,0.0,0.0,0,0,0,0,0,0.0,Clean,train
libraw_output_params_t,0,0.0,63,0.0,0.0,0,0,0,0,0,0.0,Clean,train
libraw_data_t,0,0.0,19,0.0,0.0,0,0,0,0,0,0.0,Clean,train
libraw_processed_image_t,0,0.0,12,0.0,0.0,0,0,0,0,0,0.0,Clean,test
libraw_decoder_info_t,0,0.0,7,0.0,0.0,0,0,0,0,0,0.0,Clean,test
ProjectorCalibrator,0,0.8928571428571429,116,13.5,2.375,0,0,0,3,1,1.0,Clean,train
ShootDontShoot,0,0.4722222222222222,118,12.0,2.111111111111111,0,0,0,1,1,1.0,Clean,train
InvoiceListView,0,0.0,7,2.0,1.0,0,2,2,0,0,0.0,Clean,train
PaymentMethodListView,0,0.0,7,2.0,1.0,0,2,2,0,0,0.0,Clean,train
PaymentMethodCreateView,0,1.0,13,4.0,1.5,0,0,1,2,2,0.5,Clean,train
PaymentMethodDeleteView,0,1.0,14,4.5,1.5,0,0,1,1,1,1.0,Clean,train
PaymentMethodUpdateView,0,0.6666666666666666,22,5.0,1.6666666666666667,0,1,3,3,2,0.6667,Clean,train
SubscriptionListView,0,0.0,7,2.0,1.0,0,2,2,0,0,0.0,Clean,train
SubscriptionCreateView,0,0.6666666666666666,18,4.0,1.6666666666666667,0,2,1,3,3,0.3333,Clean,train
SubscriptionDeleteView,0,0.0,14,4.5,1.5,0,0,1,1,1,1.0,Clean,train
SubscriptionUpdateView,0,0.7333333333333333,42,5.166666666666667,1.5,0,5,2,5,4,0.4,Clean,train
Webhook,0,1.0,22,5.666666666666667,1.3333333333333333,0,0,0,3,2,0.6667,Clean,train
TeamDefaultHookset,0,1.0,27,3.2,1.0,0,0,0,4,2,0.75,Clean,train
HookProxy,0,0.0,5,3.0,1.0,0,0,0,1,1,1.0,Clean,test
UpcomingEvents,0,1.0,24,2.0,1.0,0,0,0,5,2,0.8,Clean,train
CreateFlavor,0,0.0,18,11.0,1.0,0,0,0,3,3,0.3333,Clean,train
DeleteFlavor,0,0.0,15,12.0,2.0,0,0,0,9,7,0.2222,Clean,train
XEditableMixin,0,0.9636363636363636,144,11.727272727272727,2.5454545454545454,0,0,0,12,7,0.25,God Class,train
XEditableDatatableView,0,0.0,2,0.0,0.0,1,0,0,0,0,0.0,Clean,train
Node,0,0.4,72,13.4,6.2,0,0,0,11,3,0.3636,Clean,train
StartupScriptMixin,0,0.0,44,43.0,11.0,0,0,1,5,5,0.2,Long Method,test
BaseMaster,0,0.0,23,22.0,6.0,0,0,0,1,1,1.0,Data Class,train
InstanceHooks,0,0.6666666666666666,21,6.0,2.6666666666666665,0,1,0,0,0,0.0,Clean,train
BaseInstance,1,0.8846153846153846,106,6.538461538461538,2.1538461538461537,0,1,1,6,5,0.3333,Clean,train
Executor,0,0.0,76,37.0,11.0,0,0,0,18,10,0.3333,Long Method,train
Hooks,0,0.0,6,2.0,1.0,0,0,0,0,0,0.0,Clean,train
OrdinaryPercolation,0,0.6515151515151515,404,31.5,3.1666666666666665,0,0,0,3,3,0.3333,Clean,train
Application,0,1.0,94,15.25,3.0,0,0,0,6,3,0.5,Clean,train
State,0,0.6666666666666666,95,28.0,5.0,0,0,0,4,3,0.5,Long Method,train
Polaris,0,0.13333333333333333,213,33.333333333333336,3.8333333333333335,0,0,0,4,3,0.5,Long Method,train
Envelope,0,0.0,10,6.0,1.0,0,0,0,0,0,0.0,Clean,train
Calculation,0,1.0,12,2.0,1.0,0,0,0,0,0,0.0,Clean,train
Options,0,0.0,5,2.0,1.0,0,0,0,0,0,0.0,Clean,train
EchoHandler,0,0.0,7,5.0,1.0,0,1,0,0,0,0.0,Clean,train
AddHandler,0,0.0,7,5.0,1.0,0,1,0,0,0,0.0,Clean,train
Example,2,0.6666666666666666,30,7.666666666666667,1.3333333333333333,0,0,2,2,1,1.0,Clean,train
FilesystemLock,0,0.0,104,26.0,6.333333333333333,0,0,0,1,1,1.0,Long Method,train
Command,0,1.0,40,18.0,2.5,0,0,0,7,6,0.2857,Clean,train
TimeoutError,0,0.0,2,0.0,0.0,0,0,0,0,0,0.0,Clean,train
Unix,0,0.9848484848484849,382,29.166666666666668,5.333333333333333,0,0,0,25,14,0.2,God Class,train
Types,0,1.0,65,4.571428571428571,2.7142857142857144,0,0,0,0,0,0.0,Clean,train
HappyElement,0,1.0,9,2.0,1.0,0,0,0,1,1,1.0,Clean,train
TabularColumn,0,0.0,10,3.5,1.0,0,1,0,1,1,1.0,Clean,train
Tabular,1,0.23809523809523808,45,4.857142857142857,2.0,0,0,1,1,1,1.0,Clean,train
TaskManager,0,0.0,56,9.4,2.0,0,1,0,2,1,1.0,Clean,train
ChainListener,0,0.0,7,2.0,1.0,0,1,1,0,0,0.0,Clean,train
PipeListener,0,0.0,8,6.0,2.0,1,1,1,0,0,0.0,Clean,test
Task,2,0.6666666666666666,97,8.777777777777779,1.4444444444444444,0,2,6,2,2,0.5,Clean,train
Coevolution,0,0.7166666666666667,260,13.9375,3.875,0,0,0,12,8,0.25,God Class,test
TMaze,0,0.0,59,9.25,2.75,0,0,0,0,0,0.0,Clean,train
FullConnection,0,0.5,21,3.25,1.0,0,0,0,0,0,0.0,Clean,test
NetworkReader,0,0.9047619047619048,99,12.285714285714286,3.142857142857143,0,0,0,19,8,0.3684,Clean,train
ObjectIdentifier,0,0.8,56,7.833333333333333,2.1666666666666665,0,0,0,2,2,0.5,Clean,train
ExtensionOID,0,0.0,20,0.0,0.0,0,0,0,0,0,0.0,Data Class,train
CRLEntryExtensionOID,0,0.0,4,0.0,0.0,0,0,0,0,0,0.0,Clean,train
NameOID,0,0.0,22,0.0,0.0,0,0,0,0,0,0.0,Data Class,test
SignatureAlgorithmOID,0,0.0,15,0.0,0.0,0,0,0,0,0,0.0,Data Class,train
ExtendedKeyUsageOID,0,0.0,7,0.0,0.0,0,0,0,0,0,0.0,Data Class,train
AuthorityInformationAccessOID,0,0.0,3,0.0,0.0,0,0,0,0,0,0.0,Clean,train
CertificatePoliciesOID,0,0.0,4,0.0,0.0,0,0,0,0,0,0.0,Clean,train
SSLWrapper,0,0.0,34,5.0,1.0,0,2,0,0,0,0.0,Clean,train
SecureTCPServer,1,0.0,25,20.0,1.0,0,1,3,7,2,0.5714,Feature Envy,test
SecureXMLRPCRequestHandler,0,0.0,11,9.0,1.0,0,0,0,0,0,0.0,Clean,train
SecureXMLRPCServer,0,0.0,14,12.0,1.0,0,1,2,0,0,0.0,Data Class,train
PlySaveFilter,0,1.0,67,15.75,3.5,0,0,0,11,6,0.2727,Clean,train
Controller,0,1.0,25,10.0,3.0,0,1,2,7,6,0.2857,Clean,train
BoundController,0,0.0,2,0.0,0.0,0,0,0,0,0,0.0,Clean,train
Skin,1,0.7,203,39.0,10.2,1,2,1,16,10,0.1875,Long Method,train
BoundSkin,1,0.5333333333333333,28,3.3333333333333335,1.1666666666666667,1,1,4,5,1,1.0,Clean,train
BoundSkinPrimitive,0,0.0,14,3.0,1.3333333333333333,0,1,0,1,1,1.0,Clean,train
Morph,1,0.8,89,13.166666666666666,4.666666666666667,1,2,1,6,4,0.3333,Long Method,train
BoundMorph,0,0.0,13,2.6666666666666665,1.0,1,1,0,0,0,0.0,Clean,train
SpammyPosting,0,0.0,26,2.0,1.0,0,0,0,0,0,0.0,Data Class,train
Meta,0,0.0,2,0.0,0.0,0,0,0,0,0,0.0,Clean,train
Migration,0,0.0,14,0.0,0.0,0,0,0,0,0,0.0,Clean,train
Command,0,0.0,6,2.0,1.0,0,0,0,0,0,0.0,Clean,train
eval_frame,0,0.0,30,4.0,1.2,0,0,0,1,1,1.0,Clean,train
query_datetime_index,0,0.0,14,5.0,1.0,0,0,0,1,1,1.0,Clean,test
query_datetime_series,0,0.0,14,5.0,1.0,0,0,0,0,0,0.0,Clean,train
query_with_boolean_selection,0,0.0,17,6.5,1.0,0,0,0,1,1,1.0,Clean,train
SQLAlchemyRequired,0,0.0,2,0.0,0.0,0,0,0,0,0,0.0,Clean,train
DatabaseError,0,0.0,2,0.0,0.0,0,1,0,0,0,0.0,Clean,train
SQLTable,0,0.6013071895424836,383,19.77777777777778,5.333333333333333,0,3,16,22,9,0.2273,Long Method,train
PandasSQL,0,1.0,12,3.0,1.0,0,0,0,0,0,0.0,Clean,test
SQLDatabase,1,0.6666666666666666,263,18.916666666666668,2.5833333333333335,1,3,11,12,7,0.3333,Clean,test
SQLiteTable,0,0.6666666666666666,112,14.285714285714286,3.0,1,3,11,5,4,0.4,Clean,train
SQLiteDatabase,2,0.8909090909090909,172,13.272727272727273,2.3636363636363638,1,3,9,9,4,0.3333,God Class,train
TablePlotter,0,0.9047619047619048,152,20.0,3.7142857142857144,0,0,0,21,7,0.3333,Clean,train
VisualizationFrame,0,0.8666666666666667,397,26.75,2.75,0,0,0,12,8,0.3333,God Class,train
ReadOnlySheetSource,0,0.6666666666666666,29,7.333333333333333,1.3333333333333333,0,3,6,1,1,1.0,Clean,test
WriteOnlySheetSource,0,1.0,12,3.0,1.0,0,3,7,0,0,0.0,Clean,test
RecordsSource,0,0.0,16,2.5,1.0,0,4,0,0,0,0.0,Clean,train
DictSource,0,0.0,16,3.5,1.0,0,4,0,0,0,0.0,Clean,train
ArraySource,0,0.0,13,2.0,1.0,0,4,0,0,0,0.0,Clean,train
ReadOnlyBookSource,0,0.0,28,9.5,1.5,0,3,6,1,1,1.0,Clean,train
BookDictSource,0,0.0,17,4.0,1.5,0,4,0,1,1,1.0,Clean,train
WriteOnlyBookSource,0,0.0,12,4.0,1.0,0,1,7,0,0,0.0,Clean,train
ConvertVisitor,0,1.0,10,4.5,1.5,0,1,0,1,1,1.0,Clean,train
ASTCodeGenerator,0,0.9998331943286072,941,7.445454545454545,1.5454545454545454,1,0,1,58,3,0.9483,God Class,test
TabContainer,0,0.0,6,5.0,1.0,0,2,1,2,1,1.0,Clean,train
TabRaphaelContainer,0,0.8333333333333334,22,4.0,1.25,1,2,1,3,1,1.0,Clean,train
ShowCaseApp,2,0.0,31,14.0,1.0,0,0,5,0,0,0.0,Clean,train
MediaElement,0,1.0,30,4.0,1.2,0,0,0,0,0,0.0,Clean,train
Mercurial,0,1.0,86,8.0,1.6666666666666667,0,0,0,10,6,0.3,Clean,test
Link,1,1.0,92,9.0,1.0,0,1,2,1,1,1.0,Clean,train
SoftLink,0,0.39285714285714285,183,13.875,3.25,0,0,2,0,0,0.0,Clean,train
ExternalLink,0,0.7333333333333333,107,13.333333333333334,1.8333333333333333,0,1,1,3,2,0.6667,Clean,train
NoAttrs,0,0.6666666666666666,11,2.6666666666666665,1.0,0,2,0,0,0,0.0,Clean,train
Migration,0,0.0,32,0.0,0.0,0,0,0,0,0,0.0,Clean,train
XmlString,0,1.0,64,8.6,2.4,0,0,0,4,3,0.5,Clean,train
MetaOxmlElement,0,0.0,12,8.0,3.0,0,4,8,2,2,0.5,Clean,train
BaseAttribute,0,0.6666666666666666,34,6.25,1.25,0,8,5,0,0,0.0,Clean,test
OptionalAttribute,0,0.16666666666666666,51,9.75,2.0,1,3,5,3,1,1.0,Clean,train
RequiredAttribute,0,0.0,47,11.0,1.3333333333333333,1,0,0,3,1,1.0,Clean,train
_BaseChildElement,0,0.5661764705882353,171,8.352941176470589,1.1176470588235294,0,9,6,4,2,0.75,Clean,train
Choice,0,0.6666666666666666,67,8.833333333333334,1.3333333333333333,1,6,5,0,0,0.0,Clean,train
OneAndOnlyOne,0,1.0,36,9.666666666666666,1.3333333333333333,1,8,13,1,1,1.0,Clean,train
OneOrMore,0,0.0,18,13.0,1.0,1,5,12,0,0,0.0,Clean,train
ZeroOrMore,0,0.0,17,13.0,1.0,1,5,12,0,0,0.0,Clean,train
ZeroOrOne,0,0.6666666666666666,47,9.75,1.25,1,5,13,1,1,1.0,Clean,train
ZeroOrOneChoice,0,0.6666666666666666,74,8.571428571428571,1.2857142857142858,1,8,10,4,2,0.5,Clean,train
_OxmlElementBase,0,1.0,65,6.714285714285714,1.7142857142857142,0,3,0,2,2,0.5,Clean,train
FixDivisionSafe,0,0.6666666666666666,40,9.333333333333334,2.3333333333333335,0,0,0,5,3,0.6,Clean,train
BaseOldDict,0,0.0,3,2.0,1.0,0,0,0,0,0,0.0,Clean,train
olddict,0,1.0,61,3.2,1.0,0,0,0,0,0,0.0,Clean,train
Ant,0,0.5,44,8.25,1.25,0,0,0,1,1,1.0,Clean,train
StateMachine,0,0.16666666666666666,33,7.0,1.75,0,0,0,1,1,1.0,Clean,train
DebugInfo,0,1.0,43,12.333333333333334,2.3333333333333335,0,0,0,11,8,0.2727,Clean,train
GenPollText,0,1.0,15,3.5,1.5,0,1,1,2,2,0.5,Clean,train
GenPollUrl,0,1.0,56,14.0,4.333333333333333,0,1,1,6,5,0.3333,Clean,train
Mpd,0,0.73,290,8.96,2.72,0,0,0,7,6,0.2857,God Class,test
Wlan,0,1.0,39,10.0,2.0,0,0,0,3,3,0.3333,Clean,train
CancelPolicy,0,0.0,5,2.0,1.0,0,0,0,0,0,0.0,Clean,test
EODCancel,0,1.0,10,2.0,1.0,1,0,0,0,0,0.0,Clean,test
NeverCancel,0,1.0,9,2.0,1.0,1,0,0,0,0,0.0,Clean,train
RandomWalkSource,0,0.8095238095238095,130,16.0,2.7142857142857144,0,0,0,3,1,1.0,Clean,test
ELBConnection,0,1.0,369,18.05263157894737,1.5263157894736843,0,0,0,8,2,0.625,God Class,train
PocketApp,0,0.5641025641025641,174,12.153846153846153,2.769230769230769,0,0,0,7,6,0.2857,Clean,train
TabularPermissionDefaultExcludeFunction,0,0.0,3,2.0,1.0,0,0,0,0,0,0.0,Clean,train
Resource,0,0.8,181,31.6,5.8,0,0,0,31,10,0.2258,Long Method,train
Migration,0,0.0,14,0.0,0.0,0,0,0,0,0,0.0,Clean,train
_Protocol,0,0.3333333333333333,121,18.666666666666668,2.5,0,2,0,7,5,0.4286,Clean,train
Loopback,0,0.0,8,2.0,1.0,1,0,1,1,1,1.0,Clean,train
RCEInternalProtocol,0,0.7777777777777778,133,11.1,1.6,0,0,3,5,5,0.2,Clean,train
UserEmailAdmin,0,0.0,3,0.0,0.0,0,0,0,0,0,0.0,Clean,test
SourceCodeMonitor,0,0.0,24,8.5,2.0,0,0,4,2,1,1.0,Clean,test
ServerStarter,0,0.7,51,7.0,2.4,0,1,0,3,3,0.3333,Clean,train
BuildCssJsProcessor,0,0.0,67,11.5,2.5,0,1,0,3,3,0.3333,Clean,train
Input,0,1.0,12,2.75,1.0,0,2,2,0,0,0.0,Clean,train
Output,0,1.0,11,3.3333333333333335,1.0,0,2,2,0,0,0.0,Clean,train
Container,2,0.3626373626373626,142,9.0,2.7142857142857144,0,2,7,9,4,0.5556,Clean,test
HostBasedQueueAssignment,0,1.0,17,5.5,1.0,0,1,0,1,1,1.0,Clean,test
IpBasedQueueAssignment,0,1.0,25,9.5,1.5,1,0,1,3,1,1.0,Clean,train
StripSessionIds,0,0.6666666666666666,43,12.0,2.6666666666666665,0,0,0,3,3,0.3333,Clean,train
Exploit,0,1.0,97,15.0,4.25,0,0,0,5,1,1.0,Clean,train
MercurialClient,0,0.8091168091168092,745,26.0,3.8518518518518516,0,0,0,21,15,0.1429,God Class,train
Command,0,0.0,5,2.0,1.0,0,0,0,0,0,0.0,Clean,test
BlockChain,0,0.65,166,9.375,2.5625,0,0,0,9,4,0.3333,Clean,train
Quote,0,0.0,7,2.0,1.0,0,0,0,0,0,0.0,Clean,train
Migration,0,0.0,18,0.0,0.0,0,0,0,0,0,0.0,Clean,train
TrainingAlgorithm,0,1.0,26,6.5,1.0,0,0,0,0,0,0.0,Clean,train
DifferentiableCostMinimizer,0,0.6,85,8.25,1.5,1,1,0,1,1,1.0,Clean,train
GradientDescent,1,0.16666666666666666,134,19.0,4.25,2,0,19,10,9,0.2,Clean,test
StepRule,0,1.0,63,30.0,1.0,0,3,8,1,1,1.0,Clean,train
CompositeRule,0,0.0,20,4.5,1.5,1,2,3,1,1,1.0,Clean,train
Scale,0,0.0,24,2.5,1.0,1,4,0,0,0,0.0,Clean,train
BasicMomentum,0,0.0,25,4.5,1.0,1,3,0,0,0,0.0,Clean,train
Momentum,2,0.0,31,6.0,1.0,2,1,2,2,2,0.5,Clean,train
AdaDelta,0,0.0,52,16.5,1.5,1,2,0,2,1,1.0,Clean,train
BasicRMSProp,0,0.0,48,10.5,2.0,1,3,0,3,1,1.0,Clean,train
RMSProp,2,0.0,40,7.0,1.0,2,1,2,2,2,0.5,Clean,test
StepClipping,0,0.0,34,7.0,2.0,1,3,0,3,2,0.6667,Clean,train
VariableClipping,0,0.0,75,13.5,3.0,1,2,0,5,3,0.6,Clean,train
AdaGrad,0,0.0,42,9.5,1.5,1,2,0,3,2,0.6667,Clean,train
Adam,0,0.0,60,17.5,1.5,1,2,0,2,1,1.0,Clean,test
RemoveNotFinite,0,0.0,33,4.5,1.0,1,2,0,4,1,1.0,Clean,train
Restrict,0,0.0,30,5.5,1.5,1,2,3,0,0,0.0,Clean,train
ILSVRC2010,0,0.0,35,5.0,1.0,0,0,0,1,1,1.0,Clean,test
PyCUDADoubleOp,0,1.0,33,6.2,1.4,0,0,0,5,3,0.4,Clean,train
CodeBlock,0,0.0,35,10.0,1.0,0,1,0,0,0,0.0,Clean,train
CLinker,3,0.6284584980237155,1117,47.0,5.739130434782608,0,2,7,69,25,0.1304,Long Method,train
_CThunk,0,0.3333333333333333,63,14.666666666666666,3.0,0,1,0,1,1,1.0,Clean,train
OpWiseCLinker,0,0.0,139,36.333333333333336,6.0,0,2,4,15,9,0.2667,Long Method,train
DualLinker,1,0.0,91,24.666666666666668,5.0,0,2,4,9,8,0.2222,Clean,train
HideC,0,1.0,29,2.0,1.0,0,1,0,1,1,1.0,Clean,test
FakeFunctionGraph,0,0.0,13,5.5,1.0,0,1,0,1,1,1.0,Clean,train
GradTodo,0,1.0,9,2.0,1.0,0,0,0,1,1,1.0,Clean,train
FFT,0,0.5,74,11.75,3.0,0,0,0,4,3,0.5,Clean,train
Kernel,0,0.6666666666666666,66,14.0,5.0,0,2,0,6,3,0.3333,Clean,train
GpuKernelBase,0,1.0,120,6.266666666666667,1.0666666666666667,0,1,22,12,4,0.75,Feature Envy,train
HostFromGpu,1,1.0,78,7.875,1.125,0,4,1,4,2,0.75,Clean,test
GpuFromHost,0,0.8484848484848485,89,5.75,1.0833333333333333,0,5,0,5,3,0.6,Clean,train
GpuToGpu,0,0.8666666666666667,52,3.4,1.1,0,4,0,4,1,1.0,Clean,train
GpuAlloc,0,0.6944444444444444,160,14.88888888888889,2.4444444444444446,0,4,0,13,7,0.2308,Long Method,train
GpuAllocEmpty,0,0.8787878787878788,80,4.916666666666667,1.25,0,3,6,5,4,0.4,Clean,test
GpuContiguous,0,1.0,59,8.6,1.2,0,3,0,2,2,0.5,Clean,train
GpuReshape,0,0.5,120,27.0,2.75,0,4,0,6,4,0.3333,Long Method,train
GpuJoin,0,1.0,77,10.666666666666666,1.1666666666666667,0,3,9,2,1,1.0,Clean,train
GpuSplit,0,0.0,12,7.0,1.0,0,1,9,5,3,0.4,Clean,train
GpuEye,1,0.7142857142857143,103,11.0,1.125,1,3,3,11,8,0.1818,Clean,test
Discrete,0,0.4666666666666667,71,3.4285714285714284,1.4285714285714286,0,0,0,9,4,0.5556,Clean,train
Win32Serial,0,0.22134387351778656,355,13.73913043478261,3.8260869565217392,0,0,0,89,8,0.7303,Long Method,train
Serial,0,0.0,2,0.0,0.0,1,0,0,0,0,0.0,Clean,train
Serial,0,0.0,2,0.0,0.0,1,0,0,0,0,0.0,Clean,train
KeyIOError,0,0.0,2,0.0,0.0,0,2,0,0,0,0.0,Clean,test
UnknownKeyType,0,0.0,2,0.0,0.0,1,1,0,0,0,0.0,Clean,test
UpdateFailed,0,0.0,2,0.0,0.0,1,1,0,0,0,0.0,Clean,train
KeyBundle,3,0.32748538011695905,274,13.421052631578947,3.473684210526316,0,1,6,20,10,0.2,Clean,train
KeyJar,1,0.4435483870967742,347,9.78125,3.1875,0,1,8,24,16,0.1667,Long Method,train
RedirectStdStreams,0,0.0,17,4.333333333333333,1.6666666666666667,0,0,0,0,0,0.0,Clean,test
EngineBase,0,1.0,7,2.5,1.0,0,0,0,0,0,0.0,Clean,test
PynlinerEngine,0,0.0,5,4.0,1.0,1,0,0,3,2,0.6667,Clean,train
NullEngine,0,0.0,3,2.0,1.0,1,0,0,0,0,0.0,Clean,train
SeleniumUtilityBelt,0,0.8571428571428571,43,5.142857142857143,2.2857142857142856,0,0,0,3,2,0.6667,Clean,train
InventoryCommand,0,0.6666666666666666,44,13.333333333333334,1.3333333333333333,0,0,0,6,4,0.5,Clean,train
Formatter,0,1.0,14,5.5,1.5,0,0,0,1,1,1.0,Clean,test
RTCInitializer,1,0.0,11,9.0,2.0,0,0,4,6,3,0.5,Feature Envy,train
RTCLogin,0,1.0,11,3.5,1.0,0,1,0,5,1,1.0,Clean,train
WorkspaceHandler,1,0.0,53,7.666666666666667,2.0,0,2,2,7,3,0.5714,Clean,train
Changes,0,1.0,42,7.75,2.75,0,1,3,10,5,0.3,Feature Envy,train
ImportHandler,2,0.8496732026143791,270,13.61111111111111,3.5555555555555554,0,1,7,41,20,0.122,God Class,test
ChangeEntry,0,0.4,26,3.3333333333333335,1.0,0,2,0,0,0,0.0,Clean,train
CompareType,0,0.0,3,0.0,0.0,0,0,0,0,0,0.0,Clean,train
NSView,0,0.0,4,0.0,0.0,0,0,0,0,0,0.0,Clean,train
NSDeleteView,0,0.0,2,0.0,0.0,1,0,0,0,0,0.0,Clean,test
NSDetailView,0,0.0,2,0.0,0.0,1,0,0,0,0,0.0,Clean,train
NSListView,0,0.0,4,0.0,0.0,1,0,0,0,0,0.0,Clean,test
NSCreateView,0,0.0,2,0.0,0.0,1,0,0,0,0,0.0,Clean,train
NSUpdateView,0,0.0,2,0.0,0.0,1,0,0,0,0,0.0,Clean,train
CodeMode,0,0.7619047619047619,43,3.0,1.2857142857142858,0,0,0,2,2,0.5,Data Class,test
MenuBarTooltipsExample,2,0.0,90,88.0,1.0,0,0,4,17,7,0.1765,Long Method,train
SearchCommand,0,0.0,8,2.5,1.0,0,1,0,0,0,0.0,Clean,train
MenuCommand,0,0.0,8,2.5,1.0,0,1,0,1,1,1.0,Clean,train
MenuBarWithIconsExample,2,0.0,57,55.0,1.0,0,0,4,9,5,0.2222,Feature Envy,train
SearchCommand,0,0.0,8,2.5,1.0,0,1,0,0,0,0.0,Clean,test
MenuCommand,0,0.0,8,2.5,1.0,0,1,0,1,1,1.0,Clean,test
SyncUsers,0,0.6666666666666666,157,50.333333333333336,9.333333333333334,0,0,0,13,4,0.4615,Feature Envy,train
APNs,2,0.9166666666666666,81,6.666666666666667,1.2222222222222223,0,7,9,0,0,0.0,Clean,test
APNsConnection,0,0.6190476190476191,98,12.571428571428571,3.857142857142857,0,6,7,4,3,0.5,Long Method,test
PayloadAlert,0,0.0,21,9.5,3.0,0,6,7,0,0,0.0,Clean,train
PayloadTooLargeError,0,0.0,3,2.0,1.0,0,6,7,0,0,0.0,Clean,train
Payload,1,0.9,44,7.2,2.0,0,7,9,0,0,0.0,Clean,train
Frame,0,0.2,56,10.0,1.0,0,7,5,5,3,0.6,Clean,train
FeedbackConnection,0,1.0,53,15.666666666666666,3.3333333333333335,1,6,10,3,2,0.6667,Clean,train
GatewayConnection,0,0.7142857142857143,138,15.0,2.142857142857143,1,7,18,9,4,0.4444,Clean,train
LanguageIdentifier,0,0.8,156,14.0,2.0,0,0,0,3,3,0.3333,Clean,train
Model_Region,0,1.0,104,2.642857142857143,1.0,0,0,0,1,1,1.0,Clean,test
Bridge,0,0.8676470588235294,194,5.705882352941177,2.3529411764705883,0,0,0,4,1,1.0,God Class,test
xcconfig_item_base,0,0.3333333333333333,26,3.1666666666666665,1.6666666666666667,0,0,0,3,2,0.6667,Clean,test
_ConnectionWrapper,0,0.7090909090909091,56,4.090909090909091,1.6363636363636365,0,1,0,5,2,0.8,Clean,train
Client,1,1.0,35,7.5,1.0,0,0,1,9,4,0.3333,Feature Envy,train
CT_Picture,0,0.9560439560439561,171,9.928571428571429,1.3571428571428572,0,0,0,1,1,1.0,God Class,train
CT_PictureNonVisual,0,0.0,7,0.0,0.0,0,0,0,0,0,0.0,Clean,train
ObjectIdType,0,1.0,27,4.0,1.6666666666666667,0,0,0,0,0,0.0,Clean,train
Migration,0,1.0,329,30.0,1.0,0,0,0,5,1,1.0,Clean,train
Migration,0,1.0,370,4.5,1.0,0,0,0,1,1,1.0,Clean,test
ElementModel,0,0.0,7,3.0,1.0,0,1,2,0,0,0.0,Clean,train
ParamController,0,0.4666666666666667,156,24.333333333333332,4.166666666666667,0,1,0,3,1,1.0,Clean,train
ModelSpectrum,1,0.3333333333333333,464,75.5,9.5,0,1,1,10,6,0.3,Long Method,train
ClusterNode,0,0.6888888888888889,184,15.9,2.5,0,0,0,8,5,0.5,Clean,train
binom_gen,0,1.0,65,4.111111111111111,1.2222222222222223,0,9,17,5,1,1.0,Clean,train
bernoulli_gen,0,1.0,47,2.0,1.0,1,9,58,6,1,1.0,Feature Envy,test
nbinom_gen,0,1.0,56,3.625,1.0,0,9,14,4,1,1.0,Clean,train
geom_gen,0,1.0,55,3.0,1.0,0,9,10,1,1,1.0,Clean,train
hypergeom_gen,0,1.0,121,7.625,1.25,0,5,17,0,0,0.0,Clean,train
logser_gen,0,1.0,45,5.5,1.0,0,3,0,0,0,0.0,Clean,train
poisson_gen,0,1.0,56,3.375,1.0,0,9,5,4,1,1.0,Clean,train
planck_gen,0,0.9333333333333333,57,5.333333333333333,1.3333333333333333,0,8,9,0,0,0.0,Clean,train
boltzmann_gen,0,1.0,47,6.0,1.0,0,8,9,0,0,0.0,Clean,train
randint_gen,0,1.0,57,4.428571428571429,1.0,0,8,9,0,0,0.0,Clean,train
zipf_gen,0,1.0,35,3.0,1.0,0,3,0,1,1,1.0,Clean,test
dlaplace_gen,0,1.0,44,4.0,1.0,0,8,9,0,0,0.0,Clean,test
skellam_gen,0,1.0,53,5.5,1.0,0,9,0,0,0,0.0,Clean,train
ScrapyClientContextFactory,0,1.0,38,5.5,1.0,0,0,0,2,2,0.5,Clean,train
BrowserLikeContextFactory,0,0.0,25,11.0,1.0,1,0,0,1,1,1.0,Clean,train
ScrapyClientContextFactory,0,1.0,15,4.0,1.0,0,0,0,3,2,0.6667,Clean,train
Rule,0,1.0,34,9.666666666666666,5.333333333333333,0,1,0,8,1,1.0,Data Class,train
Iptables,1,0.9818181818181818,180,13.545454545454545,4.181818181818182,0,0,1,20,9,0.3,God Class,train
Command,0,0.0,25,21.0,3.0,0,0,0,3,3,0.3333,Clean,test
Mapping,0,0.0,7,6.0,1.0,0,0,0,0,0,0.0,Clean,train
AliasesDatabase,0,0.5054945054945055,121,6.857142857142857,1.7857142857142858,0,0,0,2,1,1.0,Clean,train
SyncState,0,0.47619047619047616,139,11.0,4.571428571428571,0,16,16,24,7,0.3333,Long Method,test
SyncChunk,0,0.47619047619047616,419,38.42857142857143,11.857142857142858,0,16,32,45,19,0.2444,Long Method,test
SyncChunkFilter,0,0.6190476190476191,297,23.0,8.0,0,16,16,23,6,0.3478,Long Method,test
NoteFilter,0,0.6190476190476191,193,15.571428571428571,5.714285714285714,0,16,16,31,6,0.3548,Long Method,train
NoteList,0,0.47619047619047616,199,17.428571428571427,6.285714285714286,0,16,32,32,9,0.3125,Long Method,test
NoteMetadata,0,0.47619047619047616,222,21.714285714285715,7.571428571428571,0,16,32,33,7,0.3333,Long Method,train
NotesMetadataList,1,0.47619047619047616,203,17.428571428571427,6.285714285714286,0,16,33,32,9,0.3125,Long Method,train
NotesMetadataResultSpec,0,0.6190476190476191,190,18.714285714285715,6.714285714285714,0,16,16,20,6,0.35,Long Method,test
NoteCollectionCounts,0,0.6190476190476191,128,11.571428571428571,4.285714285714286,0,16,16,28,6,0.3571,Long Method,test
AdImpressions,0,0.47619047619047616,112,9.571428571428571,4.142857142857143,0,16,16,21,7,0.3333,Clean,train
AdParameters,1,0.6190476190476191,149,12.857142857142858,4.714285714285714,0,16,33,36,8,0.3333,Long Method,train
NoteEmailParameters,0,0.6190476190476191,183,15.428571428571429,5.571428571428571,0,16,32,26,6,0.3462,Long Method,train
NoteVersionId,0,0.47619047619047616,134,11.285714285714286,4.714285714285714,0,16,16,27,7,0.3333,Long Method,train
ClientUsageMetrics,0,0.6190476190476191,81,5.857142857142857,2.857142857142857,0,16,16,20,6,0.35,Clean,train
RelatedQuery,0,0.6190476190476191,86,7.285714285714286,3.2857142857142856,0,16,16,20,6,0.35,Clean,train
RelatedResult,0,0.6190476190476191,130,12.571428571428571,4.571428571428571,0,16,32,29,12,0.2759,Long Method,train
RelatedResultSpec,0,0.6190476190476191,108,8.714285714285714,3.7142857142857144,0,16,16,20,6,0.35,Clean,train
BaseLogger,0,0.0,73,8.833333333333334,1.0,0,0,0,2,1,1.0,Clean,train
Command,0,0.0,16,7.0,1.0,0,0,0,0,0,0.0,Clean,train
Sequence,0,0.7142857142857143,22,2.0,1.0,0,0,0,2,1,1.0,Clean,train
SingletonSequence,0,0.0,4,2.0,1.0,1,0,0,0,0,0.0,Clean,train
NumberSequence,0,0.0,16,2.75,1.25,1,0,0,1,1,1.0,Clean,train
CharacterSequence,0,0.5,17,2.75,1.25,1,0,0,1,1,1.0,Clean,train
MRD,0,0.509090909090909,338,24.545454545454547,4.090909090909091,0,0,0,17,6,0.3529,Long Method,test
vertex,0,0.0,10,4.0,1.0,0,3,0,0,0,0.0,Clean,train
tree,1,0.2,99,8.6,3.3,0,2,1,0,0,0.0,Clean,train
skeleton,0,0.9,33,5.4,2.6,1,1,6,2,2,0.5,Clean,train
acclaim_skeleton,1,0.6470588235294118,440,24.529411764705884,5.823529411764706,2,1,7,8,4,0.5,Long Method,train
Output,0,0.8909090909090909,52,3.6363636363636362,1.1818181818181819,0,0,0,13,2,0.9231,Feature Envy,train
Filter,0,1.0,16,7.0,2.5,0,0,0,0,0,0.0,Clean,train
Filter,0,1.0,12,4.5,1.0,0,0,0,0,0,0.0,Clean,train
BaseMessageProcessor,0,1.0,26,7.333333333333333,2.3333333333333335,0,1,1,3,3,0.3333,Clean,train
MessageProcessor,0,0.8368421052631579,296,13.4,3.0,1,1,2,11,9,0.1818,God Class,test
GuessAuth,0,0.4,71,13.0,2.8,0,1,0,15,7,0.3333,Clean,train
GuessProxyAuth,0,0.4,65,11.2,2.4,1,0,2,15,7,0.3333,Clean,train
TimedAuthTokenCreateSerializer,1,0.7,30,4.4,1.6,0,0,1,5,4,0.4,Clean,train
TimedAuthTokenReadSerializer,0,0.0,6,0.0,0.0,0,1,0,0,0,0.0,Clean,train
Meta,0,0.0,3,0.0,0.0,0,0,0,0,0,0.0,Clean,train
App,0,0.0,22,8.5,1.5,0,0,0,2,2,0.5,Clean,train
OAuth2ConsumerBlueprint,0,0.6071428571428571,230,30.571428571428573,2.5714285714285716,0,0,0,11,8,0.2727,Long Method,test
Fail,0,0.6666666666666666,25,4.0,1.6666666666666667,0,0,0,0,0,0.0,Clean,test
RedirectHandler,0,0.0,11,5.0,1.5,0,0,0,1,1,1.0,Clean,test
MyHTMLParser,0,0.0,5,4.0,3.0,0,0,0,1,1,1.0,Clean,test
NixCompletion,0,1.0,31,14.5,3.5,0,0,0,0,0,0.0,Clean,train
Charcoal,0,0.4444444444444444,193,20.444444444444443,4.333333333333333,0,0,0,14,8,0.2143,Long Method,train
CFType,0,0.7142857142857143,49,4.714285714285714,2.0,0,5,0,5,3,0.6,Clean,train
CFString,0,1.0,33,4.2,1.4,1,4,6,5,3,0.6,Clean,train
CFNumber,0,1.0,21,3.6666666666666665,1.6666666666666667,1,4,6,3,2,0.6667,Clean,train
CFDictionary,0,1.0,33,6.0,1.75,1,4,8,8,3,0.75,Feature Envy,train
CFDistributedNotificationCenter,2,0.4,66,10.8,3.6,1,4,9,6,3,0.6667,Clean,test
EventLoop,0,0.6666666666666666,20,2.6666666666666665,1.0,0,5,0,3,1,1.0,Clean,test
SkypeAPI,5,0.6666666666666666,202,9.88888888888889,2.8333333333333335,0,4,16,18,7,0.5,Clean,train
Address,0,1.0,71,30.0,1.0,0,0,0,2,2,0.5,Clean,train
AllergyIntolerance,0,1.0,91,40.5,1.0,0,1,2,6,6,0.1667,Clean,train
AllergyIntoleranceReaction,0,1.0,61,25.5,1.0,0,1,2,4,4,0.25,Clean,train
Migration,0,1.0,186,25.0,4.5,0,0,0,11,5,0.2727,Feature Envy,train
UploadPackageAPIView,0,0.0,76,74.0,21.0,0,0,1,14,11,0.2143,Long Method,train
DownloadPackageAPIView,0,0.0,50,49.0,13.0,0,0,1,7,5,0.2857,Feature Envy,train
DeletePackageView,0,1.0,16,7.0,2.0,0,4,0,4,4,0.25,Clean,train
DeletePackageAPIView,0,0.0,30,29.0,9.0,0,0,1,4,4,0.25,Clean,train
MaxPackageSizeAPIView,0,0.0,21,20.0,6.0,0,0,1,2,2,0.5,Clean,test
Git2Db,0,0.42292490118577075,389,15.521739130434783,2.0,0,0,0,24,9,0.3333,Long Method,train
Popen3,0,0.5,80,14.0,3.4,0,1,0,1,1,1.0,Clean,train
Popen4,0,0.0,19,16.0,2.0,1,0,1,0,0,0.0,Clean,train
Codec,0,0.0,3,0.0,0.0,0,0,0,0,0,0.0,Clean,train
IncrementalEncoder,0,0.0,3,0.0,0.0,0,0,0,0,0,0.0,Clean,test
IncrementalDecoder,0,0.0,3,0.0,0.0,0,0,0,0,0,0.0,Clean,train
StreamReader,0,0.0,2,0.0,0.0,1,0,0,0,0,0.0,Clean,train
StreamWriter,0,0.0,2,0.0,0.0,1,0,0,0,0,0.0,Clean,train
IncrementalEncoder,0,0.0,3,2.0,1.0,0,0,0,0,0,0.0,Clean,train
IncrementalDecoder,0,0.0,2,0.0,0.0,0,0,0,0,0,0.0,Clean,train
StreamWriter,0,0.0,2,0.0,0.0,0,0,0,0,0,0.0,Clean,test
StreamReader,0,0.0,2,0.0,0.0,0,0,0,0,0,0.0,Clean,train
BaseResponse,0,0.8744588744588745,294,11.409090909090908,1.3636363636363635,0,0,0,1,1,1.0,God Class,train
CoverageBuilder,0,0.35714285714285715,219,26.0,8.0,0,0,0,10,8,0.3,Long Method,train
ModelBackend,0,1.0,64,9.0,3.5,0,0,0,17,9,0.3529,Clean,train
RemoteUserBackend,0,1.0,63,15.333333333333334,2.3333333333333335,1,0,0,3,1,1.0,Clean,train
SplunkUser,0,1.0,15,6.5,1.0,0,1,1,1,1,1.0,Clean,train
SplunkWebInfo,0,0.0,5,4.0,1.0,0,2,0,1,1,1.0,Clean,train
SplunkAuthenticationBackend,2,1.0,75,35.5,3.5,0,0,2,16,9,0.1875,Clean,train
Migration,0,1.0,83,18.0,1.0,0,0,0,3,1,1.0,Clean,train
SSHProcess,0,0.8761904761904762,121,6.333333333333333,1.3333333333333333,0,0,0,5,5,0.2,Clean,train
DotWriter,0,0.6428571428571429,100,10.875,2.0,0,0,0,4,2,0.75,Clean,train
NetworkACLs,0,0.5238095238095238,59,7.285714285714286,1.0,0,0,0,1,1,1.0,Clean,test
Message,0,0.0,3,2.0,1.0,0,1,0,0,0,0.0,Clean,train
RawMessage,0,0.0,3,2.0,1.0,0,1,0,0,0,0.0,Clean,train
SESQuota,0,0.0,7,2.0,1.0,0,1,0,0,0,0.0,Clean,train
SESBackend,3,0.3333333333333333,63,6.0,2.0,0,0,3,4,4,0.25,Clean,train
ApiKeyController,0,1.0,145,16.571428571428573,2.142857142857143,0,0,0,31,14,0.1613,Clean,train
RuleEnforcementBranch,0,0.0,10,8.0,1.0,0,1,1,1,1,1.0,Clean,train
RuleEnforcementGetCommand,0,0.0,12,3.0,1.0,0,1,0,1,1,1.0,Clean,train
RuleEnforcementListCommand,0,1.0,74,20.333333333333332,2.6666666666666665,0,1,2,12,3,0.75,Feature Envy,train
ParamikoRemoteScriptAction,0,0.0,39,37.0,8.0,0,0,0,0,0,0.0,Clean,train
GetBuildNumberAction,0,0.0,23,21.0,5.0,0,0,0,3,2,0.6667,Clean,train
ParseCSVAction,0,0.0,10,9.0,2.0,0,0,0,0,0,0.0,Clean,train
EncryptFileAction,0,0.0,6,5.0,1.0,0,0,0,0,0,0.0,Clean,train
MSSQLAction,0,1.0,19,8.0,4.0,0,0,0,1,1,1.0,Clean,train
EnableHookAction,0,0.0,14,13.0,1.0,0,0,0,1,1,1.0,Clean,train
FindListByNameAction,0,0.0,15,14.0,6.0,0,0,0,4,2,0.75,Clean,test
Family,0,0.9272727272727272,248,19.272727272727273,1.2727272727272727,0,1,0,2,2,0.5,God Class,train
Poisson,0,1.0,163,21.166666666666668,1.0,1,3,3,3,3,0.3333,Clean,train
Gaussian,0,0.9,167,26.8,1.4,1,0,1,3,2,0.6667,Clean,train
Gamma,0,1.0,165,21.166666666666668,1.0,1,3,3,3,3,0.3333,Clean,train
Binomial,0,0.2857142857142857,288,35.285714285714285,2.142857142857143,1,0,4,8,4,0.375,Clean,train
InverseGaussian,0,1.0,154,23.0,1.0,1,0,0,2,2,0.5,Clean,train
NegativeBinomial,0,0.3333333333333333,222,29.666666666666668,1.1666666666666667,1,3,3,5,3,0.4,Clean,train
Tweedie,0,0.6,268,36.833333333333336,3.0,1,4,0,4,2,0.75,Long Method,test
SafeFilenameFileSystemStorage,0,0.0,11,10.0,1.0,0,0,0,0,0,0.0,Clean,train
AccountVerificationAdmin,0,0.0,3,0.0,0.0,0,0,0,0,0,0.0,Clean,train
Chart,0,0.0,14,9.0,3.0,0,0,0,1,1,1.0,Clean,train
LinePlot,0,0.0,7,6.0,1.0,1,0,0,1,1,1.0,Clean,train
NVD3,0,0.0,8,2.0,1.0,0,0,0,0,0,0.0,Clean,train
TTP,1,0.9507692307692308,293,9.722222222222221,1.8888888888888888,0,0,1,49,19,0.3265,God Class,test
_IntendedEffects,0,0.0,6,3.0,1.0,0,1,0,1,1,1.0,Clean,train
Cpplint,0,0.0,33,17.0,4.0,0,0,0,0,0,0.0,Clean,train
Rubocop,0,0.0,59,36.0,4.0,0,0,0,0,0,0.0,Clean,train
CurrentSessionDefault,0,0.6666666666666666,9,2.0,1.0,0,0,0,2,2,0.5,Clean,train
JSONSerializerField,0,1.0,6,2.0,1.0,0,0,0,0,0,0.0,Clean,test
FirmSerializer,0,0.0,3,0.0,0.0,0,0,0,0,0,0.0,Clean,train
BioPageSerializer,0,0.0,6,0.0,0.0,0,0,0,0,0,0.0,Clean,test
ViewLogSerializer,0,0.0,7,0.0,0.0,0,0,0,0,0,0.0,Clean,train
FlagSerializer,0,0.0,5,0.0,0.0,0,0,0,0,0,0.0,Clean,train
Meta,0,0.0,2,0.0,0.0,0,0,0,0,0,0.0,Clean,train
Meta,0,0.0,2,0.0,0.0,0,0,0,0,0,0.0,Clean,train
Meta,0,0.0,2,0.0,0.0,0,0,0,0,0,0.0,Clean,test
Meta,0,0.0,2,0.0,0.0,0,0,0,0,0,0.0,Clean,train
Command,0,0.0,13,9.0,2.0,0,0,0,1,1,1.0,Clean,train
Migration,0,0.0,13,0.0,0.0,0,0,0,0,0,0.0,Clean,train
Migration,0,0.0,13,0.0,0.0,0,0,0,0,0,0.0,Clean,train
TupleArg,0,0.0,6,5.0,1.0,0,1,0,0,0,0.0,Clean,train
TupleParametersBase,0,0.0,17,11.0,6.0,0,0,2,0,0,0.0,Clean,train
hyper,0,0.7692307692307693,247,8.0,2.5,1,2,1,3,2,0.6667,God Class,train
meijerg,1,0.6617647058823529,383,13.411764705882353,2.823529411764706,1,2,2,11,9,0.1818,Long Method,train
HyperRep,0,0.9523809523809523,69,6.0,1.7142857142857142,0,2,44,1,1,1.0,Clean,train
HyperRep_power1,0,1.0,22,3.0,1.5,1,2,22,1,1,1.0,Clean,test
HyperRep_power2,0,1.0,26,4.0,1.5,1,3,0,1,1,1.0,Clean,train
HyperRep_log1,0,1.0,17,2.0,1.0,1,3,0,0,0,0.0,Clean,train
HyperRep_atanh,0,1.0,20,3.5,1.5,1,3,0,1,1,1.0,Clean,train
HyperRep_asin1,0,1.0,17,2.0,1.0,1,3,0,0,0,0.0,Clean,train
HyperRep_asin2,0,1.0,22,3.0,1.0,1,2,44,8,2,0.5,Feature Envy,train
HyperRep_sqrts1,0,1.0,27,4.25,1.5,1,3,0,1,1,1.0,Clean,train
HyperRep_sqrts2,0,1.0,29,4.5,1.5,1,3,0,1,1,1.0,Clean,train
HyperRep_log2,0,1.0,23,3.5,1.5,1,3,0,1,1,1.0,Clean,test
HyperRep_cosasin,0,1.0,20,2.0,1.0,1,3,0,0,0,0.0,Clean,train
HyperRep_sinasin,0,1.0,19,2.0,1.0,1,3,0,0,0,0.0,Clean,train
SolveFailed,0,0.0,2,0.0,0.0,0,0,0,0,0,0.0,Clean,test
FixBytecode,0,0.0,10,4.0,2.0,0,0,0,0,0,0.0,Clean,train
PipeError,0,0.0,2,0.0,0.0,0,2,0,0,0,0.0,Clean,train
ShutdownException,0,0.0,2,0.0,0.0,0,3,0,0,0,0.0,Clean,train
BaseChannel,1,0.6545454545454545,70,5.363636363636363,2.0,0,2,3,2,2,0.5,Clean,train
PipelinedReqChannel,2,0.2,42,7.2,2.0,1,2,4,1,1,1.0,Clean,train
MuxReqChannel,2,0.3333333333333333,38,5.333333333333333,1.6666666666666667,1,2,4,3,2,0.6667,Clean,train
FancyPageMixin,0,0.6666666666666666,35,8.0,2.3333333333333335,0,2,1,8,5,0.375,Clean,test
FancyHomeMixin,0,0.0,13,10.0,2.0,1,1,1,4,1,1.0,Clean,train
TemplateNamesModelMixin,0,0.0,127,50.0,9.0,0,0,0,3,2,0.6667,Clean,train
JSONResponseMixin,0,1.0,38,6.2,1.6,0,0,1,1,1,1.0,Clean,train
Migration,0,1.0,245,20.0,1.0,0,0,0,2,1,1.0,Clean,train
Migration,0,1.0,226,9.0,2.0,0,0,0,2,1,1.0,Clean,train
CalledProcessError,0,0.0,2,0.0,0.0,0,0,0,0,0,0.0,Clean,train
S3Url,0,0.0,12,8.0,3.0,0,0,0,4,1,1.0,Clean,train
S3Sync,0,0.5,78,17.5,3.75,0,0,0,11,9,0.1818,Clean,train
TimeoutError,0,0.0,2,0.0,0.0,0,0,0,0,0,0.0,Clean,train
OrderedDict,0,0.7912087912087912,104,5.642857142857143,2.0,0,1,3,1,1,1.0,Clean,train
Counter,0,1.0,196,12.384615384615385,2.8461538461538463,0,1,1,1,1,1.0,God Class,test
InputToGpuOptimizer,0,1.0,35,14.5,5.0,0,0,0,7,3,0.4286,Feature Envy,train
MatrixPinv,0,1.0,31,3.3333333333333335,1.0,0,0,0,3,1,1.0,Clean,train
MatrixInverse,0,1.0,70,8.166666666666666,1.1666666666666667,0,0,0,4,2,0.75,Clean,train
AllocDiag,0,1.0,26,4.0,1.5,0,0,0,2,1,1.0,Clean,train
ExtractDiag,0,0.8,62,7.666666666666667,2.1666666666666665,0,0,0,8,4,0.375,Clean,test
Det,0,1.0,33,4.2,1.2,0,0,0,2,1,1.0,Clean,train
Eig,0,1.0,24,4.333333333333333,1.0,0,0,0,3,2,0.6667,Clean,train
Eigh,1,0.5,60,12.0,1.0,1,0,1,2,1,1.0,Clean,test
EighGrad,0,1.0,65,13.5,1.25,0,1,0,13,7,0.2308,Clean,test
QRFull,0,0.0,32,5.666666666666667,1.3333333333333333,0,0,0,2,1,1.0,Clean,train
QRIncomplete,0,0.6666666666666666,27,4.333333333333333,1.0,0,0,0,2,1,1.0,Clean,train
SVD,0,0.6666666666666666,39,5.666666666666667,1.0,0,0,0,2,1,1.0,Clean,train
lstsq,0,1.0,18,6.5,1.0,0,0,0,0,0,0.0,Clean,train
PMJSONEncoder,0,0.0,5,4.0,2.0,0,0,0,0,0,0.0,Clean,train
PMMail,7,0.6666666666666666,429,42.0,9.0,0,2,9,13,4,0.3077,Long Method,train
PMBatchMail,6,0.0,152,25.0,5.8,0,2,9,12,6,0.3333,Long Method,train
PMBounceManager,2,0.0,238,26.875,3.0,0,2,4,7,4,0.4286,Clean,train
PMMailMissingValueException,0,0.0,5,2.0,1.0,0,2,0,0,0,0.0,Clean,train
PMMailSendException,0,0.0,9,2.5,1.0,0,3,0,0,0,0.0,Clean,train
PMMailUnauthorizedException,0,0.0,5,0.0,0.0,1,2,0,0,0,0.0,Clean,train
PMMailUnprocessableEntityException,0,0.0,7,0.0,0.0,1,2,0,0,0,0.0,Clean,train
PMMailServerErrorException,0,0.0,6,0.0,0.0,1,2,0,0,0,0.0,Clean,train
PMMailURLException,0,0.0,7,0.0,0.0,1,2,0,0,0,0.0,Clean,train
PMMailInactiveRecipientException,0,0.0,7,0.0,0.0,1,2,0,0,0,0.0,Clean,train
AdminModelListView,0,0.0,3,0.0,0.0,0,0,0,0,0,0.0,Clean,train
AdminModelTableView,0,0.0,14,0.0,0.0,0,0,0,0,0,0.0,Clean,train
Timeline,0,0.0,69,5.8,1.8,0,0,0,10,6,0.4,Clean,train
NullDatabaseConnectionError,0,0.0,8,0.0,0.0,0,0,0,0,0,0.0,Clean,train
TableNotFoundError,0,0.0,6,0.0,0.0,0,0,0,0,0,0.0,Clean,train
AttributeNotFoundError,0,0.0,6,0.0,0.0,0,0,0,0,0,0.0,Clean,train
Filter,0,0.0,12,5.0,1.0,0,0,0,1,1,1.0,Clean,train
Filter,0,0.0,6,3.0,1.0,0,0,0,1,1,1.0,Clean,train
Filter,0,0.0,15,12.0,2.0,0,0,0,2,2,0.5,Clean,train
RedactorField,0,0.6666666666666666,14,3.6666666666666665,1.0,0,0,0,1,1,1.0,Clean,train
Axis,0,0.0,15,5.0,1.0,0,1,0,1,1,1.0,Clean,test
GenericStrategy,0,0.6666666666666666,151,48.666666666666664,14.0,0,2,0,3,2,0.6667,Long Method,train
SimplePathStrategy,0,0.6666666666666666,205,66.33333333333333,19.333333333333332,0,2,0,2,2,0.5,Long Method,train
SingleStepStrategy,0,0.6666666666666666,68,21.0,9.333333333333334,0,2,0,0,0,0.0,Long Method,train
Path,1,0.6666666666666666,130,29.25,5.5,0,1,8,3,3,0.3333,Clean,train
PathSyntaxError,0,0.0,10,7.0,2.0,0,1,37,0,0,0.0,Clean,test
PathParser,11,0.3464052287581699,259,12.555555555555555,4.0,0,2,12,3,3,0.3333,Clean,train
Function,0,0.0,2,0.0,0.0,0,0,0,0,0,0.0,Clean,train
BooleanFunction,0,0.6666666666666666,13,2.3333333333333335,1.0,1,1,0,0,0,0.0,Clean,train
CeilingFunction,0,0.6666666666666666,12,2.3333333333333335,1.0,1,1,0,0,0,0.0,Clean,train
ConcatFunction,0,0.0,15,3.3333333333333335,1.3333333333333333,1,1,0,0,0,0.0,Clean,train
ContainsFunction,0,0.6666666666666666,14,3.0,1.0,1,1,0,0,0,0.0,Clean,train
MatchesFunction,0,0.6666666666666666,20,3.25,1.0,1,1,0,0,0,0.0,Clean,train
FalseFunction,0,1.0,7,2.0,1.0,1,0,0,0,0,0.0,Clean,train
FloorFunction,0,0.6666666666666666,12,2.3333333333333335,1.0,1,1,0,0,0,0.0,Clean,train
LocalNameFunction,0,1.0,10,2.5,1.5,1,0,0,0,0,0.0,Clean,train
NameFunction,0,1.0,10,2.5,1.5,1,0,0,0,0,0.0,Clean,train
NamespaceUriFunction,0,1.0,10,2.5,1.5,1,0,0,0,0,0.0,Clean,train
NotFunction,0,0.6666666666666666,11,2.0,1.0,1,1,0,0,0,0.0,Clean,train
NormalizeSpaceFunction,0,0.6666666666666666,14,2.3333333333333335,1.0,1,1,0,0,0,0.0,Clean,test
NumberFunction,0,0.6666666666666666,10,2.3333333333333335,1.0,1,1,0,0,0,0.0,Clean,train
RoundFunction,0,0.6666666666666666,12,2.3333333333333335,1.0,1,1,0,0,0,0.0,Clean,train
StartsWithFunction,0,0.6666666666666666,14,3.0,1.0,1,1,0,0,0,0.0,Clean,train
StringLengthFunction,0,0.6666666666666666,12,2.3333333333333335,1.0,1,1,0,0,0,0.0,Clean,train
SubstringFunction,0,0.0,22,5.666666666666667,1.6666666666666667,1,1,0,0,0,0.0,Clean,train
SubstringAfterFunction,0,0.6666666666666666,17,4.0,1.3333333333333333,1,1,0,1,1,1.0,Clean,train
SubstringBeforeFunction,0,0.6666666666666666,17,4.0,1.3333333333333333,1,1,0,1,1,1.0,Clean,train
TranslateFunction,0,0.6666666666666666,19,4.666666666666667,1.0,1,1,0,1,1,1.0,Clean,train
TrueFunction,0,1.0,7,2.0,1.0,1,0,0,0,0,0.0,Clean,train
Literal,0,0.0,2,0.0,0.0,0,0,0,0,0,0.0,Clean,train
StringLiteral,0,0.0,9,2.0,1.0,1,2,0,0,0,0.0,Clean,train
NumberLiteral,0,0.0,9,2.0,1.0,1,2,0,0,0,0.0,Clean,test
VariableReference,0,0.0,9,2.0,1.0,1,2,0,1,1,1.0,Clean,test
AndOperator,0,0.6666666666666666,14,3.6666666666666665,1.3333333333333333,0,2,0,0,0,0.0,Clean,train
EqualsOperator,0,0.6666666666666666,12,3.0,1.0,0,1,0,0,0,0.0,Clean,train
NotEqualsOperator,0,0.6666666666666666,12,3.0,1.0,0,1,0,0,0,0.0,Clean,train
OrOperator,0,0.6666666666666666,14,3.6666666666666665,1.3333333333333333,0,2,0,0,0,0.0,Clean,test
GreaterThanOperator,0,0.6666666666666666,12,3.0,1.0,0,1,0,0,0,0.0,Clean,train
GreaterThanOrEqualOperator,0,0.6666666666666666,12,3.0,1.0,0,1,0,0,0,0.0,Clean,train
LessThanOperator,0,0.6666666666666666,12,3.0,1.0,0,1,0,0,0,0.0,Clean,train
LessThanOrEqualOperator,0,0.6666666666666666,12,3.0,1.0,0,1,0,0,0,0.0,Clean,train
Image,0,1.0,70,25.5,5.0,0,1,0,7,4,0.2857,Clean,train
Figure,0,1.0,64,18.0,5.666666666666667,1,0,1,20,7,0.4,Long Method,train
PIL,0,0.0,1,0.0,0.0,0,0,0,0,0,0.0,Clean,train
Parser,0,0.3904761904761905,106,5.866666666666666,2.066666666666667,0,0,0,2,2,0.5,Clean,test
Html5EmailInput,0,0.0,5,0.0,0.0,0,0,0,0,0,0.0,Clean,train
Html5NumberInput,0,0.0,5,0.0,0.0,0,0,0,0,0,0.0,Clean,test
Html5DateInput,0,0.0,5,0.0,0.0,0,0,0,0,0,0.0,Clean,train
Html5DateTimeInput,0,0.0,5,0.0,0.0,0,0,0,0,0,0.0,Clean,train
Html5TimeInput,0,0.0,5,0.0,0.0,0,0,0,0,0,0.0,Clean,train
JQueryColorPicker,0,0.0,14,4.0,2.0,0,0,0,1,1,1.0,Clean,train
Media,0,0.0,5,0.0,0.0,0,0,0,0,0,0.0,Clean,train
GetlineException,0,0.0,1,0.0,0.0,0,0,0,0,0,0.0,Clean,test
ImplementationError,0,0.0,4,0.0,0.0,0,1,0,0,0,0.0,Clean,train
BaseImpl,1,0.0,19,3.25,1.25,0,0,1,0,0,0.0,Clean,test
GEOSImpl,0,0.0,6,3.0,1.0,1,0,0,1,1,1.0,Clean,train
LineString,0,0.6428571428571429,122,12.375,1.875,0,1,2,1,1,1.0,Clean,train
LineStringAdapter,0,0.5,33,5.5,1.75,0,1,1,0,0,0.0,Clean,train
MountManager,0,0.7973856209150327,280,16.428571428571427,2.4285714285714284,0,0,0,13,11,0.1538,God Class,test
CloudVoxelStage,0,0.5,53,8.2,1.0,0,0,0,3,2,0.6667,Clean,train
SkinShadingStage,0,0.3333333333333333,34,8.333333333333334,2.0,0,0,0,9,3,0.4444,Feature Envy,test
Command,0,1.0,143,56.0,13.5,0,0,0,9,6,0.3333,Long Method,test
ComGoogleChrome,1,0.6666666666666666,47,14.0,4.0,0,0,1,6,3,0.5,Clean,train
RelMeParser,0,0.0,8,3.0,1.5,0,1,0,1,1,1.0,Clean,train
Command,0,0.0,2,0.0,0.0,0,0,0,0,0,0.0,Clean,train
Command,0,1.0,39,11.333333333333334,2.0,0,0,0,2,2,0.5,Clean,train
MCQuestion,0,1.0,40,4.4,1.8,0,0,0,5,3,0.6,Clean,train
Answer,0,0.0,20,2.0,1.0,0,0,0,0,0,0.0,Clean,train
Meta,0,0.0,3,0.0,0.0,0,0,0,0,0,0.0,Clean,train
Meta,0,0.0,3,0.0,0.0,0,0,0,0,0,0.0,Clean,train
Migration,0,0.0,17,0.0,0.0,0,0,0,0,0,0.0,Clean,train
Migration,0,0.0,67,0.0,0.0,0,0,0,0,0,0.0,Clean,train
ServeView,0,1.0,36,14.5,4.5,0,0,0,4,3,0.5,Clean,train
RedirectsMenuItem,0,0.0,5,4.0,1.0,0,0,0,2,2,0.5,Clean,train
WagtailSnippetsAppConfig,0,0.0,4,0.0,0.0,0,0,0,0,0,0.0,Clean,train
EnvFormula,0,0.6666666666666666,19,3.6666666666666665,1.6666666666666667,0,0,0,1,1,1.0,Clean,train
Sprinter,0,0.9722222222222222,32,2.4444444444444446,1.0,0,0,0,1,1,1.0,Clean,train
Candidate,0,1.0,15,3.0,1.0,0,0,0,0,0,0.0,Clean,train
Shamir,0,0.0,38,11.333333333333334,3.3333333333333335,0,0,0,1,1,1.0,Clean,train
CONNECT_ACTIONS,0,0.0,10,0.0,0.0,0,0,0,0,0,0.0,Clean,test
LOGIN,0,0.0,2,0.0,0.0,0,0,0,0,0,0.0,Clean,test
CONNECT,0,0.0,2,0.0,0.0,1,0,0,0,0,0.0,Clean,train
REGISTER,0,0.0,2,0.0,0.0,0,0,0,0,0,0.0,Clean,train
SimpleTimelineSerializer,0,1.0,10,3.5,1.0,0,0,0,1,1,1.0,Clean,train
SaveFileHandler,0,1.0,67,32.0,6.0,0,0,0,6,4,0.3333,Feature Envy,train
GameProfileError,0,0.0,2,0.0,0.0,0,1,0,0,0,0.0,Clean,train
GameProfile,1,0.4,90,16.0,3.8,0,0,1,6,5,0.3333,Clean,train
IInsert,0,0.0,9,7.0,1.0,0,0,0,3,1,1.0,Clean,train
TransactionalPage,0,0.0,11,2.3333333333333335,1.0,0,1,0,0,0,0.0,Clean,train
Root,0,0.5,39,3.75,1.25,1,0,1,9,7,0.3333,Clean,test
Win32Reactor,0,0.5714285714285714,226,11.214285714285714,2.9285714285714284,0,1,2,9,4,0.3333,Long Method,train
_ThreadFDWrapper,0,0.3333333333333333,47,6.5,1.0,0,2,0,0,0,0.0,Clean,test
_ThreadedWin32EventsMixin,2,0.0,57,8.75,1.25,0,0,3,1,1,1.0,Clean,train
BaseSubTable,0,0.7,48,6.6,2.4,0,7,0,1,1,1.0,Clean,train
BaseContextSubTable,0,0.0,32,28.0,6.0,1,6,7,7,5,0.2857,Feature Envy,train
BaseChainingContextSubTable,0,0.0,30,26.0,6.0,2,3,4,1,1,1.0,Clean,train
BaseContextFormat1SubTable,0,0.0,31,27.0,9.0,2,1,4,5,4,0.4,Clean,train
BaseContextFormat2SubTable,0,0.0,31,27.0,9.0,2,1,3,5,4,0.4,Clean,train
BaseContextFormat3SubTable,0,0.0,20,16.0,4.0,2,1,2,1,1,1.0,Clean,train
BaseChainingContextFormat1SubTable,0,1.0,51,23.0,8.0,3,2,2,8,3,0.75,Feature Envy,train
BaseChainingContextFormat2SubTable,0,1.0,51,23.0,8.0,3,2,3,8,3,0.75,Long Method,train
BaseChainingContextFormat3SubTable,1,0.5,65,13.0,3.5,3,2,9,6,1,1.0,Long Method,train
BaseLookupRecord,0,0.0,17,3.5,1.0,0,1,0,2,1,1.0,Clean,train
Coverage,0,0.0,46,3.4,1.4,0,2,0,1,1,1.0,Clean,train
PrecomputePowerSetCache,0,0.0,13,3.3333333333333335,1.6666666666666667,0,0,0,0,0,0.0,Clean,train
PrecomputeCache,0,0.0,7,2.0,1.0,0,0,0,0,0,0.0,Clean,train
Mock,0,0.0,4,2.0,1.0,0,0,0,0,0,0.0,Clean,train
Migration,0,0.0,116,0.0,0.0,0,0,0,0,0,0.0,Clean,test
_WorkItem,0,0.0,18,8.0,2.0,0,1,0,0,0,0.0,Clean,train
ThreadPoolExecutor,1,0.0,51,11.25,2.0,0,0,1,5,3,0.6,Clean,test
HgClient,0,0.5955882352941176,269,14.647058823529411,4.0588235294117645,0,0,0,14,10,0.2143,Long Method,train
Profile,0,0.8205128205128205,169,10.923076923076923,2.3076923076923075,0,0,0,6,5,0.3333,God Class,train
SeparationCalculator,0,1.0,55,12.5,3.25,0,0,0,5,4,0.4,Clean,train
LocalLogMerge,0,0.2857142857142857,69,7.125,1.5,0,0,0,3,2,0.6667,Clean,train
LinkIdentityOperation,0,0.4,60,7.5,1.5,0,0,0,7,4,0.4286,Clean,train
UserLogHandler,0,0.0,33,24.0,3.0,0,0,0,4,3,0.5,Clean,test
UserLogDataHandler,0,0.6666666666666666,38,8.333333333333334,2.0,0,1,1,7,5,0.2857,Feature Envy,train
UserNameDataHandler,0,1.0,27,8.5,2.5,0,1,1,13,6,0.3077,Clean,test
Canvas,0,0.7111111111111111,112,10.1,2.0,0,0,0,10,3,0.6,Clean,train
MyRectVisual,0,0.0,74,28.0,1.0,0,0,0,6,5,0.3333,Clean,train
ApplicationBackend,0,0.3333333333333333,22,2.3333333333333335,1.0,0,1,1,1,1,1.0,Clean,train
CanvasBackend,0,0.5047619047619047,107,5.866666666666666,1.4666666666666666,0,1,1,5,3,0.6,Clean,train
SceneCanvas,0,0.796923076923077,582,18.916666666666668,3.125,0,0,0,32,17,0.2188,God Class,train
PipelineInspector,0,0.8,202,16.90909090909091,3.909090909090909,0,0,0,26,11,0.2308,God Class,train
PluginData,0,1.0,38,3.2,1.4,0,1,0,2,2,0.5,Clean,train
ElementwiseProduct,0,0.0,23,13.0,3.0,0,0,0,0,0,0.0,Clean,train
Dot,0,0.0,12,9.0,2.0,0,0,0,0,0,0.0,Clean,train
Cross,0,0.0,17,14.0,2.0,0,0,0,0,0,0.0,Clean,train
CartesianProduct,0,0.0,36,32.0,12.0,0,0,0,0,0,0.0,Long Method,test
BlenderNavPanel,0,0.0,15,6.0,1.0,0,0,0,0,0,0.0,Clean,train
RunModalTimer,0,0.6666666666666666,34,7.666666666666667,2.3333333333333335,0,0,0,6,4,0.5,Clean,train
GoParser,0,0.4642857142857143,63,6.0,2.75,0,0,0,0,0,0.0,Clean,train
Meta,0,1.0,20,7.0,1.0,0,0,0,0,0,0.0,Clean,train
HotWater,0,0.9,35,5.6,1.6,0,0,0,1,1,1.0,Clean,train
ConcreteCurrentReservation,0,0.0,68,8.5,1.5,0,0,0,0,0,0.0,Clean,test
WaitingReservation,0,0.0,30,7.0,1.0,0,0,0,0,0,0.0,Data Class,train
TFtpDevice,3,0.0,29,13.0,2.5,0,4,7,4,1,1.0,Clean,train
WlTFtpDeviceError,0,0.0,3,2.0,1.0,0,4,4,0,0,0.0,Clean,train
WlTFtpDeviceCallingProcessError,0,0.0,3,2.0,1.0,1,4,4,0,0,0.0,Clean,train
WlTFtpDeviceWaitingCommandError,0,0.0,3,2.0,1.0,1,4,4,0,0,0.0,Clean,train
WlTFtpDeviceRetrievingOutputFromCommandError,0,0.0,3,2.0,1.0,1,4,4,0,0,0.0,Clean,train
VirtualMachineDummy,0,0.3333333333333333,34,3.6666666666666665,1.5,0,0,0,0,0,0.0,Clean,test
SortKey,0,1.0,12,2.6666666666666665,1.0,0,0,0,0,0,0.0,Clean,train
RemoteUpstream,0,0.5,50,3.5555555555555554,1.4444444444444444,0,0,0,1,1,1.0,Clean,train
SublimeOCPIndex,0,0.9,173,33.0,7.8,0,2,0,22,11,0.5,Long Method,test
SublimeOCPEventListener,0,0.0,40,11.0,3.0,0,0,1,2,2,0.5,Clean,train
SublimeOcpTypes,0,0.0,12,11.0,3.0,0,0,1,5,3,0.6,Clean,train
sum,0,1.0,8,3.0,1.5,0,3,3,0,0,0.0,Clean,train
len,0,1.0,8,3.0,1.5,0,3,3,0,0,0.0,Clean,train
max,0,1.0,11,4.5,2.0,0,3,3,0,0,0.0,Clean,train
min,0,1.0,11,4.5,2.0,0,3,3,0,0,0.0,Clean,train
Checkbox,0,0.0,17,2.2,1.0,0,2,0,0,0,0.0,Clean,test
Select,0,0.0,17,2.2,1.0,0,1,2,0,0,0.0,Clean,train
Preferences,2,0.8571428571428571,85,9.5,5.0,0,1,7,5,2,0.6,Clean,test
ExecutorMetaclass,0,0.0,19,14.0,3.0,0,0,0,1,1,1.0,Clean,train
Executor,0,0.0,6,2.0,1.0,0,0,0,0,0,0.0,Clean,test
BaseConnector,0,1.0,18,2.6,1.0,0,1,0,0,0,0.0,Clean,train
SqliteConnector,0,1.0,112,11.444444444444445,2.2222222222222223,1,0,1,6,3,0.5,Feature Envy,train
ManagerBase,0,0.9,38,4.5,1.75,0,5,0,5,5,0.2,Clean,train
FeedsManager,1,0.6666666666666666,276,23.0,1.9,1,4,13,13,6,0.4615,Clean,test
DatastreamsManager,0,0.7692307692307693,212,12.923076923076923,1.6153846153846154,0,4,12,8,5,0.375,God Class,train
DatapointsManager,0,0.7424242424242424,226,16.75,1.5,0,4,11,7,6,0.2857,God Class,train
TriggersManager,0,0.2857142857142857,145,15.857142857142858,1.5714285714285714,1,4,10,9,6,0.3333,Clean,train
KeysManager,0,0.6428571428571429,135,12.25,1.75,1,4,9,8,4,0.375,Clean,train
AppleTrailersIE,0,0.0,127,73.0,4.0,0,0,0,6,6,0.1667,Long Method,train
ChilloutzoneIE,0,0.0,84,46.0,7.0,0,0,0,2,2,0.5,Clean,train
PyvideoIE,0,0.0,51,22.0,2.0,0,0,0,2,2,0.5,Clean,train
Python__init__LineCount,0,1.0,7,2.5,1.0,0,0,0,1,1,1.0,Clean,train
MRPageRank,0,0.8333333333333334,56,12.25,2.0,0,0,0,1,1,1.0,Clean,test
LineSpout,0,0.0,8,4.0,1.0,0,0,0,1,1,1.0,Clean,train
JSONSerializer,0,1.0,29,13.0,2.5,0,0,0,1,1,1.0,Clean,train
Span,0,0.0,6,0.0,0.0,0,0,0,0,0,0.0,Clean,train
DiscardPushServlet,0,0.6666666666666666,50,15.333333333333334,1.3333333333333333,0,0,0,0,0,0.0,Clean,train
stat_abline,0,0.0,56,51.0,13.0,0,0,0,1,1,1.0,Long Method,test
PosTagger,0,0.8571428571428571,58,6.571428571428571,2.857142857142857,0,0,0,7,4,0.2857,Feature Envy,test
BgpDump,0,0.25,220,22.666666666666668,7.333333333333333,0,0,0,30,7,0.4,Long Method,train
Information,0,0.0,37,14.0,1.0,0,0,0,0,0,0.0,Data Class,test
Item,0,0.6727272727272727,150,11.272727272727273,1.2727272727272727,0,0,0,0,0,0.0,God Class,train
LoggingWrapper,0,1.0,88,9.0,2.25,0,0,0,8,5,0.5,Feature Envy,train
FtpBftpd,0,0.0,68,12.0,3.0,0,0,0,1,1,1.0,Clean,test
FtpVsFtpd,0,0.0,94,27.0,9.0,0,0,0,5,4,0.4,Clean,train
MicrosoftExchangeMail,0,0.0,14,0.0,0.0,0,0,0,0,0,0.0,Clean,train
MicrosoftExchangePOP3X,0,0.0,4,0.0,0.0,1,0,0,0,0,0.0,Clean,test
MicrosoftExchangePOP3S,0,0.0,5,0.0,0.0,2,0,0,0,0,0.0,Data Class,train
MicrosoftExchangePOP3,0,0.0,5,0.0,0.0,2,0,0,0,0,0.0,Data Class,test
MicrosoftExchangeIMAPX,0,0.0,4,0.0,0.0,1,0,0,0,0,0.0,Clean,train
MicrosoftExchangeIMAP,0,0.0,5,0.0,0.0,2,0,0,0,0,0.0,Data Class,test
MicrosoftExchangeIMAPS,0,0.0,5,0.0,0.0,2,0,0,0,0,0.0,Data Class,train
MicrosoftExchangeSMTP,0,0.0,24,6.0,3.0,0,0,0,4,3,0.5,Clean,train
NeuralRegressor,0,0.7,26,3.2,1.4,0,0,0,1,1,1.0,Clean,train
BokehWidget,0,1.0,79,10.666666666666666,3.0,0,1,0,4,2,0.75,Clean,train
JS,0,1.0,31,7.666666666666667,2.0,0,0,1,8,4,0.375,Feature Envy,train
SqlBeautifierCommand,0,0.0,36,11.0,2.3333333333333335,0,0,0,3,3,0.3333,Clean,train
Command,0,0.9333333333333333,149,19.333333333333332,4.166666666666667,0,0,0,8,7,0.25,Clean,train
Command,0,0.0,66,38.0,9.0,0,0,0,8,6,0.25,Clean,test
Migration,0,0.0,13,0.0,0.0,0,0,0,0,0,0.0,Clean,test
EighthDegreeLegendrePolynomial,0,0.6666666666666666,83,18.333333333333332,1.3333333333333333,0,0,0,0,0,0.0,Clean,train
FifthDegreeLegendrePolynomial,0,0.6666666666666666,68,13.333333333333334,1.3333333333333333,0,0,0,0,0,0.0,Clean,train
FourthDegreeLegendrePolynomial,0,0.6666666666666666,63,11.666666666666666,1.3333333333333333,0,0,0,0,0,0.0,Clean,train
GammaRayAngularDistributionDegreesA,0,0.6666666666666666,48,6.666666666666667,1.3333333333333333,0,0,0,0,0,0.0,Clean,train
GammaRayAngularDistributionDegreesB,0,0.6666666666666666,51,7.666666666666667,1.3333333333333333,0,0,0,0,0,0.0,Clean,train
GammaRayAngularDistributionRadiansA,0,0.6666666666666666,48,6.666666666666667,1.3333333333333333,0,0,0,0,0,0.0,Clean,test
GammaRayAngularDistributionRadiansB,0,0.6666666666666666,51,7.666666666666667,1.3333333333333333,0,0,0,0,0,0.0,Clean,train
NinthDegreeLegendrePolynomial,0,0.6666666666666666,88,20.0,1.3333333333333333,0,0,0,0,0,0.0,Clean,train
SecondDegreeLegendrePolynomial,0,0.6666666666666666,53,8.333333333333334,1.3333333333333333,0,0,0,0,0,0.0,Clean,train
SeventhDegreeLegendrePolynomial,0,0.6666666666666666,78,16.666666666666668,1.3333333333333333,0,0,0,0,0,0.0,Clean,train
SixthDegreeLegendrePolynomial,0,0.6666666666666666,73,15.0,1.3333333333333333,0,0,0,0,0,0.0,Clean,train
TenthDegreeLegendrePolynomial,0,0.6666666666666666,93,21.666666666666668,1.3333333333333333,0,0,0,0,0,0.0,Clean,train
ThirdDegreeLegendrePolynomial,0,0.6666666666666666,58,10.0,1.3333333333333333,0,0,0,0,0,0.0,Clean,train
Lomolino,0,0.6666666666666666,47,6.333333333333333,1.3333333333333333,0,0,0,0,0,0.0,Clean,train
BET_Sigmoidal_A,0,0.6666666666666666,48,6.666666666666667,1.3333333333333333,0,0,0,0,0,0.0,Clean,train
BET_Sigmoidal_B,0,0.6666666666666666,48,6.666666666666667,1.3333333333333333,0,0,0,0,0,0.0,Clean,test
BoltzmannSigmoidA,0,0.6666666666666666,48,6.666666666666667,1.3333333333333333,0,0,0,0,0,0.0,Clean,train
BoltzmannSigmoidB,0,0.6666666666666666,48,6.666666666666667,1.3333333333333333,0,0,0,0,0,0.0,Clean,train
Chapman,0,0.6666666666666666,47,6.333333333333333,1.3333333333333333,0,0,0,0,0,0.0,Clean,train
DonLevinSigmoid,0,0.6666666666666666,53,8.333333333333334,1.3333333333333333,0,0,0,0,0,0.0,Clean,train
FiveParameterLogistic,0,0.6666666666666666,51,7.0,1.3333333333333333,0,0,0,0,0,0.0,Clean,train
FourParameterLogistic,0,0.6666666666666666,50,6.666666666666667,1.3333333333333333,0,0,0,0,0,0.0,Clean,train
GeneralisedLogistic,0,0.6666666666666666,49,7.0,1.3333333333333333,0,0,0,0,0,0.0,Clean,train
GompertzA,0,0.6666666666666666,47,6.333333333333333,1.3333333333333333,0,0,0,0,0,0.0,Clean,train
GompertzB,0,0.6666666666666666,47,6.333333333333333,1.3333333333333333,0,0,0,0,0,0.0,Clean,train
GompertzC,0,0.6666666666666666,47,6.333333333333333,1.3333333333333333,0,0,0,0,0,0.0,Clean,test
Hill,0,0.5,53,5.75,1.25,0,0,0,0,0,0.0,Clean,train
Janoschek,0,0.6666666666666666,47,6.333333333333333,1.3333333333333333,0,0,0,0,0,0.0,Clean,train
Janoschek_Modified,0,0.6666666666666666,48,6.666666666666667,1.3333333333333333,0,0,0,0,0,0.0,Clean,train
LogisticA,0,0.6666666666666666,47,6.333333333333333,1.3333333333333333,0,0,0,0,0,0.0,Clean,train
LogisticB,0,0.6666666666666666,49,6.333333333333333,1.3333333333333333,0,0,0,0,0,0.0,Clean,train
MagneticSaturation,0,0.6666666666666666,47,6.333333333333333,1.3333333333333333,0,0,0,0,0,0.0,Clean,train
MorganMercerFlodin,0,0.6666666666666666,48,6.666666666666667,1.3333333333333333,0,0,0,0,0,0.0,Clean,test
PetersBaskin_YIII,0,0.6666666666666666,57,9.666666666666666,1.3333333333333333,0,0,0,0,0,0.0,Clean,train
PetersBaskin_YII,0,0.6666666666666666,48,6.666666666666667,1.3333333333333333,0,0,0,0,0,0.0,Clean,train
PetersBaskin_YIV,0,0.6666666666666666,63,11.666666666666666,1.3333333333333333,0,0,0,0,0,0.0,Clean,train
PetersBaskin_YI,0,0.6666666666666666,47,6.333333333333333,1.3333333333333333,0,0,0,0,0,0.0,Clean,train
PetersBaskin_YV,0,0.6666666666666666,64,12.0,1.3333333333333333,0,0,0,0,0,0.0,Clean,test
PetersBaskin_YV_Scaled,0,0.6666666666666666,65,12.333333333333334,1.3333333333333333,0,0,0,0,0,0.0,Clean,train
PetersBaskin_Y,0,0.6666666666666666,47,6.333333333333333,1.3333333333333333,0,0,0,0,0,0.0,Clean,test
Richards,0,0.6666666666666666,48,6.666666666666667,1.3333333333333333,0,0,0,0,0,0.0,Clean,train
SigmoidA,0,0.6666666666666666,46,6.0,1.3333333333333333,0,0,0,0,0,0.0,Clean,train
SigmoidA_Modified,0,0.6666666666666666,47,6.333333333333333,1.3333333333333333,0,0,0,0,0,0.0,Clean,test
SigmoidB,0,0.6666666666666666,47,6.333333333333333,1.3333333333333333,0,0,0,0,0,0.0,Clean,train
SigmoidB_Modified,0,0.6666666666666666,48,6.666666666666667,1.3333333333333333,0,0,0,0,0,0.0,Clean,train
Weibull,0,0.6666666666666666,48,6.666666666666667,1.3333333333333333,0,0,0,0,0,0.0,Clean,train
WeibullCDF,0,0.6666666666666666,48,6.0,1.3333333333333333,0,0,0,0,0,0.0,Clean,train
WeibullCDF_scaled,0,0.6666666666666666,49,6.333333333333333,1.3333333333333333,0,0,0,0,0,0.0,Clean,test
WeibullPDF,0,0.6666666666666666,48,6.0,1.3333333333333333,0,0,0,0,0,0.0,Clean,train
SimpleReciprocalA,0,0.6666666666666666,45,5.666666666666667,1.3333333333333333,0,0,0,0,0,0.0,Clean,train
SimpleEquation_01,0,0.6666666666666666,45,5.666666666666667,1.3333333333333333,0,0,0,0,0,0.0,Clean,train
SimpleEquation_02,0,0.6666666666666666,45,5.666666666666667,1.3333333333333333,0,0,0,0,0,0.0,Clean,test
SimpleEquation_03,0,0.6666666666666666,46,6.0,1.3333333333333333,0,0,0,0,0,0.0,Clean,train
SimpleEquation_04,0,0.6666666666666666,45,5.666666666666667,1.3333333333333333,0,0,0,0,0,0.0,Clean,train
SimpleEquation_05,0,0.6666666666666666,45,5.666666666666667,1.3333333333333333,0,0,0,0,0,0.0,Clean,train
SimpleEquation_06,0,0.6666666666666666,48,6.666666666666667,1.3333333333333333,0,0,0,0,0,0.0,Clean,train
SimpleEquation_07,0,0.5,53,5.75,1.25,0,0,0,0,0,0.0,Clean,train
SimpleEquation_08,0,0.6666666666666666,49,7.0,1.3333333333333333,0,0,0,0,0,0.0,Clean,train
SimpleEquation_09,0,0.6666666666666666,47,6.333333333333333,1.3333333333333333,0,0,0,0,0,0.0,Clean,train
SimpleEquation_10,0,0.6666666666666666,47,6.333333333333333,1.3333333333333333,0,0,0,0,0,0.0,Clean,train
SimpleEquation_13,0,0.6666666666666666,49,6.333333333333333,1.3333333333333333,0,0,0,0,0,0.0,Clean,train
SimpleEquation_14,0,0.6666666666666666,47,6.333333333333333,1.3333333333333333,0,0,0,0,0,0.0,Clean,test
SimpleEquation_15,0,0.6666666666666666,47,6.333333333333333,1.3333333333333333,0,0,0,0,0,0.0,Clean,train
SimpleEquation_16,0,0.6666666666666666,49,7.0,1.3333333333333333,0,0,0,0,0,0.0,Clean,train
SimpleEquation_17,0,0.6666666666666666,49,7.0,1.3333333333333333,0,0,0,0,0,0.0,Clean,train
SimpleEquation_18,0,0.6666666666666666,49,7.0,1.3333333333333333,0,0,0,0,0,0.0,Clean,train
SimpleEquation_19,0,0.6666666666666666,47,6.333333333333333,1.3333333333333333,0,0,0,0,0,0.0,Clean,train
SimpleEquation_20,0,0.6666666666666666,47,6.333333333333333,1.3333333333333333,0,0,0,0,0,0.0,Clean,train
SimpleEquation_21,0,0.6666666666666666,49,7.0,1.3333333333333333,0,0,0,0,0,0.0,Clean,train
SimpleEquation_22,0,0.6666666666666666,47,6.333333333333333,1.3333333333333333,0,0,0,0,0,0.0,Clean,train
SimpleEquation_23,0,0.6666666666666666,47,6.333333333333333,1.3333333333333333,0,0,0,0,0,0.0,Clean,train
SimpleEquation_24,0,0.6666666666666666,47,6.333333333333333,1.3333333333333333,0,0,0,0,0,0.0,Clean,test
SimpleEquation_25,0,0.6666666666666666,47,6.333333333333333,1.3333333333333333,0,0,0,0,0,0.0,Clean,train
SimpleEquation_26,0,0.6666666666666666,47,6.333333333333333,1.3333333333333333,0,0,0,0,0,0.0,Clean,train
SimpleEquation_27,0,0.6666666666666666,47,6.333333333333333,1.3333333333333333,0,0,0,0,0,0.0,Clean,train
SimpleEquation_28,0,0.6666666666666666,49,7.0,1.3333333333333333,0,0,0,0,0,0.0,Clean,test
SimpleEquation_29,0,0.6666666666666666,47,6.333333333333333,1.3333333333333333,0,0,0,0,0,0.0,Clean,train
SimpleEquation_30,0,0.6666666666666666,47,6.333333333333333,1.3333333333333333,0,0,0,0,0,0.0,Clean,train
SimpleEquation_31,0,0.6666666666666666,46,6.0,1.3333333333333333,0,0,0,0,0,0.0,Clean,train
SimpleEquation_32,0,0.6666666666666666,47,6.333333333333333,1.3333333333333333,0,0,0,0,0,0.0,Clean,train
SimpleEquation_33,0,0.6666666666666666,47,6.333333333333333,1.3333333333333333,0,0,0,0,0,0.0,Clean,test
SimpleEquation_34,0,0.6666666666666666,47,6.333333333333333,1.3333333333333333,0,0,0,0,0,0.0,Clean,test
SimpleEquation_35,0,0.6666666666666666,46,6.0,1.3333333333333333,0,0,0,0,0,0.0,Clean,train
SimpleEquation_36,0,0.6666666666666666,46,6.0,1.3333333333333333,0,0,0,0,0,0.0,Clean,train
SimpleEquation_37,0,0.6666666666666666,48,6.666666666666667,1.3333333333333333,0,0,0,0,0,0.0,Clean,train
SimpleEquation_38,0,0.6666666666666666,48,6.666666666666667,1.3333333333333333,0,0,0,0,0,0.0,Clean,train
SimpleEquation_39,0,0.6666666666666666,47,6.333333333333333,1.3333333333333333,0,0,0,0,0,0.0,Clean,test
SimpleEquation_40,0,0.6666666666666666,47,6.333333333333333,1.3333333333333333,0,0,0,0,0,0.0,Clean,train
SimpleEquation_41,0,0.6666666666666666,47,6.333333333333333,1.3333333333333333,0,0,0,0,0,0.0,Clean,train
SimpleEquation_42,0,0.6666666666666666,49,7.0,1.3333333333333333,0,0,0,0,0,0.0,Clean,train
Arrow,0,0.6567287784679089,1822,24.0,3.161764705882353,0,0,0,64,35,0.125,Long Method,train
ArrowFactory,0,0.7857142857142857,318,63.5,8.25,0,0,0,6,4,0.3333,Long Method,train
DateTimeFormatter,0,0.6666666666666666,118,35.0,15.0,0,0,0,17,5,0.7647,Feature Envy,train
Locale,0,0.9779411764705882,210,9.0,1.8235294117647058,0,7,35,3,3,0.3333,God Class,train
EnglishLocale,0,1.0,113,14.0,4.0,1,5,5,0,0,0.0,Clean,train
ItalianLocale,0,0.0,71,2.0,1.0,1,1,0,0,0,0.0,Clean,train
SpanishLocale,0,0.0,73,2.0,1.0,1,1,0,0,0,0.0,Clean,train
FrenchBaseLocale,0,0.0,59,4.0,2.0,1,1,0,0,0,0.0,Clean,train
FrenchLocale,0,0.0,18,0.0,0.0,2,0,0,0,0,0.0,Clean,test
FrenchCanadianLocale,0,0.0,18,0.0,0.0,2,0,0,0,0,0.0,Clean,train
GreekLocale,0,0.0,67,0.0,0.0,1,0,0,0,0,0.0,Clean,train
JapaneseLocale,0,0.0,67,0.0,0.0,1,0,0,0,0,0.0,Clean,train
SwedishLocale,0,0.0,67,0.0,0.0,1,0,0,0,0,0.0,Clean,train
FinnishLocale,0,1.0,86,6.0,2.0,1,2,0,1,1,1.0,Clean,train
ChineseCNLocale,0,0.0,66,0.0,0.0,1,0,0,0,0,0.0,Clean,test
ChineseTWLocale,0,0.0,58,0.0,0.0,1,0,0,0,0,0.0,Clean,train
HongKongLocale,0,0.0,66,0.0,0.0,1,0,0,0,0,0.0,Clean,train
KoreanLocale,0,1.0,112,16.5,3.5,1,2,3,0,0,0.0,Clean,train
DutchLocale,0,0.0,68,0.0,0.0,1,0,0,0,0,0.0,Clean,train
SlavicBaseLocale,0,0.0,16,13.0,7.0,1,2,0,1,1,1.0,Clean,train
BelarusianLocale,0,0.0,76,0.0,0.0,2,0,0,0,0,0.0,Clean,train
PolishLocale,0,0.0,88,0.0,0.0,2,0,0,0,0,0.0,Clean,train
RussianLocale,0,0.0,88,0.0,0.0,2,0,0,0,0,0.0,Clean,train
AfrikaansLocale,0,0.0,66,0.0,0.0,1,0,0,0,0,0.0,Clean,train
BulgarianLocale,0,0.0,76,0.0,0.0,2,0,0,0,0,0.0,Clean,train
UkrainianLocale,0,0.0,76,0.0,0.0,2,0,0,0,0,0.0,Clean,train
MacedonianLocale,0,0.0,97,0.0,0.0,2,0,0,0,0,0.0,Clean,train
MacedonianLatinLocale,0,0.0,97,0.0,0.0,2,0,0,0,0,0.0,Clean,train
GermanBaseLocale,0,1.0,105,12.0,1.5,1,5,5,0,0,0.0,Clean,test
GermanLocale,0,0.0,2,0.0,0.0,2,0,0,0,0,0.0,Clean,train
SwissLocale,0,0.0,2,0.0,0.0,2,0,0,0,0,0.0,Clean,train
AustrianLocale,0,0.0,18,0.0,0.0,2,0,0,0,0,0.0,Clean,test
NorwegianLocale,0,0.0,69,2.0,1.0,1,1,0,0,0,0.0,Clean,test
NewNorwegianLocale,0,0.0,69,2.0,1.0,1,1,0,0,0,0.0,Clean,train
PortugueseLocale,0,0.0,67,0.0,0.0,1,0,0,0,0,0.0,Clean,train
BrazilianPortugueseLocale,0,0.0,4,0.0,0.0,2,0,0,0,0,0.0,Clean,test
TagalogLocale,0,0.0,71,2.0,1.0,1,1,0,0,0,0.0,Clean,test
VietnameseLocale,0,0.0,66,0.0,0.0,1,0,0,0,0,0.0,Clean,train
TurkishLocale,0,0.0,69,0.0,0.0,1,0,0,0,0,0.0,Clean,train
AzerbaijaniLocale,0,0.0,66,0.0,0.0,1,0,0,0,0,0.0,Clean,train
ArabicLocale,0,0.0,98,12.0,4.0,1,2,0,1,1,1.0,Clean,train
LevantArabicLocale,0,0.0,32,0.0,0.0,2,0,0,0,0,0.0,Clean,train
AlgeriaTunisiaArabicLocale,0,0.0,32,0.0,0.0,2,0,0,0,0,0.0,Clean,test
MauritaniaArabicLocale,0,0.0,32,0.0,0.0,2,0,0,0,0,0.0,Clean,train
MoroccoArabicLocale,0,0.0,32,0.0,0.0,2,0,0,0,0,0.0,Clean,train
IcelandicLocale,0,0.0,83,16.0,4.0,1,2,0,1,1,1.0,Clean,train
DanishLocale,0,0.0,70,2.0,1.0,1,1,0,0,0,0.0,Clean,train
MalayalamLocale,0,0.0,71,0.0,0.0,1,0,0,0,0,0.0,Clean,train
HindiLocale,0,0.0,66,0.0,0.0,1,0,0,0,0,0.0,Clean,train
CzechLocale,0,0.0,128,26.0,8.0,1,2,0,0,0,0.0,Clean,train
SlovakLocale,0,0.0,128,25.0,8.0,1,2,0,0,0,0.0,Clean,train
FarsiLocale,0,0.0,84,0.0,0.0,1,0,0,0,0,0.0,Clean,test
HebrewLocale,0,1.0,108,20.5,5.5,1,1,19,1,1,1.0,Clean,train
MarathiLocale,0,0.0,66,0.0,0.0,1,0,0,0,0,0.0,Clean,train
CatalanLocale,0,0.0,74,0.0,0.0,1,0,0,0,0,0.0,Clean,train
BasqueLocale,0,0.0,62,0.0,0.0,1,0,0,0,0,0.0,Clean,train
HungarianLocale,0,0.0,79,10.0,3.0,1,2,0,1,1,1.0,Clean,train
EsperantoLocale,0,0.0,70,2.0,1.0,1,1,0,0,0,0.0,Clean,train
ThaiLocale,0,0.6666666666666666,98,8.333333333333334,2.0,1,3,0,2,2,0.5,Clean,train
LaotianLocale,0,0.6666666666666666,105,8.333333333333334,2.0,1,3,0,2,2,0.5,Clean,train
BengaliLocale,0,0.0,79,12.0,7.0,1,1,0,0,0,0.0,Clean,test
RomanshLocale,0,0.0,68,0.0,0.0,1,0,0,0,0,0.0,Clean,train
RomanianLocale,0,0.0,65,0.0,0.0,1,0,0,0,0,0.0,Clean,train
SlovenianLocale,0,0.0,69,0.0,0.0,1,0,0,0,0,0.0,Clean,train
IndonesianLocale,0,0.0,73,0.0,0.0,1,0,0,0,0,0.0,Clean,train
NepaliLocale,0,0.0,67,0.0,0.0,1,0,0,0,0,0.0,Clean,train
EstonianLocale,0,0.0,73,7.0,2.0,1,2,0,1,1,1.0,Clean,train
LatvianLocale,0,0.0,78,0.0,0.0,1,0,0,0,0,0.0,Clean,train
SwahiliLocale,0,0.0,82,0.0,0.0,1,0,0,0,0,0.0,Clean,train
CroatianLocale,0,0.0,89,10.0,3.0,1,2,0,1,1,1.0,Clean,train
LatinLocale,0,0.0,78,0.0,0.0,1,0,0,0,0,0.0,Clean,train
LithuanianLocale,0,0.0,78,0.0,0.0,1,0,0,0,0,0.0,Clean,test
MalayLocale,0,0.0,78,0.0,0.0,1,0,0,0,0,0.0,Clean,train
MalteseLocale,0,0.0,89,10.0,3.0,1,2,0,1,1,1.0,Clean,train
SamiLocale,0,0.0,77,0.0,0.0,1,0,0,0,0,0.0,Clean,train
OdiaLocale,0,0.0,88,12.0,7.0,1,1,0,0,0,0.0,Clean,test
SerbianLocale,0,0.0,89,10.0,3.0,1,2,0,1,1,1.0,Clean,train
LuxembourgishLocale,0,1.0,100,8.5,1.5,1,5,5,0,0,0.0,Clean,test
ZuluLocale,0,0.0,95,16.0,3.0,1,2,0,1,1,1.0,Clean,test
TamilLocale,0,0.0,85,7.0,3.0,1,1,0,0,0,0.0,Clean,train
AlbanianLocale,0,0.0,78,0.0,0.0,1,0,0,0,0,0.0,Clean,train
GeorgianLocale,0,0.0,82,0.0,0.0,1,0,0,0,0,0.0,Clean,train
SinhalaLocale,0,1.0,161,18.5,2.5,1,6,5,1,1,1.0,Clean,test
UrduLocale,0,0.0,78,0.0,0.0,1,0,0,0,0,0.0,Clean,train
KazakhLocale,0,0.0,65,0.0,0.0,1,0,0,0,0,0.0,Clean,train
AmharicLocale,0,1.0,169,12.666666666666666,2.0,1,6,5,1,1,1.0,Clean,train
ArmenianLocale,0,0.0,84,0.0,0.0,1,0,0,0,0,0.0,Clean,test
UzbekLocale,0,0.0,66,0.0,0.0,1,0,0,0,0,0.0,Clean,test
ParserError,0,0.0,10,0.0,0.0,0,2,0,0,0,0.0,Clean,train
ParserMatchError,0,0.0,10,0.0,0.0,1,1,0,0,0,0.0,Clean,train
_Parts,0,0.0,38,0.0,0.0,0,0,0,0,0,0.0,Data Class,test
DateTimeParser,2,0.9743589743589743,741,75.375,10.75,0,0,3,22,15,0.1364,Long Method,train
TzinfoParser,1,0.0,53,43.0,8.0,0,1,1,3,3,0.3333,Clean,test
FrozenError,0,0.0,15,4.0,1.0,0,1,1,0,0,0.0,Clean,train
FrozenInstanceError,0,0.0,6,0.0,0.0,1,0,0,0,0,0.0,Clean,train
FrozenAttributeError,0,0.0,6,0.0,0.0,1,0,0,0,0,0.0,Clean,train
AttrsAttributeNotFoundError,0,0.0,6,0.0,0.0,0,0,0,0,0,0.0,Clean,train
NotAnAttrsClassError,0,0.0,6,0.0,0.0,0,0,0,0,0,0.0,Clean,test
DefaultAlreadySetError,0,0.0,7,0.0,0.0,0,0,0,0,0,0.0,Clean,train
UnannotatedAttributeError,0,0.0,6,0.0,0.0,0,0,0,0,0,0.0,Clean,train
PythonTooOldError,0,0.0,7,0.0,0.0,0,0,0,0,0,0.0,Clean,train
NotCallableError,0,0.0,15,3.0,1.0,0,1,1,0,0,0.0,Clean,train
_InstanceOfValidator,0,0.0,18,7.0,1.5,0,0,0,1,1,1.0,Clean,train
_MatchesReValidator,0,0.0,19,7.0,1.5,0,0,0,1,1,1.0,Clean,train
_OptionalValidator,0,1.0,11,3.5,1.5,0,0,0,0,0,0.0,Clean,train
_InValidator,0,0.0,21,8.0,2.0,0,0,0,1,1,1.0,Clean,train
_IsCallableValidator,0,1.0,19,8.5,1.5,0,0,0,1,1,1.0,Clean,train
_DeepIterable,0,0.0,26,9.5,2.5,0,0,0,0,0,0.0,Clean,test
_DeepMapping,0,0.0,20,7.0,3.0,0,0,0,0,0,0.0,Clean,test
_NumberValidator,0,0.0,15,4.5,1.5,0,0,0,1,1,1.0,Clean,train
_MaxLengthValidator,0,0.0,13,4.5,1.5,0,0,0,1,1,1.0,Clean,train
_MinLengthValidator,0,0.0,13,4.5,1.5,0,0,0,1,1,1.0,Clean,train
_SubclassOfValidator,0,0.0,18,7.0,1.5,0,0,0,1,1,1.0,Clean,train
_NotValidator,0,0.0,34,9.0,1.5,0,0,0,0,0,0.0,Clean,train
_OrValidator,0,0.0,17,6.5,2.0,0,0,0,0,0,0.0,Clean,train
_AnnotationExtractor,0,0.0,44,11.333333333333334,3.0,0,0,0,0,0,0.0,Clean,train
_Nothing,0,1.0,18,2.0,1.0,0,1,0,0,0,0.0,Clean,test
_CacheHashWrapper,0,0.0,14,2.0,1.0,0,0,0,0,0,0.0,Clean,train
_Attributes,0,0.0,4,0.0,0.0,0,0,0,0,0,0.0,Clean,train
_ClassBuilder,0,0.28421052631578947,607,27.95,4.55,0,1,2,26,10,0.3846,Long Method,train
Attribute,0,0.9523809523809523,241,23.285714285714285,3.5714285714285716,0,2,0,18,3,0.8333,Feature Envy,train
_CountingAttr,2,0.5,166,21.25,1.75,0,1,2,1,1,1.0,Clean,train
ClassProps,0,0.0,160,20.0,1.5,0,1,0,1,1,1.0,Clean,test
Factory,0,0.6666666666666666,37,4.666666666666667,1.3333333333333333,0,2,0,0,0,0.0,Clean,train
Converter,0,0.7,96,12.2,3.4,0,1,6,2,1,1.0,Clean,train
_AndValidator,0,0.0,10,3.0,2.0,0,0,0,0,0,0.0,Clean,test
Hashability,0,0.0,15,0.0,0.0,0,0,0,0,0,0.0,Clean,train
KeywordOnly,0,0.0,13,0.0,0.0,0,0,0,0,0,0.0,Clean,train
VersionInfo,0,1.0,78,9.4,2.2,0,0,0,2,2,0.5,Clean,train
AttrsInstance,0,0.0,2,0.0,0.0,0,0,0,0,0,0.0,Clean,test
NGClass,0,0.0,2,0.0,0.0,0,0,0,0,0,0.0,Clean,train
NGClass2,0,0.0,2,0.0,0.0,0,0,0,0,0,0.0,Clean,train
NGFrozen,0,0.0,2,0.0,0.0,0,0,0,0,0,0.0,Clean,train
C,0,0.0,2,0.0,0.0,0,0,0,0,0,0.0,Clean,train
D,0,0.0,2,0.0,0.0,0,0,0,0,0,0.0,Clean,train
Derived,0,0.0,2,0.0,0.0,1,0,0,0,0,0.0,Clean,test
Error,0,0.0,2,0.0,0.0,0,0,0,0,0,0.0,Clean,test
AliasExample,0,0.0,3,0.0,0.0,0,0,0,0,0,0.0,Clean,test
Validated,0,0.0,2,0.0,0.0,0,0,0,0,0,0.0,Clean,train
ValidatedOptionalOverTuple,0,0.0,6,0.0,0.0,0,0,0,0,0,0.0,Clean,train
ValidatedInconsistentOr,0,0.0,8,0.0,0.0,0,0,0,0,0,0.0,Clean,test
WithCustomRepr,0,0.0,5,0.0,0.0,0,0,0,0,0,0.0,Clean,train
ValidatedSetter2,0,0.0,13,0.0,0.0,0,0,0,0,0,0.0,Data Class,train
OrderFlags,0,0.0,3,0.0,0.0,0,0,0,0,0,0.0,Clean,train
TransformedAttrs2,0,0.0,2,0.0,0.0,0,0,0,0,0,0.0,Clean,train
MatchArgs2,0,0.0,3,0.0,0.0,0,0,0,0,0,0.0,Clean,test
Hashable,0,0.0,2,0.0,0.0,0,0,0,0,0,0.0,Clean,train
C,0,0.0,2,0.0,0.0,0,0,0,0,0,0.0,Clean,train
D,0,0.0,2,0.0,0.0,0,0,0,0,0,0.0,Clean,test
E,0,0.0,2,0.0,0.0,0,0,0,0,0,0.0,Clean,train
F,0,0.0,2,0.0,0.0,0,0,0,0,0,0.0,Clean,test
CC,0,0.0,2,0.0,0.0,0,0,0,0,0,0.0,Clean,test
DD,0,0.0,2,0.0,0.0,0,0,0,0,0,0.0,Clean,test
EE,0,0.0,2,0.0,0.0,0,0,0,0,0,0.0,Clean,train
FF,0,0.0,2,0.0,0.0,0,0,0,0,0,0.0,Clean,test
FFF,0,0.0,2,0.0,0.0,0,0,0,0,0,0.0,Clean,train
GG,0,0.0,2,0.0,0.0,1,0,0,0,0,0.0,Clean,train
HH,0,0.0,2,0.0,0.0,1,0,0,0,0,0.0,Clean,train
Error,0,0.0,2,0.0,0.0,0,0,0,0,0,0.0,Clean,train
Error2,0,0.0,2,0.0,0.0,0,0,0,0,0,0.0,Clean,train
AliasExample,0,0.0,3,0.0,0.0,0,0,0,0,0,0.0,Clean,train
ConvCOptional,0,0.0,2,0.0,0.0,0,0,0,0,0,0.0,Clean,test
ConvCToBool,0,0.0,2,0.0,0.0,0,0,0,0,0,0.0,Clean,test
Validated,0,0.0,102,0.0,0.0,0,0,0,0,0,0.0,Data Class,train
Validated2,0,0.0,2,0.0,0.0,0,0,0,0,0,0.0,Clean,train
WithCustomRepr,0,0.0,5,0.0,0.0,0,0,0,0,0,0.0,Clean,train
OrderFlags,0,0.0,3,0.0,0.0,0,0,0,0,0,0.0,Clean,train
ValidatedSetter,0,0.0,10,0.0,0.0,0,0,0,0,0,0.0,Clean,train
TransformedAttrs,0,0.0,2,0.0,0.0,0,0,0,0,0,0.0,Clean,train
AutoDetect,0,0.0,5,2.0,1.0,0,0,0,0,0,0.0,Clean,train
NGClass,0,0.0,2,0.0,0.0,0,0,0,0,0,0.0,Clean,train
NGFrozen,0,0.0,2,0.0,0.0,0,0,0,0,0,0.0,Clean,train
MRO,0,0.0,2,0.0,0.0,0,0,0,0,0,0.0,Clean,train
MatchArgs,0,0.0,3,0.0,0.0,0,0,0,0,0,0.0,Clean,train
Hashable,0,0.0,2,0.0,0.0,0,0,0,0,0,0.0,Clean,train
C,0,0.0,2,0.0,0.0,0,0,0,0,0,0.0,Clean,train
D,0,0.0,2,0.0,0.0,0,0,0,0,0,0.0,Clean,train
E,0,0.0,2,0.0,0.0,0,0,0,0,0,0.0,Clean,train
F,0,0.0,2,0.0,0.0,0,0,0,0,0,0.0,Clean,train
GG,0,0.0,2,0.0,0.0,1,0,0,0,0,0.0,Clean,test
HH,0,0.0,2,0.0,0.0,1,0,0,0,0,0.0,Clean,train
Error,0,0.0,2,0.0,0.0,0,0,0,0,0,0.0,Clean,test
Error2,0,0.0,2,0.0,0.0,0,0,0,0,0,0.0,Clean,train
AliasExample,0,0.0,3,0.0,0.0,0,0,0,0,0,0.0,Clean,test
ConvCOptional,0,0.0,2,0.0,0.0,0,0,0,0,0,0.0,Clean,train
ConvCPipe,0,0.0,2,0.0,0.0,0,0,0,0,0,0.0,Clean,train
ConvCDefaultIfNone,0,0.0,2,0.0,0.0,0,0,0,0,0,0.0,Clean,train
ConvCToBool,0,0.0,2,0.0,0.0,0,0,0,0,0,0.0,Clean,train
DecoratorConverter,0,0.0,6,2.0,1.0,0,0,0,1,1,1.0,Clean,train
Validated,0,0.0,102,0.0,0.0,0,0,0,0,0,0.0,Data Class,train
Validated2,0,0.0,2,0.0,0.0,0,0,0,0,0,0.0,Clean,train
WithCustomRepr,0,0.0,5,0.0,0.0,0,0,0,0,0,0.0,Clean,train
OrderFlags,0,0.0,3,0.0,0.0,0,0,0,0,0,0.0,Clean,test
ValidatedSetter,0,0.0,14,0.0,0.0,0,0,0,0,0,0.0,Clean,train
TransformedAttrs,0,0.0,2,0.0,0.0,0,0,0,0,0,0.0,Clean,train
AutoDetect,0,0.0,5,2.0,1.0,0,0,0,0,0,0.0,Clean,train
NGClass,0,0.0,2,0.0,0.0,0,0,0,0,0,0.0,Clean,train
NGFrozen,0,0.0,2,0.0,0.0,0,0,0,0,0,0.0,Clean,train
MatchArgs,0,0.0,3,0.0,0.0,0,0,0,0,0,0.0,Clean,train
Hashable,0,0.0,2,0.0,0.0,0,0,0,0,0,0.0,Clean,train
LRI,1,0.6571428571428571,236,8.80952380952381,2.0952380952380953,0,3,7,1,1,1.0,Clean,train
LRU,0,0.0,47,13.0,3.0,1,0,1,0,0,0.0,Clean,train
_HashedKey,0,0.6666666666666666,15,2.3333333333333335,1.0,0,1,4,0,0,0.0,Clean,train
CachedFunction,0,0.0,36,10.0,3.3333333333333335,0,2,0,0,0,0.0,Clean,train
CachedMethod,0,0.0,54,11.75,3.75,0,2,0,1,1,1.0,Data Class,train
cachedproperty,0,0.0,24,4.0,1.3333333333333333,0,2,0,0,0,0.0,Clean,test
ThresholdCounter,0,0.7543859649122807,173,5.7894736842105265,1.8421052631578947,0,2,2,1,1,1.0,God Class,train
MinIDMap,0,0.14285714285714285,52,4.375,1.25,0,1,1,0,0,0.0,Clean,train
RLock,0,1.0,7,2.0,1.0,0,1,0,0,0,0.0,Clean,train
DeprecatableModule,0,1.0,17,7.5,2.0,0,0,0,0,0,0.0,Clean,test
OrderedMultiDict,0,0.9727272727272728,565,9.911111111111111,2.422222222222222,0,4,23,11,6,0.2727,God Class,train
FastIterOrderedMultiDict,0,0.2857142857142857,96,12.142857142857142,3.4285714285714284,1,2,6,2,1,1.0,Clean,test
OneToOne,0,0.7272727272727273,143,9.272727272727273,2.4545454545454546,0,4,16,4,2,0.5,God Class,train
ManyToMany,0,0.24166666666666667,118,5.8125,2.6875,0,3,9,5,3,0.4,Clean,train
FrozenHashError,0,0.0,2,0.0,0.0,0,1,0,0,0,0.0,Clean,test
FrozenDict,1,0.9523809523809523,62,4.857142857142857,1.4285714285714286,0,1,9,0,0,0.0,Clean,train
ExceptionCauseMixin,0,0.8,112,14.5,4.333333333333333,0,0,3,8,3,0.625,Clean,train
_TBItem,0,0.0,5,4.0,1.0,0,1,1,0,0,0.0,Clean,train
_DeferredLine,0,0.7142857142857143,36,4.142857142857143,1.4285714285714286,0,2,0,4,3,0.5,Clean,train
MathError,0,0.0,2,0.0,0.0,1,0,0,0,0,0.0,Clean,train
FilePerms,0,0.8,139,8.2,1.2,0,0,0,1,1,1.0,Clean,train
AtomicSaver,0,0.1,155,19.6,4.8,0,0,3,3,2,0.6667,Clean,train
DummyFile,0,0.45,77,3.6875,1.625,0,1,0,0,0,0.0,Clean,train
_FilePermProperty,0,0.3333333333333333,41,8.25,2.25,0,0,0,1,1,1.0,Clean,test
BaseFormatField,0,0.6666666666666666,61,6.285714285714286,1.8571428571428572,0,0,0,1,1,1.0,Clean,test
DeferredValue,0,0.9642857142857143,74,4.75,1.5,0,0,0,1,1,1.0,Clean,train
InstancePartial,0,1.0,27,2.3333333333333335,1.0,0,0,0,0,0,0.0,Clean,train
CachedInstancePartial,0,0.6666666666666666,40,6.25,1.5,0,0,0,0,0,0.0,Clean,test
FunctionBuilder,2,0.5818181818181818,337,21.545454545454547,4.363636363636363,0,0,2,11,9,0.1818,Long Method,train
MissingArgument,0,0.0,2,0.0,0.0,0,1,0,0,0,0.0,Clean,train
ExistingArgument,0,0.0,2,0.0,0.0,0,1,0,0,0,0.0,Clean,train
GCToggler,0,0.6666666666666666,30,2.6666666666666665,1.3333333333333333,0,0,0,0,0,0.0,Clean,train
SpooledIOBase,0,0.9324324324324325,218,4.162162162162162,1.4054054054054055,0,3,14,2,1,1.0,God Class,train
SpooledBytesIO,0,0.3333333333333333,84,5.5,1.6,1,3,22,2,1,1.0,Clean,train
SpooledStringIO,0,0.3939393939393939,142,9.166666666666666,2.0833333333333335,1,3,23,4,3,0.5,Clean,train
MultiFileReader,0,0.0,63,14.666666666666666,4.666666666666667,0,3,9,2,1,1.0,Clean,train
PathAccessError,0,0.0,18,3.3333333333333335,1.0,0,0,0,0,0,0.0,Clean,train
GUIDerator,0,0.6666666666666666,50,6.0,2.0,0,1,1,0,0,0.0,Clean,train
SequentialGUIDerator,0,0.0,39,4.5,1.5,1,1,1,0,0,0.0,Clean,train
_Wrapper,0,0.0,15,5.5,2.5,0,0,0,1,1,1.0,Clean,test
JSONLIterator,0,0.5333333333333333,106,12.5,3.3333333333333335,0,0,0,4,2,0.75,Clean,train
BarrelList,0,0.36666666666666664,271,8.2,2.92,0,1,0,9,5,0.3333,Clean,train
SplayList,0,1.0,15,3.5,1.5,0,0,2,0,0,0.0,Clean,train
Bits,0,0.6631578947368421,126,4.3,2.1,0,0,0,4,2,0.5,Clean,train
mbox_readonlydir,0,0.0,107,40.0,6.0,0,0,0,4,1,1.0,Long Method,test
BasePriorityQueue,0,0.5277777777777778,99,8.0,2.0,0,1,4,2,1,1.0,Clean,train
HeapPriorityQueue,0,1.0,13,2.0,1.0,1,1,0,0,0,0.0,Clean,test
SortedPriorityQueue,0,1.0,14,2.0,1.0,1,1,1,0,0,0.0,Clean,train
IndexedSet,0,0.7884828349944629,403,7.116279069767442,2.6511627906976742,0,1,10,6,3,0.5,God Class,train
_ComplementSet,0,0.35555555555555557,385,9.333333333333334,3.5555555555555554,0,1,14,6,3,0.3333,Clean,train
BufferedSocket,4,0.5015384615384615,496,15.73076923076923,2.730769230769231,0,5,6,3,2,0.6667,Long Method,train
Error,0,0.0,9,0.0,0.0,0,0,0,0,0,0.0,Clean,train
ConnectionClosed,0,0.0,9,0.0,0.0,1,1,0,0,0,0.0,Clean,train
MessageTooLong,0,0.0,13,7.0,3.0,1,4,5,0,0,0.0,Clean,train
Timeout,0,0.0,13,7.0,3.0,0,4,5,0,0,0.0,Clean,train
NetstringSocket,4,0.47619047619047616,59,6.571428571428571,1.8571428571428572,0,5,9,0,0,0.0,Clean,test
NetstringProtocolError,0,0.0,3,0.0,0.0,1,1,0,0,0,0.0,Clean,train
NetstringInvalidSize,0,0.0,14,2.0,1.0,2,4,5,0,0,0.0,Clean,train
NetstringMessageTooLong,0,0.0,12,4.0,1.0,2,4,5,0,0,0.0,Clean,train
RLock,0,1.0,7,2.0,1.0,0,1,0,0,0,0.0,Clean,train
_StatsProperty,0,0.0,20,9.0,3.0,0,0,0,3,2,0.6667,Clean,train
Stats,0,0.6231527093596059,589,18.137931034482758,2.5172413793103448,0,0,0,3,2,0.6667,Long Method,train
DeaccenterDict,0,0.0,17,15.0,4.0,0,0,0,1,1,1.0,Clean,test
HTMLTextExtractor,0,0.0,25,4.0,1.6,0,0,1,1,1,1.0,Clean,train
MultiReplace,0,0.0,103,14.666666666666666,2.6666666666666665,0,1,0,2,2,0.5,Clean,train
UnsupportedData,0,0.0,2,0.0,0.0,0,1,0,0,0,0.0,Clean,train
InputType,0,1.0,6,2.0,1.0,0,1,5,0,0,0.0,Clean,train
DictInputType,0,1.0,12,2.0,1.0,1,2,0,3,2,0.6667,Clean,train
ObjectInputType,0,1.0,27,8.0,3.0,1,2,0,0,0,0.0,Clean,train
ListInputType,0,1.0,12,2.0,1.0,1,2,0,0,0,0.0,Clean,train
TupleInputType,0,1.0,12,2.0,1.0,1,2,0,0,0,0.0,Clean,train
NamedTupleInputType,0,1.0,12,2.0,1.25,1,2,0,1,1,1.0,Clean,train
Table,4,0.575,380,19.1875,5.0,0,0,24,15,12,0.2,Long Method,train
Callpoint,1,0.9047619047619048,94,9.571428571428571,1.7142857142857142,0,3,7,7,2,0.5714,Clean,train
_DeferredLine,0,0.8,54,5.5,1.5,0,2,0,3,2,0.6667,Clean,train
TracebackInfo,0,0.6444444444444445,128,9.5,2.0,0,3,10,4,3,0.5,Clean,train
ExceptionInfo,0,0.5238095238095238,86,7.142857142857143,1.2857142857142858,0,3,6,0,0,0.0,Clean,test
ContextualCallpoint,0,0.6666666666666666,101,14.166666666666666,2.3333333333333335,1,3,12,6,5,0.3333,Clean,train
ContextualTracebackInfo,0,0.0,7,0.0,0.0,1,0,0,0,0,0.0,Clean,train
ContextualExceptionInfo,0,0.0,10,0.0,0.0,1,0,0,0,0,0.0,Clean,train
ParsedException,0,0.3333333333333333,156,23.166666666666668,4.833333333333333,0,4,0,10,8,0.2,Long Method,train
ConstantTZInfo,0,0.4666666666666667,29,2.3333333333333335,1.0,0,1,0,1,1,1.0,Clean,train
LocalTZInfo,0,0.9,41,3.4,1.4,0,1,0,8,2,0.875,Clean,train
USTimeZone,0,0.7,53,8.6,2.4,0,0,2,5,3,0.6,Clean,train
classproperty,0,1.0,11,2.0,1.0,0,0,0,0,0,0.0,Clean,train
Sentinel,0,0.9,22,2.6,1.2,0,0,0,0,0,0.0,Clean,train
URLParseError,0,0.0,5,0.0,0.0,0,1,0,0,0,0.0,Clean,test
cachedproperty,0,0.0,23,3.6666666666666665,1.3333333333333333,0,1,0,0,0,0.0,Clean,train
URL,1,0.7666666666666667,393,20.666666666666668,5.0,0,1,5,23,6,0.3913,God Class,train
OrderedMultiDict,0,0.9746300211416491,557,9.977272727272727,2.4545454545454546,0,2,2,11,6,0.2727,God Class,train
QueryParamDict,0,1.0,45,11.5,2.0,1,1,1,0,0,0.0,Clean,train
_sockaddr,0,0.0,6,0.0,0.0,0,0,0,0,0,0.0,Clean,train
AutoTableRenderer,0,0.6666666666666666,40,10.666666666666666,1.6666666666666667,0,1,0,4,3,0.5,Clean,train
BasicRender,1,0.75,76,7.125,3.0,0,0,1,2,1,1.0,Clean,train
ValidationError,0,0.4909090909090909,102,7.545454545454546,1.4545454545454546,0,0,0,6,5,0.3333,Clean,train
ErrorList,0,0.0,12,6.0,2.0,0,2,0,2,2,0.5,Clean,test
ErrorTreeNode,1,0.5769230769230769,71,4.153846153846154,1.6153846153846154,0,2,5,6,3,0.5,Clean,train
ErrorTree,1,0.8333333333333334,53,11.0,2.25,1,2,5,1,1,1.0,Clean,test
DocumentErrorTree,0,0.0,7,0.0,0.0,2,0,0,0,0,0.0,Clean,train
SchemaErrorTree,0,0.0,7,0.0,0.0,2,0,0,0,0,0.0,Clean,test
BaseErrorHandler,0,1.0,70,7.375,1.125,0,3,3,0,0,0.0,Clean,test
ToyErrorHandler,0,1.0,6,2.0,1.0,1,1,0,0,0,0.0,Clean,train
BasicErrorHandler,0,0.9238095238095239,188,8.466666666666667,2.6666666666666665,1,3,2,19,5,0.5789,God Class,train
SchemaErrorHandler,0,0.0,3,0.0,0.0,2,0,0,0,0,0.0,Clean,train
_Abort,0,0.0,2,0.0,0.0,0,0,0,0,0,0.0,Clean,train
SchemaError,0,0.0,6,0.0,0.0,0,1,0,0,0,0.0,Clean,train
DefinitionSchema,2,0.6157894736842106,250,11.15,2.9,0,5,7,12,10,0.1667,Long Method,train
UnvalidatedSchema,0,0.6666666666666666,13,3.3333333333333335,1.3333333333333333,1,2,1,0,0,0.0,Clean,test
SchemaValidationSchema,0,0.0,7,6.0,1.0,2,2,0,1,1,1.0,Clean,train
SchemaValidatorMixin,0,0.717948717948718,158,10.461538461538462,2.923076923076923,0,0,9,4,4,0.25,God Class,train
Registry,0,0.2857142857142857,67,7.428571428571429,1.2857142857142858,0,2,4,0,0,0.0,Clean,train
SchemaRegistry,0,0.0,4,2.0,1.0,1,1,1,1,1,1.0,Clean,train
RulesSetRegistry,0,0.0,4,2.0,1.0,1,1,1,1,1,1.0,Clean,train
readonly_classproperty,0,1.0,9,2.0,1.0,0,0,0,0,0,0.0,Clean,train
DocumentError,0,0.0,4,0.0,0.0,0,1,0,0,0,0.0,Clean,train
_SchemaRuleTypeError,0,0.0,7,0.0,0.0,0,0,0,0,0,0.0,Clean,test
BareValidator,1,0.8776529338327091,1520,15.246913580246913,3.740740740740741,0,1,2,82,31,0.5244,God Class,test
InspectedValidator,0,1.0,88,27.666666666666668,5.666666666666667,0,1,1,5,4,0.4,Data Class,test
Config,0,0.0,25,4.75,1.5,0,0,0,5,1,1.0,Clean,train
AliasedGroup,0,1.0,37,15.5,3.0,0,0,0,6,5,0.3333,Feature Envy,train
Environment,0,0.6666666666666666,15,4.0,1.6666666666666667,0,0,0,0,0,0.0,Clean,train
ComplexCLI,0,1.0,15,6.5,3.0,0,0,0,3,2,0.6667,Clean,train
Repo,0,0.3333333333333333,13,3.3333333333333335,1.3333333333333333,0,0,0,0,0,0.0,Clean,train
URL,0,0.0,13,10.0,3.0,0,0,0,3,2,0.6667,Clean,test
ParameterSource,0,0.0,37,0.0,0.0,0,0,0,0,0,0.0,Clean,train
Context,0,0.9395161290322581,749,20.285714285714285,2.892857142857143,0,6,15,27,7,0.3704,God Class,test
Command,0,0.9261538461538461,673,23.083333333333332,3.9583333333333335,0,6,26,47,13,0.3404,God Class,train
_FakeSubclassCheck,0,0.0,6,2.0,1.0,0,0,0,0,0,0.0,Clean,train
_BaseCommand,0,0.0,5,0.0,0.0,1,0,0,0,0,0.0,Clean,test
Group,0,0.8888888888888888,461,24.8,4.666666666666667,1,6,25,27,11,0.3333,God Class,train
_MultiCommand,0,0.0,5,0.0,0.0,2,0,0,0,0,0.0,Clean,train
CommandCollection,0,0.0,56,8.75,2.5,2,3,8,2,1,1.0,Clean,test
Parameter,0,0.7532467532467533,669,26.2,4.75,0,6,18,14,4,0.5,God Class,train
Option,0,0.4678362573099415,803,36.31578947368421,9.210526315789474,1,6,20,22,10,0.3636,Long Method,train
Argument,0,0.8333333333333334,113,9.88888888888889,3.111111111111111,1,6,12,4,4,0.25,Clean,train
ClickException,0,0.3333333333333333,31,4.75,1.25,0,8,14,0,0,0.0,Clean,train
UsageError,0,0.0,44,14.5,3.5,1,8,15,0,0,0.0,Clean,train
BadParameter,0,0.0,43,10.5,2.0,2,8,9,0,0,0.0,Clean,train
MissingParameter,0,0.3333333333333333,71,18.333333333333332,6.0,3,8,9,0,0,0.0,Long Method,test
NoSuchOption,0,0.0,34,12.0,2.5,2,8,9,0,0,0.0,Clean,train
NoSuchCommand,0,0.0,34,12.0,2.5,2,8,9,0,0,0.0,Clean,test
BadOptionUsage,0,0.0,17,5.0,1.0,2,8,9,0,0,0.0,Clean,train
BadArgumentUsage,0,0.0,7,0.0,0.0,2,0,0,0,0,0.0,Clean,train
NoArgsIsHelpError,0,1.0,8,2.0,1.0,2,8,15,1,1,1.0,Clean,train
FileError,0,0.0,18,5.5,1.5,1,8,9,0,0,0.0,Clean,train
Abort,0,0.0,2,0.0,0.0,0,0,0,0,0,0.0,Clean,test
Exit,0,0.0,13,2.0,1.0,0,9,0,0,0,0.0,Clean,train
HelpFormatter,0,0.5909090909090909,190,13.333333333333334,2.0833333333333335,0,0,0,1,1,1.0,Clean,train
_Option,0,0.0,56,17.333333333333332,4.333333333333333,0,1,0,2,1,1.0,Clean,train
_Argument,0,0.0,29,13.5,3.0,0,1,0,2,1,1.0,Clean,test
_ParsingState,0,0.0,6,5.0,1.0,0,1,0,0,0,0.0,Clean,train
_OptionParser,3,0.4444444444444444,277,23.1,4.5,0,0,5,15,5,0.4667,Clean,train
CompletionItem,0,0.0,35,6.5,1.0,0,0,0,0,0,0.0,Clean,train
_SourceVarsDict,0,0.0,4,0.0,0.0,0,0,0,0,0,0.0,Clean,train
ShellComplete,0,0.7857142857142857,109,9.0,1.0,0,1,8,1,1,1.0,Clean,train
BashComplete,0,1.0,57,11.75,2.5,1,1,1,4,3,0.5,Clean,train
ZshComplete,0,1.0,34,13.5,2.5,1,1,0,3,1,1.0,Clean,test
FishComplete,0,1.0,35,14.0,3.5,1,1,0,4,2,0.75,Clean,train
PowerShellComplete,0,1.0,32,11.0,2.0,1,1,0,3,1,1.0,Clean,train
ParamTypeInfoDict,0,0.0,3,0.0,0.0,0,0,0,0,0,0.0,Clean,train
ParamType,0,1.0,175,11.875,1.375,0,10,12,1,1,1.0,Clean,train
CompositeParamType,0,0.0,6,1.0,1.0,0,0,0,0,0,0.0,Clean,test
FuncParamType,0,0.6666666666666666,26,6.666666666666667,2.0,0,8,8,0,0,0.0,Clean,test
UnprocessedParamType,0,1.0,10,3.0,1.0,0,2,0,0,0,0.0,Clean,train
StringParamType,0,1.0,23,9.5,3.0,0,2,0,1,1,1.0,Clean,train
Choice,0,0.4666666666666667,174,13.2,2.0,0,8,8,10,7,0.3,Clean,train
DateTimeInfoDict,0,0.0,2,0.0,0.0,1,0,0,0,0,0.0,Clean,test
DateTime,0,0.6,69,6.5,1.8333333333333333,0,8,8,1,1,1.0,Clean,test
_NumberParamTypeBase,0,0.0,18,13.0,2.0,0,2,1,0,0,0.0,Clean,test
_NumberRangeBase,0,0.4,102,14.333333333333334,4.0,0,8,22,0,0,0.0,Long Method,train
IntParamType,0,0.0,6,2.0,1.0,0,0,0,0,0,0.0,Clean,train
IntRange,0,0.0,22,5.0,2.0,1,1,0,0,0,0.0,Clean,test
FloatParamType,0,0.0,6,2.0,1.0,0,0,0,0,0,0.0,Clean,train
FloatRange,0,1.0,41,11.0,3.0,1,1,7,0,0,0.0,Clean,test
BoolParamType,0,1.0,67,9.333333333333334,1.6666666666666667,0,2,1,1,1,1.0,Clean,train
UUIDParameterType,0,1.0,20,8.0,2.0,0,2,1,0,0,0.0,Clean,train
FileInfoDict,0,0.0,3,0.0,0.0,1,0,0,0,0,0.0,Clean,test
File,0,0.4,129,17.2,2.8,0,8,8,5,4,0.4,Clean,train
PathInfoDict,0,0.0,7,0.0,0.0,1,0,0,0,0,0.0,Data Class,train
Path,0,0.3,189,28.0,6.4,0,8,8,1,1,1.0,Long Method,test
TupleInfoDict,0,0.0,2,0.0,0.0,1,0,0,0,0,0.0,Clean,train
Tuple,0,0.0,51,6.2,1.2,0,8,8,2,1,1.0,Clean,train
OptionHelpExtra,0,0.0,5,0.0,0.0,0,0,0,0,0,0.0,Clean,test
FuncParamTypeInfoDict,0,0.0,5,0.0,0.0,1,0,0,0,0,0.0,Clean,train
FuncParamTypeInfoDict,0,0.0,2,0.0,0.0,1,0,0,0,0,0.0,Clean,train
ChoiceInfoDict,0,0.0,3,0.0,0.0,1,0,0,0,0,0.0,Clean,test
ChoiceInfoDict,0,0.0,3,0.0,0.0,1,0,0,0,0,0.0,Clean,train
NumberRangeInfoDict,0,0.0,6,0.0,0.0,1,0,0,0,0,0.0,Data Class,train
NumberRangeInfoDict,0,0.0,6,0.0,0.0,1,0,0,0,0,0.0,Data Class,train
_LazyFile,0,0.6666666666666666,94,7.666666666666667,1.7777777777777777,0,0,0,1,1,1.0,Clean,train
_KeepOpenFile,0,0.6,39,2.8333333333333335,1.0,0,0,0,0,0,0.0,Clean,train
_PacifyFlushWrapper,0,0.0,27,4.0,1.6666666666666667,0,0,0,1,1,1.0,Clean,train
_NonClosingTextIOWrapper,1,0.6666666666666666,24,7.0,1.3333333333333333,0,0,3,0,0,0.0,Clean,train
_FixupStream,0,0.0,67,8.666666666666666,2.6666666666666665,0,1,0,0,0,0.0,Clean,test
_AtomicFile,0,0.6190476190476191,34,3.7142857142857144,1.1428571428571428,0,1,0,0,0,0.0,Clean,train
_BufferedTextPagerStream,0,0.0,2,0.0,0.0,0,0,0,0,0,0.0,Clean,train
ProgressBar,0,0.6900584795321637,330,16.210526315789473,3.736842105263158,0,2,1,0,0,0.0,God Class,train
MaybeStripAnsi,0,0.0,9,3.5,1.5,0,2,2,0,0,0.0,Clean,train
Editor,0,0.8,114,25.5,5.25,0,1,2,4,3,0.5,Clean,train
TextWrapper,0,0.5,151,34.25,9.25,0,0,0,0,0,0.0,Long Method,test
Sentinel,0,0.0,13,2.0,1.0,0,0,0,0,0,0.0,Clean,train
_WindowsConsoleRawIOBase,0,1.0,7,2.5,1.0,0,1,1,0,0,0.0,Clean,train
_WindowsConsoleReader,0,1.0,33,15.5,3.5,1,0,0,1,1,1.0,Clean,test
_WindowsConsoleWriter,0,1.0,30,8.666666666666666,2.3333333333333335,1,1,0,1,1,1.0,Clean,train
ConsoleStream,0,0.6190476190476191,30,3.142857142857143,1.4285714285714286,0,1,2,0,0,0.0,Clean,train
Py_buffer,0,0.0,14,0.0,0.0,0,0,0,0,0,0.0,Clean,train
ExtensionLoaderMixin,0,1.0,45,18.5,2.5,0,1,1,0,0,0.0,Clean,train
StrictEnvironment,0,0.0,13,6.0,1.0,1,1,1,0,0,0.0,Clean,train
CookiecutterException,0,0.0,6,0.0,0.0,0,0,0,0,0,0.0,Clean,train
NonTemplatedInputDirException,0,0.0,7,0.0,0.0,1,0,0,0,0,0.0,Clean,train
UnknownTemplateDirException,0,0.0,7,0.0,0.0,1,0,0,0,0,0.0,Clean,train
MissingProjectDir,0,0.0,7,0.0,0.0,1,0,0,0,0,0.0,Clean,train
ConfigDoesNotExistException,0,0.0,7,0.0,0.0,1,0,0,0,0,0.0,Clean,train
InvalidConfiguration,0,0.0,7,0.0,0.0,1,0,0,0,0,0.0,Clean,train
UnknownRepoType,0,0.0,6,0.0,0.0,1,0,0,0,0,0.0,Clean,train
VCSNotInstalled,0,0.0,6,0.0,0.0,1,0,0,0,0,0.0,Clean,train
ContextDecodingException,0,0.0,6,0.0,0.0,1,0,0,0,0,0.0,Clean,train
OutputDirExistsException,0,0.0,6,0.0,0.0,1,0,0,0,0,0.0,Clean,train
EmptyDirNameException,0,0.0,6,0.0,0.0,1,0,0,0,0,0.0,Clean,train
InvalidModeException,0,0.0,7,0.0,0.0,1,0,0,0,0,0.0,Clean,test
FailedHookException,0,0.0,6,0.0,0.0,1,0,0,0,0,0.0,Clean,train
UndefinedVariableInTemplate,0,0.0,23,7.0,1.0,1,0,0,0,0,0.0,Clean,train
UnknownExtension,0,0.0,6,0.0,0.0,1,0,0,0,0,0.0,Clean,train
RepositoryNotFound,0,0.0,6,0.0,0.0,1,0,0,0,0,0.0,Clean,train
RepositoryCloneFailed,0,0.0,6,0.0,0.0,1,0,0,0,0,0.0,Clean,train
InvalidZipRepository,0,0.0,7,0.0,0.0,1,0,0,0,0,0.0,Clean,train
JsonifyExtension,0,0.0,11,8.0,1.0,0,4,4,1,1,1.0,Clean,train
RandomStringExtension,0,0.0,15,12.0,2.0,0,4,4,1,1,1.0,Clean,train
SlugifyExtension,0,0.0,40,37.0,1.0,0,4,4,1,1,1.0,Clean,train
UUIDExtension,0,0.0,12,9.0,1.0,0,4,4,1,1,1.0,Clean,train
TimeExtension,0,0.8333333333333334,66,14.5,2.5,0,4,4,14,8,0.2857,Clean,train
_patch_import_path_for_repo,0,0.3333333333333333,10,2.3333333333333335,1.3333333333333333,0,0,0,0,0,0.0,Clean,train
YesNoPrompt,0,0.0,14,8.0,3.0,0,0,0,0,0,0.0,Clean,test
JsonPrompt,0,0.0,11,3.0,1.0,0,0,0,0,0,0.0,Clean,train
SimpleFilterExtension,0,0.0,4,3.0,1.0,0,0,0,1,1,1.0,Clean,train
Settings,0,1.0,74,7.0,2.6,0,0,0,4,2,0.5,Clean,train
SettingValidationError,0,0.0,2,0.0,0.0,0,0,0,0,0,0.0,Clean,train
_DateLocaleParser,1,0.6923076923076923,162,10.5,2.7857142857142856,0,1,2,3,3,0.3333,God Class,test
DateData,0,1.0,27,4.5,1.5,0,2,0,0,0,0.0,Clean,train
DateDataParser,1,0.5238095238095238,269,29.857142857142858,6.428571428571429,0,1,2,3,2,0.6667,Long Method,train
DateParser,0,0.0,43,41.0,13.0,0,0,0,6,4,0.5,Feature Envy,train
FreshnessDateDataParser,0,1.0,166,22.428571428571427,6.0,0,0,0,24,12,0.25,Long Method,train
_time_parser,0,0.0,21,9.0,3.0,0,0,0,1,1,1.0,Clean,test
_no_spaces_parser,1,1.0,123,21.0,5.0,0,1,3,6,6,0.1667,Long Method,test
_parser,1,0.46153846153846156,490,35.76923076923077,9.615384615384615,0,1,3,24,13,0.2083,Long Method,test
tokenizer,0,0.9,45,7.4,2.4,0,2,0,0,0,0.0,Clean,train
StaticTzInfo,0,0.6190476190476191,24,2.4285714285714284,1.1428571428571428,0,0,0,2,1,1.0,Clean,train
HijriCalendar,0,0.0,2,0.0,0.0,0,0,0,0,0,0.0,Clean,test
hijri,0,1.0,15,3.0,1.0,0,0,0,3,2,0.6667,Clean,train
HijriDate,0,0.0,11,4.5,2.5,0,0,0,1,1,1.0,Clean,train
hijri_parser,0,1.0,25,5.5,2.5,0,0,0,1,1,1.0,Clean,train
JalaliCalendar,0,0.0,4,0.0,0.0,0,0,0,0,0,0.0,Clean,train
PersianDate,0,0.0,11,4.5,2.5,0,0,0,1,1,1.0,Clean,train
jalali_parser,0,1.0,158,11.166666666666666,1.8333333333333333,0,0,0,2,2,0.5,Clean,train
CalendarBase,0,0.0,19,4.0,1.5,0,0,1,0,0,0.0,Clean,train
non_gregorian_parser,0,0.9545454545454546,116,7.083333333333333,3.25,0,1,0,5,4,0.4,Clean,train
_Factory,0,0.0,2,0.0,0.0,0,0,0,0,0,0.0,Clean,train
UnknownTokenError,0,0.0,2,0.0,0.0,0,0,0,0,0,0.0,Clean,test
Dictionary,0,0.7315789473684211,334,14.7,3.35,0,1,0,16,13,0.1875,God Class,test
NormalizedDictionary,0,1.0,20,9.0,3.5,1,0,1,0,0,0.0,Clean,test
LocaleDataLoader,0,1.0,183,43.5,4.75,0,0,0,3,3,0.3333,Long Method,train
Locale,0,0.8738738738738738,712,17.513513513513512,4.486486486486487,0,0,0,29,19,0.1034,God Class,train
LanguageValidator,0,1.0,462,28.214285714285715,5.571428571428571,0,0,0,6,5,0.3333,God Class,train
BaseLanguageDetector,0,0.6666666666666666,23,6.0,2.3333333333333335,0,2,0,2,2,0.5,Clean,train
AutoDetectLanguage,0,0.0,25,11.0,2.5,1,1,3,0,0,0.0,Clean,train
ExactLanguages,0,1.0,11,4.0,1.5,1,1,4,0,0,0.0,Clean,test
_NgramDateSearch,0,0.6666666666666666,58,14.666666666666666,2.6666666666666665,0,0,0,5,5,0.2,Clean,train
_ExactLanguageSearch,0,0.9333333333333333,177,16.6,4.1,0,1,0,10,6,0.3,Long Method,train
DateSearchWithDetection,1,0.8,162,29.8,5.2,0,0,2,2,1,1.0,Long Method,test
FullTextLanguageDetector,0,0.0,84,19.75,5.25,0,0,0,6,4,0.5,Clean,train
FastTextModelNotFoundException,0,0.0,2,0.0,0.0,0,0,0,0,0,0.0,Clean,train
EnhancedFuzzedDataProvider,0,1.0,75,8.125,2.375,0,0,0,6,2,0.8333,Feature Envy,test
MPTTModelAdmin,0,1.0,83,16.5,3.5,0,0,0,11,7,0.2727,Clean,train
DraggableMPTTAdmin,0,0.75,195,21.25,2.25,1,0,0,17,13,0.1176,Clean,train
TreeRelatedFieldListFilter,0,0.2,123,18.6,3.8,0,0,0,8,6,0.375,Clean,train
MpttConfig,0,0.0,3,0.0,0.0,0,0,0,0,0,0.0,Clean,train
InvalidMove,0,0.0,6,0.0,0.0,0,0,0,0,0,0.0,Clean,test
CantDisableUpdates,0,0.0,5,0.0,0.0,0,0,0,0,0,0.0,Clean,train
TreeForeignKey,0,0.0,15,6.0,1.0,0,2,2,1,1,1.0,Clean,train
TreeOneToOneField,0,0.0,4,3.0,1.0,0,2,2,1,1,1.0,Clean,train
TreeManyToManyField,0,0.0,4,3.0,1.0,0,2,2,1,1,1.0,Clean,train
TreeNodeChoiceFieldMixin,0,0.6666666666666666,27,5.75,1.25,0,3,3,6,4,0.3333,Clean,train
TreeNodeChoiceField,0,0.0,2,0.0,0.0,1,0,0,0,0,0.0,Clean,train
TreeNodeMultipleChoiceField,0,0.0,4,0.0,0.0,1,0,0,0,0,0.0,Clean,train
TreeNodePositionField,0,0.0,19,4.0,2.0,0,3,3,0,0,0.0,Clean,train
MoveNodeForm,0,0.0,80,34.5,3.0,0,3,3,6,3,0.5,Clean,train
MPTTAdminForm,0,0.0,32,12.5,5.0,0,3,3,6,6,0.1667,Clean,train
SQCount,0,0.0,3,0.0,0.0,0,1,0,0,0,0.0,Clean,train
TreeManager,1,0.7331118493909191,1322,29.232558139534884,3.4186046511627906,0,0,1,43,21,0.1628,God Class,train
_classproperty,0,0.6666666666666666,12,3.0,1.3333333333333333,0,2,0,0,0,0.0,Clean,test
classpropertytype,0,0.0,10,9.0,2.0,0,1,3,0,0,0.0,Clean,train
MPTTOptions,0,0.8571428571428571,185,23.0,4.428571428571429,0,3,1,18,8,0.2778,Clean,train
MPTTModelBase,1,1.0,172,82.5,19.5,0,0,1,25,10,0.28,Long Method,train
MPTTModel,0,0.6008064516129032,775,22.1875,4.09375,0,2,7,33,14,0.3333,Long Method,train
Meta,0,0.0,2,0.0,0.0,0,0,0,0,0,0.0,Clean,train
MPTTMeta,0,0.0,2,0.0,0.0,0,0,0,0,0,0.0,Clean,train
TreeQuerySet,0,0.8333333333333334,33,5.5,1.0,0,0,0,3,3,0.3333,Clean,train
AlreadyRegistered,0,0.0,2,0.0,0.0,0,0,0,0,0,0.0,Clean,train
FullTreeForModelNode,0,0.0,13,5.5,1.5,0,1,0,3,3,0.3333,Clean,train
DrilldownTreeForNodeNode,0,0.0,44,21.0,2.5,0,1,0,4,3,0.5,Clean,train
RecurseTreeNode,0,0.3333333333333333,21,6.0,1.3333333333333333,0,0,2,3,2,0.6667,Clean,train
BuildNPM,0,0.0,5,4.0,1.0,0,0,0,0,0,0.0,Clean,train
ChangesOwnerName,0,1.0,22,3.6666666666666665,1.3333333333333333,0,0,0,3,3,0.3333,Clean,train
Meta,0,0.0,3,0.0,0.0,0,0,0,0,0,0.0,Clean,train
I18nSitemap,0,0.6666666666666666,17,3.3333333333333335,1.0,0,0,1,1,1,1.0,Clean,train
StaticSitemap,0,1.0,7,2.0,1.0,1,1,0,0,0,0.0,Clean,train
ProductSitemap,0,0.0,4,2.0,1.0,1,0,0,1,1,1.0,Clean,train
CategorySitemap,0,0.0,4,2.0,1.0,1,0,0,1,1,1.0,Clean,train
Profile,0,0.0,13,0.0,0.0,0,0,0,0,0,0.0,Clean,train
ExtendedUserModel,0,0.0,2,0.0,0.0,0,0,0,0,0,0.0,Clean,train
CustomUserManager,0,1.0,12,4.5,1.0,0,0,0,3,2,0.6667,Clean,train
CustomUserModel,0,1.0,16,2.0,1.0,0,0,0,0,0,0.0,Data Class,train
ExtendedOscarUserModel,0,0.0,2,0.0,0.0,0,0,0,0,0,0.0,Clean,test
Shop,0,0.0,79,37.5,1.0,0,0,0,7,4,0.5714,Clean,test
AbstractAddress,0,0.9904761904761905,414,8.4,2.2,0,1,1,6,5,0.3333,God Class,test
AbstractCountry,0,1.0,64,5.666666666666667,1.3333333333333333,0,0,0,0,0,0.0,Clean,test
AbstractShippingAddress,0,0.0,40,5.0,1.0,1,0,0,0,0,0.0,Clean,train
AbstractUserAddress,0,0.6666666666666666,88,10.0,2.3333333333333335,2,1,2,3,2,0.6667,Clean,train
AbstractBillingAddress,0,0.0,14,5.0,1.0,1,0,0,0,0,0.0,Clean,train
AbstractPartnerAddress,0,0.0,18,0.0,0.0,1,0,0,0,0,0.0,Clean,train
Meta,0,0.0,4,0.0,0.0,0,0,0,0,0,0.0,Clean,test
Meta,0,0.0,9,0.0,0.0,0,0,0,0,0,0.0,Clean,train
Meta,0,0.0,6,0.0,0.0,0,0,0,0,0,0.0,Clean,train
Meta,0,0.0,7,0.0,0.0,0,0,0,0,0,0.0,Data Class,train
Meta,0,0.0,6,0.0,0.0,0,0,0,0,0,0.0,Clean,train
Meta,0,0.0,5,0.0,0.0,0,0,0,0,0,0.0,Clean,train
UserAddressAdmin,0,0.0,18,0.0,0.0,0,0,0,0,0,0.0,Clean,train
CountryAdmin,0,0.0,4,0.0,0.0,0,0,0,0,0,0.0,Clean,train
AddressConfig,0,0.0,4,0.0,0.0,0,0,0,0,0,0.0,Clean,train
AbstractAddressForm,0,0.0,9,8.0,2.0,0,1,1,1,1,1.0,Clean,train
UserAddressForm,0,0.0,20,3.0,1.0,0,1,1,0,0,0.0,Clean,train
Meta,0,0.0,15,0.0,0.0,0,0,0,0,0,0.0,Clean,test
UserAddress,0,0.0,2,0.0,0.0,0,0,0,0,0,0.0,Clean,train
Country,0,0.0,2,0.0,0.0,0,0,0,0,0,0.0,Clean,train
Migration,0,0.0,63,0.0,0.0,0,0,0,0,0,0.0,Clean,train
Migration,0,0.0,18,0.0,0.0,0,0,0,0,0,0.0,Clean,train
Migration,0,0.0,23,0.0,0.0,0,0,0,0,0,0.0,Clean,train
Migration,0,0.0,18,0.0,0.0,0,0,0,0,0,0.0,Clean,train
Migration,0,0.0,9,0.0,0.0,0,0,0,0,0,0.0,Clean,train
Migration,0,0.0,13,0.0,0.0,0,0,0,0,0,0.0,Clean,train
Migration,0,0.0,15,0.0,0.0,0,0,0,0,0,0.0,Clean,train
AbstractProductRecord,0,0.0,34,2.0,1.0,0,0,0,0,0,0.0,Clean,test
AbstractUserRecord,0,0.0,31,0.0,0.0,0,0,0,0,0,0.0,Data Class,train
AbstractUserProductView,0,0.0,21,5.0,1.0,0,0,0,0,0,0.0,Clean,test
AbstractUserSearch,0,0.0,19,5.0,1.0,0,0,0,0,0,0.0,Clean,train
Meta,0,0.0,6,0.0,0.0,0,0,0,0,0,0.0,Clean,train
Meta,0,0.0,5,0.0,0.0,0,0,0,0,0,0.0,Clean,test
Meta,0,0.0,6,0.0,0.0,0,0,0,0,0,0.0,Clean,train
Meta,0,0.0,6,0.0,0.0,0,0,0,0,0,0.0,Clean,train
ProductRecordAdmin,0,0.0,4,0.0,0.0,0,0,0,0,0,0.0,Clean,train
UserProductViewAdmin,0,0.0,4,0.0,0.0,0,0,0,0,0,0.0,Clean,train
UserRecordAdmin,0,0.0,11,0.0,0.0,0,0,0,0,0,0.0,Clean,train
UserSearchAdmin,0,0.0,3,0.0,0.0,0,0,0,0,0,0.0,Clean,train
AnalyticsConfig,0,0.0,8,2.0,1.0,0,0,0,0,0,0.0,Clean,train
ProductRecord,0,0.0,2,0.0,0.0,0,0,0,0,0,0.0,Clean,train
UserRecord,0,0.0,2,0.0,0.0,0,0,0,0,0,0.0,Data Class,train
UserProductView,0,0.0,2,0.0,0.0,0,0,0,0,0,0.0,Clean,test
UserSearch,0,0.0,2,0.0,0.0,0,0,0,0,0,0.0,Clean,train
ProductReportCSVFormatter,0,0.0,16,13.0,2.0,0,0,0,5,2,0.8,Clean,train
ProductReportHTMLFormatter,0,0.0,2,0.0,0.0,0,0,0,0,0,0.0,Clean,train
ProductReportGenerator,0,1.0,15,2.0,1.0,0,0,0,1,1,1.0,Clean,train
UserReportCSVFormatter,0,0.0,33,30.0,2.0,0,0,0,9,2,0.8889,Feature Envy,train
UserReportHTMLFormatter,0,0.0,2,0.0,0.0,0,0,0,0,0,0.0,Clean,train
UserReportGenerator,0,0.0,12,2.0,1.0,0,0,0,1,1,1.0,Clean,train
Calculator,0,0.6666666666666666,15,3.0,1.0,0,0,0,1,1,1.0,Clean,train
Migration,0,0.0,74,0.0,0.0,0,0,0,0,0,0.0,Clean,test
Migration,0,0.0,29,0.0,0.0,0,0,0,0,0,0.0,Clean,train
Migration,0,0.0,16,0.0,0.0,0,0,0,0,0,0.0,Clean,train
AbstractBasket,0,0.9149659863945578,629,9.326530612244898,1.9387755102040816,0,1,2,28,9,0.4643,God Class,train
AbstractLine,0,0.6890756302521008,412,7.636363636363637,1.9090909090909092,0,1,2,4,3,0.5,God Class,train
AbstractLineAttribute,0,0.0,21,0.0,0.0,0,0,0,0,0,0.0,Clean,train
Meta,0,0.0,5,0.0,0.0,0,0,0,0,0,0.0,Clean,train
Meta,0,0.0,8,0.0,0.0,0,0,0,0,0,0.0,Data Class,train
Meta,0,0.0,5,0.0,0.0,0,0,0,0,0,0.0,Clean,test
LineInline,0,0.0,10,0.0,0.0,0,0,0,0,0,0.0,Clean,test
LineAdmin,0,0.0,27,0.0,0.0,0,0,0,0,0,0.0,Clean,test
BasketAdmin,0,0.0,14,0.0,0.0,0,0,0,0,0,0.0,Clean,train
LineAttributeAdmin,0,0.0,9,0.0,0.0,0,0,0,0,0,0.0,Clean,train
BasketConfig,0,0.0,28,9.5,1.0,0,0,0,0,0,0.0,Clean,train
BasketLineForm,0,0.26666666666666666,70,8.666666666666666,2.6666666666666665,0,4,4,2,2,0.5,Clean,train
SavedLineForm,0,0.0,33,11.5,2.5,0,4,5,3,3,0.3333,Clean,train
BasketVoucherForm,0,1.0,8,2.0,1.0,0,4,4,0,0,0.0,Clean,train
AddToBasketForm,0,0.5277777777777778,169,15.444444444444445,2.888888888888889,0,4,4,17,8,0.2353,Clean,train
SimpleAddToBasketMixin,0,0.0,6,5.0,2.0,0,4,4,1,1,1.0,Clean,train
SimpleAddToBasketForm,0,0.0,11,0.0,0.0,1,0,0,0,0,0.0,Clean,train
Meta,0,0.0,3,0.0,0.0,0,0,0,0,0,0.0,Clean,train
Meta,0,0.0,3,0.0,0.0,0,0,0,0,0,0.0,Clean,train
BaseBasketLineFormSet,0,0.9,32,5.2,1.8,0,1,2,3,2,0.6667,Clean,test
BaseSavedLineFormSet,0,0.0,10,4.0,1.0,0,1,2,0,0,0.0,Clean,train
OpenBasketManager,0,0.0,10,2.0,1.0,0,1,2,0,0,0.0,Clean,train
SavedBasketManager,0,0.0,13,2.0,1.0,0,1,2,0,0,0.0,Clean,train
BasketMiddleware,0,1.0,218,20.4,3.3,0,0,0,30,11,0.2333,Long Method,train
InvalidBasketLineError,0,0.0,2,0.0,0.0,0,0,0,0,0,0.0,Clean,train
Basket,0,0.0,2,0.0,0.0,0,0,0,0,0,0.0,Clean,train
Line,0,0.0,2,0.0,0.0,0,0,0,0,0,0.0,Clean,train
LineAttribute,0,0.0,2,0.0,0.0,0,0,0,0,0,0.0,Clean,train
OpenBasketReportCSVFormatter,0,1.0,44,20.0,2.0,0,0,0,8,2,0.875,Feature Envy,train
OpenBasketReportHTMLFormatter,0,0.0,2,0.0,0.0,0,0,0,0,0,0.0,Clean,train
OpenBasketReportGenerator,0,0.0,18,3.0,1.0,0,0,0,0,0,0.0,Clean,train
SubmittedBasketReportCSVFormatter,0,1.0,30,13.0,1.5,0,0,0,8,2,0.875,Feature Envy,train
SubmittedBasketReportHTMLFormatter,0,0.0,2,0.0,0.0,0,0,0,0,0,0.0,Clean,test
SubmittedBasketReportGenerator,0,0.0,18,3.0,1.0,0,0,0,0,0,0.0,Clean,train
BasketMessageGenerator,0,1.0,60,8.333333333333334,1.5,0,0,0,6,2,0.6667,Clean,train
LineOfferConsumer,0,0.6428571428571429,127,12.875,3.0,0,1,0,11,3,0.4545,Long Method,train
LineDiscountRegistry,0,0.0,40,4.285714285714286,1.4285714285714286,1,0,2,2,1,1.0,Clean,train
BasketView,0,0.37142857142857144,282,17.2,2.933333333333333,0,1,8,32,10,0.1875,Long Method,train
BasketAddView,0,0.4666666666666667,79,10.333333333333334,1.5,0,2,4,11,6,0.3636,Clean,train
VoucherAddView,0,0.5,79,17.75,3.5,0,4,1,8,3,0.5,Clean,train
VoucherRemoveView,0,0.0,23,18.0,3.0,0,1,2,4,3,0.5,Clean,train
SavedView,0,0.3333333333333333,64,8.666666666666666,1.6666666666666667,0,4,5,9,6,0.2222,Clean,test
Migration,0,0.0,55,0.0,0.0,0,0,0,0,0,0.0,Clean,train
Migration,0,0.0,45,0.0,0.0,0,0,0,0,0,0.0,Clean,train
Migration,0,0.0,15,0.0,0.0,0,0,0,0,0,0.0,Clean,train
Migration,0,0.0,13,0.0,0.0,0,0,0,0,0,0.0,Clean,train
Migration,0,0.0,13,0.0,0.0,0,0,0,0,0,0.0,Clean,train
Migration,0,0.0,12,0.0,0.0,0,0,0,0,0,0.0,Clean,train
Migration,0,0.0,13,0.0,0.0,0,0,0,0,0,0.0,Clean,train
Migration,0,0.0,13,0.0,0.0,0,0,0,0,0,0.0,Clean,test
Migration,0,0.0,13,0.0,0.0,0,0,0,0,0,0.0,Clean,test
Migration,0,0.0,13,0.0,0.0,0,0,0,0,0,0.0,Clean,train
Migration,0,0.0,13,0.0,0.0,0,0,0,0,0,0.0,Clean,train
Migration,0,0.0,13,0.0,0.0,0,0,0,0,0,0.0,Clean,train
ReverseStartsWith,0,1.0,29,3.5,1.5,0,0,0,0,0,0.0,Clean,train
AbstractProductClass,0,1.0,43,2.0,1.5,0,0,0,0,0,0.0,Clean,train
AbstractCategory,0,0.9803921568627451,218,7.166666666666667,1.5,0,3,2,8,5,0.375,God Class,train
AbstractProductCategory,0,0.0,22,2.0,1.0,0,0,0,0,0,0.0,Clean,train
AbstractProduct,1,0.9031746031746032,562,8.805555555555555,2.5,0,4,4,8,7,0.25,God Class,train
AbstractProductRecommendation,0,0.0,33,0.0,0.0,0,0,0,0,0,0.0,Clean,test
AbstractProductAttribute,0,0.932806324110672,243,5.565217391304348,2.5217391304347827,0,1,4,9,5,0.3333,God Class,train
AbstractProductAttributeValue,0,0.819047619047619,168,4.733333333333333,1.4,0,2,0,1,1,1.0,God Class,train
AbstractAttributeOptionGroup,0,1.0,30,2.5,1.0,0,0,0,1,1,1.0,Clean,train
AbstractAttributeOption,0,0.0,30,2.0,1.0,0,0,0,0,0,0.0,Clean,test
AbstractOption,0,0.6071428571428571,131,4.875,2.0,0,0,2,1,1,1.0,Clean,train
MissingProductImage,0,0.0,50,19.0,4.5,0,1,0,2,1,1.0,Clean,train
AbstractProductImage,0,0.6666666666666666,62,5.333333333333333,1.3333333333333333,0,1,2,2,1,1.0,Clean,test
AbstractProductCategoryHierarchy,0,0.0,14,0.0,0.0,0,0,0,0,0,0.0,Clean,test
Meta,0,0.0,6,0.0,0.0,0,0,0,0,0,0.0,Clean,train
Meta,0,0.0,6,0.0,0.0,0,0,0,0,0,0.0,Clean,test
Meta,0,0.0,7,0.0,0.0,0,0,0,0,0,0.0,Data Class,test
Meta,0,0.0,6,0.0,0.0,0,0,0,0,0,0.0,Clean,test
Meta,0,0.0,7,0.0,0.0,0,0,0,0,0,0.0,Data Class,train
Meta,0,0.0,7,0.0,0.0,0,0,0,0,0,0.0,Data Class,train
Meta,0,0.0,6,0.0,0.0,0,0,0,0,0,0.0,Clean,train
Meta,0,0.0,5,0.0,0.0,0,0,0,0,0,0.0,Clean,train
Meta,0,0.0,6,0.0,0.0,0,0,0,0,0,0.0,Clean,train
Meta,0,0.0,6,0.0,0.0,0,0,0,0,0,0.0,Clean,test
Meta,0,0.0,8,0.0,0.0,0,0,0,0,0,0.0,Clean,train
Meta,0,0.0,9,0.0,0.0,0,0,0,0,0,0.0,Data Class,train
AttributeInline,0,0.0,3,0.0,0.0,0,0,0,0,0,0.0,Clean,train
ProductRecommendationInline,0,0.0,4,0.0,0.0,0,0,0,0,0,0.0,Clean,train
CategoryInline,0,0.0,4,0.0,0.0,0,0,0,0,0,0.0,Clean,train
ProductAttributeInline,0,0.0,3,0.0,0.0,0,0,0,0,0,0.0,Clean,train
ProductClassAdmin,0,0.0,4,0.0,0.0,0,0,0,0,0,0.0,Clean,train
ProductAdmin,0,0.0,21,5.0,1.0,0,0,0,1,1,1.0,Clean,train
ProductAttributeAdmin,0,0.0,5,0.0,0.0,0,0,0,0,0,0.0,Clean,train
OptionAdmin,0,0.0,5,0.0,0.0,0,0,0,0,0,0.0,Clean,train
ProductAttributeValueAdmin,0,0.0,4,0.0,0.0,0,0,0,0,0,0.0,Clean,test
AttributeOptionInline,0,0.0,2,0.0,0.0,0,0,0,0,0,0.0,Clean,test
AttributeOptionGroupAdmin,0,0.0,6,0.0,0.0,0,0,0,0,0,0.0,Clean,train
CategoryAdmin,0,0.0,5,0.0,0.0,0,0,0,0,0,0.0,Clean,train
ProductCategoryAdmin,0,0.0,10,0.0,0.0,0,0,0,0,0,0.0,Clean,train
ProductImageAdmin,0,0.0,4,0.0,0.0,0,0,0,0,0,0.0,Clean,train
CatalogueOnlyConfig,0,0.0,37,14.0,1.0,0,1,2,0,0,0.0,Clean,train
CatalogueReviewsOnlyConfig,0,0.0,22,7.5,1.0,0,1,2,1,1,1.0,Clean,test
CatalogueConfig,0,0.0,4,0.0,0.0,1,0,0,0,0,0.0,Clean,test
ImageImportError,0,0.0,2,0.0,0.0,0,0,0,0,0,0.0,Clean,train
IdenticalImageError,0,0.0,2,0.0,0.0,0,0,0,0,0,0.0,Clean,train
InvalidImageArchive,0,0.0,2,0.0,0.0,0,0,0,0,0,0.0,Clean,train
ExpandUpwardsCategoryQueryset,0,0.0,5,2.0,1.0,0,0,0,0,0,0.0,Clean,train
ExpandDownwardsCategoryQueryset,0,0.0,5,2.0,1.0,0,0,0,0,0,0.0,Clean,train
AttributeFilter,0,1.0,60,9.6,2.8,0,1,0,5,5,0.2,Clean,train
ProductQuerySet,1,0.9642857142857143,169,20.125,1.375,0,1,4,8,7,0.25,Long Method,train
CategoryQuerySet,0,1.0,23,10.5,2.0,0,1,1,1,1,1.0,Clean,train
CategoryManager,0,0.0,4,3.0,1.0,0,0,0,0,0,0.0,Clean,test
ProductClass,0,0.0,2,0.0,0.0,0,0,0,0,0,0.0,Clean,test
Category,0,0.0,2,0.0,0.0,0,0,0,0,0,0.0,Clean,train
ProductCategory,0,0.0,2,0.0,0.0,0,0,0,0,0,0.0,Clean,train
Product,0,0.0,2,0.0,0.0,0,0,0,0,0,0.0,Clean,train
ProductRecommendation,0,0.0,2,0.0,0.0,0,0,0,0,0,0.0,Clean,test
ProductAttribute,0,0.0,2,0.0,0.0,0,0,0,0,0,0.0,Clean,test
ProductAttributeValue,0,0.0,2,0.0,0.0,0,0,0,0,0,0.0,Clean,train
AttributeOptionGroup,0,0.0,2,0.0,0.0,0,0,0,0,0,0.0,Clean,train
AttributeOption,0,0.0,2,0.0,0.0,0,0,0,0,0,0.0,Clean,train
Option,0,0.0,2,0.0,0.0,0,0,0,0,0,0.0,Clean,train
ProductImage,0,0.0,2,0.0,0.0,0,0,0,0,0,0.0,Clean,train
ProductCategoryHierarchy,0,0.0,2,0.0,0.0,0,0,0,0,0,0.0,Clean,test
QuerysetCache,0,0.3333333333333333,25,7.333333333333333,2.3333333333333335,0,2,0,2,2,0.5,Clean,test
AttributesQuerysetCache,1,0.5,24,4.5,1.25,0,1,1,1,1,1.0,Clean,train
ProductAttributesContainer,1,0.7786561264822134,268,9.130434782608695,2.5217391304347827,0,0,3,22,8,0.3182,God Class,train
Importer,0,0.7142857142857143,128,16.857142857142858,3.857142857142857,0,0,0,15,8,0.2,Clean,train
ProductDetailView,0,0.7222222222222222,106,9.333333333333334,2.4444444444444446,0,0,0,9,4,0.4444,Clean,train
Migration,0,0.0,266,0.0,0.0,0,0,0,0,0,0.0,Clean,train
Migration,0,0.0,16,0.0,0.0,0,0,0,0,0,0.0,Clean,train
Migration,0,0.0,9,0.0,0.0,0,0,0,0,0,0.0,Clean,train
Migration,0,0.0,14,0.0,0.0,0,0,0,0,0,0.0,Clean,test
Migration,0,0.0,13,0.0,0.0,0,0,0,0,0,0.0,Clean,train
Migration,0,0.0,14,0.0,0.0,0,0,0,0,0,0.0,Clean,train
Migration,0,0.0,12,0.0,0.0,0,0,0,0,0,0.0,Clean,train
Migration,0,0.0,13,0.0,0.0,0,0,0,0,0,0.0,Clean,train
Migration,0,0.0,13,0.0,0.0,0,0,0,0,0,0.0,Clean,train
Migration,0,0.0,23,0.0,0.0,0,0,0,0,0,0.0,Clean,train
Migration,0,0.0,12,0.0,0.0,0,0,0,0,0,0.0,Clean,train
Migration,0,0.0,18,0.0,0.0,0,0,0,0,0,0.0,Clean,train
Migration,0,0.0,13,0.0,0.0,0,0,0,0,0,0.0,Clean,train
Migration,0,0.0,23,0.0,0.0,0,0,0,0,0,0.0,Clean,train
Migration,0,0.0,13,0.0,0.0,0,0,0,0,0,0.0,Clean,train
Migration,0,0.0,33,0.0,0.0,0,0,0,0,0,0.0,Clean,train
Migration,0,0.0,23,0.0,0.0,0,0,0,0,0,0.0,Clean,test
Migration,0,0.0,23,0.0,0.0,0,0,0,0,0,0.0,Clean,train
Migration,0,0.0,19,0.0,0.0,0,0,0,0,0,0.0,Clean,train
Migration,0,0.0,22,0.0,0.0,0,0,0,0,0,0.0,Clean,test
Migration,0,0.0,28,0.0,0.0,0,0,0,0,0,0.0,Clean,test
Migration,0,0.0,13,0.0,0.0,0,0,0,0,0,0.0,Clean,test
Migration,0,0.0,13,0.0,0.0,0,0,0,0,0,0.0,Clean,train
Migration,0,0.0,9,0.0,0.0,0,0,0,0,0,0.0,Clean,train
Migration,0,0.0,12,0.0,0.0,0,0,0,0,0,0.0,Clean,train
Migration,0,0.0,32,0.0,0.0,0,0,0,0,0,0.0,Clean,test
Migration,0,0.0,35,0.0,0.0,0,0,0,0,0,0.0,Clean,train
Migration,0,0.0,19,0.0,0.0,0,0,0,0,0,0.0,Clean,train
Migration,0,0.0,18,0.0,0.0,0,0,0,0,0,0.0,Clean,train
Migration,0,0.0,10,0.0,0.0,0,0,0,0,0,0.0,Clean,train
Migration,0,0.0,28,0.0,0.0,0,0,0,0,0,0.0,Clean,train
Migration,0,0.0,23,0.0,0.0,0,0,0,0,0,0.0,Clean,train
AbstractProductReview,0,0.8382352941176471,177,4.176470588235294,1.588235294117647,0,1,1,4,3,0.5,God Class,train
AbstractVote,0,0.0,42,4.333333333333333,2.3333333333333335,0,1,2,0,0,0.0,Clean,test
Meta,0,0.0,7,0.0,0.0,0,0,0,0,0,0.0,Data Class,test
Meta,0,0.0,7,0.0,0.0,0,0,0,0,0,0.0,Data Class,train
ProductReviewAdmin,0,0.0,22,0.0,0.0,0,0,0,0,0,0.0,Clean,train
VoteAdmin,0,0.0,2,0.0,0.0,0,0,0,0,0,0.0,Clean,train
CatalogueReviewsConfig,0,0.0,26,8.5,1.0,0,0,0,0,0,0.0,Clean,train
ProductReviewForm,0,0.0,15,7.0,3.0,0,1,1,1,1,1.0,Clean,test
VoteForm,0,0.6666666666666666,17,2.6666666666666665,1.0,0,1,1,2,1,1.0,Clean,train
SortReviewsForm,0,0.0,14,0.0,0.0,0,0,0,0,0,0.0,Clean,train
Meta,0,0.0,3,0.0,0.0,0,0,0,0,0,0.0,Clean,train
Meta,0,0.0,3,0.0,0.0,0,0,0,0,0,0.0,Clean,train
ProductReviewQuerySet,0,0.0,5,2.0,1.0,0,0,0,0,0,0.0,Clean,test
ProductReview,0,0.0,2,0.0,0.0,0,0,0,0,0,0.0,Clean,train
Vote,0,0.0,2,0.0,0.0,0,0,0,0,0,0.0,Clean,train
CreateProductReview,0,0.4,51,6.5,1.3333333333333333,0,2,2,3,2,0.6667,Clean,test
ProductReviewDetail,0,0.0,11,6.0,1.0,0,2,2,0,0,0.0,Clean,train
AddVoteView,0,0.0,26,18.0,6.0,0,0,0,11,5,0.3636,Feature Envy,test
ProductReviewList,0,0.0,28,8.0,2.5,0,2,2,2,2,0.5,Clean,train
Migration,0,0.0,59,0.0,0.0,0,0,0,0,0,0.0,Clean,train
Migration,0,0.0,13,0.0,0.0,0,0,0,0,0,0.0,Clean,train
Migration,0,0.0,13,0.0,0.0,0,0,0,0,0,0.0,Clean,test
Migration,0,0.0,13,0.0,0.0,0,0,0,0,0,0.0,Clean,train
Migration,0,0.0,15,0.0,0.0,0,0,0,0,0,0.0,Clean,train
SurchargeList,0,0.0,4,2.0,1.0,0,1,0,1,1,1.0,Clean,train
SurchargePrice,0,0.0,7,3.0,1.0,0,1,0,0,0,0.0,Clean,test
SurchargeApplicator,2,1.0,38,8.0,1.25,0,0,2,1,1,1.0,Clean,test
CheckoutConfig,0,0.6666666666666666,74,21.333333333333332,1.6666666666666667,0,0,0,2,2,0.5,Clean,train
OrderTotalCalculator,0,1.0,27,10.5,3.0,0,0,0,9,4,0.4444,Feature Envy,train
FailedPreCondition,0,0.0,9,8.0,3.0,0,0,0,0,0,0.0,Clean,train
PassedSkipCondition,0,0.0,8,2.0,1.0,0,0,0,0,0,0.0,Clean,train
ShippingAddressForm,0,1.0,31,6.5,1.5,0,1,1,1,1,1.0,Clean,train
ShippingMethodForm,0,0.0,7,4.0,1.0,0,1,1,3,2,0.6667,Clean,train
GatewayForm,0,0.0,53,8.0,2.75,0,0,0,2,2,0.5,Clean,train
Meta,0,0.0,15,0.0,0.0,0,0,0,0,0,0.0,Clean,test
OrderPlacementMixin,0,0.9714285714285714,345,13.904761904761905,1.9523809523809523,0,0,0,33,19,0.1212,God Class,train
CheckoutSessionMixin,0,0.7842105263157895,406,17.75,3.0,0,0,0,26,20,0.1154,God Class,train
BaseSurcharge,0,0.0,12,2.0,1.0,0,0,0,0,0,0.0,Clean,train
PercentageCharge,0,0.0,27,11.0,2.0,1,0,0,8,4,0.5,Feature Envy,test
FlatCharge,0,0.0,12,3.5,1.0,1,0,0,2,2,0.5,Clean,train
CheckoutSessionData,0,0.9576612903225806,250,5.40625,1.375,0,0,0,5,4,0.4,God Class,train
IndexView,0,0.8333333333333334,66,13.0,2.25,0,5,10,7,4,0.5714,Clean,train
ShippingAddressView,0,0.4,80,10.2,2.2,0,3,13,8,6,0.25,Clean,test
UserAddressUpdateView,0,0.0,20,3.0,1.0,0,5,4,1,1,1.0,Clean,train
UserAddressDeleteView,0,0.0,14,2.5,1.0,0,5,2,1,1,1.0,Clean,train
ShippingMethodView,0,0.7142857142857143,104,9.375,1.5,0,6,14,4,3,0.5,Clean,test
PaymentMethodView,0,1.0,29,3.0,1.0,0,6,4,0,0,0.0,Clean,train
PaymentDetailsView,0,0.6444444444444445,322,26.4,2.5,0,2,7,14,8,0.2857,Long Method,train
ThankYouView,0,1.0,46,12.0,3.6666666666666665,0,4,2,2,2,0.5,Clean,train
AbstractEmail,0,0.0,36,11.0,2.0,0,0,0,0,0,0.0,Data Class,train
AbstractCommunicationEventType,0,0.8333333333333334,141,12.5,2.5,0,0,0,1,1,1.0,Clean,test
AbstractNotification,0,1.0,38,2.3333333333333335,1.0,0,0,0,0,0,0.0,Clean,train
Meta,0,0.0,6,0.0,0.0,0,0,0,0,0,0.0,Clean,train
Meta,0,0.0,6,0.0,0.0,0,0,0,0,0,0.0,Clean,train
Meta,0,0.0,6,0.0,0.0,0,0,0,0,0,0.0,Clean,train
EmailAdmin,0,0.0,4,0.0,0.0,0,0,0,0,0,0.0,Clean,train
CommunicationConfig,0,0.0,4,0.0,0.0,0,0,0,0,0,0.0,Clean,train
CommunicationTypeManager,0,0.0,14,13.0,2.0,0,0,0,1,1,1.0,Clean,train
Email,0,0.0,2,0.0,0.0,0,0,0,0,0,0.0,Data Class,train
CommunicationEventType,0,0.0,2,0.0,0.0,0,0,0,0,0,0.0,Clean,train
Notification,0,0.0,2,0.0,0.0,0,0,0,0,0,0.0,Clean,train
Dispatcher,0,0.9615384615384616,172,11.923076923076923,2.6923076923076925,0,0,0,15,8,0.3333,God Class,test
Migration,0,0.0,78,0.0,0.0,0,0,0,0,0,0.0,Clean,train
Migration,0,0.0,25,0.0,0.0,0,0,0,0,0,0.0,Clean,train
Migration,0,0.0,17,0.0,0.0,0,0,0,0,0,0.0,Clean,train
Migration,0,0.0,21,0.0,0.0,0,0,0,0,0,0.0,Clean,train
NotificationListView,0,0.0,12,4.0,1.0,0,0,0,0,0,0.0,Clean,test
InboxView,0,0.0,7,4.0,1.0,1,0,0,0,0,0.0,Clean,train
ArchiveView,0,0.0,7,4.0,1.0,1,0,0,0,0,0.0,Clean,train
DetailView,0,1.0,20,4.0,1.3333333333333333,0,0,0,2,1,1.0,Clean,test
UpdateView,0,0.8333333333333334,33,6.0,1.5,0,0,0,3,2,0.6667,Clean,train
UserManager,0,0.0,31,14.5,1.5,0,0,2,8,4,0.5,Feature Envy,train
AbstractUser,0,0.7333333333333333,77,6.166666666666667,1.0,0,2,1,4,3,0.5,Clean,test
AbstractProductAlert,0,0.5641025641025641,131,3.769230769230769,1.7692307692307692,0,2,1,1,1,1.0,Clean,train
Meta,0,0.0,4,0.0,0.0,0,0,0,0,0,0.0,Clean,train
Meta,0,0.0,6,0.0,0.0,0,0,0,0,0,0.0,Clean,train
ProductAlertAdmin,0,0.0,5,0.0,0.0,0,0,0,0,0,0.0,Clean,train
CustomerConfig,0,0.0,302,146.5,1.0,0,0,0,1,1,1.0,Long Method,train
EmailBackend,0,1.0,46,18.5,4.5,0,0,0,3,2,0.6667,Clean,train
PasswordResetForm,0,1.0,24,9.0,2.0,0,3,0,2,1,1.0,Clean,train
EmailAuthenticationForm,0,0.0,18,3.5,2.0,0,5,5,0,0,0.0,Clean,train
ConfirmPasswordForm,0,0.0,18,4.0,1.5,0,5,5,1,1,1.0,Clean,train
EmailUserCreationForm,0,0.26666666666666666,65,8.333333333333334,2.5,0,5,8,9,6,0.3333,Clean,train
OrderSearchForm,0,0.5,86,17.5,4.75,0,0,1,1,1,1.0,Clean,train
UserForm,0,0.0,28,11.0,2.0,0,5,5,1,1,1.0,Clean,train
ProductAlertForm,0,0.0,73,20.0,4.0,0,6,8,11,5,0.3636,Clean,train
AnonymousOrderForm,0,0.0,2,0.0,0.0,0,0,0,0,0,0.0,Clean,train
Meta,0,0.0,3,0.0,0.0,0,0,0,0,0,0.0,Clean,train
Meta,0,0.0,3,0.0,0.0,0,0,0,0,0,0.0,Clean,train
UserAndProfileForm,0,0.3333333333333333,66,19.333333333333332,3.0,0,5,8,8,6,0.25,Clean,test
Meta,0,0.0,3,0.0,0.0,0,0,0,0,0,0.0,Clean,train
Meta,0,0.0,4,0.0,0.0,0,0,0,0,0,0.0,Clean,train
CustomerHistoryManager,0,0.8333333333333334,66,12.25,2.5,0,0,0,8,5,0.375,Clean,train
PageTitleMixin,0,1.0,20,3.5,1.0,0,0,0,1,1,1.0,Clean,train
RegisterUserMixin,0,0.0,48,23.0,2.5,0,0,0,10,6,0.2,Clean,test
AnonymousOrderMixin,0,0.8333333333333334,21,3.5,1.75,0,0,0,4,2,0.5,Clean,train
ProductAlert,0,0.0,2,0.0,0.0,0,0,0,0,0,0.0,Clean,test
CustomerDispatcher,0,0.0,37,4.4,1.0,0,0,0,0,0,0.0,Clean,train
AccountSummaryView,0,0.0,14,0.0,0.0,0,0,0,0,0,0.0,Clean,train
AccountRegistrationView,0,0.9,30,4.2,1.2,0,12,14,3,3,0.3333,Clean,train
AccountAuthView,0,0.8717948717948718,146,8.923076923076923,2.1538461538461537,0,9,9,9,6,0.3333,God Class,train
LogoutView,0,0.0,12,8.0,2.0,0,7,4,2,2,0.5,Clean,train
ProfileView,0,1.0,46,13.0,3.0,0,5,10,6,6,0.1667,Clean,train
ProfileUpdateView,0,0.0,45,12.0,2.3333333333333335,0,6,14,6,4,0.3333,Clean,train
ProfileDeleteView,0,0.0,19,5.5,1.0,0,6,9,1,1,1.0,Clean,train
ChangePasswordView,0,0.0,29,6.666666666666667,1.0,0,6,9,2,2,0.5,Clean,train
EmailHistoryView,0,0.0,13,6.0,1.0,0,1,0,1,1,1.0,Clean,train
EmailDetailView,0,1.0,15,3.5,1.0,0,2,0,0,0,0.0,Clean,train
OrderHistoryView,0,0.0,51,12.0,3.6666666666666665,0,9,13,5,4,0.4,Clean,train
OrderDetailView,0,0.9,83,15.0,2.6,0,3,1,12,5,0.3333,Clean,train
OrderLineView,0,0.6666666666666666,43,12.666666666666666,2.3333333333333335,0,3,6,10,5,0.4,Clean,train
AnonymousOrderFormView,0,1.0,16,5.5,1.5,0,6,7,2,1,1.0,Clean,test
AnonymousOrderDetailView,0,0.0,12,8.0,2.0,0,0,3,0,0,0.0,Clean,train
AddressListView,0,0.0,12,3.0,1.0,0,1,0,1,1,1.0,Clean,train
AddressCreateView,0,0.6666666666666666,21,3.6666666666666665,1.0,0,9,13,1,1,1.0,Clean,train
AddressUpdateView,0,0.5,24,3.25,1.0,0,9,13,1,1,1.0,Clean,test
AddressDeleteView,0,0.0,14,2.5,1.0,0,6,3,2,2,0.5,Clean,train
AddressChangeStatusView,0,0.0,21,13.0,3.0,0,7,4,3,2,0.6667,Clean,train
AlertsDispatcher,0,0.6428571428571429,132,14.375,3.0,0,0,0,19,13,0.2105,Long Method,train
ProductAlertListView,0,0.0,12,5.0,1.0,0,0,0,1,1,1.0,Clean,train
ProductAlertCreateView,0,0.6,45,5.0,1.3333333333333333,0,2,0,4,4,0.25,Clean,train
ProductAlertConfirmView,0,0.0,17,4.0,1.3333333333333333,0,1,3,2,1,1.0,Clean,train
ProductAlertCancelView,0,0.0,33,6.333333333333333,2.3333333333333335,0,1,3,3,2,0.6667,Clean,train
Migration,0,0.0,89,0.0,0.0,0,0,0,0,0,0.0,Clean,train
Migration,0,0.0,14,0.0,0.0,0,0,0,0,0,0.0,Clean,train
Migration,0,0.0,13,0.0,0.0,0,0,0,0,0,0.0,Clean,train
Migration,0,0.0,18,0.0,0.0,0,0,0,0,0,0.0,Clean,train
Migration,0,0.0,13,0.0,0.0,0,0,0,0,0,0.0,Clean,train
Migration,0,0.0,35,0.0,0.0,0,0,0,0,0,0.0,Clean,train
Migration,0,0.0,17,0.0,0.0,0,0,0,0,0,0.0,Clean,train
Migration,0,0.0,18,0.0,0.0,0,0,0,0,0,0.0,Clean,train
WishListListView,0,0.0,11,6.0,1.0,0,0,0,0,0,0.0,Clean,test
WishListDetailView,0,0.3333333333333333,48,5.0,1.5,0,6,8,6,4,0.5,Clean,train
WishListCreateUpdateViewMixin,0,1.0,59,25.0,5.5,0,0,10,14,8,0.2143,Clean,train
WishListCreateView,0,0.3333333333333333,55,9.25,2.0,1,6,10,5,4,0.4,Clean,train
WishListCreateWithProductView,0,0.0,22,17.0,2.0,0,0,0,5,4,0.4,Clean,train
WishListUpdateView,0,0.6,39,4.5,1.1666666666666667,1,4,7,1,1,1.0,Clean,train
WishListDeleteView,0,0.3333333333333333,18,3.6666666666666665,1.0,0,2,0,1,1,1.0,Clean,train
WishListAddProduct,0,0.9,44,6.0,1.6,0,4,3,3,3,0.3333,Clean,train
LineMixin,0,0.0,33,20.0,3.0,0,2,0,1,1,1.0,Clean,train
WishListRemoveProduct,0,0.6666666666666666,38,7.75,1.75,1,4,6,1,1,1.0,Clean,train
WishListMoveProductToAnotherWishList,0,1.0,30,14.0,1.5,1,4,4,5,3,0.4,Clean,test
DashboardConfig,0,0.6666666666666666,59,16.333333333333332,1.0,0,0,0,4,3,0.5,Clean,train
Node,0,0.2857142857142857,56,6.142857142857143,1.5714285714285714,0,0,0,2,2,0.5,Clean,train
DashboardPermission,0,0.0,25,15.0,3.0,0,0,0,0,0,0.0,Clean,train
DashboardTable,0,0.0,15,8.0,2.0,0,0,0,0,0,0.0,Clean,train
Meta,0,0.0,3,0.0,0.0,0,0,0,0,0,0.0,Clean,train
IndexView,0,0.9,156,28.6,3.6,0,2,2,32,20,0.125,Long Method,train
PopUpWindowMixin,0,0.6666666666666666,15,3.3333333333333335,1.3333333333333333,0,0,0,2,2,0.5,Clean,train
PopUpWindowCreateUpdateMixin,0,1.0,22,5.666666666666667,1.3333333333333333,1,2,2,1,1,1.0,Clean,train
PopUpWindowCreateMixin,0,0.0,20,19.0,2.0,2,0,0,2,1,1.0,Clean,test
PopUpWindowUpdateMixin,0,0.0,25,24.0,2.0,2,0,0,3,2,0.6667,Clean,train
PopUpWindowDeleteMixin,0,0.6666666666666666,43,13.333333333333334,1.6666666666666667,1,2,2,1,1,1.0,Clean,test
LoginView,0,0.0,8,3.0,2.0,0,0,0,0,0,0.0,Clean,train
RelatedFieldWidgetWrapper,0,0.2222222222222222,93,7.777777777777778,1.0,0,0,0,11,4,0.2727,Clean,train
RelatedMultipleFieldWidgetWrapper,0,0.0,2,0.0,0.0,1,0,0,0,0,0.0,Clean,train
CatalogueDashboardConfig,0,0.6666666666666666,327,105.0,1.0,0,0,0,2,1,1.0,Long Method,train
BaseSetPublicStatusAction,0,0.0,18,14.0,3.0,0,0,0,2,2,0.5,Clean,test
MakePublicAction,0,0.0,3,0.0,0.0,1,0,0,0,0,0.0,Clean,train
MakeNonPublicAction,0,0.0,3,0.0,0.0,1,0,0,0,0,0.0,Clean,train
ProductIntermediateAction,0,1.0,12,2.0,1.0,0,0,0,0,0,0.0,Clean,train
BaseSetProductsPublicStatusAction,0,0.0,23,19.0,3.0,1,0,0,5,4,0.4,Clean,train
MakeProductsPublicAction,0,0.0,3,0.0,0.0,2,0,0,0,0,0.0,Clean,train
MakeProductsNonPublicAction,0,0.0,3,0.0,0.0,2,0,0,0,0,0.0,Clean,train
SetProductPriceAction,0,1.0,82,36.5,5.0,1,0,0,10,8,0.2,Long Method,train
SEOFormMixin,0,1.0,15,3.3333333333333335,1.3333333333333333,0,0,0,2,1,1.0,Clean,train
CategoryForm,0,0.0,8,7.0,2.0,1,8,8,0,0,0.0,Clean,train
ProductClassSelectForm,0,0.0,19,8.0,3.0,0,8,8,1,1,1.0,Clean,test
ProductSearchForm,0,0.0,3,0.0,0.0,0,0,0,0,0,0.0,Clean,train
StockRecordForm,0,0.0,31,19.0,7.0,0,8,8,1,1,1.0,Clean,train
ProductForm,0,0.8095238095238095,128,12.428571428571429,3.142857142857143,1,8,8,9,7,0.2222,Clean,test
StockAlertSearchForm,0,0.0,2,0.0,0.0,0,0,0,0,0,0.0,Clean,train
ProductCategoryForm,0,0.0,4,0.0,0.0,0,0,0,0,0,0.0,Clean,train
ProductImageForm,0,0.0,23,5.0,1.5,0,8,8,1,1,1.0,Clean,train
ProductRecommendationForm,0,0.0,7,0.0,0.0,0,0,0,0,0,0.0,Clean,train
ProductClassForm,0,0.0,12,7.0,1.0,0,8,8,0,0,0.0,Clean,train
ProductAttributesForm,0,0.6666666666666666,37,10.0,2.3333333333333335,0,8,8,2,1,1.0,Clean,train
AttributeOptionGroupForm,0,0.0,4,0.0,0.0,0,0,0,0,0,0.0,Clean,train
AttributeOptionForm,0,0.0,4,0.0,0.0,0,0,0,0,0,0.0,Clean,train
OptionForm,0,0.0,4,0.0,0.0,0,0,0,0,0,0.0,Clean,train
CategorySearchForm,0,0.0,2,0.0,0.0,0,0,0,0,0,0.0,Clean,train
ProductBulkActionForm,0,1.0,37,7.5,3.5,0,8,10,1,1,1.0,Clean,test
SetProductPriceForm,0,1.0,98,23.666666666666668,5.0,1,8,10,14,8,0.3571,Clean,train
Meta,0,0.0,10,0.0,0.0,0,0,0,0,0,0.0,Clean,train
Meta,0,0.0,17,0.0,0.0,0,0,0,0,0,0.0,Clean,test
Meta,0,0.0,3,0.0,0.0,0,0,0,0,0,0.0,Clean,train
Meta,0,0.0,10,0.0,0.0,0,0,0,0,0,0.0,Clean,train
Meta,0,0.0,6,0.0,0.0,0,0,0,0,0,0.0,Clean,train
Meta,0,0.0,3,0.0,0.0,0,0,0,0,0,0.0,Clean,train
Meta,0,0.0,3,0.0,0.0,0,0,0,0,0,0.0,Clean,train
Meta,0,0.0,3,0.0,0.0,0,0,0,0,0,0.0,Clean,train
Meta,0,0.0,3,0.0,0.0,0,0,0,0,0,0.0,Clean,train
Meta,0,0.0,3,0.0,0.0,0,0,0,0,0,0.0,Clean,train
StockRecordFormSet,0,0.0,63,14.75,3.5,0,3,3,9,6,0.3333,Clean,train
ProductCategoryFormSet,0,1.0,25,7.0,3.6666666666666665,0,3,3,2,2,0.5,Clean,train
ProductImageFormSet,0,0.0,4,2.0,1.0,0,3,3,0,0,0.0,Clean,test
ProductRecommendationFormSet,0,0.0,4,2.0,1.0,0,3,3,0,0,0.0,Clean,train
PartnerProductFilterMixin,0,0.0,13,12.0,2.0,0,0,0,2,2,0.5,Clean,train
ProductBulkActionMixin,0,1.0,20,2.6666666666666665,1.0,0,1,1,0,0,0.0,Clean,train
CategoryBulkActionMixin,0,0.0,12,4.0,1.0,0,1,1,0,0,0.0,Clean,test
ProductTable,0,0.0,57,0.0,0.0,0,0,0,0,0,0.0,Clean,train
CategoryTable,0,0.0,39,7.0,2.0,0,0,0,2,1,1.0,Clean,train
AttributeOptionGroupTable,0,0.0,25,0.0,0.0,0,0,0,0,0,0.0,Clean,train
OptionTable,0,0.0,20,0.0,0.0,0,0,0,0,0,0.0,Clean,train
Meta,0,0.0,18,0.0,0.0,0,0,0,0,0,0.0,Clean,train
Meta,0,0.0,5,0.0,0.0,0,0,0,0,0,0.0,Clean,train
Meta,0,0.0,5,0.0,0.0,0,0,0,0,0,0.0,Clean,train
Meta,0,0.0,5,0.0,0.0,0,0,0,0,0,0.0,Clean,train
ProductListView,0,0.8,100,13.333333333333334,2.1666666666666665,0,17,22,11,9,0.1818,Clean,test
ProductBulkActionConfirmView,0,0.9230769230769231,231,16.153846153846153,2.6153846153846154,0,17,18,19,10,0.2105,God Class,train
ProductCreateRedirectView,0,0.6666666666666666,23,5.666666666666667,1.3333333333333333,0,0,0,4,3,0.5,Clean,train
ProductCreateUpdateView,0,0.6,267,14.333333333333334,3.0,0,19,46,15,8,0.1333,Clean,train
ProductDeleteView,0,0.8,78,10.333333333333334,1.6666666666666667,0,17,45,6,3,0.6667,Clean,train
StockAlertListView,0,0.0,23,8.0,2.0,0,17,17,0,0,0.0,Clean,train
CategoryListView,0,0.0,23,7.5,2.0,0,17,17,3,2,0.6667,Clean,train
CategoryDetailListView,0,0.0,18,4.0,1.0,0,17,17,0,0,0.0,Clean,train
CategoryListMixin,0,0.0,9,8.0,2.0,0,8,0,1,1,1.0,Clean,test
CategoryCreateView,0,1.0,20,4.333333333333333,1.3333333333333333,1,17,32,1,1,1.0,Clean,train
CategoryUpdateView,0,0.0,18,6.0,1.5,1,17,32,1,1,1.0,Clean,train
CategoryDeleteView,0,1.0,12,3.5,1.0,1,17,32,1,1,1.0,Clean,train
ProductLookupView,0,1.0,8,2.0,1.0,0,1,0,1,1,1.0,Clean,train
ProductClassCreateUpdateView,0,0.6666666666666666,62,11.25,2.25,0,17,43,5,3,0.4,Clean,train
ProductClassCreateView,0,1.0,12,2.3333333333333335,1.0,1,8,0,1,1,1.0,Clean,train
ProductClassUpdateView,0,1.0,13,2.6666666666666665,1.0,1,8,0,1,1,1.0,Clean,train
ProductClassListView,0,0.0,9,4.0,1.0,0,17,17,0,0,0.0,Clean,train
ProductClassDeleteView,0,0.0,22,8.0,1.5,0,17,17,2,1,1.0,Clean,train
AttributeOptionGroupCreateUpdateView,0,0.6,70,10.2,2.2,0,19,43,7,4,0.4286,Clean,train
AttributeOptionGroupCreateView,0,1.0,15,2.6666666666666665,1.0,0,8,3,0,0,0.0,Clean,train
AttributeOptionGroupUpdateView,0,1.0,18,3.6666666666666665,1.0,0,8,3,0,0,0.0,Clean,train
AttributeOptionGroupListView,0,0.0,10,4.0,1.0,0,17,17,0,0,0.0,Clean,train
AttributeOptionGroupDeleteView,0,0.6666666666666666,41,11.333333333333334,2.0,0,19,19,2,2,0.5,Clean,train
OptionListView,0,0.0,5,0.0,0.0,0,0,0,0,0,0.0,Clean,train
OptionCreateUpdateView,0,1.0,25,5.666666666666667,1.3333333333333333,0,17,39,3,2,0.6667,Clean,train
OptionCreateView,0,1.0,12,2.3333333333333335,1.0,0,8,0,0,0,0.0,Clean,train
OptionUpdateView,0,1.0,13,2.6666666666666665,1.0,0,8,0,0,0,0.0,Clean,test
OptionDeleteView,0,1.0,31,13.0,2.5,0,17,17,1,1,1.0,Clean,train
ProductSelect,0,0.0,8,3.0,1.0,0,0,0,0,0,0.0,Clean,train
ProductSelectMultiple,0,0.0,4,0.0,0.0,0,0,0,0,0,0.0,Clean,train
CommunicationsDashboardConfig,0,0.6666666666666666,37,8.333333333333334,1.0,0,0,0,1,1,1.0,Clean,train
CommunicationEventTypeForm,0,0.5357142857142857,80,5.875,2.125,0,0,0,3,2,0.6667,Clean,test
Meta,0,0.0,10,0.0,0.0,0,0,0,0,0,0.0,Clean,test
ListView,0,0.0,4,0.0,0.0,0,0,0,0,0,0.0,Clean,train
UpdateView,0,0.4,65,10.6,1.8,0,0,0,9,4,0.5556,Feature Envy,train
OffersDashboardConfig,0,0.6666666666666666,98,28.666666666666668,1.0,0,0,0,1,1,1.0,Clean,test
MetaDataForm,0,0.0,19,12.0,5.0,0,0,0,2,2,0.5,Clean,train
RestrictionsForm,0,1.0,63,13.0,5.666666666666667,0,2,6,6,4,0.5,Feature Envy,train
ConditionForm,0,1.0,64,17.666666666666668,4.333333333333333,0,2,6,7,6,0.2857,Clean,train
BenefitForm,0,1.0,63,17.333333333333332,4.0,0,2,6,7,6,0.2857,Clean,train
OfferSearchForm,0,0.0,23,4.0,2.0,0,0,0,1,1,1.0,Clean,train
Meta,0,0.0,3,0.0,0.0,0,0,0,0,0,0.0,Clean,train
Meta,0,0.0,13,0.0,0.0,0,0,0,0,0,0.0,Clean,train
Meta,0,0.0,3,0.0,0.0,0,0,0,0,0,0.0,Clean,train
Meta,0,0.0,3,0.0,0.0,0,0,0,0,0,0.0,Clean,train
OrderDiscountCSVFormatter,0,1.0,19,7.5,1.5,0,0,0,7,4,0.4286,Feature Envy,train
OfferListView,0,0.0,80,36.0,5.0,0,1,1,5,3,0.6,Long Method,train
OfferMetaDataView,0,1.0,12,2.0,1.0,0,0,0,0,0,0.0,Clean,train
OfferBenefitView,0,1.0,14,2.5,1.0,0,0,0,0,0,0.0,Clean,train
OfferConditionView,0,0.0,10,2.0,1.0,0,0,0,0,0,0.0,Clean,train
OfferRestrictionsView,0,1.0,16,2.3333333333333335,1.0,0,0,0,1,1,1.0,Clean,train
OfferDeleteView,0,1.0,20,7.0,1.5,0,1,1,4,2,0.5,Clean,train
OfferDetailView,0,0.2857142857142857,55,5.714285714285714,1.7142857142857142,0,2,3,4,3,0.5,Clean,test
OfferWizardStepView,0,0.5833333333333334,175,9.125,2.3125,0,0,0,27,14,0.2593,Clean,train
OrdersDashboardConfig,0,0.6666666666666666,74,20.666666666666668,1.0,0,0,0,2,1,1.0,Clean,train
OrderStatsForm,0,0.3333333333333333,48,11.333333333333334,4.0,0,0,0,0,0,0.0,Clean,train
OrderSearchForm,0,1.0,64,12.0,3.5,0,2,2,5,3,0.4,Clean,train
OrderNoteForm,0,0.0,9,4.0,1.0,0,2,2,0,0,0.0,Clean,train
ShippingAddressForm,0,0.0,16,0.0,0.0,0,0,0,0,0,0.0,Clean,train
OrderStatusForm,0,0.0,13,4.0,1.0,0,2,2,1,1,1.0,Clean,train
Meta,0,0.0,3,0.0,0.0,0,0,0,0,0,0.0,Clean,train
Meta,0,0.0,15,0.0,0.0,0,0,0,0,0,0.0,Clean,train
OrderStatsView,0,0.9,42,5.8,1.2,0,4,7,7,5,0.4286,Feature Envy,test
OrderListView,0,0.8846153846153846,323,22.153846153846153,4.076923076923077,0,4,6,25,12,0.4,God Class,train
OrderDetailView,0,0.8562091503267973,311,14.5,3.0555555555555554,0,4,9,34,15,0.1765,God Class,train
LineDetailView,0,1.0,21,5.0,1.5,0,4,6,1,1,1.0,Clean,test
ShippingAddressUpdateView,0,0.16666666666666666,39,6.25,1.25,0,4,7,3,3,0.3333,Clean,train
PagesDashboardConfig,0,0.6666666666666666,44,10.666666666666666,1.0,0,0,0,1,1,1.0,Clean,train
PageSearchForm,0,0.0,6,0.0,0.0,0,0,0,0,0,0.0,Clean,train
PageUpdateForm,0,0.0,39,14.0,3.0,0,0,0,1,1,1.0,Clean,train
Meta,0,0.0,3,0.0,0.0,0,0,0,0,0,0.0,Clean,test
PageListView,0,0.0,48,18.0,2.0,0,2,2,1,1,1.0,Clean,train
PageCreateUpdateMixin,0,0.0,20,6.5,1.5,0,1,1,4,4,0.25,Clean,test
PageCreateView,0,1.0,29,13.5,2.0,1,2,3,3,2,0.6667,Clean,test
PageUpdateView,0,0.0,9,4.0,1.0,1,2,2,0,0,0.0,Clean,train
PageDeleteView,0,0.0,7,3.0,1.0,0,1,0,1,1,1.0,Clean,test
PartnersDashboardConfig,0,0.6666666666666666,107,31.666666666666668,1.0,0,0,0,2,2,0.5,Clean,train
PartnerSearchForm,0,0.0,4,0.0,0.0,0,0,0,0,0,0.0,Clean,test
PartnerCreateForm,0,0.0,11,6.0,1.0,0,2,2,0,0,0.0,Clean,train
NewUserForm,0,0.0,31,7.5,1.5,0,2,3,4,2,0.75,Clean,train
ExistingUserForm,0,0.6666666666666666,57,10.0,3.3333333333333335,0,2,3,8,5,0.5,Feature Envy,train
UserEmailForm,0,0.0,3,0.0,0.0,0,0,0,0,0,0.0,Clean,train
PartnerAddressForm,0,0.0,17,0.0,0.0,0,0,0,0,0,0.0,Clean,test
Meta,0,0.0,3,0.0,0.0,0,0,0,0,0,0.0,Clean,test
Meta,0,0.0,6,0.0,0.0,0,0,0,0,0,0.0,Clean,train
Meta,0,0.0,6,0.0,0.0,0,0,0,0,0,0.0,Clean,train
Meta,0,0.0,12,0.0,0.0,0,0,0,0,0,0.0,Clean,train
PartnerListView,0,0.0,34,13.5,2.0,0,5,5,1,1,1.0,Clean,train
PartnerCreateView,0,1.0,16,4.5,1.0,0,5,5,1,1,1.0,Clean,train
PartnerManageView,0,0.0,35,5.5,1.25,0,5,5,2,2,0.5,Clean,test
PartnerDeleteView,0,0.0,9,5.0,1.0,0,0,0,1,1,1.0,Clean,test
PartnerUserCreateView,0,0.5,24,4.0,1.25,0,5,8,2,2,0.5,Clean,test
PartnerUserSelectView,0,0.3333333333333333,28,5.0,1.5,0,7,7,3,3,0.3333,Clean,train
PartnerUserLinkView,0,1.0,38,11.666666666666666,2.3333333333333335,0,3,2,10,4,0.5,Feature Envy,train
PartnerUserUnlinkView,0,1.0,41,19.5,3.5,0,1,2,11,4,0.5455,Feature Envy,train
PartnerUserUpdateView,0,0.3333333333333333,21,5.0,1.6666666666666667,0,5,5,1,1,1.0,Clean,train
RangesDashboardConfig,0,0.6666666666666666,55,14.333333333333334,1.0,0,0,0,1,1,1.0,Clean,train
RangeForm,0,0.0,11,0.0,0.0,0,0,0,0,0,0.0,Clean,test
RangeProductForm,0,0.7333333333333333,82,10.166666666666666,2.1666666666666665,0,0,0,7,7,0.1429,Clean,train
RangeExcludedProductForm,0,0.0,46,41.0,4.0,1,0,0,5,5,0.2,Clean,train
Meta,0,0.0,10,0.0,0.0,0,0,0,0,0,0.0,Clean,test
RangeListView,0,0.0,8,2.0,1.0,0,1,0,0,0,0.0,Clean,train
RangeCreateView,0,1.0,20,7.0,1.5,0,2,2,1,1,1.0,Clean,train
RangeUpdateView,0,0.6666666666666666,27,6.666666666666667,1.6666666666666667,0,2,2,3,3,0.3333,Clean,train
RangeDeleteView,0,0.0,8,3.0,1.0,0,0,0,1,1,1.0,Clean,train
RangeProductListView,0,0.9230769230769231,227,15.384615384615385,2.4615384615384617,0,3,4,28,9,0.1786,God Class,test
RangeReorderView,0,1.0,17,7.0,1.5,0,1,1,5,4,0.4,Clean,train
ReportsDashboardConfig,0,0.6666666666666666,26,4.666666666666667,1.0,0,0,0,1,1,1.0,Clean,test
ReportForm,0,0.0,35,11.0,3.0,0,0,0,1,1,1.0,Clean,train
ReportGenerator,0,0.6190476190476191,82,8.857142857142858,1.7142857142857142,0,1,3,6,5,0.3333,Clean,train
ReportFormatter,0,1.0,17,3.25,1.5,0,2,0,2,1,1.0,Clean,train
ReportCSVFormatter,0,1.0,12,5.0,1.0,1,1,2,0,0,0.0,Clean,train
ReportHTMLFormatter,0,0.0,3,2.0,1.0,1,1,0,0,0,0.0,Clean,train
GeneratorRepository,0,0.0,19,3.5,2.0,0,0,0,1,1,1.0,Clean,train
IndexView,0,1.0,49,20.5,4.0,0,0,0,10,4,0.5,Feature Envy,train
ReviewsDashboardConfig,0,0.6666666666666666,36,8.0,1.0,0,0,0,1,1,1.0,Clean,test
DashboardProductReviewForm,0,0.0,10,0.0,0.0,0,0,0,0,0,0.0,Clean,train
ProductReviewSearchForm,0,0.0,18,6.0,3.0,0,0,0,0,0,0.0,Clean,train
Meta,0,0.0,3,0.0,0.0,0,0,0,0,0,0.0,Clean,train
ReviewListView,0,0.35714285714285715,143,15.25,2.375,0,0,0,5,4,0.4,Clean,train
ReviewUpdateView,0,0.0,8,2.0,1.0,0,0,0,0,0,0.0,Clean,train
ReviewDeleteView,0,0.0,7,2.0,1.0,0,0,0,0,0,0.0,Clean,train
ShippingDashboardConfig,0,0.6666666666666666,98,29.333333333333332,1.0,0,0,0,1,1,1.0,Clean,train
WeightBasedForm,0,0.0,4,0.0,0.0,0,0,0,0,0,0.0,Clean,test
WeightBandForm,0,0.0,8,3.0,1.0,0,0,0,0,0,0.0,Clean,train
Meta,0,0.0,3,0.0,0.0,0,0,0,0,0,0.0,Clean,train
Meta,0,0.0,3,0.0,0.0,0,0,0,0,0,0.0,Clean,train
WeightBasedListView,0,0.0,4,0.0,0.0,0,0,0,0,0,0.0,Clean,train
WeightBasedCreateView,0,0.0,14,9.0,1.0,0,0,0,1,1,1.0,Clean,train
WeightBasedDetailView,0,0.0,28,4.75,1.0,0,2,3,2,2,0.5,Clean,train
WeightBasedUpdateView,0,0.0,15,9.0,1.0,0,0,0,1,1,1.0,Clean,train
WeightBandUpdateView,0,0.0,27,4.25,1.0,0,2,3,2,2,0.5,Clean,test
WeightBandDeleteView,0,0.0,21,4.333333333333333,1.0,0,2,2,2,2,0.5,Clean,train
WeightBasedDeleteView,0,0.0,12,7.0,1.0,0,0,0,1,1,1.0,Clean,train
UsersDashboardConfig,0,0.6666666666666666,75,21.0,1.0,0,0,0,2,2,0.5,Clean,train
UserSearchForm,0,0.0,3,0.0,0.0,0,0,0,0,0,0.0,Clean,train
ProductAlertUpdateForm,0,0.0,16,9.0,2.0,0,0,0,1,1,1.0,Clean,test
ProductAlertSearchForm,0,0.0,8,0.0,0.0,0,0,0,0,0,0.0,Clean,train
Meta,0,0.0,5,0.0,0.0,0,0,0,0,0,0.0,Clean,train
UserTable,0,0.0,35,12.0,2.0,0,0,0,1,1,1.0,Clean,train
Meta,0,0.0,2,0.0,0.0,0,0,0,0,0,0.0,Clean,train
IndexView,0,0.8727272727272727,100,7.0,1.6363636363636365,0,2,2,8,6,0.375,Clean,test
UserDetailView,0,0.0,10,5.0,1.0,0,0,0,0,0,0.0,Clean,train
PasswordResetView,0,0.3333333333333333,22,3.5,1.0,0,1,1,2,2,0.5,Clean,train
ProductAlertListView,0,0.0,53,21.5,3.5,0,1,1,1,1,1.0,Clean,train
ProductAlertUpdateView,0,0.0,9,3.0,1.0,0,0,0,1,1,1.0,Clean,test
ProductAlertDeleteView,0,0.0,8,3.0,1.0,0,0,0,1,1,1.0,Clean,train
VouchersDashboardConfig,0,0.6666666666666666,101,29.666666666666668,1.0,0,0,0,1,1,1.0,Clean,train
VoucherForm,0,0.0,27,2.0,1.0,0,0,0,0,0,0.0,Clean,train
VoucherSearchForm,0,0.0,23,2.0,1.0,0,0,0,0,0,0.0,Clean,train
VoucherSetForm,0,0.0,73,23.0,4.5,0,0,0,16,5,0.4375,Feature Envy,train
VoucherSetSearchForm,0,0.0,5,2.0,1.0,0,0,0,0,0,0.0,Clean,train
Meta,0,0.0,13,0.0,0.0,0,0,0,0,0,0.0,Clean,train
Meta,0,0.0,14,0.0,0.0,0,0,0,0,0,0.0,Clean,train
VoucherListView,0,0.0,79,35.5,6.5,0,7,7,3,2,0.6667,Long Method,train
VoucherCreateView,0,1.0,25,3.75,1.0,0,7,16,4,4,0.25,Clean,train
VoucherStatsView,0,0.0,11,6.0,1.0,0,7,7,2,2,0.5,Clean,train
VoucherUpdateView,0,0.7,35,4.6,1.2,0,7,17,5,4,0.4,Clean,test
VoucherDeleteView,0,0.6666666666666666,24,5.333333333333333,1.6666666666666667,0,2,0,2,2,0.5,Clean,train
VoucherSetCreateView,0,1.0,18,3.6666666666666665,1.0,0,7,10,2,2,0.5,Clean,train
VoucherSetUpdateView,0,0.0,24,5.333333333333333,1.3333333333333333,0,7,10,3,2,0.6667,Clean,train
VoucherSetDetailView,0,0.0,47,12.666666666666666,2.3333333333333335,0,7,8,1,1,1.0,Clean,train
VoucherSetListView,0,1.0,21,7.0,1.0,0,7,7,0,0,0.0,Clean,train
VoucherSetDownloadView,0,0.0,18,13.0,2.0,0,0,0,3,2,0.6667,Clean,train
VoucherSetDeleteView,0,0.0,8,3.0,1.0,0,2,0,1,1,1.0,Clean,train
BaseOfferMixin,0,0.6666666666666666,56,11.75,3.25,0,1,1,2,2,0.5,Clean,train
AbstractConditionalOffer,0,0.8861538461538462,442,8.038461538461538,2.3461538461538463,0,2,9,12,8,0.1667,God Class,train
AbstractBenefit,0,0.7058823529411765,280,11.529411764705882,3.176470588235294,1,1,1,6,5,0.3333,God Class,train
AbstractCondition,0,0.8909090909090909,144,8.090909090909092,2.5454545454545454,1,1,1,5,4,0.4,God Class,train
AbstractRange,0,0.8181818181818182,260,14.083333333333334,2.8333333333333335,0,5,1,8,6,0.25,God Class,train
AbstractRangeProduct,0,0.0,14,0.0,0.0,0,0,0,0,0,0.0,Clean,train
AbstractRangeProductFileUpload,0,0.7,116,11.6,2.2,0,0,3,4,3,0.5,Clean,test
Meta,0,0.0,2,0.0,0.0,0,0,0,0,0,0.0,Clean,train
Meta,0,0.0,6,0.0,0.0,0,0,0,0,0,0.0,Clean,test
Meta,0,0.0,5,0.0,0.0,0,0,0,0,0,0.0,Clean,train
Meta,0,0.0,5,0.0,0.0,0,0,0,0,0,0.0,Clean,train
Meta,0,0.0,6,0.0,0.0,0,0,0,0,0,0.0,Clean,train
Meta,0,0.0,4,0.0,0.0,0,0,0,0,0,0.0,Clean,train
Meta,0,0.0,6,0.0,0.0,0,0,0,0,0,0.0,Clean,train
ConditionAdmin,0,0.0,2,0.0,0.0,0,0,0,0,0,0.0,Clean,test
BenefitAdmin,0,0.0,2,0.0,0.0,0,0,0,0,0,0.0,Clean,train
ConditionalOfferAdmin,0,0.0,31,0.0,0.0,0,0,0,0,0,0.0,Clean,train
OfferApplicationError,0,0.0,2,0.0,0.0,0,0,0,0,0,0.0,Clean,train
Applicator,0,1.0,97,12.714285714285714,2.4285714285714284,0,0,0,17,8,0.2353,Clean,train
OfferConfig,0,0.0,20,5.5,1.0,0,0,0,0,0,0.0,Clean,train
PercentageDiscountBenefit,0,0.0,72,18.0,3.0,0,0,0,3,2,0.6667,Clean,test
AbsoluteDiscountBenefit,0,0.0,88,23.666666666666668,3.3333333333333335,0,0,0,2,2,0.5,Clean,train
FixedUnitDiscountBenefit,0,1.0,48,18.0,2.5,1,0,0,1,1,1.0,Clean,test
FixedPriceBenefit,0,0.0,71,24.5,5.0,0,0,0,4,3,0.5,Clean,train
MultibuyDiscountBenefit,0,0.6666666666666666,33,6.666666666666667,1.6666666666666667,0,0,0,2,2,0.5,Clean,train
ShippingBenefit,0,0.0,8,3.0,1.0,0,0,0,1,1,1.0,Clean,train
ShippingAbsoluteDiscountBenefit,0,0.0,15,2.0,1.0,1,0,0,0,0,0.0,Clean,train
ShippingFixedPriceBenefit,0,0.0,17,3.0,1.5,1,0,0,0,0,0.0,Clean,train
ShippingPercentageDiscountBenefit,0,0.0,16,2.5,1.0,1,0,0,1,1,1.0,Clean,train
Meta,0,0.0,5,0.0,0.0,0,0,0,0,0,0.0,Clean,train
Meta,0,0.0,5,0.0,0.0,0,0,0,0,0,0.0,Clean,test
Meta,0,0.0,5,0.0,0.0,0,0,0,0,0,0.0,Clean,train
Meta,0,0.0,5,0.0,0.0,0,0,0,0,0,0.0,Clean,train
Meta,0,0.0,5,0.0,0.0,0,0,0,0,0,0.0,Clean,train
Meta,0,0.0,3,0.0,0.0,0,0,0,0,0,0.0,Clean,train
Meta,0,0.0,5,0.0,0.0,0,0,0,0,0,0.0,Clean,test
Meta,0,0.0,5,0.0,0.0,0,0,0,0,0,0.0,Clean,train
Meta,0,0.0,5,0.0,0.0,0,0,0,0,0,0.0,Clean,train
CountCondition,0,0.2857142857142857,90,9.714285714285714,2.5714285714285716,0,0,0,4,2,0.75,Clean,train
CoverageCondition,0,0.25,106,10.375,3.5,0,0,0,6,3,0.6667,Clean,train
ValueCondition,0,0.2857142857142857,101,11.285714285714286,2.7142857142857144,0,0,0,5,2,0.6,Clean,test
Meta,0,0.0,5,0.0,0.0,0,0,0,0,0,0.0,Clean,train
Meta,0,0.0,5,0.0,0.0,0,0,0,0,0,0.0,Clean,train
Meta,0,0.0,5,0.0,0.0,0,0,0,0,0,0.0,Clean,test
ActiveOfferManager,0,0.0,16,11.0,1.0,0,1,1,1,1,1.0,Clean,test
BrowsableRangeManager,0,0.0,7,2.0,1.0,0,1,1,0,0,0.0,Clean,train
ConditionalOffer,0,0.0,2,0.0,0.0,0,0,0,0,0,0.0,Clean,train
Benefit,0,0.0,2,0.0,0.0,0,0,0,0,0,0.0,Clean,test
Condition,0,0.0,2,0.0,0.0,0,0,0,0,0,0.0,Clean,train
Range,0,0.0,2,0.0,0.0,0,0,0,0,0,0.0,Clean,train
RangeProduct,0,0.0,2,0.0,0.0,0,0,0,0,0,0.0,Clean,train
RangeProductFileUpload,0,0.0,2,0.0,0.0,0,0,0,0,0,0.0,Clean,train
RangeQuerySet,0,1.0,86,10.571428571428571,2.0,0,0,0,11,4,0.7273,Feature Envy,train
OfferReportCSVFormatter,0,0.0,12,9.0,2.0,0,0,0,1,1,1.0,Clean,train
OfferReportHTMLFormatter,0,0.0,2,0.0,0.0,0,0,0,0,0,0.0,Clean,train
OfferReportGenerator,0,0.0,35,25.0,1.0,0,0,0,3,3,0.3333,Clean,train
OfferApplications,0,0.2,105,7.9,2.3,0,0,0,6,3,0.5,Clean,train
ApplicationResult,0,0.0,24,2.0,1.0,0,0,0,0,0,0.0,Clean,train
BasketDiscount,0,0.0,23,2.75,1.0,1,0,0,0,0,0.0,Clean,test
ShippingDiscount,0,0.0,7,0.0,0.0,1,0,0,0,0,0.0,Clean,train
PostOrderAction,0,0.0,11,2.0,1.0,1,0,0,0,0,0.0,Clean,train
OfferListView,0,0.0,12,7.0,1.0,0,0,0,2,1,1.0,Clean,train
OfferDetailView,0,0.0,27,6.333333333333333,1.3333333333333333,0,1,1,3,2,0.6667,Clean,train
RangeDetailView,0,0.0,22,4.666666666666667,1.0,0,1,1,1,1,1.0,Clean,train
Migration,0,0.0,266,0.0,0.0,0,0,0,0,0,0.0,Clean,train
Migration,0,0.0,14,0.0,0.0,0,0,0,0,0,0.0,Clean,train
Migration,0,0.0,13,0.0,0.0,0,0,0,0,0,0.0,Clean,train
Migration,0,0.0,12,0.0,0.0,0,0,0,0,0,0.0,Clean,train
Migration,0,0.0,18,0.0,0.0,0,0,0,0,0,0.0,Clean,test
Migration,0,0.0,18,0.0,0.0,0,0,0,0,0,0.0,Clean,train
Migration,0,0.0,13,0.0,0.0,0,0,0,0,0,0.0,Clean,test
Migration,0,0.0,18,0.0,0.0,0,0,0,0,0,0.0,Clean,train
Migration,0,0.0,12,0.0,0.0,0,0,0,0,0,0.0,Clean,test
Migration,0,0.0,13,0.0,0.0,0,0,0,0,0,0.0,Clean,train
Migration,0,0.0,13,0.0,0.0,0,0,0,0,0,0.0,Clean,train
Migration,0,0.0,53,0.0,0.0,0,0,0,0,0,0.0,Clean,test
Migration,0,0.0,19,0.0,0.0,0,0,0,0,0,0.0,Clean,train
AbstractOrder,0,0.8931451612903226,368,6.375,1.65625,0,3,3,21,9,0.3333,God Class,train
AbstractOrderNote,0,1.0,47,3.5,1.5,0,0,0,2,2,0.5,Clean,train
AbstractOrderStatusChange,0,0.0,28,8.0,1.0,0,0,0,0,0,0.0,Clean,train
AbstractCommunicationEvent,0,0.0,31,5.0,1.0,0,0,0,0,0,0.0,Clean,test
AbstractLine,0,0.9051383399209486,419,10.608695652173912,2.130434782608696,0,2,4,18,13,0.2222,God Class,train
AbstractLineAttribute,0,0.0,29,2.0,1.0,0,0,0,0,0,0.0,Clean,train
AbstractLinePrice,0,0.0,51,6.0,1.0,0,0,0,0,0,0.0,Data Class,train
AbstractPaymentEventType,0,0.0,19,2.0,1.0,0,0,0,0,0,0.0,Clean,train
AbstractPaymentEvent,0,1.0,51,2.0,1.0,0,0,0,0,0,0.0,Clean,test
PaymentEventQuantity,0,0.0,24,0.0,0.0,0,0,0,0,0,0.0,Clean,train
AbstractShippingEvent,0,1.0,47,3.5,1.0,0,0,0,0,0,0.0,Clean,train
AbstractShippingEventQuantity,0,0.0,45,7.5,2.0,0,3,3,1,1,1.0,Clean,train
AbstractShippingEventType,0,0.0,21,2.0,1.0,0,0,0,0,0,0.0,Clean,train
AbstractOrderDiscount,0,0.7857142857142857,106,4.875,2.25,0,3,2,6,4,0.3333,Clean,test
AbstractOrderLineDiscount,0,0.0,25,0.0,0.0,0,0,0,0,0,0.0,Clean,train
AbstractSurcharge,0,0.0,32,2.0,1.0,0,0,0,0,0,0.0,Clean,train
Meta,0,0.0,6,0.0,0.0,0,0,0,0,0,0.0,Clean,train
Meta,0,0.0,6,0.0,0.0,0,0,0,0,0,0.0,Clean,test
Meta,0,0.0,6,0.0,0.0,0,0,0,0,0,0.0,Clean,train
Meta,0,0.0,6,0.0,0.0,0,0,0,0,0,0.0,Clean,train
Meta,0,0.0,7,0.0,0.0,0,0,0,0,0,0.0,Clean,test
Meta,0,0.0,5,0.0,0.0,0,0,0,0,0,0.0,Clean,test
Meta,0,0.0,6,0.0,0.0,0,0,0,0,0,0.0,Clean,train
Meta,0,0.0,6,0.0,0.0,0,0,0,0,0,0.0,Clean,train
Meta,0,0.0,6,0.0,0.0,0,0,0,0,0,0.0,Clean,train
Meta,0,0.0,5,0.0,0.0,0,0,0,0,0,0.0,Clean,train
Meta,0,0.0,6,0.0,0.0,0,0,0,0,0,0.0,Clean,train
Meta,0,0.0,6,0.0,0.0,0,0,0,0,0,0.0,Clean,train
Meta,0,0.0,6,0.0,0.0,0,0,0,0,0,0.0,Clean,train
Meta,0,0.0,6,0.0,0.0,0,0,0,0,0,0.0,Clean,train
Meta,0,0.0,6,0.0,0.0,0,0,0,0,0,0.0,Clean,test
Meta,0,0.0,6,0.0,0.0,0,0,0,0,0,0.0,Clean,train
LineInline,0,0.0,11,5.0,1.0,0,0,0,0,0,0.0,Clean,train
OrderAdmin,0,0.0,24,0.0,0.0,0,0,0,0,0,0.0,Clean,train
LineAdmin,0,0.0,10,0.0,0.0,0,0,0,0,0,0.0,Clean,train
LinePriceAdmin,0,0.0,4,0.0,0.0,0,0,0,0,0,0.0,Clean,test
ShippingEventTypeAdmin,0,0.0,2,0.0,0.0,0,0,0,0,0,0.0,Clean,train
PaymentEventQuantityInline,0,0.0,4,0.0,0.0,0,0,0,0,0,0.0,Clean,train
PaymentEventAdmin,0,0.0,12,0.0,0.0,0,0,0,0,0,0.0,Clean,test
PaymentEventTypeAdmin,0,0.0,2,0.0,0.0,0,0,0,0,0,0.0,Clean,train
OrderDiscountAdmin,0,0.0,12,0.0,0.0,0,0,0,0,0,0.0,Clean,train
SurchargeAdmin,0,0.0,3,0.0,0.0,0,0,0,0,0,0.0,Clean,train
OrderNoteAdmin,0,0.0,4,0.0,0.0,0,0,0,0,0,0.0,Clean,train
OrderStatusAdmin,0,0.0,3,0.0,0.0,0,0,0,0,0,0.0,Clean,train
ShippingAddressAdmin,0,0.0,2,0.0,0.0,0,0,0,0,0,0.0,Clean,train
ShippingEventAdmin,0,0.0,3,0.0,0.0,0,0,0,0,0,0.0,Clean,train
LineAttributeAdmin,0,0.0,4,0.0,0.0,0,0,0,0,0,0.0,Clean,train
CommunicationEventAdmin,0,0.0,4,0.0,0.0,0,0,0,0,0,0.0,Clean,train
BillingAddressAdmin,0,0.0,2,0.0,0.0,0,0,0,0,0,0.0,Clean,train
OrderConfig,0,0.0,4,0.0,0.0,0,0,0,0,0,0.0,Clean,train
InvalidStatus,0,0.0,2,0.0,0.0,0,0,0,0,0,0.0,Clean,train
InvalidOrderStatus,0,0.0,2,0.0,0.0,1,0,0,0,0,0.0,Clean,train
InvalidLineStatus,0,0.0,2,0.0,0.0,1,0,0,0,0,0.0,Clean,train
InvalidShippingEvent,0,0.0,2,0.0,0.0,0,0,0,0,0,0.0,Clean,train
InvalidPaymentEvent,0,0.0,2,0.0,0.0,0,0,0,0,0,0.0,Clean,train
UnableToPlaceOrder,0,0.0,2,0.0,0.0,0,0,0,0,0,0.0,Clean,train
EventHandlerMixin,0,1.0,13,2.6666666666666665,1.0,0,0,0,1,1,1.0,Clean,train
Order,0,0.0,2,0.0,0.0,0,0,0,0,0,0.0,Clean,train
OrderNote,0,0.0,2,0.0,0.0,0,0,0,0,0,0.0,Clean,train
OrderStatusChange,0,0.0,2,0.0,0.0,0,0,0,0,0,0.0,Clean,train
CommunicationEvent,0,0.0,2,0.0,0.0,0,0,0,0,0,0.0,Clean,train
ShippingAddress,0,0.0,2,0.0,0.0,0,0,0,0,0,0.0,Clean,test
BillingAddress,0,0.0,2,0.0,0.0,0,0,0,0,0,0.0,Clean,train
Line,0,0.0,2,0.0,0.0,0,0,0,0,0,0.0,Clean,test
LinePrice,0,0.0,2,0.0,0.0,0,0,0,0,0,0.0,Data Class,train
LineAttribute,0,0.0,2,0.0,0.0,0,0,0,0,0,0.0,Clean,train
ShippingEvent,0,0.0,2,0.0,0.0,0,0,0,0,0,0.0,Clean,train
ShippingEventQuantity,0,0.0,2,0.0,0.0,0,0,0,0,0,0.0,Clean,train
ShippingEventType,0,0.0,2,0.0,0.0,0,0,0,0,0,0.0,Clean,train
PaymentEvent,0,0.0,2,0.0,0.0,0,0,0,0,0,0.0,Clean,train
PaymentEventType,0,0.0,2,0.0,0.0,0,0,0,0,0,0.0,Clean,test
OrderDiscount,0,0.0,2,0.0,0.0,0,0,0,0,0,0.0,Clean,train
OrderLineDiscount,0,0.0,2,0.0,0.0,0,0,0,0,0,0.0,Clean,train
Surcharge,0,0.0,2,0.0,0.0,0,0,0,0,0,0.0,Clean,train
EventHandler,0,0.9904761904761905,260,14.466666666666667,3.066666666666667,0,0,0,24,7,0.375,God Class,train
OrderReportCSVFormatter,0,1.0,25,10.5,2.0,0,0,0,7,2,0.8571,Feature Envy,train
OrderReportHTMLFormatter,0,0.0,2,0.0,0.0,0,0,0,0,0,0.0,Clean,train
OrderReportGenerator,0,1.0,17,2.5,1.0,0,0,0,1,1,1.0,Clean,train
OrderNumberGenerator,0,0.0,13,5.0,1.0,0,1,0,1,1,1.0,Clean,train
OrderCreator,1,1.0,300,25.818181818181817,4.7272727272727275,0,0,2,72,27,0.1944,God Class,test
OrderDispatcher,0,0.5,52,10.25,2.0,0,0,0,8,4,0.5,Clean,train
Migration,0,0.0,399,0.0,0.0,0,0,0,0,0,0.0,Clean,test
Migration,0,0.0,13,0.0,0.0,0,0,0,0,0,0.0,Clean,test
Migration,0,0.0,14,0.0,0.0,0,0,0,0,0,0.0,Clean,train
Migration,0,0.0,12,0.0,0.0,0,0,0,0,0,0.0,Clean,train
Migration,0,0.0,13,0.0,0.0,0,0,0,0,0,0.0,Clean,train
Migration,0,0.0,24,0.0,0.0,0,0,0,0,0,0.0,Clean,train
Migration,0,0.0,28,0.0,0.0,0,0,0,0,0,0.0,Clean,train
Migration,0,0.0,14,0.0,0.0,0,0,0,0,0,0.0,Clean,train
Migration,0,0.0,29,0.0,0.0,0,0,0,0,0,0.0,Clean,test
Migration,0,0.0,20,0.0,0.0,0,0,0,0,0,0.0,Clean,test
Migration,0,0.0,16,0.0,0.0,0,0,0,0,0,0.0,Clean,train
Migration,0,0.0,13,0.0,0.0,0,0,0,0,0,0.0,Clean,train
Migration,0,0.0,13,0.0,0.0,0,0,0,0,0,0.0,Clean,test
Migration,0,0.0,28,0.0,0.0,0,0,0,0,0,0.0,Clean,test
Migration,0,0.0,55,0.0,0.0,0,0,0,0,0,0.0,Clean,train
Migration,0,0.0,19,0.0,0.0,0,0,0,0,0,0.0,Clean,train
Migration,0,0.0,8,0.0,0.0,0,0,0,0,0,0.0,Clean,train
Migration,0,0.0,13,0.0,0.0,0,0,0,0,0,0.0,Clean,train
Migration,0,0.0,13,0.0,0.0,0,0,0,0,0,0.0,Clean,train
Migration,0,0.0,13,0.0,0.0,0,0,0,0,0,0.0,Clean,train
Migration,0,0.0,22,0.0,0.0,0,0,0,0,0,0.0,Clean,test
AbstractPartner,0,1.0,72,8.0,1.75,0,0,0,0,0,0.0,Clean,train
AbstractStockRecord,0,0.7333333333333333,215,12.4,1.9,0,0,0,3,2,0.6667,Clean,train
AbstractStockAlert,0,0.0,44,4.5,1.0,0,0,0,0,0,0.0,Clean,train
Meta,0,0.0,7,0.0,0.0,0,0,0,0,0,0.0,Data Class,train
Meta,0,0.0,6,0.0,0.0,0,0,0,0,0,0.0,Clean,train
Meta,0,0.0,6,0.0,0.0,0,0,0,0,0,0.0,Clean,train
PartnerAdmin,0,0.0,3,0.0,0.0,0,0,0,0,0,0.0,Clean,test
StockRecordAdmin,0,0.0,5,0.0,0.0,0,0,0,0,0,0.0,Clean,test
PartnerConfig,0,0.0,8,2.0,1.0,0,0,0,0,0,0.0,Clean,train
Base,0,1.0,40,6.666666666666667,1.0,0,0,2,0,0,0.0,Clean,train
Unavailable,0,0.0,7,0.0,0.0,1,0,0,0,0,0.0,Clean,train
Available,0,0.0,13,2.0,1.0,1,1,0,0,0,0.0,Clean,test
StockRequired,0,0.0,47,5.4,2.0,1,1,0,0,0,0.0,Clean,train
ImportingError,0,0.0,2,0.0,0.0,0,0,0,0,0,0.0,Clean,train
InvalidStockAdjustment,0,0.0,2,0.0,0.0,0,0,0,0,0,0.0,Clean,train
CatalogueImporter,1,0.7142857142857143,97,11.714285714285714,2.2857142857142856,0,0,2,18,7,0.3333,Clean,train
Validator,0,1.0,23,4.75,1.75,0,1,0,1,1,1.0,Clean,train
Partner,0,0.0,2,0.0,0.0,0,0,0,0,0,0.0,Clean,train
PartnerAddress,0,0.0,2,0.0,0.0,0,0,0,0,0,0.0,Clean,train
StockRecord,0,0.0,2,0.0,0.0,0,0,0,0,0,0.0,Clean,train
StockAlert,0,0.0,2,0.0,0.0,0,0,0,0,0,0.0,Clean,train
Base,0,1.0,39,3.5,1.5,0,0,0,1,1,1.0,Clean,train
Unavailable,0,0.0,5,0.0,0.0,1,0,0,0,0,0.0,Clean,test
FixedPrice,0,0.0,33,5.0,1.3333333333333333,1,0,0,1,1,1.0,Clean,train
TaxInclusiveFixedPrice,0,1.0,16,2.0,1.0,2,0,0,0,0,0.0,Clean,train
Selector,1,0.0,27,7.0,1.0,0,0,1,0,0,0.0,Clean,train
Base,0,1.0,60,11.25,1.5,0,0,1,2,2,0.5,Clean,train
Structured,0,1.0,86,8.625,1.375,1,2,9,2,2,0.5,Clean,train
UseFirstStockRecord,0,0.0,13,7.0,2.0,0,1,0,1,1,1.0,Clean,train
StockRequired,0,1.0,22,7.0,3.0,0,1,1,3,3,0.3333,Clean,train
NoTax,0,1.0,28,10.0,2.5,0,1,0,2,1,1.0,Clean,train
FixedRateTax,0,1.0,53,9.75,1.75,0,1,0,2,1,1.0,Clean,train
DeferredTax,0,1.0,25,8.5,2.5,0,1,0,2,1,1.0,Clean,train
Default,0,0.0,6,0.0,0.0,1,1,0,0,0,0.0,Clean,train
UK,0,0.0,16,0.0,0.0,1,0,0,0,0,0.0,Clean,test
US,0,0.0,13,0.0,0.0,1,0,0,0,0,0.0,Clean,train
Migration,0,0.0,101,0.0,0.0,0,0,0,0,0,0.0,Clean,train
Migration,0,0.0,13,0.0,0.0,0,0,0,0,0,0.0,Clean,train
Migration,0,0.0,13,0.0,0.0,0,0,0,0,0,0.0,Clean,train
Migration,0,0.0,12,0.0,0.0,0,0,0,0,0,0.0,Clean,train
Migration,0,0.0,18,0.0,0.0,0,0,0,0,0,0.0,Clean,train
Migration,0,0.0,26,0.0,0.0,0,0,0,0,0,0.0,Clean,train
Migration,0,0.0,15,0.0,0.0,0,0,0,0,0,0.0,Clean,train
AbstractTransaction,0,0.0,46,5.0,1.0,0,0,0,0,0,0.0,Data Class,train
AbstractSource,0,0.75,147,6.777777777777778,1.5555555555555556,0,1,1,3,1,1.0,Clean,train
AbstractSourceType,0,0.0,26,2.0,1.0,0,0,0,0,0,0.0,Clean,train
AbstractBankcard,0,0.5,102,4.5,1.375,0,1,1,2,2,0.5,Clean,train
Meta,0,0.0,6,0.0,0.0,0,0,0,0,0,0.0,Clean,train
Meta,0,0.0,6,0.0,0.0,0,0,0,0,0,0.0,Clean,train
Meta,0,0.0,6,0.0,0.0,0,0,0,0,0,0.0,Clean,test
Meta,0,0.0,5,0.0,0.0,0,0,0,0,0,0.0,Clean,train
SourceAdmin,0,0.0,12,0.0,0.0,0,0,0,0,0,0.0,Clean,train
BankcardAdmin,0,0.0,2,0.0,0.0,0,0,0,0,0,0.0,Clean,train
TransactionAdmin,0,0.0,3,0.0,0.0,0,0,0,0,0,0.0,Clean,train
PaymentConfig,0,0.0,4,0.0,0.0,0,0,0,0,0,0.0,Clean,train
PaymentError,0,0.0,2,0.0,0.0,0,0,0,0,0,0.0,Clean,train
UserCancelled,0,0.0,6,0.0,0.0,1,0,0,0,0,0.0,Clean,train
TransactionDeclined,0,0.0,2,0.0,0.0,1,0,0,0,0,0.0,Clean,test
GatewayError,0,0.0,2,0.0,0.0,1,0,0,0,0,0.0,Clean,test
InvalidGatewayRequestError,0,0.0,2,0.0,0.0,1,0,0,0,0,0.0,Clean,test
InsufficientPaymentSources,0,0.0,8,0.0,0.0,1,0,0,0,0,0.0,Clean,train
RedirectRequired,0,0.0,7,2.0,1.0,1,0,0,0,0,0.0,Clean,train
UnableToTakePayment,0,0.0,6,0.0,0.0,1,0,0,0,0,0.0,Clean,test
BankcardNumberField,0,0.0,35,16.5,4.5,0,5,9,6,4,0.3333,Feature Envy,train
BankcardMonthWidget,0,1.0,11,2.5,1.5,0,1,0,2,1,1.0,Clean,train
BankcardMonthField,1,1.0,41,9.333333333333334,2.0,0,5,10,3,3,0.3333,Clean,train
BankcardExpiryMonthField,0,1.0,43,7.2,2.0,1,5,9,5,4,0.4,Clean,train
BankcardStartingMonthField,0,1.0,40,7.0,2.0,1,5,9,4,4,0.25,Clean,train
BankcardCCVField,0,1.0,19,8.5,1.5,0,5,9,2,2,0.5,Clean,train
BankcardForm,0,0.6666666666666666,45,8.666666666666666,2.3333333333333335,0,4,0,3,3,0.3333,Clean,test
BillingAddressForm,0,1.0,21,2.5,1.0,0,5,5,1,1,1.0,Clean,train
Meta,0,0.0,3,0.0,0.0,0,0,0,0,0,0.0,Clean,train
Meta,0,0.0,13,0.0,0.0,0,0,0,0,0,0.0,Clean,train
Transaction,0,0.0,2,0.0,0.0,0,0,0,0,0,0.0,Data Class,train
Source,0,0.0,2,0.0,0.0,0,0,0,0,0,0.0,Clean,train
SourceType,0,0.0,2,0.0,0.0,0,0,0,0,0,0.0,Clean,train
Bankcard,0,0.0,2,0.0,0.0,0,0,0,0,0,0.0,Clean,test
Migration,0,0.0,85,0.0,0.0,0,0,0,0,0,0.0,Clean,train
Migration,0,0.0,13,0.0,0.0,0,0,0,0,0,0.0,Clean,train
Migration,0,0.0,13,0.0,0.0,0,0,0,0,0,0.0,Clean,train
Migration,0,0.0,13,0.0,0.0,0,0,0,0,0,0.0,Clean,train
Migration,0,0.0,21,0.0,0.0,0,0,0,0,0,0.0,Clean,test
SearchConfig,0,0.0,15,3.0,1.0,0,0,0,0,0,0.0,Clean,train
FacetMunger,0,0.7142857142857143,101,13.428571428571429,3.0,0,0,0,4,2,0.75,Clean,train
SearchInput,0,0.0,9,0.0,0.0,0,0,0,0,0,0.0,Clean,train
SearchForm,0,1.0,110,25.0,6.0,0,0,0,4,2,0.75,Clean,train
BrowseCategoryForm,0,0.0,11,5.0,1.0,1,1,0,0,0,0.0,Clean,train
CategoryForm,0,0.0,13,5.5,1.0,2,0,1,1,1,1.0,Clean,train
ProductIndex,0,1.0,102,5.2727272727272725,1.9090909090909092,0,0,0,9,3,0.5556,Feature Envy,train
BaseSearchView,0,1.0,38,16.5,2.5,0,0,0,4,2,0.75,Clean,train
CatalogueView,0,1.0,22,5.5,1.5,0,1,2,1,1,1.0,Clean,train
ProductCategoryView,0,0.8,51,6.0,2.0,0,1,2,5,3,0.4,Clean,train
FacetedSearchView,0,0.0,15,10.0,1.0,0,0,0,1,1,1.0,Clean,train
AbstractBase,0,1.0,36,4.0,1.0,0,0,0,0,0,0.0,Clean,test
AbstractOrderAndItemCharges,0,0.0,47,16.0,5.0,1,0,0,6,3,0.5,Clean,test
AbstractWeightBased,0,0.4,83,11.2,1.6,1,0,0,7,6,0.2857,Clean,test
AbstractWeightBand,0,0.0,51,3.6666666666666665,1.3333333333333333,0,0,0,0,0,0.0,Clean,test
Meta,0,0.0,6,0.0,0.0,0,0,0,0,0,0.0,Clean,train
Meta,0,0.0,5,0.0,0.0,0,0,0,0,0,0.0,Clean,train
Meta,0,0.0,5,0.0,0.0,0,0,0,0,0,0.0,Clean,train
Meta,0,0.0,6,0.0,0.0,0,0,0,0,0,0.0,Clean,train
OrderChargesAdmin,0,0.0,11,0.0,0.0,0,0,0,0,0,0.0,Clean,train
WeightBandInline,0,0.0,2,0.0,0.0,0,0,0,0,0,0.0,Clean,test
WeightBasedAdmin,0,0.0,3,0.0,0.0,0,0,0,0,0,0.0,Clean,train
ShippingConfig,0,0.0,4,0.0,0.0,0,0,0,0,0,0.0,Clean,train
Base,0,1.0,39,6.5,1.0,0,3,0,0,0,0.0,Clean,train
Free,0,0.0,12,4.0,1.0,1,3,0,2,2,0.5,Clean,train
NoShippingRequired,0,0.0,8,0.0,0.0,2,0,0,0,0,0.0,Clean,test
FixedPrice,0,0.0,26,5.5,2.0,1,3,0,2,2,0.5,Clean,test
OfferDiscount,0,0.26666666666666666,48,4.833333333333333,1.0,1,0,5,0,0,0.0,Clean,train
TaxExclusiveOfferDiscount,0,0.0,20,7.0,1.0,2,2,4,4,2,0.75,Clean,train
TaxInclusiveOfferDiscount,0,0.6666666666666666,33,8.666666666666666,1.3333333333333333,2,2,4,5,2,0.8,Clean,train
OrderAndItemCharges,0,0.0,2,0.0,0.0,0,0,0,0,0,0.0,Clean,test
WeightBased,0,0.0,2,0.0,0.0,0,0,0,0,0,0.0,Clean,train
WeightBand,0,0.0,2,0.0,0.0,0,0,0,0,0,0.0,Clean,train
Repository,0,1.0,82,12.4,2.0,0,0,0,6,3,0.5,Feature Envy,train
Scale,0,0.6666666666666666,32,8.333333333333334,2.6666666666666665,0,0,0,4,3,0.5,Clean,train
Migration,0,0.0,67,0.0,0.0,0,0,0,0,0,0.0,Clean,train
Migration,0,0.0,18,0.0,0.0,0,0,0,0,0,0.0,Clean,train
Migration,0,0.0,23,0.0,0.0,0,0,0,0,0,0.0,Clean,train
AbstractVoucherSet,0,0.6666666666666666,71,4.142857142857143,1.7142857142857142,0,0,1,2,2,0.5,Clean,train
AbstractVoucher,0,0.8888888888888888,193,9.7,2.4,0,1,0,5,5,0.2,Clean,test
AbstractVoucherApplication,0,0.0,41,5.0,1.0,0,0,0,0,0,0.0,Clean,train
Meta,0,0.0,7,0.0,0.0,0,0,0,0,0,0.0,Data Class,train
Meta,0,0.0,7,0.0,0.0,0,0,0,0,0,0.0,Data Class,train
Meta,0,0.0,6,0.0,0.0,0,0,0,0,0,0.0,Clean,train
VoucherAdmin,0,0.0,15,0.0,0.0,0,0,0,0,0,0.0,Clean,test
VoucherApplicationAdmin,0,0.0,3,0.0,0.0,0,0,0,0,0,0.0,Clean,test
VoucherConfig,0,0.0,8,3.0,1.0,0,0,0,0,0,0.0,Clean,train
VoucherSet,0,0.0,2,0.0,0.0,0,0,0,0,0,0.0,Clean,train
Voucher,0,0.0,2,0.0,0.0,0,0,0,0,0,0.0,Clean,train
VoucherApplication,0,0.0,2,0.0,0.0,0,0,0,0,0,0.0,Clean,test
VoucherReportCSVFormatter,0,0.0,21,18.0,2.0,0,0,0,5,2,0.8,Clean,train
VoucherReportHTMLFormatter,0,0.0,2,0.0,0.0,0,0,0,0,0,0.0,Clean,test
VoucherReportGenerator,0,0.0,9,0.0,0.0,0,0,0,0,0,0.0,Clean,train
Migration,0,0.0,49,0.0,0.0,0,0,0,0,0,0.0,Clean,train
Migration,0,0.0,18,0.0,0.0,0,0,0,0,0,0.0,Clean,train
Migration,0,0.0,13,0.0,0.0,0,0,0,0,0,0.0,Clean,train
Migration,0,0.0,34,0.0,0.0,0,0,0,0,0,0.0,Clean,test
Migration,0,0.0,13,0.0,0.0,0,0,0,0,0,0.0,Clean,train
Migration,0,0.0,13,0.0,0.0,0,0,0,0,0,0.0,Clean,train
Migration,0,0.0,18,0.0,0.0,0,0,0,0,0,0.0,Clean,train
Migration,0,0.0,35,0.0,0.0,0,0,0,0,0,0.0,Clean,train
Migration,0,0.0,9,0.0,0.0,0,0,0,0,0,0.0,Clean,train
Migration,0,0.0,22,0.0,0.0,0,0,0,0,0,0.0,Clean,train
AbstractWishList,0,0.8055555555555556,115,4.888888888888889,2.0,0,0,1,6,4,0.3333,Clean,train
AbstractLine,0,0.0,39,3.5,1.5,0,1,0,0,0,0.0,Clean,train
AbstractWishListSharedEmail,0,0.0,21,2.0,1.0,0,0,0,0,0,0.0,Clean,train
Meta,0,0.0,8,0.0,0.0,0,0,0,0,0,0.0,Clean,train
Meta,0,0.0,7,0.0,0.0,0,0,0,0,0,0.0,Clean,train
Meta,0,0.0,4,0.0,0.0,0,0,0,0,0,0.0,Clean,test
WishListAdmin,0,0.0,5,0.0,0.0,0,0,0,0,0,0.0,Clean,train
LineAdmin,0,0.0,4,0.0,0.0,0,0,0,0,0,0.0,Clean,train
WishlistsConfig,0,0.0,17,4.0,1.0,0,0,0,0,0,0.0,Clean,train
WishListForm,0,0.0,8,3.0,1.0,0,1,1,0,0,0.0,Clean,train
WishListLineForm,0,0.0,4,3.0,1.0,0,1,1,0,0,0.0,Clean,train
WishListSharedEmailForm,0,0.0,4,0.0,0.0,0,0,0,0,0,0.0,Clean,train
Meta,0,0.0,3,0.0,0.0,0,0,0,0,0,0.0,Clean,train
Meta,0,0.0,3,0.0,0.0,0,0,0,0,0,0.0,Clean,test
WishList,0,0.0,2,0.0,0.0,0,0,0,0,0,0.0,Clean,train
Line,0,0.0,2,0.0,0.0,0,0,0,0,0,0.0,Clean,train
WishListSharedEmail,0,0.0,2,0.0,0.0,0,0,0,0,0,0.0,Clean,train
WishListView,0,1.0,37,10.0,2.3333333333333335,0,0,0,9,6,0.2222,Clean,train
Migration,0,0.0,50,0.0,0.0,0,0,0,0,0,0.0,Clean,train
Migration,0,0.0,12,0.0,0.0,0,0,0,0,0,0.0,Clean,train
Migration,0,0.0,13,0.0,0.0,0,0,0,0,0,0.0,Clean,train
Migration,0,0.0,20,0.0,0.0,0,0,0,0,0,0.0,Clean,test
FlashMessages,0,0.8333333333333334,41,2.7777777777777777,1.4444444444444444,0,0,0,6,1,1.0,Clean,train
OscarConfigMixin,0,0.9333333333333333,133,17.0,2.8333333333333335,0,0,0,5,3,0.6,Clean,train
OscarConfig,0,0.0,7,0.0,0.0,1,0,0,0,0,0.0,Clean,train
OscarDashboardConfig,0,0.0,2,0.0,0.0,2,0,0,0,0,0.0,Clean,train
UnicodeCSVWriter,0,0.3333333333333333,57,6.5,2.1666666666666665,0,0,0,0,0,0.0,Clean,train
Deprecated,0,0.0,8,7.0,1.0,0,0,0,0,0,0.0,Clean,train
ModuleNotFoundError,0,0.0,2,0.0,0.0,0,0,0,0,0,0.0,Clean,train
AppNotFoundError,0,0.0,2,0.0,0.0,0,0,0,0,0,0.0,Clean,train
ClassNotFoundError,0,0.0,2,0.0,0.0,0,0,0,0,0,0.0,Clean,test
TaxNotKnown,0,0.0,5,0.0,0.0,0,0,0,0,0,0.0,Clean,test
Price,0,0.2857142857142857,76,8.0,2.0,0,0,0,3,1,1.0,Data Class,train
AbstractThumbnailer,0,1.0,6,2.0,1.0,0,0,0,0,0,0.0,Clean,test
SorlThumbnail,0,1.0,25,7.333333333333333,2.0,1,0,0,3,3,0.3333,Clean,train
EasyThumbnails,0,1.0,18,5.0,2.0,1,0,0,1,1,1.0,Clean,train
ExtendedURLValidator,0,0.9,67,12.4,3.0,0,1,1,4,2,0.5,Clean,train
URLDoesNotExistValidator,0,0.0,20,19.0,2.0,1,1,1,0,0,0.0,Clean,test
PciFormatter,0,0.0,9,3.0,1.0,0,0,0,0,0,0.0,Clean,train
ExtendedURLField,0,1.0,22,4.5,2.0,0,0,0,3,3,0.3333,Clean,train
PhoneNumberMixin,0,0.6,104,15.2,3.8,0,0,0,4,4,0.25,Clean,train
ImageInput,0,1.0,27,7.5,2.5,0,7,8,0,0,0.0,Clean,train
WYSIWYGTextArea,0,0.0,6,5.0,1.0,0,5,5,1,1,1.0,Clean,train
DateTimeWidgetMixin,0,1.0,12,4.0,1.5,0,4,1,1,1,1.0,Clean,train
TimePickerInput,0,0.0,16,8.0,1.0,1,3,4,0,0,0.0,Clean,train
DatePickerInput,0,0.0,16,8.0,1.0,1,3,4,0,0,0.0,Clean,train
DateTimePickerInput,0,1.0,32,8.0,2.0,1,7,9,1,1,1.0,Clean,train
AdvancedSelect,0,0.0,21,6.0,1.5,0,5,5,0,0,0.0,Clean,train
RemoteSelect,0,0.3333333333333333,69,19.0,4.666666666666667,0,6,7,4,4,0.25,Clean,train
MultipleRemoteSelect,0,0.0,2,0.0,0.0,1,0,0,0,0,0.0,Clean,test
NullBooleanSelect,0,0.0,13,7.0,1.0,0,5,5,0,0,0.0,Clean,train
Command,0,0.0,5,2.0,1.0,0,0,0,0,0,0.0,Clean,test
Command,0,1.0,45,18.5,1.5,0,0,0,7,5,0.2857,Feature Envy,train
Command,0,0.0,29,23.0,3.0,0,0,0,4,3,0.5,Clean,train
Command,0,1.0,26,11.0,1.5,0,0,0,4,3,0.5,Clean,train
Command,0,1.0,42,16.5,2.5,0,0,0,3,3,0.3333,Clean,test
Command,0,1.0,26,11.0,1.5,0,0,0,5,4,0.4,Clean,train
Command,0,1.0,32,14.0,2.0,0,0,0,4,4,0.25,Clean,test
Command,0,1.0,18,7.0,1.0,0,0,0,4,4,0.25,Clean,test
Command,0,1.0,53,24.5,2.5,0,0,0,7,4,0.5714,Feature Envy,test
Command,0,0.0,15,7.0,1.0,0,0,0,0,0,0.0,Clean,train
Command,0,0.0,11,6.0,2.0,0,0,0,3,3,0.3333,Clean,train
AutoSlugField,0,0.75,150,15.125,3.875,0,0,0,12,8,0.1667,Long Method,train
SlugField,0,0.0,8,7.0,2.0,0,0,0,2,2,0.5,Clean,train
Creator,0,0.0,16,2.6666666666666665,1.3333333333333333,0,3,1,0,0,0.0,Clean,train
ExtendedURLField,0,1.0,28,7.666666666666667,1.3333333333333333,0,2,4,3,3,0.3333,Clean,train
PositiveDecimalField,0,0.0,11,5.0,1.0,0,1,1,0,0,0.0,Clean,train
UppercaseCharField,1,1.0,22,4.666666666666667,1.3333333333333333,0,2,2,1,1,1.0,Clean,train
NullCharField,1,1.0,37,4.6,1.8,0,2,6,1,1,1.0,Clean,train
PassThrough,0,0.0,9,3.5,1.5,0,2,0,1,1,1.0,Clean,train
CategoryFieldPassThroughMetaClass,1,0.0,14,9.0,2.0,0,0,1,2,2,0.5,Clean,train
CheapCategoryInfo,0,0.9,32,2.8,1.0,0,0,1,0,0,0.0,Clean,test
ConditionalOutputNode,0,0.0,11,4.5,1.5,0,0,0,0,0,0.0,Clean,train
DynamicImageNode,0,0.0,46,22.0,5.5,0,0,0,5,4,0.4,Clean,train
ThumbnailNode,0,0.6666666666666666,53,11.75,2.5,0,0,0,9,9,0.1111,Clean,train
RemovedInOscar32Warning,0,0.0,2,0.0,0.0,0,0,0,0,0,0.0,Clean,train
AbstractBulkAction,0,0.0,5,2.0,1.0,0,0,0,0,0,0.0,Clean,train
BulkAction,0,0.0,5,2.0,1.0,1,2,0,0,0,0.0,Clean,test
IntermediateBulkAction,0,1.0,14,2.0,1.0,1,2,0,0,0,0.0,Clean,train
PostActionMixin,0,0.0,28,20.0,4.0,0,1,5,1,1,1.0,Clean,train
BulkEditMixin,0,1.0,83,7.625,2.125,0,3,7,4,4,0.25,Clean,test
IntermediateBulkEditMixin,0,1.0,82,15.5,1.75,1,1,8,4,3,0.5,Clean,train
IntermediateBulkActionView,0,0.782051282051282,111,6.3076923076923075,1.6923076923076923,0,4,6,12,6,0.4167,Clean,train
ObjectLookupView,0,0.9523809523809523,59,6.857142857142857,1.2857142857142858,0,4,1,5,4,0.4,Clean,test
DisableMigrations,0,1.0,6,2.0,1.0,0,0,0,0,0,0.0,Clean,train
SimpleHistoryAdmin,0,0.919047619047619,346,15.047619047619047,2.4761904761904763,0,0,0,47,21,0.1489,God Class,train
MultipleRegistrationsError,0,0.0,4,0.0,0.0,0,0,0,0,0,0.0,Clean,train
NotHistoricalModelError,0,0.0,4,0.0,0.0,0,0,0,0,0,0.0,Clean,train
RelatedNameConflictError,0,0.0,4,0.0,0.0,0,0,0,0,0,0.0,Clean,train
AlternativeManagerError,0,0.0,4,0.0,0.0,0,0,0,0,0,0.0,Clean,train
HistoricalQuerySet,0,0.4642857142857143,97,10.0,1.875,0,1,2,8,6,0.375,Clean,train
HistoryManager,0,0.4666666666666667,145,23.166666666666668,3.8333333333333335,0,1,5,10,7,0.2,Clean,test
HistoryDescriptor,0,0.0,10,4.0,1.0,0,2,0,0,0,0.0,Clean,train
HistoricalRecords,1,0.9047619047619048,731,24.892857142857142,3.7857142857142856,0,0,1,66,32,0.197,God Class,test
HistoricDescriptorMixin,0,0.0,18,16.0,4.0,0,2,4,3,3,0.3333,Clean,train
HistoricForwardManyToOneDescriptor,0,0.0,11,2.0,1.0,1,1,0,0,0,0.0,Clean,train
HistoricReverseManyToOneDescriptor,0,0.0,42,34.0,3.0,0,0,2,3,3,0.3333,Clean,train
HistoricForeignKey,0,0.0,19,0.0,0.0,0,0,0,0,0,0.0,Clean,train
HistoricForwardOneToOneDescriptor,0,0.0,11,2.0,1.0,1,1,0,0,0,0.0,Clean,train
HistoricReverseOneToOneDescriptor,0,0.0,11,2.0,1.0,1,1,0,0,0,0.0,Clean,train
HistoricOneToOneField,0,0.0,20,0.0,0.0,0,0,0,0,0,0.0,Clean,train
HistoricalObjectDescriptor,0,0.0,10,4.0,1.5,0,1,0,1,1,1.0,Clean,train
HistoricalChanges,3,1.0,169,55.333333333333336,6.0,0,0,3,16,11,0.125,Long Method,test
DeletedObject,0,0.0,9,5.0,1.0,0,1,0,0,0,0.0,Clean,train
ModelChange,0,0.0,4,0.0,0.0,0,1,0,0,0,0.0,Clean,test
ModelDelta,0,0.0,5,0.0,0.0,0,1,0,0,0,0.0,Clean,train
HistoricRelationModelManager,0,0.0,27,26.0,3.0,0,2,1,2,2,0.5,Clean,train
HistoricalRecordContextHelper,1,0.7333333333333333,131,19.666666666666668,1.6666666666666667,0,0,2,9,5,0.3333,Clean,train
ObjDiffDisplay,0,0.5,84,17.75,1.75,0,1,0,0,0,0.0,Clean,test
Command,0,0.7333333333333333,128,19.0,4.166666666666667,0,0,0,22,13,0.1818,Clean,test
Command,0,0.8333333333333334,65,14.0,3.0,0,0,0,8,5,0.375,Clean,train
Command,0,0.6666666666666666,160,19.714285714285715,4.714285714285714,0,0,0,9,8,0.2222,Clean,train
DoYouKnow,0,0.0,2,0.0,0.0,0,0,0,0,0,0.0,Clean,train
WhatIMean,0,0.0,2,0.0,0.0,1,0,0,0,0,0.0,Clean,test
Yar,0,0.0,3,0.0,0.0,0,0,0,0,0,0.0,Clean,train
CustomAttrNameForeignKey,0,0.0,13,3.3333333333333335,1.6666666666666667,0,1,3,1,1,1.0,Clean,train
ModelWithCustomAttrForeignKey,0,0.0,5,0.0,0.0,0,0,0,0,0,0.0,Clean,train
CustomAttrNameOneToOneField,0,0.0,13,3.3333333333333335,1.6666666666666667,0,1,3,1,1,1.0,Clean,train
ModelWithCustomAttrOneToOneField,0,0.0,5,0.0,0.0,0,0,0,0,0,0.0,Clean,train
Migration,0,0.0,107,0.0,0.0,0,0,0,0,0,0.0,Clean,train
Migration,0,0.0,20,0.0,0.0,0,0,0,0,0,0.0,Clean,train
LibraryManagementConfig,0,0.0,3,0.0,0.0,0,0,0,0,0,0.0,Clean,train
PhysicalCopyForm,0,0.0,10,0.0,0.0,0,0,0,0,0,0.0,Clean,train
AuthorForm,0,0.0,19,3.0,1.0,0,1,1,0,0,0.0,Clean,train
BookForm,0,0.0,12,3.0,1.0,0,1,1,0,0,0.0,Clean,train
Meta,0,0.0,3,0.0,0.0,0,0,0,0,0,0.0,Clean,test
Meta,0,0.0,10,0.0,0.0,0,0,0,0,0,0.0,Clean,train
Meta,0,0.0,3,0.0,0.0,0,0,0,0,0,0.0,Clean,train
BookTypeChoices,0,0.0,6,0.0,0.0,0,0,0,0,0,0.0,Clean,train
BookType,0,0.0,6,0.0,0.0,0,0,0,0,0,0.0,Clean,train
Book,0,1.0,18,2.0,1.0,0,0,0,0,0,0.0,Data Class,train
MagazineManager,0,0.0,11,10.0,1.0,0,0,0,0,0,0.0,Clean,train
Magazine,0,0.0,9,2.0,1.0,1,0,0,0,0,0.0,Clean,train
Author,0,1.0,17,2.0,1.0,0,0,0,0,0,0.0,Clean,train
ConditionTag,0,0.0,5,0.0,0.0,0,0,0,0,0,0.0,Clean,train
ConditionTaggedItem,0,0.0,9,0.0,0.0,0,0,0,0,0,0.0,Clean,train
PhysicalCopy,0,0.0,14,2.0,1.0,0,0,0,0,0,0.0,Clean,train
Meta,0,0.0,3,0.0,0.0,0,0,0,0,0,0.0,Clean,train
Meta,0,0.0,3,0.0,0.0,0,0,0,0,0,0.0,Clean,train
Meta,0,0.0,2,0.0,0.0,0,0,0,0,0,0.0,Clean,test
Meta,0,0.0,4,0.0,0.0,0,0,0,0,0,0.0,Clean,train
Meta,0,0.0,3,0.0,0.0,0,0,0,0,0,0.0,Clean,train
Meta,0,0.0,3,0.0,0.0,0,0,0,0,0,0.0,Clean,train
BookListView,0,0.0,11,5.0,2.0,0,0,0,0,0,0.0,Clean,test
BookDetailView,0,0.0,4,0.0,0.0,0,0,0,0,0,0.0,Clean,train
BookCreateView,0,0.0,5,0.0,0.0,0,0,0,0,0,0.0,Clean,train
BookUpdateView,0,0.0,7,2.0,1.0,0,0,0,0,0,0.0,Clean,train
AuthorListView,0,0.0,5,0.0,0.0,0,0,0,0,0,0.0,Clean,train
AuthorDetailView,0,0.0,4,0.0,0.0,0,0,0,0,0,0.0,Clean,train
AuthorUpdateView,0,0.0,5,0.0,0.0,0,0,0,0,0,0.0,Clean,train
MagazineListView,0,0.0,4,0.0,0.0,1,0,0,0,0,0.0,Clean,train
MagazineDetailView,0,0.0,4,0.0,0.0,1,0,0,0,0,0.0,Clean,train
MagazineCreateView,0,0.0,4,0.0,0.0,1,0,0,0,0,0.0,Clean,test
MagazineUpdateView,0,0.0,8,2.0,1.0,1,0,0,0,0,0.0,Clean,train
PhysicalCopyUpdateView,0,0.0,7,2.0,1.0,0,0,0,0,0,0.0,Clean,test
Migration,0,0.0,229,0.0,0.0,0,0,0,0,0,0.0,Clean,test
TaggedItemInline,0,0.0,2,0.0,0.0,0,0,0,0,0,0.0,Clean,train
TagAdmin,0,1.0,81,17.0,2.75,0,0,0,18,9,0.2778,Clean,train
TaggitAppConfig,0,0.0,4,0.0,0.0,0,0,0,0,0,0.0,Clean,train
TagWidgetMixin,0,0.0,5,4.0,3.0,0,0,0,0,0,0.0,Clean,train
TagWidget,0,0.0,2,0.0,0.0,1,0,0,0,0,0.0,Clean,test
TextareaTagWidget,0,0.0,2,0.0,0.0,1,0,0,0,0,0.0,Clean,train
TagField,0,1.0,33,14.5,3.5,0,0,0,2,2,0.5,Clean,train
MergeTagsForm,0,0.0,7,0.0,0.0,0,0,0,0,0,0.0,Clean,train
ExtraJoinRestriction,0,0.0,28,4.25,1.25,0,2,0,2,2,0.5,Clean,train
_TaggableManager,0,0.43333333333333335,401,23.5,3.375,0,1,2,34,18,0.1765,Long Method,train
TaggableManager,1,0.7315270935960592,330,9.96551724137931,2.0,0,1,4,22,12,0.1818,God Class,train
NaturalKeyManager,0,0.0,8,7.0,2.0,0,0,0,0,0,0.0,Clean,train
NaturalKeyModel,0,0.0,6,2.0,1.0,0,0,0,0,0,0.0,Clean,test
TagBase,0,0.4,70,9.8,2.6,1,0,0,4,4,0.25,Clean,test
TagQuerySet,0,0.0,4,2.0,1.0,0,0,0,0,0,0.0,Clean,train
Tag,0,0.0,8,0.0,0.0,2,0,0,0,0,0.0,Clean,train
ItemBase,0,0.9,36,4.0,1.4,1,1,0,2,2,0.5,Clean,train
TaggedItemBase,0,0.0,7,0.0,0.0,2,0,0,0,0,0.0,Clean,test
CommonGenericTaggedItemBase,0,1.0,32,8.5,2.0,2,0,2,3,3,0.3333,Clean,train
GenericTaggedItemBase,0,0.0,6,0.0,0.0,3,0,0,0,0,0.0,Clean,train
GenericUUIDTaggedItemBase,0,0.0,6,0.0,0.0,3,0,0,0,0,0.0,Clean,test
TaggedItem,0,0.0,15,0.0,0.0,4,0,0,0,0,0.0,Clean,train
Meta,0,0.0,2,0.0,0.0,0,0,0,0,0,0.0,Clean,train
Meta,0,0.0,2,0.0,0.0,0,0,0,0,0,0.0,Clean,train
Meta,0,0.0,4,0.0,0.0,0,0,0,0,0,0.0,Clean,train
Meta,0,0.0,4,0.0,0.0,0,0,0,0,0,0.0,Clean,train
Meta,0,0.0,2,0.0,0.0,0,0,0,0,0,0.0,Clean,test
Meta,0,0.0,2,0.0,0.0,0,0,0,0,0,0.0,Clean,train
Meta,0,0.0,2,0.0,0.0,0,0,0,0,0,0.0,Clean,train
Meta,0,0.0,2,0.0,0.0,0,0,0,0,0,0.0,Clean,train
Meta,0,0.0,14,0.0,0.0,0,0,0,0,0,0.0,Clean,train
TagList,0,0.8333333333333334,26,4.25,1.5,0,1,1,1,1,1.0,Clean,train
TagListSerializerField,1,0.6666666666666666,69,15.0,4.0,0,1,3,2,2,0.5,Clean,train
TaggitSerializer,0,1.0,32,7.0,2.0,0,1,0,3,2,0.6667,Clean,train
TagListMixin,0,0.5,27,5.25,1.5,0,0,0,5,4,0.4,Clean,train
Command,0,1.0,76,17.25,3.25,0,0,0,12,8,0.4167,Clean,test
Command,0,0.0,7,4.0,1.0,0,0,0,2,2,0.5,Clean,train
Migration,0,0.0,79,0.0,0.0,0,0,0,0,0,0.0,Clean,test
Migration,0,0.0,20,0.0,0.0,0,0,0,0,0,0.0,Clean,train
Migration,0,0.0,17,0.0,0.0,0,0,0,0,0,0.0,Clean,test
Migration,0,0.0,27,0.0,0.0,0,0,0,0,0,0.0,Clean,train
Migration,0,0.0,14,0.0,0.0,0,0,0,0,0,0.0,Clean,train
Migration,0,0.0,12,0.0,0.0,0,0,0,0,0,0.0,Clean,train
Migration,0,0.0,15,0.0,0.0,0,0,0,0,0,0.0,Clean,train
_EmojiListReturn,0,0.0,4,0.0,0.0,0,0,0,0,0,0.0,Clean,test
config,0,0.0,62,25.0,4.0,0,0,0,2,1,1.0,Clean,train
EmojiMatch,1,0.5,59,9.4,1.4,0,1,2,0,0,0.0,Clean,train
EmojiMatchZWJ,1,0.9,34,4.6,1.2,1,2,4,7,4,0.5714,Clean,train
EmojiMatchZWJNonRGI,0,0.0,23,4.333333333333333,1.0,2,1,1,2,2,0.5,Clean,test
Token,0,0.0,8,0.0,0.0,0,0,0,0,0,0.0,Clean,train
EmojiDataDict,0,0.0,23,14.0,4.0,0,0,0,0,0,0.0,Clean,train
FlaskyStyle,0,0.0,71,0.0,0.0,0,0,0,0,0,0.0,Clean,train
BasicAuth,0,1.0,81,5.0,1.2222222222222223,0,2,2,7,3,0.5714,Feature Envy,train
HMACAuth,0,1.0,58,18.5,2.0,1,2,3,3,2,0.6667,Clean,train
TokenAuth,0,1.0,52,17.0,4.5,1,2,3,4,2,0.5,Clean,train
ConfigException,0,0.0,6,0.0,0.0,0,0,0,0,0,0.0,Clean,train
SchemaException,0,0.0,4,0.0,0.0,1,0,0,0,0,0.0,Clean,train
EveWSGIRequestHandler,0,0.0,11,5.0,1.0,0,0,0,0,0,0.0,Clean,test
RegexConverter,0,0.0,6,3.0,1.0,0,1,1,0,0,0.0,Clean,train
Eve,0,0.4420289855072464,1061,39.958333333333336,4.458333333333333,0,1,1,18,13,0.1111,Long Method,test
RequestFilter,0,0.0,37,11.0,2.0,0,0,0,6,2,0.5,Feature Envy,train
Renderer,0,0.0,10,2.0,1.0,0,0,0,0,0,0.0,Clean,train
JSONRenderer,0,0.0,28,23.0,3.0,1,0,0,4,3,0.5,Clean,train
XMLRenderer,0,1.0,232,20.8,3.0,1,0,0,12,6,0.3333,Clean,test
Config,0,0.0,15,8.0,2.0,0,0,0,1,1,1.0,Clean,train
ParsedRequest,0,0.0,50,0.0,0.0,0,0,0,0,0,0.0,Data Class,test
Validator,0,0.5824175824175825,130,9.454545454545455,2.1818181818181817,0,0,0,6,5,0.3333,Clean,test
SingleErrorAsStringErrorHandler,0,1.0,22,5.5,3.0,0,0,0,0,0,0.0,Clean,test
BaseJSONEncoder,0,0.0,17,12.0,4.0,0,0,0,1,1,1.0,Clean,train
ConnectionException,0,0.0,19,5.0,1.5,0,0,0,0,0,0.0,Clean,train
DataLayer,0,0.9934640522875817,478,23.38888888888889,2.5,0,0,0,7,5,0.2857,God Class,train
OriginalChangedError,0,0.0,2,0.0,0.0,0,0,0,0,0,0.0,Clean,train
MediaStorage,0,1.0,49,7.4,1.0,0,0,0,0,0,0.0,Clean,train
PyMongo,0,0.0,118,36.333333333333336,7.0,0,0,0,8,5,0.375,Feature Envy,train
GeoJSON,0,1.0,16,7.0,3.5,0,10,0,1,1,1.0,Clean,train
Geometry,0,0.0,11,10.0,4.0,1,9,10,0,0,0.0,Clean,test
GeometryCollection,0,0.0,11,10.0,4.0,1,9,10,0,0,0.0,Clean,train
Point,0,0.0,5,4.0,2.0,2,9,11,0,0,0.0,Clean,train
MultiPoint,0,0.0,6,5.0,3.0,1,9,11,0,0,0.0,Clean,train
LineString,0,0.0,6,5.0,3.0,1,9,11,0,0,0.0,Clean,train
MultiLineString,0,0.0,7,6.0,4.0,1,9,11,0,0,0.0,Clean,train
Polygon,0,0.0,7,6.0,4.0,1,9,11,0,0,0.0,Clean,train
MultiPolygon,0,0.0,8,7.0,5.0,1,9,11,0,0,0.0,Clean,train
Feature,0,0.0,10,9.0,2.0,1,9,10,0,0,0.0,Clean,train
FeatureCollection,1,0.0,10,9.0,4.0,1,9,11,0,0,0.0,Clean,train
GridFSMediaStorage,0,0.9047619047619048,87,10.714285714285714,2.142857142857143,0,0,0,2,1,1.0,Clean,test
MongoJSONEncoder,0,0.0,33,20.0,6.0,0,0,0,4,2,0.75,Clean,test
Mongo,1,0.9090909090909091,1004,40.17391304347826,5.608695652173913,0,1,1,42,21,0.1429,God Class,train
PyMongos,0,0.0,19,5.0,1.0,0,1,1,0,0,0.0,Clean,train
ParseError,0,0.0,2,0.0,0.0,0,1,0,0,0,0.0,Clean,train
MongoVisitor,1,0.3611111111111111,115,9.666666666666666,2.6666666666666665,0,0,1,13,2,0.9231,Clean,train
Validator,0,0.9824561403508771,273,12.0,2.9473684210526314,0,0,0,9,7,0.2222,God Class,train
RateLimit,0,0.0,27,10.0,1.0,0,0,0,4,2,0.75,Data Class,train
BCryptAuth,0,0.0,9,8.0,2.0,0,0,0,2,2,0.5,Clean,test
HMACAuth,0,0.0,14,13.0,3.0,0,0,0,2,2,0.5,Clean,test
RolesAuth,0,0.0,10,9.0,3.0,0,0,0,2,2,0.5,Clean,train
Sha1Auth,0,0.0,6,5.0,2.0,0,0,0,2,2,0.5,Clean,train
TokenAuth,0,0.0,10,9.0,1.0,0,0,0,2,2,0.5,Clean,train
Formatter,0,0.0,37,14.0,5.0,0,1,1,2,1,1.0,Clean,train
Handler,1,0.0,16,8.0,1.0,0,1,2,0,0,0.0,Clean,train
Ratio,0,1.0,32,3.2,1.2,0,0,0,2,1,1.0,Clean,test
ExifError,0,0.0,2,0.0,0.0,0,0,0,0,0,0.0,Clean,train
InvalidExif,0,0.0,2,0.0,0.0,1,0,0,0,0,0.0,Clean,train
ExifNotFound,0,0.0,2,0.0,0.0,1,0,0,0,0,0.0,Clean,train
ExifHeader,0,0.6323529411764706,679,38.470588235294116,6.294117647058823,0,0,0,34,22,0.1471,Long Method,test
BoxVersion,0,0.0,2,0.0,0.0,0,1,0,0,0,0.0,Clean,train
BadSize,0,0.0,2,0.0,0.0,0,1,0,0,0,0.0,Clean,test
Box,0,0.8333333333333334,46,4.0,1.0,0,1,0,0,0,0.0,Clean,train
HEICExifFinder,3,0.9353846153846154,264,8.461538461538462,2.3076923076923075,0,0,5,28,5,0.7857,God Class,train
IfdTag,0,0.0,50,14.333333333333334,1.3333333333333333,0,0,0,0,0,0.0,Data Class,train
JXLExifFinder,0,0.0,14,11.0,1.0,0,0,0,3,2,0.6667,Clean,train
FieldType,0,0.0,17,0.0,0.0,0,0,0,0,0,0.0,Data Class,train
UniqueMemberFunctionsAndVariables,0,0.0,13,12.0,3.0,0,0,0,2,2,0.5,Clean,train
Command,0,0.0,162,80.0,4.0,0,0,0,11,2,0.8182,Feature Envy,test
FakerEnum,0,0.0,5,0.0,0.0,0,0,0,0,0,0.0,Clean,train
Documentor,0,0.5,109,26.0,6.5,0,0,0,5,2,0.8,Long Method,train
BaseFakerException,0,0.0,2,0.0,0.0,0,0,0,0,0,0.0,Clean,test
UniquenessException,0,0.0,4,0.0,0.0,1,0,0,0,0,0.0,Clean,test
UnsupportedFeature,0,0.0,6,3.0,1.0,1,0,0,0,0,0.0,Clean,train
Factory,0,1.0,92,43.5,7.0,0,0,0,3,3,0.3333,Clean,test
Generator,0,0.7916666666666666,173,9.666666666666666,2.2666666666666666,0,0,0,7,6,0.2857,God Class,test
Faker,2,0.8095238095238095,276,10.714285714285714,2.0952380952380953,0,1,2,15,9,0.4,God Class,test
UniqueProxy,0,0.6111111111111112,106,10.777777777777779,2.0,0,2,2,7,5,0.2857,Clean,train
OptionalProxy,0,0.6,33,4.8,1.6,0,2,1,0,0,0.0,Clean,train
CreditCard,0,0.0,14,13.0,1.0,0,0,0,0,0,0.0,Clean,train
Country,0,0.0,7,0.0,0.0,0,0,0,0,0,0.0,Data Class,train
BaseProvider,0,0.691699604743083,660,16.304347826086957,2.130434782608696,0,1,0,12,10,0.25,God Class,train
DynamicProvider,0,0.0,58,18.333333333333332,2.6666666666666665,1,0,2,0,0,0.0,Clean,test
Provider,0,0.9090909090909091,111,6.916666666666667,1.4166666666666667,0,0,0,3,2,0.6667,Clean,train
Provider,0,1.0,342,2.0,1.0,0,0,0,0,0,0.0,Clean,test
Provider,0,0.978021978021978,688,4.857142857142857,1.0714285714285714,0,0,0,0,0,0.0,God Class,train
Provider,0,0.9722222222222222,542,5.777777777777778,1.0,0,0,0,1,1,1.0,Clean,train
Provider,0,0.9333333333333333,1199,2.0,1.0,0,0,0,0,0,0.0,Clean,test
Provider,0,1.0,2519,3.0,1.0,0,0,0,0,0,0.0,Clean,test
Provider,0,0.0,250,0.0,0.0,0,0,0,0,0,0.0,Clean,test
Provider,0,1.0,277,2.2,1.0,0,0,0,0,0,0.0,Clean,train
Provider,0,1.0,242,6.0,1.0,0,0,0,0,0,0.0,Clean,train
Provider,0,1.0,467,2.2,1.0,0,0,0,0,0,0.0,Clean,train
Provider,0,0.9047619047619048,4949,2.142857142857143,1.0,0,0,0,0,0,0.0,Clean,train
Provider,0,0.0,248,0.0,0.0,0,0,0,0,0,0.0,Clean,train
Provider,0,1.0,339,2.0,1.0,0,0,0,0,0,0.0,Clean,train
Provider,0,0.9722222222222222,540,5.777777777777778,1.0,0,0,0,1,1,1.0,Clean,train
Provider,0,0.9555555555555556,408,4.9,1.2,0,0,0,0,0,0.0,Clean,train
Provider,0,1.0,545,4.0,1.25,0,0,0,0,0,0.0,Clean,train
Provider,0,1.0,56,3.5,1.5,0,0,0,0,0,0.0,Clean,train
Provider,0,0.9848484848484849,565,4.5,1.3333333333333333,0,0,0,0,0,0.0,God Class,train
Provider,0,0.8909090909090909,477,5.636363636363637,1.2727272727272727,0,0,0,0,0,0.0,God Class,train
Provider,0,0.8571428571428571,337,2.0,1.0,0,0,0,0,0,0.0,Clean,train
Provider,0,0.9732620320855615,1791,2.3529411764705883,1.088235294117647,0,0,0,0,0,0.0,God Class,train
Provider,0,0.9666666666666667,593,5.625,1.3125,0,0,0,0,0,0.0,God Class,test
Provider,0,0.0,197,0.0,0.0,0,0,0,0,0,0.0,Clean,train
Provider,0,0.8285714285714286,225,5.933333333333334,1.0,0,0,0,0,0,0.0,God Class,train
Provider,0,0.9238095238095239,641,2.533333333333333,1.0,0,0,0,0,0,0.0,God Class,train
Provider,0,0.8181818181818182,1328,6.333333333333333,1.0833333333333333,0,0,0,0,0,0.0,God Class,train
Provider,0,0.9333333333333333,137,2.0,1.0,0,0,0,0,0,0.0,Clean,train
Provider,0,0.9523809523809523,158,3.7142857142857144,1.0,0,0,0,0,0,0.0,Clean,test
Provider,0,1.0,293,2.0,1.0,0,0,0,0,0,0.0,Clean,train
Provider,0,0.0,4,0.0,0.0,0,0,0,0,0,0.0,Clean,train
Provider,0,1.0,797,2.0,1.0,0,0,0,0,0,0.0,Clean,train
Provider,0,1.0,76,3.5,1.0,0,0,0,0,0,0.0,Clean,train
Provider,0,1.0,362,5.6,1.0,0,0,0,0,0,0.0,Clean,test
Provider,0,1.0,350,2.0,1.0,0,0,0,0,0,0.0,Clean,train
Provider,0,1.0,473,6.142857142857143,1.1428571428571428,0,0,0,0,0,0.0,Clean,train
Provider,0,1.0,868,2.0,1.0,0,0,0,0,0,0.0,Clean,train
Provider,0,1.0,241,2.0,1.0,0,0,0,0,0,0.0,Clean,train
Provider,0,1.0,585,2.0,1.0,0,0,0,0,0,0.0,Clean,test
Provider,0,1.0,474,2.8,1.0,0,0,0,0,0,0.0,Clean,train
Provider,0,0.9636363636363636,681,6.545454545454546,1.2727272727272727,0,0,0,0,0,0.0,God Class,train
Provider,0,1.0,523,2.0,1.0,0,0,0,0,0,0.0,Clean,train
Provider,0,1.0,17650,5.333333333333333,1.0,0,0,0,0,0,0.0,Clean,train
Provider,0,0.8333333333333334,646,5.333333333333333,1.0,0,0,0,0,0,0.0,Clean,train
Provider,0,1.0,1294,2.0,1.0,0,0,0,0,0,0.0,Clean,train
Provider,0,0.8221343873517787,636,6.173913043478261,1.0869565217391304,0,0,0,0,0,0.0,God Class,train
Provider,0,1.0,377,2.0,1.0,0,0,0,0,0,0.0,Clean,train
Provider,0,1.0,123,2.0,1.0,0,0,0,0,0,0.0,Clean,test
Provider,0,1.0,618,5.0,1.0,0,0,0,0,0,0.0,Clean,train
Provider,0,1.0,3044,2.0,1.0,0,0,0,0,0,0.0,Clean,train
Provider,0,1.0,2734,2.0,1.0,0,0,0,0,0,0.0,Clean,train
Provider,0,1.0,109,2.3333333333333335,1.0,0,0,0,0,0,0.0,Clean,train
Provider,0,0.967032967032967,747,5.714285714285714,1.0,0,0,0,0,0,0.0,God Class,train
Provider,0,1.0,930,5.0,1.1111111111111112,0,0,0,0,0,0.0,Clean,train
Provider,0,1.0,1589,5.0,1.0,0,0,0,0,0,0.0,Clean,train
Provider,0,0.8666666666666667,433,4.0,1.0,0,0,0,0,0,0.0,Clean,train
Provider,0,0.9523809523809523,1594,6.0,2.7142857142857144,0,0,0,1,1,1.0,Clean,train
Provider,0,0.9333333333333333,5263,2.0,1.0,0,0,0,0,0,0.0,Clean,test
Provider,0,1.0,1598,2.0,1.0,0,0,0,0,0,0.0,Clean,test
Provider,0,1.0,372,2.0,1.0,0,0,0,0,0,0.0,Clean,train
Provider,0,1.0,426,2.0,1.0,0,0,0,0,0,0.0,Clean,train
Provider,0,0.0,248,0.0,0.0,0,0,0,0,0,0.0,Clean,train
Provider,0,1.0,385,5.8,1.0,0,0,0,0,0,0.0,Clean,test
Provider,0,0.0,4,0.0,0.0,0,0,0,0,0,0.0,Clean,test
Provider,0,1.0,2197,5.571428571428571,1.0,0,0,0,0,0,0.0,Clean,train
Provider,0,0.8,299,8.6,1.6,0,0,0,0,0,0.0,Clean,train
Provider,0,1.0,446,2.0,1.0,0,0,0,0,0,0.0,Clean,train
Provider,0,1.0,385,2.0,1.0,0,0,0,0,0,0.0,Clean,test
Provider,0,0.9722222222222222,227,5.0,1.0,0,0,0,0,0,0.0,Clean,train
Provider,0,1.0,24,9.0,1.5,0,0,0,0,0,0.0,Clean,train
Provider,0,0.0,9,0.0,0.0,0,0,0,0,0,0.0,Clean,train
Provider,0,0.0,17,6.0,1.0,0,0,0,0,0,0.0,Clean,train
Provider,0,1.0,50,18.0,1.0,0,0,0,0,0,0.0,Clean,test
Provider,0,1.0,61,11.0,1.0,0,0,0,0,0,0.0,Clean,test
Provider,0,1.0,84,8.5,1.25,0,0,0,0,0,0.0,Clean,train
Provider,0,0.0,92,10.0,1.0,0,0,0,1,1,1.0,Clean,train
Provider,0,1.0,248,5.6,1.0,0,0,0,0,0,0.0,Clean,train
Provider,0,0.0,6,0.0,0.0,0,0,0,0,0,0.0,Clean,train
Provider,0,0.0,172,16.0,2.0,0,0,0,0,0,0.0,Clean,test
Provider,0,0.0,41,4.0,1.0,0,0,0,0,0,0.0,Clean,train
Provider,0,0.0,425,8.0,1.0,0,0,0,0,0,0.0,Clean,train
Provider,0,0.0,18,8.0,1.0,0,0,0,0,0,0.0,Clean,test
Provider,0,0.0,42,0.0,0.0,0,0,0,0,0,0.0,Clean,train
Provider,0,0.0,12,0.0,0.0,0,0,0,0,0,0.0,Clean,train
Provider,0,0.0,29,0.0,0.0,0,0,0,0,0,0.0,Clean,train
Provider,0,1.0,64,6.8,1.0,0,0,0,0,0,0.0,Clean,train
Provider,0,0.0,167,0.0,0.0,0,0,0,0,0,0.0,Clean,train
Provider,0,1.0,81,6.666666666666667,1.0,0,0,0,0,0,0.0,Clean,test
Provider,0,1.0,57,4.833333333333333,1.0,0,0,0,0,0,0.0,Clean,train
Provider,0,0.0,11,0.0,0.0,0,0,0,0,0,0.0,Clean,train
Provider,0,1.0,117,10.333333333333334,1.6666666666666667,0,0,0,0,0,0.0,Clean,train
Provider,0,0.967032967032967,184,5.0,1.0714285714285714,0,0,0,0,0,0.0,God Class,test
Provider,0,0.0,9,0.0,0.0,0,0,0,0,0,0.0,Clean,test
Provider,0,0.0,7,0.0,0.0,0,0,0,0,0,0.0,Clean,train
Provider,0,0.0,9,0.0,0.0,0,0,0,0,0,0.0,Clean,train
Provider,0,0.0,2,0.0,0.0,0,0,0,0,0,0.0,Clean,train
Provider,0,0.0,14,0.0,0.0,0,0,0,0,0,0.0,Clean,train
Provider,0,0.0,8,0.0,0.0,0,0,0,0,0,0.0,Clean,train
Provider,0,0.0,9,0.0,0.0,0,0,0,0,0,0.0,Clean,train
Provider,0,0.0,13,0.0,0.0,0,0,0,0,0,0.0,Clean,train
Provider,0,0.0,12,0.0,0.0,0,0,0,0,0,0.0,Clean,test
Provider,0,1.0,111,5.2,1.2,0,0,0,1,1,1.0,Clean,train
Provider,0,0.0,49,4.0,1.0,0,0,0,0,0,0.0,Clean,train
Provider,0,0.0,9,0.0,0.0,0,0,0,0,0,0.0,Clean,train
Provider,0,0.0,63,7.0,1.0,0,0,0,0,0,0.0,Clean,test
Provider,0,0.0,13,0.0,0.0,0,0,0,0,0,0.0,Clean,test
Provider,0,1.0,71,9.0,1.3333333333333333,0,0,0,0,0,0.0,Clean,train
Provider,0,0.0,12,0.0,0.0,0,0,0,0,0,0.0,Clean,train
Provider,0,0.0,34,9.0,1.0,0,0,0,1,1,1.0,Clean,train
Provider,0,0.0,4,0.0,0.0,0,0,0,0,0,0.0,Clean,train
Provider,0,0.0,15,0.0,0.0,0,0,0,0,0,0.0,Clean,train
Provider,0,0.0,61,8.0,1.0,0,0,0,0,0,0.0,Clean,train
Provider,0,1.0,318,3.142857142857143,1.0,0,0,0,0,0,0.0,Clean,train
Provider,0,0.0,95,8.0,1.0,0,0,0,0,0,0.0,Clean,test
Provider,0,0.0,9,0.0,0.0,0,0,0,0,0,0.0,Clean,train
Provider,0,0.0,15,0.0,0.0,0,0,0,0,0,0.0,Clean,train
Provider,0,0.0,34,9.0,1.0,0,0,0,0,0,0.0,Clean,test
Provider,0,0.0,7,0.0,0.0,0,0,0,0,0,0.0,Clean,train
Provider,0,0.0,28,10.0,1.0,0,0,0,2,1,1.0,Clean,train
Provider,0,1.0,284,10.375,1.5,0,0,0,0,0,0.0,Clean,train
Provider,0,0.0,19,8.0,1.0,0,0,0,0,0,0.0,Clean,train
Provider,0,0.0,44,4.0,1.0,0,0,0,0,0,0.0,Clean,train
Provider,0,0.0,16,0.0,0.0,0,0,0,0,0,0.0,Clean,train
Provider,0,0.8928571428571429,152,15.625,2.375,0,0,0,0,0,0.0,Long Method,train
Provider,0,0.0,33,0.0,0.0,0,0,0,0,0,0.0,Clean,train
Provider,0,0.0,78,2.0,1.0,0,0,0,0,0,0.0,Clean,train
Provider,0,0.0,8,0.0,0.0,0,0,0,0,0,0.0,Clean,test
Provider,0,0.0,5,0.0,0.0,0,0,0,0,0,0.0,Clean,test
Provider,0,0.0,5,0.0,0.0,0,0,0,0,0,0.0,Clean,train
Provider,0,0.0,21,0.0,0.0,0,0,0,0,0,0.0,Clean,train
Provider,0,0.0,18,0.0,0.0,0,0,0,0,0,0.0,Clean,train
Provider,0,0.0,25,0.0,0.0,0,0,0,0,0,0.0,Clean,train
Provider,0,0.0,47,0.0,0.0,0,0,0,0,0,0.0,Clean,train
Provider,0,0.0,5,0.0,0.0,0,0,0,0,0,0.0,Clean,test
Provider,0,0.0,44,3.0,1.0,0,0,0,0,0,0.0,Clean,train
Provider,0,1.0,102,13.0,1.0,0,0,0,1,1,1.0,Clean,train
Provider,0,0.0,29,0.0,0.0,0,0,0,0,0,0.0,Clean,train
Provider,0,1.0,21,6.5,1.5,0,0,0,0,0,0.0,Clean,train
Provider,0,0.0,242,21.0,2.0,0,0,0,0,0,0.0,Clean,train
Provider,0,0.0,53,0.0,0.0,0,0,0,0,0,0.0,Data Class,train
Provider,0,0.0,7,0.0,0.0,0,0,0,0,0,0.0,Clean,train
Provider,0,0.0,5,0.0,0.0,0,0,0,0,0,0.0,Clean,train
Provider,0,0.0,7,0.0,0.0,0,0,0,0,0,0.0,Clean,test
Provider,0,0.0,5,0.0,0.0,0,0,0,0,0,0.0,Clean,train
Provider,0,0.0,7,0.0,0.0,0,0,0,0,0,0.0,Clean,train
Provider,0,0.0,5,0.0,0.0,0,0,0,0,0,0.0,Clean,train
Provider,0,0.0,29,0.0,0.0,0,0,0,0,0,0.0,Clean,train
Provider,0,0.9,89,4.6,1.4,0,0,0,1,1,1.0,Clean,train
Provider,0,0.0,5,0.0,0.0,0,0,0,0,0,0.0,Clean,test
Provider,0,0.0,5,0.0,0.0,0,0,0,0,0,0.0,Clean,test
Provider,0,0.0,5,0.0,0.0,0,0,0,0,0,0.0,Clean,test
Provider,0,0.0,459,0.0,0.0,0,0,0,0,0,0.0,Clean,train
Provider,0,0.0,5,0.0,0.0,0,0,0,0,0,0.0,Clean,train
Provider,0,0.0,47,0.0,0.0,0,0,0,0,0,0.0,Clean,train
Provider,0,0.6666666666666666,753,10.0,1.0,0,0,0,0,0,0.0,Clean,test
Provider,0,0.0,8,0.0,0.0,0,0,0,0,0,0.0,Clean,test
Provider,0,0.0,61,0.0,0.0,0,0,0,0,0,0.0,Clean,train
Provider,0,0.0,7,0.0,0.0,0,0,0,0,0,0.0,Clean,train
Provider,0,0.0,5,0.0,0.0,0,0,0,0,0,0.0,Clean,test
Provider,0,0.0,80,0.0,0.0,0,0,0,0,0,0.0,Clean,train
Provider,0,0.0,30,0.0,0.0,0,0,0,0,0,0.0,Clean,test
Provider,0,1.0,113,13.857142857142858,1.5714285714285714,0,0,0,0,0,0.0,Clean,test
Provider,0,0.0,19,0.0,0.0,0,0,0,0,0,0.0,Clean,train
Provider,0,1.0,240,39.6,4.4,0,0,0,6,5,0.3333,Clean,train
Provider,0,0.0,9,0.0,0.0,0,0,0,0,0,0.0,Clean,train
Provider,0,0.0,7,0.0,0.0,0,0,0,0,0,0.0,Clean,test
Provider,0,1.0,46,7.333333333333333,1.0,0,0,0,0,0,0.0,Clean,test
RandomColor,0,0.9766081871345029,255,11.947368421052632,2.6842105263157894,0,0,0,1,1,1.0,God Class,train
Provider,0,0.8484848484848485,319,11.75,1.0,0,0,0,0,0,0.0,God Class,train
Provider,0,0.0,165,0.0,0.0,0,0,0,0,0,0.0,Clean,train
Provider,0,0.0,65,0.0,0.0,0,0,0,0,0,0.0,Clean,train
Provider,0,0.0,79,0.0,0.0,0,0,0,0,0,0.0,Clean,train
Provider,0,0.0,165,0.0,0.0,0,0,0,0,0,0.0,Clean,train
Provider,0,0.0,20,0.0,0.0,0,0,0,0,0,0.0,Clean,test
Provider,0,0.0,327,0.0,0.0,0,0,0,0,0,0.0,Clean,test
Provider,0,0.0,149,0.0,0.0,0,0,0,0,0,0.0,Clean,train
Provider,0,0.0,2,0.0,0.0,0,0,0,0,0,0.0,Clean,train
Provider,0,0.0,4,0.0,0.0,0,0,0,0,0,0.0,Clean,train
Provider,0,0.0,2,0.0,0.0,0,0,0,0,0,0.0,Clean,train
Provider,0,0.0,106,0.0,0.0,0,0,0,0,0,0.0,Clean,train
Provider,0,0.0,4,0.0,0.0,0,0,0,0,0,0.0,Clean,test
Provider,0,0.0,162,0.0,0.0,0,0,0,0,0,0.0,Clean,train
Provider,0,0.0,2,0.0,0.0,0,0,0,0,0,0.0,Clean,train
Provider,0,0.0,2,0.0,0.0,0,0,0,0,0,0.0,Clean,test
Provider,0,0.0,170,0.0,0.0,0,0,0,0,0,0.0,Clean,train
Provider,0,0.0,160,0.0,0.0,0,0,0,0,0,0.0,Clean,train
Provider,0,0.0,42,0.0,0.0,0,0,0,0,0,0.0,Clean,test
Provider,0,0.0,165,0.0,0.0,0,0,0,0,0,0.0,Clean,train
Provider,0,0.0,20,0.0,0.0,0,0,0,0,0,0.0,Clean,train
Provider,0,0.0,163,0.0,0.0,0,0,0,0,0,0.0,Clean,train
Provider,0,0.0,53,0.0,0.0,0,0,0,0,0,0.0,Clean,train
Provider,0,0.0,85,0.0,0.0,0,0,0,0,0,0.0,Clean,test
Provider,0,0.0,68,0.0,0.0,0,0,0,0,0,0.0,Clean,train
Provider,0,0.0,254,0.0,0.0,0,0,0,0,0,0.0,Clean,train
Provider,0,0.0,79,0.0,0.0,0,0,0,0,0,0.0,Clean,train
Provider,0,0.0,20,0.0,0.0,0,0,0,0,0,0.0,Clean,train
Provider,0,0.0,45,0.0,0.0,0,0,0,0,0,0.0,Clean,train
Provider,0,0.0,217,0.0,0.0,0,0,0,0,0,0.0,Clean,train
Provider,0,0.0,62,0.0,0.0,0,0,0,0,0,0.0,Clean,test
Provider,0,0.0,83,0.0,0.0,0,0,0,0,0,0.0,Clean,train
Provider,0,1.0,524,5.25,1.0,0,0,0,0,0,0.0,Clean,train
Provider,0,1.0,77,2.25,1.0,0,0,0,0,0,0.0,Clean,train
Provider,0,0.0,49,5.0,1.0,0,0,0,0,0,0.0,Clean,train
Provider,0,0.0,27,0.0,0.0,0,0,0,0,0,0.0,Clean,test
Provider,0,0.0,637,5.0,1.0,0,0,0,0,0,0.0,Clean,train
Provider,0,0.0,16,0.0,0.0,0,0,0,0,0,0.0,Clean,train
Provider,0,0.0,11,0.0,0.0,0,0,0,0,0,0.0,Clean,train
Provider,0,0.0,23,0.0,0.0,0,0,0,0,0,0.0,Clean,train
Provider,0,0.0,20,0.0,0.0,0,0,0,0,0,0.0,Clean,train
Provider,0,0.0,35,0.0,0.0,0,0,0,0,0,0.0,Clean,train
Provider,0,0.0,8,0.0,0.0,0,0,0,0,0,0.0,Clean,train
Provider,0,1.0,142,2.2,1.0,0,0,0,0,0,0.0,Clean,train
Provider,0,0.0,2,0.0,0.0,0,0,0,0,0,0.0,Clean,test
Provider,0,0.0,438,5.0,1.0,0,0,0,0,0,0.0,Clean,train
Provider,0,1.0,122,2.1666666666666665,1.0,0,0,0,0,0,0.0,Clean,train
Provider,0,0.0,436,5.0,1.0,0,0,0,0,0,0.0,Clean,test
Provider,0,0.0,1110,2.0,1.0,0,0,0,0,0,0.0,Clean,train
Provider,0,0.9333333333333333,88,2.1666666666666665,1.0,0,0,0,0,0,0.0,Clean,train
Provider,0,1.0,63,22.0,3.5,0,0,0,1,1,1.0,Clean,train
Provider,0,0.0,34,27.0,4.0,0,0,0,1,1,1.0,Clean,train
Provider,0,1.0,84,2.25,1.0,0,0,0,0,0,0.0,Clean,train
Provider,0,0.9777777777777777,432,13.1,2.4,0,0,0,1,1,1.0,Clean,train
Provider,0,0.0,12,0.0,0.0,0,0,0,0,0,0.0,Clean,train
Provider,0,0.0,12,2.0,1.0,0,0,0,0,0,0.0,Clean,train
Provider,0,0.0,280,0.0,0.0,0,0,0,0,0,0.0,Clean,train
Provider,0,0.0,29,2.0,1.0,0,0,0,0,0,0.0,Clean,test
Provider,0,1.0,370,13.0,3.0,0,0,0,0,0,0.0,Clean,train
Provider,0,1.0,28,2.0,1.0,0,0,0,0,0,0.0,Clean,train
Provider,0,1.0,467,2.0,1.0,0,0,0,0,0,0.0,Clean,train
Provider,0,0.0,20,0.0,0.0,0,0,0,0,0,0.0,Clean,train
Provider,0,0.0,7,0.0,0.0,0,0,0,0,0,0.0,Clean,train
Provider,0,1.0,518,5.0,1.0,0,0,0,0,0,0.0,Clean,test
Provider,0,0.0,19,0.0,0.0,0,0,0,0,0,0.0,Clean,train
Provider,0,1.0,93,15.25,2.25,0,0,0,0,0,0.0,Clean,train
Provider,0,1.0,98,5.571428571428571,1.1428571428571428,0,0,0,0,0,0.0,Clean,train
Provider,0,0.0,50,0.0,0.0,0,0,0,0,0,0.0,Clean,train
Provider,0,0.0,31,2.0,1.0,0,0,0,0,0,0.0,Clean,train
Provider,0,1.0,1163,9.777777777777779,1.2222222222222223,0,0,0,1,1,1.0,Clean,test
Provider,0,0.0,13,0.0,0.0,0,0,0,0,0,0.0,Clean,train
Provider,0,0.0,10,0.0,0.0,0,0,0,0,0,0.0,Clean,train
Provider,0,0.0,11,0.0,0.0,0,0,0,0,0,0.0,Clean,train
Provider,0,1.0,121,5.0,1.0,0,0,0,0,0,0.0,Clean,train
Provider,0,0.0,4,0.0,0.0,0,0,0,0,0,0.0,Clean,test
Provider,0,0.0,120,5.0,1.0,0,0,0,0,0,0.0,Clean,train
Provider,0,0.0,21,2.0,1.0,0,0,0,0,0,0.0,Clean,train
Provider,0,0.0,92,2.0,1.0,0,0,0,0,0,0.0,Clean,train
Provider,0,0.0,110,2.0,1.0,0,0,0,0,0,0.0,Clean,train
Provider,0,0.9047619047619048,186,11.142857142857142,1.7142857142857142,0,0,0,6,3,0.6667,Clean,train
Provider,0,0.0,4,0.0,0.0,0,0,0,0,0,0.0,Clean,train
Provider,0,0.0,117,0.0,0.0,0,0,0,0,0,0.0,Data Class,train
Provider,0,0.0,292,0.0,0.0,0,0,0,0,0,0.0,Clean,train
Provider,0,0.0,106,26.0,1.0,0,0,0,2,1,1.0,Clean,test
Provider,0,0.0,49,30.0,1.0,0,0,0,2,1,1.0,Clean,train
Provider,0,0.0,29,14.0,1.0,0,0,0,2,1,1.0,Clean,train
Provider,0,0.8928571428571429,418,3.0,1.25,0,0,0,0,0,0.0,Clean,train
Provider,0,0.0,6,2.0,1.0,0,0,0,0,0,0.0,Clean,train
Provider,0,0.0,175,2.0,1.0,0,0,0,0,0,0.0,Clean,train
Provider,0,0.0,226,8.0,1.0,0,0,0,0,0,0.0,Clean,train
Provider,0,0.0,5,2.0,1.0,0,0,0,0,0,0.0,Clean,test
Provider,0,0.0,5,2.0,1.0,0,0,0,0,0,0.0,Clean,train
Provider,0,0.0,168,0.0,0.0,0,0,0,0,0,0.0,Clean,train
Provider,0,0.0,5,2.0,1.0,0,0,0,0,0,0.0,Clean,train
Provider,0,0.0,6,2.0,1.0,0,0,0,0,0,0.0,Clean,train
Provider,0,0.0,5,2.0,1.0,0,0,0,0,0,0.0,Clean,train
Provider,0,0.0,155,2.0,1.0,0,0,0,0,0,0.0,Clean,train
Provider,0,0.0,5,2.0,1.0,0,0,0,0,0,0.0,Clean,train
Provider,0,0.0,5,2.0,1.0,0,0,0,0,0,0.0,Clean,train
Provider,0,0.0,5,2.0,1.0,0,0,0,0,0,0.0,Clean,test
Provider,0,0.0,168,0.0,0.0,0,0,0,0,0,0.0,Clean,train
Provider,0,0.0,5,2.0,1.0,0,0,0,0,0,0.0,Clean,test
Provider,0,0.0,5,2.0,1.0,0,0,0,0,0,0.0,Clean,test
Provider,0,0.0,5,2.0,1.0,0,0,0,0,0,0.0,Clean,test
Provider,0,0.0,5,2.0,1.0,0,0,0,0,0,0.0,Clean,train
Provider,0,0.0,5,2.0,1.0,0,0,0,0,0,0.0,Clean,train
Provider,0,0.0,6,2.0,1.0,0,0,0,0,0,0.0,Clean,train
Provider,0,0.0,5,2.0,1.0,0,0,0,0,0,0.0,Clean,train
Provider,0,0.0,5,2.0,1.0,0,0,0,0,0,0.0,Clean,train
Provider,0,0.0,159,2.0,1.0,0,0,0,0,0,0.0,Clean,train
Provider,0,0.0,5,2.0,1.0,0,0,0,0,0,0.0,Clean,train
Provider,0,0.0,5,2.0,1.0,0,0,0,0,0,0.0,Clean,test
Provider,0,0.0,5,2.0,1.0,0,0,0,0,0,0.0,Clean,train
Provider,0,0.0,5,2.0,1.0,0,0,0,0,0,0.0,Clean,train
Provider,0,0.0,5,2.0,1.0,0,0,0,0,0,0.0,Clean,train
Provider,0,0.0,176,4.0,1.0,0,0,0,0,0,0.0,Clean,train
Provider,0,0.0,5,2.0,1.0,0,0,0,0,0,0.0,Clean,train
Provider,0,0.0,173,0.0,0.0,0,0,0,0,0,0.0,Clean,train
Provider,0,0.0,181,0.0,0.0,0,0,0,0,0,0.0,Clean,train
Provider,0,0.0,5,2.0,1.0,0,0,0,0,0,0.0,Clean,train
Provider,0,0.0,167,2.0,1.0,0,0,0,0,0,0.0,Clean,train
Provider,0,0.0,175,4.0,1.0,0,0,0,0,0,0.0,Clean,train
Provider,0,0.0,6,2.0,1.0,0,0,0,0,0,0.0,Clean,test
ParseError,0,0.0,2,0.0,0.0,0,1,0,0,0,0.0,Clean,train
Provider,1,0.9965156794425087,2523,16.976190476190474,3.1904761904761907,0,0,1,15,11,0.1333,God Class,train
Provider,0,1.0,1760,3.0,1.0,0,0,0,0,0,0.0,Clean,train
Provider,0,0.0,16,0.0,0.0,0,0,0,0,0,0.0,Clean,train
Provider,0,0.0,15,0.0,0.0,0,0,0,0,0,0.0,Clean,train
Provider,0,1.0,33,3.0,1.0,0,0,0,0,0,0.0,Clean,train
Provider,0,1.0,1735,3.0,1.0,0,0,0,0,0,0.0,Clean,test
Provider,0,1.0,33,3.0,1.0,0,0,0,0,0,0.0,Clean,train
Provider,0,1.0,33,3.0,1.0,0,0,0,0,0,0.0,Clean,test
Provider,0,1.0,33,3.0,1.0,0,0,0,0,0,0.0,Clean,train
Provider,0,1.0,33,3.0,1.0,0,0,0,0,0,0.0,Clean,train
Provider,0,1.0,33,3.0,1.0,0,0,0,0,0,0.0,Clean,train
Provider,0,0.0,4,0.0,0.0,0,0,0,0,0,0.0,Clean,train
Provider,0,0.0,2,0.0,0.0,0,0,0,0,0,0.0,Clean,train
Provider,0,1.0,33,3.0,1.0,0,0,0,0,0,0.0,Clean,train
Provider,0,0.0,2,0.0,0.0,0,0,0,0,0,0.0,Clean,train
Provider,0,0.0,2,0.0,0.0,0,0,0,0,0,0.0,Clean,train
Provider,0,0.0,2,0.0,0.0,0,0,0,0,0,0.0,Clean,test
Provider,0,1.0,34,3.0,1.0,0,0,0,0,0,0.0,Clean,train
Provider,0,0.0,3,2.0,1.0,0,0,0,0,0,0.0,Clean,train
Provider,0,0.0,2,0.0,0.0,0,0,0,0,0,0.0,Clean,train
Provider,0,1.0,32,3.0,1.0,0,0,0,0,0,0.0,Clean,test
Provider,0,1.0,73,3.4,1.0,0,0,0,0,0,0.0,Clean,train
Provider,0,1.0,33,15.5,1.0,0,0,0,0,0,0.0,Clean,train
Provider,0,1.0,31,14.5,1.0,0,0,0,0,0,0.0,Clean,test
Provider,0,1.0,33,15.5,1.0,0,0,0,0,0,0.0,Clean,test
Provider,0,1.0,33,3.0,1.0,0,0,0,0,0,0.0,Clean,train
Provider,0,1.0,33,15.5,1.0,0,0,0,0,0,0.0,Clean,train
Provider,0,1.0,33,3.0,1.0,0,0,0,0,0,0.0,Clean,train
Provider,0,1.0,51,3.0,1.0,0,0,0,0,0,0.0,Clean,train
Provider,0,1.0,34,3.0,1.0,0,0,0,0,0,0.0,Clean,train
Provider,0,1.0,31,14.5,1.0,0,0,0,0,0,0.0,Clean,train
Provider,0,1.0,35,2.0,1.0,0,0,0,0,0,0.0,Clean,test
Provider,0,1.0,37,3.0,1.0,0,0,0,0,0,0.0,Clean,test
Provider,0,1.0,33,3.0,1.0,0,0,0,0,0,0.0,Clean,test
Provider,0,1.0,32,3.0,1.0,0,0,0,0,0,0.0,Clean,train
Provider,0,1.0,33,3.0,1.0,0,0,0,0,0,0.0,Clean,train
Provider,0,1.0,33,3.0,1.0,0,0,0,0,0,0.0,Clean,train
Provider,0,1.0,33,3.0,1.0,0,0,0,0,0,0.0,Clean,train
Provider,0,1.0,33,3.0,1.0,0,0,0,0,0,0.0,Clean,train
Provider,0,1.0,1635,3.0,1.0,0,0,0,0,0,0.0,Clean,train
Provider,0,1.0,33,3.0,1.0,0,0,0,0,0,0.0,Clean,train
Provider,0,1.0,33,3.0,1.0,0,0,0,0,0,0.0,Clean,train
Provider,0,1.0,34,3.0,1.0,0,0,0,0,0,0.0,Clean,train
Provider,0,1.0,58,18.333333333333332,1.6666666666666667,0,0,0,0,0,0.0,Clean,train
Provider,0,0.0,4,0.0,0.0,0,0,0,0,0,0.0,Clean,train
Provider,0,1.0,33,3.0,1.0,0,0,0,0,0,0.0,Clean,train
Provider,0,1.0,33,3.0,1.0,0,0,0,0,0,0.0,Clean,train
Provider,0,1.0,34,3.0,1.0,0,0,0,0,0,0.0,Clean,test
Provider,0,1.0,32,3.0,1.0,0,0,0,0,0,0.0,Clean,test
Provider,0,1.0,36,3.0,1.0,0,0,0,0,0,0.0,Clean,train
Provider,0,0.0,19,13.0,1.0,0,0,0,0,0,0.0,Clean,train
Provider,0,0.0,3525,5.0,1.0,0,0,0,0,0,0.0,Clean,train
Provider,0,0.0,2,0.0,0.0,0,0,0,0,0,0.0,Clean,train
Provider,0,0.9333333333333333,357,23.333333333333332,3.0,0,0,0,0,0,0.0,Long Method,train
Provider,0,0.0,2,0.0,0.0,0,0,0,0,0,0.0,Clean,train
Provider,0,0.9333333333333333,1039,6.666666666666667,1.6666666666666667,0,0,0,0,0,0.0,Clean,train
Provider,0,0.0,2,0.0,0.0,0,0,0,0,0,0.0,Clean,train
Provider,0,0.0,984,3.0,1.0,0,0,0,0,0,0.0,Clean,test
Provider,0,0.0,153,0.0,0.0,0,0,0,0,0,0.0,Clean,train
Provider,0,1.0,6,2.0,1.0,0,0,0,0,0,0.0,Clean,train
Provider,0,0.6666666666666666,22,4.0,1.0,0,0,0,0,0,0.0,Clean,train
Provider,0,0.0,49,0.0,0.0,0,0,0,0,0,0.0,Clean,test
Provider,0,0.0,2,0.0,0.0,0,0,0,0,0,0.0,Clean,train
Provider,0,0.0,2,0.0,0.0,0,0,0,0,0,0.0,Clean,train
Provider,0,1.0,16,3.0,1.0,0,0,0,0,0,0.0,Clean,train
Provider,0,0.0,45,0.0,0.0,0,0,0,0,0,0.0,Clean,test
Provider,0,0.0,124,5.0,1.0,0,0,0,0,0,0.0,Clean,train
Provider,0,0.0,101,0.0,0.0,0,0,0,0,0,0.0,Clean,train
Provider,0,0.0,103,0.0,0.0,0,0,0,0,0,0.0,Clean,train
_IPv4Constants,0,0.0,44,0.0,0.0,0,0,0,0,0,0.0,Clean,train
Provider,0,0.9361207897793263,744,12.5,2.142857142857143,0,0,0,14,7,0.2857,God Class,train
Provider,0,0.0,50,0.0,0.0,0,0,0,0,0,0.0,Clean,train
Provider,0,0.0,35,0.0,0.0,0,0,0,0,0,0.0,Clean,train
Provider,0,0.0,109,0.0,0.0,0,0,0,0,0,0.0,Clean,train
Provider,0,0.0,27,0.0,0.0,0,0,0,0,0,0.0,Clean,train
Provider,0,0.0,24,0.0,0.0,0,0,0,0,0,0.0,Clean,train
Provider,0,0.0,25,0.0,0.0,0,0,0,0,0,0.0,Clean,train
Provider,0,0.0,18,0.0,0.0,0,0,0,0,0,0.0,Clean,train
Provider,0,0.0,25,0.0,0.0,0,0,0,0,0,0.0,Clean,test
Provider,0,0.0,23,4.0,1.0,0,0,0,2,2,0.5,Clean,train
Provider,0,0.0,21,0.0,0.0,0,0,0,0,0,0.0,Clean,train
Provider,0,0.0,26,0.0,0.0,0,0,0,0,0,0.0,Clean,train
Provider,0,0.0,21,0.0,0.0,0,0,0,0,0,0.0,Clean,test
Provider,0,0.0,58,23.0,5.0,0,0,0,1,1,1.0,Clean,train
Provider,0,0.0,2,0.0,0.0,0,0,0,0,0,0.0,Clean,train
Provider,0,0.0,18,0.0,0.0,0,0,0,0,0,0.0,Clean,train
Provider,0,0.0,27,6.0,1.0,0,0,0,0,0,0.0,Clean,test
Provider,0,0.0,18,0.0,0.0,0,0,0,0,0,0.0,Clean,train
Provider,0,0.0,10,0.0,0.0,0,0,0,0,0,0.0,Clean,train
Provider,0,0.0,4,0.0,0.0,0,0,0,0,0,0.0,Clean,train
Provider,0,0.0,12,0.0,0.0,0,0,0,0,0,0.0,Clean,test
Provider,0,0.0,32,0.0,0.0,0,0,0,0,0,0.0,Clean,train
Provider,0,0.0,39,0.0,0.0,0,0,0,0,0,0.0,Clean,train
Provider,0,0.0,30,0.0,0.0,0,0,0,0,0,0.0,Clean,train
Provider,0,0.0,34,0.0,0.0,0,0,0,0,0,0.0,Clean,test
Provider,0,0.0,25,0.0,0.0,0,0,0,0,0,0.0,Clean,train
Provider,0,0.0,33,0.0,0.0,0,0,0,0,0,0.0,Clean,test
Provider,0,0.0,12,2.0,1.0,0,0,0,0,0,0.0,Clean,test
Provider,0,0.0,12,0.0,0.0,0,0,0,0,0,0.0,Clean,train
Provider,0,0.0,98,0.0,0.0,0,0,0,0,0,0.0,Clean,train
Provider,0,0.0,17,0.0,0.0,0,0,0,0,0,0.0,Clean,train
Provider,0,0.0,23,0.0,0.0,0,0,0,0,0,0.0,Clean,train
Provider,0,0.0,44,0.0,0.0,0,0,0,0,0,0.0,Clean,train
Provider,0,0.0,4,0.0,0.0,0,0,0,0,0,0.0,Clean,train
Provider,0,0.0,25,0.0,0.0,0,0,0,0,0,0.0,Clean,train
Provider,0,0.0,97,0.0,0.0,0,0,0,0,0,0.0,Clean,test
Provider,0,0.0,28,0.0,0.0,0,0,0,0,0,0.0,Clean,train
Provider,0,0.0,60,0.0,0.0,0,0,0,0,0,0.0,Data Class,train
Provider,0,0.0,20,0.0,0.0,0,0,0,0,0,0.0,Clean,test
Provider,0,0.0,27,0.0,0.0,0,0,0,0,0,0.0,Clean,train
Provider,0,0.0,4,0.0,0.0,0,0,0,0,0,0.0,Clean,test
Provider,0,0.0,25,0.0,0.0,0,0,0,0,0,0.0,Clean,test
Provider,0,0.0,79,0.0,0.0,0,0,0,0,0,0.0,Clean,train
Provider,0,1.0,96,12.0,4.5,0,0,0,0,0,0.0,Clean,train
Provider,0,0.0,12,2.0,1.0,0,0,0,0,0,0.0,Clean,test
ISBN,0,0.0,12,11.0,1.0,0,2,0,0,0,0.0,Clean,train
ISBN13,0,0.3333333333333333,31,9.333333333333334,1.6666666666666667,1,1,3,0,0,0.0,Clean,train
ISBN10,0,0.3333333333333333,29,8.666666666666666,1.3333333333333333,1,1,3,0,0,0.0,Clean,train
Provider,0,1.0,67,13.0,1.5,0,0,0,1,1,1.0,Clean,train
Provider,0,0.0,32,0.0,0.0,0,0,0,0,0,0.0,Clean,train
Provider,0,0.0,34,0.0,0.0,0,0,0,0,0,0.0,Clean,train
Provider,0,1.0,655,3.3333333333333335,1.6666666666666667,0,0,0,0,0,0.0,Clean,train
Provider,0,0.0,137,0.0,0.0,0,0,0,0,0,0.0,Clean,train
Provider,0,0.0,110,0.0,0.0,0,0,0,0,0,0.0,Clean,train
Provider,0,0.0,109,0.0,0.0,0,0,0,0,0,0.0,Clean,test
Provider,0,0.0,646,0.0,0.0,0,0,0,0,0,0.0,Clean,train
Provider,0,0.0,4310,0.0,0.0,0,0,0,0,0,0.0,Clean,train
Provider,0,0.0,484,2.0,1.0,0,0,0,0,0,0.0,Clean,train
Provider,0,0.0,959,0.0,0.0,0,0,0,0,0,0.0,Clean,test
Provider,0,0.0,4993,2.0,1.0,0,0,0,0,0,0.0,Clean,train
Provider,0,0.0,41,0.0,0.0,0,0,0,0,0,0.0,Clean,train
Provider,0,0.0,448,0.0,0.0,0,0,0,0,0,0.0,Clean,train
Provider,0,0.0,2,0.0,0.0,0,0,0,0,0,0.0,Clean,train
Provider,0,0.0,479,0.0,0.0,0,0,0,0,0,0.0,Clean,train
Provider,0,0.0,2,0.0,0.0,0,0,0,0,0,0.0,Clean,train
Provider,0,0.0,2,0.0,0.0,0,0,0,0,0,0.0,Clean,train
Provider,0,0.0,2,0.0,0.0,0,0,0,0,0,0.0,Clean,train
Provider,0,0.0,2,0.0,0.0,0,0,0,0,0,0.0,Clean,train
Provider,0,0.0,2,0.0,0.0,0,0,0,0,0,0.0,Clean,train
Provider,0,0.0,98,0.0,0.0,0,0,0,0,0,0.0,Clean,train
Provider,0,0.0,199,0.0,0.0,0,0,0,0,0,0.0,Clean,train
Provider,0,0.0,843,0.0,0.0,0,0,0,0,0,0.0,Clean,train
Provider,0,0.0,237,0.0,0.0,0,0,0,0,0,0.0,Clean,train
Provider,0,0.0,1581,0.0,0.0,0,0,0,0,0,0.0,Clean,train
Provider,0,0.0,287,0.0,0.0,0,0,0,0,0,0.0,Clean,train
Provider,0,0.0,415,2.0,1.0,0,0,0,0,0,0.0,Clean,train
Provider,0,0.0,247,0.0,0.0,0,0,0,0,0,0.0,Clean,train
Provider,0,0.0,63,0.0,0.0,0,0,0,0,0,0.0,Clean,train
Provider,0,0.0,389,0.0,0.0,0,0,0,0,0,0.0,Clean,train
Provider,0,0.0,428,0.0,0.0,0,0,0,0,0,0.0,Clean,train
Provider,0,0.0,70,0.0,0.0,0,0,0,0,0,0.0,Clean,train
Provider,0,0.0,221,0.0,0.0,0,0,0,0,0,0.0,Clean,train
Provider,0,0.0,2698,0.0,0.0,0,0,0,0,0,0.0,Clean,train
Provider,0,0.0,386,0.0,0.0,0,0,0,0,0,0.0,Clean,train
Provider,0,0.0,4042,0.0,0.0,0,0,0,0,0,0.0,Clean,train
Provider,0,0.0,520,0.0,0.0,0,0,0,0,0,0.0,Clean,test
Provider,0,0.0,508,2.0,1.0,0,0,0,0,0,0.0,Clean,train
Provider,0,0.0,87,0.0,0.0,0,0,0,0,0,0.0,Clean,train
Provider,0,0.0,735,0.0,0.0,0,0,0,0,0,0.0,Clean,train
Provider,0,0.0,179,0.0,0.0,0,0,0,0,0,0.0,Clean,train
Provider,0,0.0,72,2.0,1.0,0,0,0,0,0,0.0,Clean,train
Provider,0,0.0,1020,0.0,0.0,0,0,0,0,0,0.0,Clean,train
Provider,0,0.0,475,0.0,0.0,0,0,0,0,0,0.0,Clean,train
Provider,0,0.9166666666666666,265,26.88888888888889,3.2222222222222223,0,0,0,2,1,1.0,Long Method,train
Provider,0,0.0,700,0.0,0.0,0,0,0,0,0,0.0,Clean,train
Provider,0,0.0,101,0.0,0.0,0,0,0,0,0,0.0,Clean,train
Provider,0,0.0,232,0.0,0.0,0,0,0,0,0,0.0,Clean,train
Provider,0,0.0,5034,0.0,0.0,0,0,0,0,0,0.0,Clean,train
Provider,0,0.0,1007,0.0,0.0,0,0,0,0,0,0.0,Clean,train
Provider,0,0.0,6,0.0,0.0,0,0,0,0,0,0.0,Clean,train
Provider,0,0.0,522,0.0,0.0,0,0,0,0,0,0.0,Clean,train
Provider,0,0.0,390,0.0,0.0,0,0,0,0,0,0.0,Clean,train
Provider,0,0.0,79,6.75,1.0,0,0,0,0,0,0.0,Clean,test
Provider,0,0.0,3175,0.0,0.0,0,0,0,0,0,0.0,Clean,test
Provider,0,0.0,4,0.0,0.0,0,0,0,0,0,0.0,Clean,test
Provider,0,0.0,1011,0.0,0.0,0,0,0,0,0,0.0,Clean,train
Provider,0,0.0,4,0.0,0.0,0,0,0,0,0,0.0,Clean,train
Provider,0,0.0,924,0.0,0.0,0,0,0,0,0,0.0,Clean,test
Provider,0,0.0,634,0.0,0.0,0,0,0,0,0,0.0,Clean,train
Provider,0,0.0,1477,0.0,0.0,0,0,0,0,0,0.0,Clean,train
Provider,0,0.0,151,0.0,0.0,0,0,0,0,0,0.0,Clean,train
Provider,0,0.0,225,0.0,0.0,0,0,0,0,0,0.0,Clean,test
Provider,0,0.0,3089,0.0,0.0,0,0,0,0,0,0.0,Clean,train
Provider,0,0.0,227,0.0,0.0,0,0,0,0,0,0.0,Clean,train
Provider,0,0.0,189,0.0,0.0,0,0,0,0,0,0.0,Clean,train
Provider,0,0.0,213,0.0,0.0,0,0,0,0,0,0.0,Clean,test
Provider,0,0.0,1010,0.0,0.0,0,0,0,0,0,0.0,Clean,test
Provider,0,0.0,8,0.0,0.0,0,0,0,0,0,0.0,Clean,train
Provider,0,0.0,2009,0.0,0.0,0,0,0,0,0,0.0,Clean,train
Provider,0,0.0,507,0.0,0.0,0,0,0,0,0,0.0,Clean,train
Provider,0,0.0,421,0.0,0.0,0,0,0,0,0,0.0,Clean,train
Provider,0,0.0,10,0.0,0.0,0,0,0,0,0,0.0,Clean,test
Provider,0,0.0,501,0.0,0.0,0,0,0,0,0,0.0,Clean,train
Provider,0,0.0,188,0.0,0.0,0,0,0,0,0,0.0,Clean,train
Provider,0,0.0,354,0.0,0.0,0,0,0,0,0,0.0,Clean,train
Provider,0,0.0,354,0.0,0.0,0,0,0,0,0,0.0,Clean,train
Provider,0,0.867109634551495,875,35.90909090909091,4.090909090909091,0,0,0,19,14,0.2105,God Class,test
Provider,0,1.0,215,2.0,1.0,0,0,0,0,0,0.0,Clean,train
Provider,0,0.0,2,0.0,0.0,0,0,0,0,0,0.0,Clean,train
Provider,0,0.0,2,0.0,0.0,0,0,0,0,0,0.0,Clean,train
Provider,0,0.0,2,0.0,0.0,0,0,0,0,0,0.0,Clean,train
Provider,0,0.6666666666666666,34,9.0,1.6666666666666667,0,0,0,0,0,0.0,Clean,train
Provider,0,0.0,12,0.0,0.0,0,0,0,0,0,0.0,Clean,test
Provider,0,1.0,91,24.333333333333332,3.3333333333333335,0,0,0,5,2,0.8,Clean,train
Provider,0,0.0,26,11.0,1.0,0,0,0,0,0,0.0,Clean,train
Provider,0,0.0,19,0.0,0.0,0,0,0,0,0,0.0,Clean,test
Provider,0,0.0,12,6.0,1.0,0,0,0,0,0,0.0,Clean,train
Provider,0,0.9428571428571428,323,5.238095238095238,2.2857142857142856,0,0,0,0,0,0.0,God Class,train
Provider,0,0.0,1091,0.0,0.0,0,0,0,0,0,0.0,Data Class,test
Provider,0,0.0,374,0.0,0.0,0,0,0,0,0,0.0,Data Class,train
Provider,0,0.0,45,0.0,0.0,0,0,0,0,0,0.0,Clean,train
Provider,0,0.0,47,0.0,0.0,0,0,0,0,0,0.0,Clean,train
Provider,0,0.5,908,2.0,1.0,0,0,0,0,0,0.0,Clean,train
Provider,0,0.0,1764,0.0,0.0,0,0,0,0,0,0.0,Data Class,train
Provider,0,0.9777777777777777,582,6.0,1.0,0,0,0,0,0,0.0,Clean,train
Provider,0,0.0,541,0.0,0.0,0,0,0,0,0,0.0,Data Class,train
Provider,0,0.0,630,0.0,0.0,0,0,0,0,0,0.0,Data Class,train
Provider,0,1.0,1611,2.0,1.0,0,0,0,0,0,0.0,Clean,train
Provider,0,0.0,2236,0.0,0.0,0,0,0,0,0,0.0,Data Class,train
Provider,0,0.0,2492,2.0,1.0,0,0,0,0,0,0.0,Clean,train
Provider,0,0.0,548,0.0,0.0,0,0,0,0,0,0.0,Clean,train
Provider,0,0.0,935,0.0,0.0,0,0,0,0,0,0.0,Clean,test
Provider,0,0.0,2307,0.0,0.0,0,0,0,0,0,0.0,Data Class,train
Provider,0,0.0,7729,0.0,0.0,0,0,0,0,0,0.0,Data Class,train
Provider,0,0.0,905,0.0,0.0,0,0,0,0,0,0.0,Data Class,train
Provider,0,0.0,3129,0.0,0.0,0,0,0,0,0,0.0,Data Class,train
Provider,0,0.0,1105,0.0,0.0,0,0,0,0,0,0.0,Data Class,train
Provider,0,0.0,1960,0.0,0.0,0,0,0,0,0,0.0,Data Class,train
Provider,0,0.0,81,0.0,0.0,0,0,0,0,0,0.0,Data Class,train
Provider,0,0.0,1414,0.0,0.0,0,0,0,0,0,0.0,Clean,train
Provider,0,0.0,992,0.0,0.0,0,0,0,0,0,0.0,Clean,test
Provider,0,0.0,305,0.0,0.0,0,0,0,0,0,0.0,Data Class,train
Provider,0,0.0,1825,0.0,0.0,0,0,0,0,0,0.0,Data Class,train
Provider,0,0.0,183,0.0,0.0,0,0,0,0,0,0.0,Clean,train
Provider,0,0.0,610,0.0,0.0,0,0,0,0,0,0.0,Data Class,test
Provider,0,0.0,90,0.0,0.0,0,0,0,0,0,0.0,Clean,train
Provider,0,0.5,1595,6.6,2.0,0,0,0,0,0,0.0,Clean,train
Provider,0,0.0,965,0.0,0.0,0,0,0,0,0,0.0,Data Class,train
Provider,0,0.0,2082,0.0,0.0,0,0,0,0,0,0.0,Data Class,train
Provider,0,0.0,1003,0.0,0.0,0,0,0,0,0,0.0,Data Class,test
Provider,0,1.0,703,2.0,1.0,0,0,0,0,0,0.0,Clean,test
Provider,0,0.0,343,2.0,1.0,0,0,0,0,0,0.0,Clean,train
Provider,0,0.0,850,0.0,0.0,0,0,0,0,0,0.0,Data Class,train
Provider,0,0.0,1553,0.0,0.0,0,0,0,0,0,0.0,Data Class,train
Provider,0,0.0,478,0.0,0.0,0,0,0,0,0,0.0,Data Class,train
Provider,0,0.0,346,0.0,0.0,0,0,0,0,0,0.0,Data Class,train
Provider,0,0.0,486,0.0,0.0,0,0,0,0,0,0.0,Data Class,train
Provider,0,0.0,660,0.0,0.0,0,0,0,0,0,0.0,Data Class,train
Provider,0,0.0,4,3.0,1.0,0,0,0,0,0,0.0,Clean,train
Provider,0,0.0,3262,0.0,0.0,0,0,0,0,0,0.0,Data Class,train
Provider,0,0.0,154,0.0,0.0,0,0,0,0,0,0.0,Data Class,train
Provider,0,0.0,81,0.0,0.0,0,0,0,0,0,0.0,Data Class,test
Provider,0,0.0,1495,0.0,0.0,0,0,0,0,0,0.0,Data Class,train
Provider,0,0.0,522,0.0,0.0,0,0,0,0,0,0.0,Data Class,test
Provider,0,0.0,1028,0.0,0.0,0,0,0,0,0,0.0,Clean,train
Provider,0,1.0,413,2.0,1.0,0,0,0,0,0,0.0,Clean,train
Provider,0,0.0,978,0.0,0.0,0,0,0,0,0,0.0,Data Class,train
Provider,0,0.0,1001,0.0,0.0,0,0,0,0,0,0.0,Data Class,test
Provider,0,0.0,81,0.0,0.0,0,0,0,0,0,0.0,Data Class,test
Provider,0,0.8333333333333334,3936,2.25,1.0,0,0,0,0,0,0.0,Clean,train
Provider,0,0.0,1664,0.0,0.0,0,0,0,0,0,0.0,Data Class,train
Provider,0,0.935064935064935,292,5.2727272727272725,1.0,0,0,0,0,0,0.0,God Class,train
Provider,0,0.0,770,0.0,0.0,0,0,0,0,0,0.0,Data Class,train
Provider,0,0.0,197,0.0,0.0,0,0,0,0,0,0.0,Data Class,train
Provider,0,0.0,247,0.0,0.0,0,0,0,0,0,0.0,Clean,test
Provider,0,0.0,438,0.0,0.0,0,0,0,0,0,0.0,Data Class,train
Provider,0,0.0,279,0.0,0.0,0,0,0,0,0,0.0,Data Class,train
Provider,0,0.0,157,0.0,0.0,0,0,0,0,0,0.0,Data Class,train
Provider,0,0.0,1540,0.0,0.0,0,0,0,0,0,0.0,Data Class,train
Provider,0,0.0,1553,0.0,0.0,0,0,0,0,0,0.0,Data Class,train
Provider,0,0.0,1657,0.0,0.0,0,0,0,0,0,0.0,Clean,train
Provider,0,0.0,349,0.0,0.0,0,0,0,0,0,0.0,Data Class,train
Provider,0,1.0,1169,2.0,1.0,0,0,0,0,0,0.0,Clean,train
Provider,0,1.0,4983,17.375,3.125,0,0,0,4,2,0.75,Long Method,test
Provider,0,0.0,441,0.0,0.0,0,0,0,0,0,0.0,Data Class,train
Provider,0,0.0,340,2.0,1.0,0,0,0,0,0,0.0,Clean,train
Provider,0,0.0,750,0.0,0.0,0,0,0,0,0,0.0,Data Class,train
Provider,0,1.0,1311,2.0,1.0,0,0,0,0,0,0.0,Clean,train
Provider,0,0.0,2285,0.0,0.0,0,0,0,0,0,0.0,Data Class,train
Provider,0,0.0,526,0.0,0.0,0,0,0,0,0,0.0,Clean,train
Provider,0,0.0,1546,0.0,0.0,0,0,0,0,0,0.0,Data Class,test
Provider,0,0.0,406,0.0,0.0,0,0,0,0,0,0.0,Data Class,train
Provider,0,0.0,1027,0.0,0.0,0,0,0,0,0,0.0,Data Class,train
Provider,0,0.0,1015,0.0,0.0,0,0,0,0,0,0.0,Data Class,train
Provider,0,0.0,1640,0.0,0.0,0,0,0,0,0,0.0,Data Class,train
Provider,0,0.0,598,0.0,0.0,0,0,0,0,0,0.0,Data Class,train
Provider,0,1.0,1260,12.5,2.25,0,0,0,0,0,0.0,Clean,train
Provider,0,0.0,430,0.0,0.0,0,0,0,0,0,0.0,Data Class,test
Provider,0,1.0,107,2.0,1.0,0,0,0,0,0,0.0,Clean,train
Provider,0,0.0,337,0.0,0.0,0,0,0,0,0,0.0,Data Class,test
Provider,0,1.0,692,5.333333333333333,1.0,0,0,0,0,0,0.0,Clean,train
Provider,0,0.8571428571428571,946,5.428571428571429,1.0,0,0,0,0,0,0.0,Clean,train
Provider,0,0.0,931,0.0,0.0,0,0,0,0,0,0.0,Data Class,train
Provider,0,1.0,318,2.3333333333333335,1.0,0,0,0,0,0,0.0,Clean,test
Provider,0,0.0,7,0.0,0.0,0,0,0,0,0,0.0,Clean,test
Provider,0,0.6428571428571429,91,5.625,1.0,0,0,0,0,0,0.0,Clean,train
Provider,0,0.7,57,7.6,1.0,0,0,0,0,0,0.0,Clean,train
Provider,0,0.6,62,5.166666666666667,1.0,0,0,0,0,0,0.0,Clean,test
Provider,0,0.5238095238095238,126,4.428571428571429,1.0,0,0,0,0,0,0.0,Clean,train
Provider,0,0.8,54,2.5,1.0,0,0,0,0,0,0.0,Clean,train
Provider,0,0.0,14,0.0,0.0,0,0,0,0,0,0.0,Clean,test
Provider,0,0.0,329,3.0,1.0,0,0,0,0,0,0.0,Clean,train
Provider,0,0.0,36,0.0,0.0,0,0,0,0,0,0.0,Clean,train
Provider,0,0.0,51,0.0,0.0,0,0,0,0,0,0.0,Clean,train
Provider,0,0.0,9,0.0,0.0,0,0,0,0,0,0.0,Clean,test
Provider,0,0.8333333333333334,117,2.75,1.0,0,0,0,0,0,0.0,Clean,train
Provider,0,0.8333333333333334,78,2.5,1.0,0,0,0,0,0,0.0,Clean,train
Provider,0,0.0,15,0.0,0.0,0,0,0,0,0,0.0,Clean,train
Provider,0,0.0,3,0.0,0.0,0,0,0,0,0,0.0,Clean,train
Provider,0,0.0,34,2.0,1.0,0,0,0,0,0,0.0,Clean,train
Provider,0,0.0,20,0.0,0.0,0,0,0,0,0,0.0,Clean,train
Provider,0,1.0,38,2.5,1.0,0,0,0,0,0,0.0,Clean,train
Provider,0,0.0,12,0.0,0.0,0,0,0,0,0,0.0,Clean,test
Provider,0,0.0,264,3.0,1.0,0,0,0,0,0,0.0,Clean,train
Provider,0,0.0,6,0.0,0.0,0,0,0,0,0,0.0,Clean,train
Provider,0,1.0,43,2.5,1.0,0,0,0,0,0,0.0,Clean,train
Provider,0,1.0,247,2.0555555555555554,1.0,0,0,0,0,0,0.0,God Class,train
Provider,0,0.0,47,3.0,1.0,0,0,0,0,0,0.0,Clean,test
Provider,0,0.0,43,0.0,0.0,0,0,0,0,0,0.0,Clean,train
Provider,0,1.0,62,2.0,1.0,0,0,0,0,0,0.0,Clean,train
Provider,0,0.0,39,0.0,0.0,0,0,0,0,0,0.0,Clean,train
Provider,0,0.0,123,0.0,0.0,0,0,0,0,0,0.0,Clean,train
Provider,0,0.0,27,0.0,0.0,0,0,0,0,0,0.0,Clean,test
Provider,0,0.0,98,0.0,0.0,0,0,0,0,0,0.0,Clean,train
Provider,0,0.0,4,0.0,0.0,0,0,0,0,0,0.0,Clean,train
Provider,0,0.0,9,0.0,0.0,0,0,0,0,0,0.0,Clean,train
Provider,0,0.0,34,0.0,0.0,0,0,0,0,0,0.0,Clean,train
Provider,0,0.0,2,0.0,0.0,0,0,0,0,0,0.0,Clean,train
Provider,0,0.6666666666666666,281,2.6666666666666665,1.0,0,0,0,0,0,0.0,Clean,test
Provider,0,0.0,19,0.0,0.0,0,0,0,0,0,0.0,Clean,train
Provider,0,0.0,8,0.0,0.0,0,0,0,0,0,0.0,Clean,train
Provider,0,0.0,33,0.0,0.0,0,0,0,0,0,0.0,Clean,train
Provider,0,0.0,10,0.0,0.0,0,0,0,0,0,0.0,Clean,test
Provider,0,0.0,16,0.0,0.0,0,0,0,0,0,0.0,Clean,train
Provider,0,0.0,22,0.0,0.0,0,0,0,0,0,0.0,Clean,train
Provider,0,0.0,34,0.0,0.0,0,0,0,0,0,0.0,Clean,train
Provider,0,1.0,267,2.5,1.0,0,0,0,0,0,0.0,Clean,train
Provider,0,0.0,7,0.0,0.0,0,0,0,0,0,0.0,Clean,train
Provider,0,0.0,13,0.0,0.0,0,0,0,0,0,0.0,Clean,train
Provider,0,0.0,27,0.0,0.0,0,0,0,0,0,0.0,Clean,train
Provider,0,0.0,6,0.0,0.0,0,0,0,0,0,0.0,Clean,train
Provider,0,0.0,6,0.0,0.0,0,0,0,0,0,0.0,Clean,train
Provider,0,0.0,28,0.0,0.0,0,0,0,0,0,0.0,Clean,train
Provider,0,0.0,12,0.0,0.0,0,0,0,0,0,0.0,Clean,train
Provider,0,0.0,8,0.0,0.0,0,0,0,0,0,0.0,Clean,train
Provider,0,0.0,21,0.0,0.0,0,0,0,0,0,0.0,Clean,train
Provider,0,0.0,19,0.0,0.0,0,0,0,0,0,0.0,Clean,train
Provider,0,0.0,13,0.0,0.0,0,0,0,0,0,0.0,Clean,test
Provider,0,0.0,33,0.0,0.0,0,0,0,0,0,0.0,Clean,train
Provider,0,0.0,377,3.0,1.0,0,0,0,0,0,0.0,Clean,train
Provider,0,0.0,38,0.0,0.0,0,0,0,0,0,0.0,Clean,train
Provider,0,0.0,102,0.0,0.0,0,0,0,0,0,0.0,Clean,test
Provider,0,0.0,13,0.0,0.0,0,0,0,0,0,0.0,Clean,train
Provider,0,0.0,26,0.0,0.0,0,0,0,0,0,0.0,Clean,train
Provider,0,0.0,14,0.0,0.0,0,0,0,0,0,0.0,Clean,train
Provider,0,0.0,13,0.0,0.0,0,0,0,0,0,0.0,Clean,train
Provider,0,0.0,8,0.0,0.0,0,0,0,0,0,0.0,Clean,test
Provider,0,0.0,69,0.0,0.0,0,0,0,0,0,0.0,Clean,test
Provider,0,0.0,4,0.0,0.0,0,0,0,0,0,0.0,Clean,train
Provider,0,0.0,12,0.0,0.0,0,0,0,0,0,0.0,Clean,train
Provider,0,0.0,23,0.0,0.0,0,0,0,0,0,0.0,Clean,train
Provider,0,0.0,65,0.0,0.0,0,0,0,0,0,0.0,Clean,test
Provider,0,0.0,12,0.0,0.0,0,0,0,0,0,0.0,Clean,train
Provider,0,0.0,14,0.0,0.0,0,0,0,0,0,0.0,Clean,train
Provider,0,0.0,36,2.0,1.0,0,0,0,0,0,0.0,Clean,test
Provider,0,0.0,10,0.0,0.0,0,0,0,0,0,0.0,Clean,train
Provider,0,0.0,50,21.5,3.5,0,0,0,0,0,0.0,Clean,test
Provider,0,0.0,2,0.0,0.0,0,0,0,0,0,0.0,Clean,train
EmptyEnumException,0,0.0,2,0.0,0.0,0,1,0,0,0,0.0,Clean,train
Provider,1,0.8713450292397661,568,28.05263157894737,8.31578947368421,0,0,1,0,0,0.0,God Class,test
Provider,0,0.0,2,0.0,0.0,0,0,0,0,0,0.0,Clean,train
SBN,0,0.0,10,7.0,1.0,0,1,0,0,0,0.0,Clean,train
SBN9,0,0.3333333333333333,30,9.0,1.3333333333333333,1,0,1,0,0,0.0,Clean,train
Provider,0,1.0,44,11.0,1.6666666666666667,0,0,0,5,3,0.6,Clean,train
Provider,0,0.0,2,0.0,0.0,0,0,0,0,0,0.0,Clean,train
Provider,0,0.0,5,2.0,1.0,0,0,0,0,0,0.0,Clean,train
Provider,0,1.0,40,15.5,3.0,0,0,0,0,0,0.0,Clean,train
Provider,0,0.0,36,3.0,1.0,0,0,0,0,0,0.0,Clean,test
Provider,0,0.0,17,7.0,1.0,0,0,0,0,0,0.0,Clean,train
Provider,0,0.0,12,0.0,0.0,0,0,0,0,0,0.0,Clean,train
Provider,0,1.0,36,13.0,2.5,0,0,0,1,1,1.0,Clean,test
Provider,0,1.0,42,11.0,2.0,0,0,0,0,0,0.0,Clean,train
Provider,0,0.0,2,0.0,0.0,0,0,0,0,0,0.0,Clean,test
Provider,0,1.0,103,14.333333333333334,2.3333333333333335,0,0,0,1,1,1.0,Clean,train
Provider,0,0.0,13,6.0,1.0,0,0,0,0,0,0.0,Clean,train
Provider,0,0.0,13,6.0,1.0,0,0,0,0,0,0.0,Clean,train
Provider,0,1.0,54,9.5,1.5,0,0,0,0,0,0.0,Clean,train
Provider,0,0.0,39,32.0,6.0,0,0,0,1,1,1.0,Clean,train
Provider,0,1.0,34,4.5,1.0,0,0,0,0,0,0.0,Clean,test
Provider,0,0.0,18,7.0,1.0,0,0,0,0,0,0.0,Clean,train
Provider,0,1.0,52,13.666666666666666,1.0,0,0,0,1,1,1.0,Clean,test
Provider,0,1.0,50,2.1666666666666665,1.0,0,0,0,0,0,0.0,Clean,train
Provider,0,1.0,230,55.25,3.25,0,0,0,0,0,0.0,Long Method,train
Provider,0,0.0,6,0.0,0.0,0,0,0,0,0,0.0,Clean,train
Provider,0,1.0,41,7.333333333333333,1.0,0,0,0,0,0,0.0,Clean,train
Provider,0,1.0,46,6.5,1.0,0,0,0,0,0,0.0,Clean,train
Provider,0,1.0,118,14.142857142857142,2.0,0,0,0,0,0,0.0,Clean,train
Provider,0,0.5,122,28.0,2.25,0,0,0,3,2,0.6667,Clean,train
Provider,0,1.0,39,16.0,2.0,0,0,0,1,1,1.0,Clean,test
Provider,0,0.0,4,0.0,0.0,0,0,0,0,0,0.0,Clean,train
Provider,0,1.0,62,18.666666666666668,2.6666666666666665,0,0,0,3,1,1.0,Clean,train
Provider,0,1.0,41,18.5,2.0,0,0,0,1,1,1.0,Clean,train
Provider,0,0.0,2,0.0,0.0,0,0,0,0,0,0.0,Clean,train
Provider,0,1.0,153,15.5,1.0,0,0,0,0,0,0.0,Clean,train
Provider,0,0.0,25,24.0,4.0,0,0,0,0,0,0.0,Clean,train
Provider,0,1.0,26,6.0,1.0,0,0,0,1,1,1.0,Clean,train
Provider,0,1.0,123,59.5,7.0,0,0,0,1,1,1.0,Long Method,train
Provider,0,0.9818181818181818,154,11.818181818181818,2.5454545454545454,0,0,0,0,0,0.0,God Class,test
Provider,0,0.0,9,0.0,0.0,0,0,0,0,0,0.0,Clean,train
Provider,0,0.0,14,7.0,1.0,0,0,0,0,0,0.0,Clean,test
Provider,0,0.0,17,7.0,1.0,0,0,0,0,0,0.0,Clean,train
Provider,0,1.0,57,15.666666666666666,2.6666666666666665,0,0,0,1,1,1.0,Clean,train
Provider,0,1.0,59,18.0,2.0,0,0,0,2,1,1.0,Clean,train
Provider,0,0.0,14,7.0,1.0,0,0,0,0,0,0.0,Clean,train
Provider,0,1.0,66,31.0,2.0,0,0,0,2,2,0.5,Clean,train
Provider,0,1.0,42,19.0,2.5,0,0,0,1,1,1.0,Clean,train
Provider,0,0.0,55,51.0,13.0,0,0,0,3,2,0.6667,Long Method,train
Provider,0,1.0,35,15.5,1.5,0,0,0,2,1,1.0,Clean,train
Provider,0,0.8333333333333334,44,7.75,1.5,0,0,0,1,1,1.0,Clean,train
Provider,0,0.0,14,7.0,1.0,0,0,0,0,0,0.0,Clean,train
Provider,0,1.0,113,42.0,1.5,0,0,0,1,1,1.0,Long Method,train
Provider,0,0.0,2,0.0,0.0,0,0,0,0,0,0.0,Clean,train
Provider,0,1.0,37,13.5,2.5,0,0,0,1,1,1.0,Clean,test
Provider,0,0.0,14,7.0,1.0,0,0,0,0,0,0.0,Clean,train
Provider,0,0.0,221,29.0,3.0,0,0,0,3,1,1.0,Clean,test
Provider,0,0.9,76,13.6,2.2,0,0,0,1,1,1.0,Clean,train
Provider,0,1.0,54,21.5,2.0,0,0,0,0,0,0.0,Clean,test
Provider,0,0.0,4,0.0,0.0,0,0,0,0,0,0.0,Clean,train
Provider,0,0.0,31,19.0,2.0,0,0,0,0,0,0.0,Clean,train
Provider,0,0.0,30,29.0,6.0,0,0,0,1,1,1.0,Clean,train
Provider,0,0.0,3554,34.0,5.0,0,0,0,1,1,1.0,Clean,train
Provider,0,0.0,5,4.0,1.0,0,0,0,0,0,0.0,Clean,train
Provider,0,0.782051282051282,351,14.76923076923077,1.1538461538461537,0,0,0,0,0,0.0,God Class,train
Provider,0,0.0,2,0.0,0.0,0,0,0,0,0,0.0,Clean,train
ProviderMethodDocstring,0,0.7575757575757576,188,13.333333333333334,2.9166666666666665,0,0,0,21,18,0.1429,God Class,train
SampleCodeValidator,0,0.8444444444444444,166,7.6,2.3,0,0,0,3,1,1.0,Clean,train
FlaskyStyle,0,0.0,80,0.0,0.0,0,0,0,0,0,0.0,Clean,train
ExampleApi,0,1.0,134,15.857142857142858,1.2857142857142858,0,0,0,1,1,1.0,Clean,train
ContactGroup,0,0.0,7,2.0,1.0,0,0,0,0,0,0.0,Clean,train
Gender,0,0.0,7,2.0,1.0,0,0,0,0,0,0.0,Clean,train
Contact,0,0.6666666666666666,23,2.6666666666666665,2.0,0,0,0,2,1,1.0,Clean,train
ContactModelView,0,0.0,29,0.0,0.0,0,0,0,0,0,0.0,Clean,train
GroupModelView,0,0.0,3,0.0,0.0,0,0,0,0,0,0.0,Clean,train
Item,0,0.0,8,2.0,1.0,0,0,0,0,0,0.0,Clean,train
Datacenter,0,0.0,8,2.0,1.0,0,0,0,0,0,0.0,Clean,train
Rack,0,0.0,10,2.0,1.0,0,0,0,0,0,0.0,Clean,train
Inventory,0,0.0,13,0.0,0.0,0,0,0,0,0,0.0,Clean,train
InventoryModelView,0,0.0,6,0.0,0.0,0,0,0,0,0,0.0,Clean,train
RackModelView,0,0.0,6,0.0,0.0,0,0,0,0,0,0.0,Clean,train
ItemModelView,0,0.0,6,0.0,0.0,0,0,0,0,0,0.0,Clean,train
DatacenterModelView,0,0.0,9,0.0,0.0,0,0,0,0,0,0.0,Clean,train
GreetingsResponseSchema,0,0.0,2,0.0,0.0,0,0,0,0,0,0.0,Clean,test
ContactGroupModelView,0,0.0,5,0.0,0.0,0,0,0,0,0,0.0,Clean,train
ContactGroupTagModelView,0,0.0,5,0.0,0.0,0,0,0,0,0,0.0,Clean,train
GreetingApi,0,0.0,23,14.0,1.0,0,0,0,0,0,0.0,Clean,test
CustomFilter,0,0.0,8,4.0,1.0,0,0,0,3,2,0.6667,Clean,test
ContactModelApi,0,0.0,9,0.0,0.0,0,0,0,0,0,0.0,Clean,test
GroupModelApi,0,0.0,5,0.0,0.0,0,0,0,0,0,0.0,Clean,train
ModelOMParentApi,0,0.0,3,0.0,0.0,0,0,0,0,0,0.0,Clean,train
ContactGroup,0,0.0,7,2.0,1.0,0,0,0,0,0,0.0,Clean,train
ContactGroupTag,0,0.0,12,0.0,0.0,0,0,0,0,0,0.0,Clean,train
Gender,0,0.0,3,0.0,0.0,0,0,0,0,0,0.0,Clean,train
Contact,0,0.6666666666666666,22,2.6666666666666665,2.0,0,0,0,2,1,1.0,Clean,train
ModelOMParent,0,0.0,4,0.0,0.0,0,0,0,0,0,0.0,Clean,train
ModelOMChild,0,0.0,10,0.0,0.0,0,0,0,0,0,0.0,Clean,train
Department,0,0.0,7,2.0,1.0,0,0,0,0,0,0.0,Clean,test
Function,0,0.0,7,2.0,1.0,0,0,0,0,0,0.0,Clean,train
Benefit,0,0.0,7,2.0,1.0,0,0,0,0,0,0.0,Clean,train
EmployeeHistory,0,0.0,9,0.0,0.0,0,0,0,0,0,0.0,Data Class,train
Employee,0,0.0,20,2.0,1.0,0,0,0,0,0,0.0,Data Class,test
MyUserDBView,0,0.0,6,4.0,1.0,0,0,0,0,0,0.0,Clean,train
MySecurityManager,0,0.0,2,0.0,0.0,0,0,0,0,0,0.0,Clean,train
EmployeeHistoryView,0,0.0,4,0.0,0.0,0,0,0,0,0,0.0,Clean,train
EmployeeView,0,0.0,14,0.0,0.0,0,0,0,0,0,0.0,Clean,train
FunctionView,0,0.0,3,0.0,0.0,0,0,0,0,0,0.0,Clean,train
DepartmentView,0,0.0,3,0.0,0.0,0,0,0,0,0,0.0,Clean,train
BenefitView,0,0.0,6,0.0,0.0,0,0,0,0,0,0.0,Clean,train
ContactGroup,0,0.0,7,2.0,1.0,0,0,0,0,0,0.0,Clean,test
Contact,0,0.6666666666666666,22,2.6666666666666665,2.0,0,0,0,2,1,1.0,Clean,train
ContactModelView,0,0.0,53,0.0,0.0,0,0,0,0,0,0.0,Clean,test
GroupModelView,0,0.0,3,0.0,0.0,0,0,0,0,0,0.0,Clean,train
ContactChartView,0,0.0,10,0.0,0.0,0,0,0,0,0,0.0,Clean,test
ContactTimeChartView,0,0.0,18,0.0,0.0,0,0,0,0,0,0.0,Clean,train
Company,0,0.0,6,2.0,1.0,0,0,0,0,0,0.0,Clean,train
MyUser,0,0.0,10,0.0,0.0,0,0,0,0,0,0.0,Clean,test
ContactGroup,0,0.0,6,2.0,1.0,0,0,0,0,0,0.0,Clean,test
Gender,0,0.0,6,2.0,1.0,0,0,0,0,0,0.0,Clean,train
Contact,0,0.9333333333333333,44,3.8333333333333335,1.6666666666666667,0,0,0,3,2,0.6667,Clean,train
MyUserInfoEditView,0,0.0,2,0.0,0.0,0,0,0,0,0,0.0,Clean,train
MySecurityManager,0,0.0,4,0.0,0.0,0,0,0,0,0,0.0,Clean,test
UserInfoEdit,0,0.0,19,0.0,0.0,0,0,0,0,0,0.0,Clean,train
MyUserDBModelView,0,0.0,74,0.0,0.0,0,0,0,0,0,0.0,Clean,train
ContactModelView,0,0.0,29,0.0,0.0,0,0,0,0,0,0.0,Clean,train
GroupModelView,0,0.0,3,0.0,0.0,0,0,0,0,0,0.0,Clean,test
CompanyModelView,0,0.0,2,0.0,0.0,0,0,0,0,0,0.0,Clean,train
Company,0,0.0,6,2.0,1.0,0,0,0,0,0,0.0,Clean,train
MyUser,0,0.0,4,0.0,0.0,0,0,0,0,0,0.0,Clean,train
ContactGroup,0,0.0,6,2.0,1.0,0,0,0,0,0,0.0,Clean,train
Gender,0,0.0,6,2.0,1.0,0,0,0,0,0,0.0,Clean,train
Contact,0,0.9333333333333333,44,3.8333333333333335,1.6666666666666667,0,0,0,3,2,0.6667,Clean,train
MyUserInfoEditView,0,0.0,2,0.0,0.0,0,0,0,0,0,0.0,Clean,train
MySecurityManager,0,0.0,4,0.0,0.0,0,0,0,0,0,0.0,Clean,train
UserInfoEdit,0,0.0,19,0.0,0.0,0,0,0,0,0,0.0,Clean,train
MyUserDBModelView,0,0.0,74,0.0,0.0,0,0,0,0,0,0.0,Clean,train
FilterInManyFunction,0,0.0,6,3.0,1.0,0,0,0,3,3,0.3333,Clean,train
ContactModelView,0,0.0,29,0.0,0.0,0,0,0,0,0,0.0,Clean,train
GroupModelView,0,0.0,3,0.0,0.0,0,0,0,0,0,0.0,Clean,train
CompanyModelView,0,0.0,4,0.0,0.0,0,0,0,0,0,0.0,Clean,train
ContactGroup,0,0.0,7,2.0,1.0,0,0,0,0,0,0.0,Clean,test
Gender,0,0.0,7,2.0,1.0,0,0,0,0,0,0.0,Clean,test
Contact,0,0.0,15,2.0,1.0,0,0,0,0,0,0.0,Data Class,train
ContactGeneralView,0,0.0,55,0.0,0.0,0,0,0,0,0,0.0,Clean,train
GroupMasterView,0,0.0,3,0.0,0.0,0,0,0,0,0,0.0,Clean,train
GroupGeneralView,0,0.0,3,0.0,0.0,0,0,0,0,0,0.0,Clean,test
TweetForm,0,0.0,6,0.0,0.0,0,0,0,0,0,0.0,Clean,train
MyAuthOAuthView,0,0.0,6,4.0,1.0,0,0,0,1,1,1.0,Clean,test
MySecurityManager,0,0.0,13,10.0,2.0,0,0,0,0,0,0.0,Clean,train
SendTweet,0,1.0,23,8.0,2.0,0,0,0,4,3,0.5,Clean,train
ProductType,0,0.0,7,2.0,1.0,0,0,0,0,0,0.0,Clean,train
Product,0,1.0,30,6.0,1.3333333333333333,0,0,0,1,1,1.0,Clean,train
Client,0,0.0,3,0.0,0.0,0,0,0,0,0,0.0,Clean,train
ProductPubView,0,0.0,15,0.0,0.0,0,0,0,0,0,0.0,Clean,train
ProductView,0,0.0,2,0.0,0.0,0,0,0,0,0,0.0,Clean,train
ProductTypeView,0,0.0,3,0.0,0.0,0,0,0,0,0,0.0,Clean,train
ContactGroup,0,0.0,7,2.0,1.0,0,0,0,0,0,0.0,Clean,train
GroupModelView,0,1.0,21,6.0,1.5,0,0,0,0,0,0.0,Clean,train
Country,0,0.0,7,2.0,1.0,0,0,0,0,0,0.0,Clean,train
PoliticalType,0,0.0,7,2.0,1.0,0,0,0,0,0,0.0,Clean,train
CountryStats,0,0.6666666666666666,22,2.6666666666666665,1.0,0,0,0,0,0,0.0,Clean,train
CountryStatsModelView,0,0.0,3,0.0,0.0,0,0,0,0,0,0.0,Clean,train
CountryModelView,0,0.0,2,0.0,0.0,0,0,0,0,0,0.0,Clean,train
PoliticalTypeModelView,0,0.0,2,0.0,0.0,0,0,0,0,0,0.0,Clean,train
CountryStatsDirectChart,0,0.0,8,0.0,0.0,0,0,0,0,0,0.0,Clean,train
CountryDirectChartView,0,0.0,10,0.0,0.0,0,0,0,0,0,0.0,Clean,test
CountryGroupByChartView,0,0.0,24,0.0,0.0,0,0,0,0,0,0.0,Clean,train
Country,0,0.0,7,2.0,1.0,0,0,0,0,0,0.0,Clean,train
PoliticalType,0,0.0,7,2.0,1.0,0,0,0,0,0,0.0,Clean,test
CountryStats,0,0.6666666666666666,22,2.6666666666666665,1.0,0,0,0,0,0,0.0,Clean,train
CountryStatsModelView,0,0.0,3,0.0,0.0,0,0,0,0,0,0.0,Clean,train
CountryModelView,0,0.0,2,0.0,0.0,0,0,0,0,0,0.0,Clean,train
PoliticalTypeModelView,0,0.0,2,0.0,0.0,0,0,0,0,0,0.0,Clean,test
CountryStatsDirectChart,0,0.0,8,0.0,0.0,0,0,0,0,0,0.0,Clean,train
CountryDirectChartView,0,0.0,10,0.0,0.0,0,0,0,0,0,0.0,Clean,train
CountryGroupByChartView,0,0.0,43,0.0,0.0,0,0,0,0,0,0.0,Clean,test
Project,0,0.0,4,0.0,0.0,0,0,0,0,0,0.0,Clean,train
ProjectFiles,0,0.0,17,4.0,1.0,0,0,0,0,0,0.0,Clean,train
ProjectFilesModelView,0,0.0,8,0.0,0.0,0,0,0,0,0,0.0,Clean,train
ProjectModelView,0,0.0,20,0.0,0.0,0,0,0,0,0,0.0,Clean,train
ContactGroup,0,0.0,7,2.0,1.0,0,0,0,0,0,0.0,Clean,train
Gender,0,0.0,8,2.0,1.0,0,0,0,0,0,0.0,Clean,train
Contact,0,0.6666666666666666,26,2.6666666666666665,2.0,0,0,0,2,1,1.0,Clean,train
ContactModelView,0,0.0,53,0.0,0.0,0,0,0,0,0,0.0,Clean,train
GroupModelView,0,0.0,3,0.0,0.0,0,0,0,0,0,0.0,Clean,train
ContactTimeChartView,0,0.0,18,0.0,0.0,0,0,0,0,0,0.0,Clean,train
MyIndexView,0,0.0,2,0.0,0.0,0,0,0,0,0,0.0,Clean,train
ContactGroup,0,0.6666666666666666,14,2.0,1.0,0,0,0,0,0,0.0,Clean,train
ProductManufacturer,0,0.0,7,2.0,1.0,0,0,0,0,0,0.0,Clean,train
ProductModel,0,0.0,11,2.0,1.0,0,0,0,0,0,0.0,Clean,train
Product,0,0.0,13,2.0,1.0,0,0,0,0,0,0.0,Data Class,train
Gender,0,0.0,7,2.0,1.0,0,0,0,0,0,0.0,Clean,train
FloatModel,0,0.0,8,2.0,1.0,0,0,0,0,0,0.0,Clean,train
Contact,0,0.6666666666666666,23,2.6666666666666665,2.0,0,0,0,2,1,1.0,Clean,train
MySecurityManager,0,0.0,3,0.0,0.0,0,0,0,0,0,0.0,Clean,train
MyUser,0,0.0,3,0.0,0.0,0,0,0,0,0,0.0,Clean,test
MyUserDBModelView,0,0.0,78,0.0,0.0,0,0,0,0,0,0.0,Clean,train
ProductModelView,0,0.0,2,0.0,0.0,0,0,0,0,0,0.0,Clean,test
ProductView,0,0.0,7,0.0,0.0,0,0,0,0,0,0.0,Clean,train
ProductManufacturerView,0,0.0,3,0.0,0.0,0,0,0,0,0,0.0,Clean,train
MyListWidget,0,0.0,2,0.0,0.0,0,0,0,0,0,0.0,Clean,train
MyListWidgetOverride,0,0.0,2,0.0,0.0,0,0,0,0,0,0.0,Clean,train
ContactModelView2,0,0.0,18,8.0,1.0,0,0,0,0,0,0.0,Clean,train
ContactModelView,0,0.0,73,4.0,1.0,0,0,0,0,0,0.0,Clean,train
GroupModelView,0,0.0,5,0.0,0.0,0,0,0,0,0,0.0,Clean,test
FloatModelView,0,0.0,2,0.0,0.0,0,0,0,0,0,0.0,Clean,train
ContactChartView,0,0.0,10,0.0,0.0,0,0,0,0,0,0.0,Clean,test
ContactTimeChartView,0,0.0,18,0.0,0.0,0,0,0,0,0,0.0,Clean,train
MultipleViewsExp,0,0.0,2,0.0,0.0,0,0,0,0,0,0.0,Clean,train
PostTweet,0,0.0,14,9.0,2.0,0,0,0,3,1,1.0,Clean,test
Group,0,0.0,7,2.0,1.0,0,0,0,0,0,0.0,Clean,train
Gender,0,0.0,7,2.0,1.0,0,0,0,0,0,0.0,Clean,train
Contact,0,0.0,15,2.0,1.0,0,0,0,0,0,0.0,Data Class,train
ContactModelView,0,0.0,55,0.0,0.0,0,0,0,0,0,0.0,Clean,train
ContactChartView,0,0.0,5,0.0,0.0,0,0,0,0,0,0.0,Clean,test
ContactTimeChartView,0,0.0,6,0.0,0.0,0,0,0,0,0,0.0,Clean,train
GroupModelView,0,0.0,3,0.0,0.0,0,0,0,0,0,0.0,Clean,train
PersonGroup,0,0.0,12,2.0,1.0,0,0,0,0,0,0.0,Data Class,train
Person,0,0.0,53,17.0,2.0,0,0,0,2,1,1.0,Clean,train
PersonModelView,0,0.0,110,0.0,0.0,0,0,0,0,0,0.0,Clean,test
GroupModelView,0,0.0,6,0.0,0.0,0,0,0,0,0,0.0,Clean,train
PersonChartView,0,0.0,9,0.0,0.0,0,0,0,0,0,0.0,Clean,train
ContactGroup,0,0.0,7,2.0,1.0,0,0,0,0,0,0.0,Clean,train
Gender,0,0.0,7,2.0,1.0,0,0,0,0,0,0.0,Clean,train
Contact,0,0.6666666666666666,23,2.6666666666666665,2.0,0,0,0,2,1,1.0,Clean,test
ContactModelView,0,0.0,53,0.0,0.0,0,0,0,0,0,0.0,Clean,train
GroupModelView,0,0.0,3,0.0,0.0,0,0,0,0,0,0.0,Clean,train
ContactChartView,0,0.0,10,0.0,0.0,0,0,0,0,0,0.0,Clean,test
ContactTimeChartView,0,0.0,18,0.0,0.0,0,0,0,0,0,0.0,Clean,test
ContactGroup,0,0.0,7,2.0,1.0,0,0,0,0,0,0.0,Clean,test
Gender,0,0.0,7,2.0,1.0,0,0,0,0,0,0.0,Clean,test
ContactGroupView,0,0.0,17,0.0,0.0,0,0,0,0,0,0.0,Clean,test
Contact,0,0.6666666666666666,23,2.6666666666666665,2.0,0,0,0,2,1,1.0,Clean,test
ContactGroupViewModelView,0,0.0,4,0.0,0.0,0,0,0,0,0,0.0,Clean,train
ContactModelView,0,0.0,5,0.0,0.0,0,0,0,0,0,0.0,Clean,train
GroupModelView,0,0.0,3,0.0,0.0,0,0,0,0,0,0.0,Clean,test
ContactChartView,0,0.0,10,0.0,0.0,0,0,0,0,0,0.0,Clean,train
ContactTimeChartView,0,0.0,18,0.0,0.0,0,0,0,0,0,0.0,Clean,train
ContactGroup,0,0.0,7,2.0,1.0,0,0,0,0,0,0.0,Clean,train
Gender,0,0.0,7,2.0,1.0,0,0,0,0,0,0.0,Clean,train
Contact,0,0.6666666666666666,23,2.6666666666666665,2.0,0,0,0,2,1,1.0,Clean,train
ContactModelView,0,0.0,54,0.0,0.0,0,0,0,0,0,0.0,Clean,train
GroupModelView,0,0.0,3,0.0,0.0,0,0,0,0,0,0.0,Clean,train
ContactChartView,0,0.0,10,0.0,0.0,0,0,0,0,0,0.0,Clean,train
ContactTimeChartView,0,0.0,18,0.0,0.0,0,0,0,0,0,0.0,Clean,train
ContactModelApi,0,0.0,13,0.0,0.0,0,0,0,0,0,0.0,Clean,train
GroupModelApi,0,0.0,4,0.0,0.0,0,0,0,0,0,0.0,Clean,test
ReactRenderView,0,0.0,7,4.0,1.0,0,0,0,0,0,0.0,Clean,train
ContactGroup,0,0.0,7,2.0,1.0,0,0,0,0,0,0.0,Clean,train
Gender,0,0.0,7,2.0,1.0,0,0,0,0,0,0.0,Clean,train
Contact,0,0.6666666666666666,23,2.6666666666666665,2.0,0,0,0,2,1,1.0,Clean,train
ContactGroup,0,0.0,7,2.0,1.0,0,0,0,0,0,0.0,Clean,train
ContactGroup2,0,0.0,7,2.0,1.0,0,0,0,0,0,0.0,Clean,train
ContactSubGroup2,0,0.0,9,2.0,1.0,0,0,0,0,0,0.0,Clean,test
ContactSubGroup,0,0.0,9,2.0,1.0,0,0,0,0,0,0.0,Clean,train
Gender,0,0.0,7,2.0,1.0,0,0,0,0,0,0.0,Clean,train
Contact,0,0.6666666666666666,33,2.6666666666666665,2.0,0,0,0,2,1,1.0,Clean,test
ContactModelView,0,0.0,125,0.0,0.0,0,0,0,0,0,0.0,Clean,train
GroupModelView,0,0.0,3,0.0,0.0,0,0,0,0,0,0.0,Clean,train
Group2ModelView,0,0.0,3,0.0,0.0,0,0,0,0,0,0.0,Clean,train
SubGroupModelView,0,0.0,7,0.0,0.0,0,0,0,0,0,0.0,Clean,test
SubGroup2ModelView,0,0.0,7,0.0,0.0,0,0,0,0,0,0.0,Clean,train
MyForm,0,0.0,10,0.0,0.0,0,0,0,0,0,0.0,Clean,train
MyFormView,0,1.0,11,2.5,1.0,0,0,0,1,1,1.0,Clean,train
MyView,0,1.0,16,5.0,1.0,0,0,0,0,0,0.0,Clean,train
MyView,0,1.0,26,4.666666666666667,1.0,0,0,0,0,0,0.0,Clean,train
ContactGroup,0,0.0,7,2.0,1.0,0,0,0,0,0,0.0,Clean,train
Gender,0,0.0,7,2.0,1.0,0,0,0,0,0,0.0,Clean,train
UserExtended,0,0.0,4,0.0,0.0,0,0,0,0,0,0.0,Clean,train
Contact,0,0.6666666666666666,23,2.6666666666666665,2.0,0,0,0,2,1,1.0,Clean,train
ContactModelView,0,0.0,55,0.0,0.0,0,0,0,0,0,0.0,Clean,train
GroupModelView,0,0.0,3,0.0,0.0,0,0,0,0,0,0.0,Clean,train
ContactChartView,0,0.0,10,0.0,0.0,0,0,0,0,0,0.0,Clean,train
ContactTimeChartView,0,0.0,18,0.0,0.0,0,0,0,0,0,0.0,Clean,test
ContactGroup,0,0.0,7,2.0,1.0,0,0,0,0,0,0.0,Clean,train
Gender,0,0.0,7,2.0,1.0,0,0,0,0,0,0.0,Clean,train
Contact,0,0.6666666666666666,23,2.6666666666666665,2.0,0,0,0,2,1,1.0,Clean,train
ContactModelView,0,0.0,54,0.0,0.0,0,0,0,0,0,0.0,Clean,train
ContactItemModelView,0,0.0,3,0.0,0.0,1,0,0,0,0,0.0,Clean,train
ContactThumbnailModelView,0,0.0,3,0.0,0.0,1,0,0,0,0,0.0,Clean,train
ContactBlockModelView,0,0.0,4,0.0,0.0,1,0,0,0,0,0.0,Clean,train
ContactLinkModelView,0,0.0,3,0.0,0.0,1,0,0,0,0,0.0,Clean,train
GroupModelView,0,0.0,8,0.0,0.0,0,0,0,0,0,0.0,Clean,test
ContactChartView,0,0.0,10,0.0,0.0,0,0,0,0,0,0.0,Clean,train
ContactTimeChartView,0,0.0,18,0.0,0.0,0,0,0,0,0,0.0,Clean,test
ActionItem,0,0.0,17,7.5,1.5,0,0,0,0,0,0.0,Data Class,train
AppBuilder,0,0.7867867867867868,647,15.567567567567568,2.4324324324324325,0,0,0,24,8,0.2083,God Class,train
BaseManager,0,1.0,16,2.0,1.0,0,0,0,0,0,0.0,Clean,test
AbstractViewApi,0,1.0,27,6.0,1.0,0,0,0,0,0,0.0,Clean,train
BaseView,0,0.8787878787878788,317,17.333333333333332,3.6666666666666665,1,2,0,8,6,0.375,God Class,train
BaseFormView,0,0.8333333333333334,60,9.25,2.75,2,1,0,1,1,1.0,Clean,train
BaseModelView,0,0.5238095238095238,180,9.428571428571429,2.7142857142857144,2,1,6,3,3,0.3333,Clean,test
BaseCRUDView,0,0.7862068965517242,816,18.566666666666666,3.6666666666666665,3,1,10,21,15,0.1429,God Class,train
FABException,0,0.0,13,4.5,1.5,0,0,0,0,0,0.0,Clean,test
DatabaseException,0,0.0,2,0.0,0.0,1,0,0,0,0,0.0,Clean,train
InvalidColumnFilterFABException,0,0.0,4,0.0,0.0,1,0,0,0,0,0.0,Clean,train
InvalidOperationFilterFABException,0,0.0,4,0.0,0.0,1,0,0,0,0,0.0,Clean,train
InvalidOrderByColumnFABException,0,0.0,4,0.0,0.0,1,0,0,0,0,0.0,Clean,train
InvalidColumnArgsFABException,0,0.0,4,0.0,0.0,1,0,0,0,0,0.0,Clean,test
InterfaceQueryWithoutSession,0,0.0,4,0.0,0.0,1,0,0,0,0,0.0,Clean,train
PasswordComplexityValidationError,0,0.0,4,0.0,0.0,1,0,0,0,0,0.0,Clean,train
ApplyFilterException,0,0.0,4,0.0,0.0,1,0,0,0,0,0.0,Clean,train
OAuthProviderUnknown,0,0.0,6,0.0,0.0,1,0,0,0,0,0.0,Clean,train
InvalidLoginAttempt,0,0.0,6,0.0,0.0,1,0,0,0,0,0.0,Clean,test
DeleteGroupWithUsersException,0,0.0,4,0.0,0.0,1,0,0,0,0,0.0,Clean,train
DeleteRoleWithUsersException,0,0.0,4,0.0,0.0,1,0,0,0,0,0.0,Clean,test
AJAXSelectField,0,0.0,66,16.333333333333332,2.3333333333333335,0,3,3,0,0,0.0,Clean,train
QuerySelectField,0,0.42857142857142855,84,9.857142857142858,3.5714285714285716,0,3,4,0,0,0.0,Clean,test
QuerySelectMultipleField,0,0.5333333333333333,66,8.0,3.3333333333333335,1,3,5,2,2,0.5,Clean,train
EnumField,0,1.0,57,22.5,4.0,0,3,3,0,0,0.0,Clean,test
DatePickerWidget,0,0.0,25,10.0,2.0,0,5,0,4,2,0.75,Clean,train
DateTimePickerWidget,0,0.0,25,10.0,2.0,0,5,0,4,2,0.75,Clean,train
BS3TextFieldWidget,0,0.0,8,7.0,3.0,0,4,8,2,1,1.0,Clean,train
BS3TextAreaFieldWidget,0,0.0,7,6.0,2.0,0,4,8,1,1,1.0,Clean,test
BS3PasswordFieldWidget,0,0.0,6,5.0,2.0,0,4,8,1,1,1.0,Clean,train
Select2AJAXWidget,0,0.0,25,10.5,3.0,0,5,0,4,2,0.75,Clean,test
Select2SlaveAJAXWidget,0,0.0,28,12.0,3.0,0,5,0,4,2,0.75,Clean,test
Select2Widget,0,0.0,18,7.0,2.5,0,4,11,1,1,1.0,Clean,train
Select2ManyWidget,0,0.0,19,7.5,2.5,0,4,11,1,1,1.0,Clean,train
FileManager,0,0.8,53,7.833333333333333,2.8333333333333335,0,1,0,3,3,0.3333,Clean,train
ImageManager,0,0.8444444444444444,148,12.9,4.2,1,0,3,13,7,0.3846,Long Method,train
TemplateFilters,0,0.9714285714285714,157,8.333333333333334,2.6,0,0,0,22,11,0.2273,God Class,test
FieldConverter,0,0.0,65,20.5,3.0,0,1,0,3,2,0.6667,Clean,test
GeneralModelConverter,1,0.7272727272727273,208,17.181818181818183,2.727272727272727,0,0,2,13,9,0.3077,God Class,train
DynamicForm,0,0.0,9,3.0,1.0,0,0,0,0,0,0.0,Clean,train
MenuItem,0,0.5,29,6.25,2.25,0,1,0,0,0,0.0,Clean,train
Menu,1,0.3888888888888889,144,14.88888888888889,3.6666666666666665,0,1,3,12,5,0.5,Clean,test
MenuApi,0,0.0,49,42.0,1.0,0,0,1,1,1,1.0,Clean,train
MenuApiManager,0,0.0,4,3.0,2.0,0,0,0,1,1,1.0,Clean,train
BS3FileUploadFieldWidget,0,0.0,35,14.0,2.0,0,0,0,4,2,0.75,Clean,test
BS3ImageUploadFieldWidget,0,1.0,43,10.5,1.5,0,0,0,5,3,0.6,Clean,train
FileUploadField,0,0.6666666666666666,86,11.833333333333334,2.8333333333333335,0,1,2,0,0,0.0,Clean,test
ImageUploadField,0,0.16666666666666666,48,9.5,3.75,0,1,2,0,0,0.0,Clean,train
Stack,0,0.0,26,4.25,2.25,0,0,0,0,0,0.0,Clean,train
Unique,0,0.0,31,11.0,3.0,0,0,0,3,2,0.6667,Clean,train
PasswordComplexityValidator,0,0.0,21,15.0,5.0,0,0,0,2,2,0.5,Clean,train
IndexView,0,0.0,13,3.0,1.0,0,0,0,0,0,0.0,Clean,train
UtilView,0,0.0,12,2.0,1.0,0,0,0,0,0,0.0,Clean,train
SimpleFormView,0,0.0,48,15.0,2.0,0,0,0,1,1,1.0,Clean,test
PublicFormView,0,0.0,44,14.0,2.0,0,0,0,1,1,1.0,Clean,train
ModelView,0,0.9487179487179487,184,9.0,1.6153846153846154,0,1,1,4,4,0.25,God Class,train
MasterDetailView,0,0.0,49,22.0,2.0,0,1,0,0,0,0.0,Clean,train
MultipleView,0,0.3333333333333333,57,8.25,2.0,0,1,4,5,4,0.4,Clean,test
CompactCRUDMixin,0,0.8571428571428571,104,10.125,2.125,0,1,0,6,4,0.5,Clean,train
RenderTemplateWidget,0,0.0,20,4.5,1.0,0,2,0,4,4,0.25,Clean,train
FormWidget,0,0.0,11,0.0,0.0,1,0,0,0,0,0.0,Clean,train
FormVerticalWidget,0,0.0,11,0.0,0.0,1,0,0,0,0,0.0,Clean,test
FormHorizontalWidget,0,0.0,11,0.0,0.0,1,0,0,0,0,0.0,Clean,train
FormInlineWidget,0,0.0,11,0.0,0.0,1,0,0,0,0,0.0,Clean,train
GroupFormListWidget,0,0.0,2,0.0,0.0,1,0,0,0,0,0.0,Clean,train
SearchWidget,0,0.0,27,11.0,1.5,2,1,4,2,2,0.5,Clean,train
ShowWidget,0,0.0,15,0.0,0.0,1,0,0,0,0,0.0,Clean,train
ShowBlockWidget,0,0.0,2,0.0,0.0,1,0,0,0,0,0.0,Clean,train
ShowVerticalWidget,0,0.0,2,0.0,0.0,1,0,0,0,0,0.0,Clean,train
ListWidget,0,0.0,19,0.0,0.0,1,0,0,0,0,0.0,Clean,train
ListMasterWidget,0,0.0,2,0.0,0.0,2,0,0,0,0,0.0,Clean,test
ListAddWidget,0,1.0,8,2.0,1.0,2,1,4,0,0,0.0,Clean,train
ListThumbnail,0,0.0,2,0.0,0.0,2,0,0,0,0,0.0,Clean,train
ListLinkWidget,0,0.0,2,0.0,0.0,2,0,0,0,0,0.0,Clean,test
ListCarousel,0,0.0,2,0.0,0.0,2,0,0,0,0,0.0,Clean,train
ListItem,0,0.0,2,0.0,0.0,2,0,0,0,0,0.0,Clean,train
ListBlock,0,0.0,2,0.0,0.0,2,0,0,0,0,0.0,Clean,train
metaclass,0,0.0,8,4.0,2.0,0,0,0,0,0,0.0,Clean,test
TreeNode,0,0.0,7,2.5,1.0,0,2,0,0,0,0.0,Clean,test
Tree,1,0.0,27,4.75,1.75,0,1,1,3,2,0.6667,Clean,test
BaseModel2SchemaConverter,0,1.0,20,9.0,1.0,0,1,0,0,0,0.0,Clean,train
Model2SchemaConverter,0,1.0,198,26.571428571428573,3.7142857142857144,1,0,4,27,9,0.4074,Clean,test
MetaSchema,0,0.0,8,0.0,0.0,0,0,0,0,0,0.0,Clean,test
SchemaMixin,0,0.0,2,0.0,0.0,0,0,0,0,0,0.0,Clean,train
MetaSchema,0,0.0,9,0.0,0.0,0,0,0,0,0,0.0,Clean,train
Meta,0,0.0,7,0.0,0.0,0,0,0,0,0,0.0,Clean,train
Meta,0,0.0,8,0.0,0.0,0,0,0,0,0,0.0,Clean,train
OpenApi,0,1.0,55,23.0,3.0,0,2,0,6,4,0.3333,Feature Envy,train
SwaggerView,0,0.0,16,9.0,1.0,0,0,1,2,2,0.5,Clean,train
OpenApiManager,0,0.0,7,6.0,3.0,0,0,1,1,1,1.0,Clean,train
BaseModelSchema,0,0.0,27,5.0,1.6666666666666667,0,0,0,1,1,1.0,Clean,train
BaseApi,0,0.9333333333333333,600,16.238095238095237,3.857142857142857,0,1,3,16,13,0.1875,God Class,train
ModelRestApi,0,0.9329573934837093,1356,17.350877192982455,2.6315789473684212,1,1,10,26,18,0.1538,God Class,train
BabelManager,0,1.0,53,8.6,2.4,0,0,0,3,3,0.3333,Clean,test
LocaleView,0,0.0,13,7.0,2.0,0,0,0,0,0,0.0,Clean,train
BaseChartView,0,1.0,51,3.25,1.0,0,6,7,0,0,0.0,Clean,train
GroupByChartView,0,0.5,150,24.25,4.0,1,6,7,4,3,0.5,Clean,train
DirectByChartView,0,0.0,45,0.0,0.0,2,0,0,0,0,0.0,Clean,train
BaseSimpleGroupByChartView,0,0.0,41,18.0,3.0,1,6,3,1,1,1.0,Clean,train
BaseSimpleDirectChartView,0,0.6666666666666666,57,15.666666666666666,2.0,1,6,3,1,1,1.0,Clean,train
ChartView,0,0.0,31,19.0,2.0,2,0,5,0,0,0.0,Clean,train
TimeChartView,0,0.0,74,28.5,4.5,2,4,4,1,1,1.0,Clean,train
DirectChartView,0,0.0,54,31.0,3.0,2,0,6,0,0,0.0,Clean,train
ChartWidget,0,0.0,2,0.0,0.0,0,0,0,0,0,0.0,Clean,train
DirectChartWidget,0,0.0,2,0.0,0.0,0,0,0,0,0,0.0,Clean,train
MultipleChartWidget,0,0.0,2,0.0,0.0,0,0,0,0,0,0.0,Clean,train
BaseInterface,0,0.997979797979798,326,4.345454545454546,1.3818181818181818,0,0,0,5,4,0.4,God Class,train
BaseFilter,0,1.0,49,8.0,1.3333333333333333,0,1,0,1,1,1.0,Clean,train
FilterRelation,0,0.0,10,5.0,1.0,1,1,0,0,0,0.0,Clean,train
BaseFilterConverter,0,0.0,38,3.5,2.0,0,1,0,1,1,1.0,Clean,train
Filters,0,0.631578947368421,194,8.789473684210526,2.473684210526316,0,0,3,17,10,0.2941,Clean,train
BaseGroupBy,0,0.8,43,5.333333333333333,1.1666666666666667,0,3,0,0,0,0.0,Clean,test
GroupByCol,0,0.0,34,16.0,1.5,1,0,2,0,0,0.0,Clean,train
GroupByDateYear,0,1.0,15,6.5,1.5,1,0,2,1,1,1.0,Clean,test
GroupByDateMonth,0,1.0,19,5.333333333333333,1.3333333333333333,1,2,1,2,1,1.0,Clean,train
BaseProcessData,0,0.75,134,13.625,3.625,0,2,0,2,2,0.5,Long Method,train
DirectProcessData,0,0.0,12,11.0,4.0,1,0,2,0,0,0.0,Clean,train
GroupByProcessData,0,0.0,20,11.0,4.0,1,0,2,0,0,0.0,Clean,train
FileColumn,0,0.0,6,0.0,0.0,0,0,0,0,0,0.0,Clean,train
ImageColumn,0,0.0,12,4.0,1.0,0,0,0,0,0,0.0,Clean,train
AuditMixin,0,0.8,63,6.6,1.2,0,0,0,1,1,1.0,Clean,train
UserExtensionMixin,0,0.0,7,2.0,1.0,0,0,0,0,0,0.0,Clean,train
BaseMixin,0,0.0,2,0.0,0.0,0,0,0,0,0,0.0,Clean,train
FilterContains,0,0.0,5,2.0,1.0,0,0,0,1,1,1.0,Clean,train
FilterIContains,0,0.0,9,2.0,1.0,0,0,0,1,1,1.0,Clean,train
FilterNotContains,0,0.0,5,2.0,1.0,0,0,0,1,1,1.0,Clean,test
FilterEqual,0,0.0,5,2.0,1.0,0,0,0,1,1,1.0,Clean,train
FilterNotEqual,0,0.0,5,2.0,1.0,0,0,0,1,1,1.0,Clean,train
FilterGreater,0,0.0,5,2.0,1.0,0,0,0,1,1,1.0,Clean,train
FilterSmaller,0,0.0,5,2.0,1.0,0,0,0,1,1,1.0,Clean,train
FilterStartsWith,0,0.0,5,2.0,1.0,0,0,0,1,1,1.0,Clean,train
GenericFilterConverter,0,0.0,42,0.0,0.0,0,0,0,0,0,0.0,Clean,train
GenericInterface,0,0.4725274725274725,71,3.9285714285714284,1.5,0,0,0,5,2,0.8,Clean,train
PKMissingException,0,0.0,4,3.0,1.0,0,1,3,0,0,0.0,Clean,train
GenericColumn,0,0.0,14,3.5,1.0,0,1,0,0,0,0.0,Clean,test
MetaGenericModel,0,0.0,31,16.0,5.0,0,0,0,5,1,1.0,Clean,train
GenericModel,1,0.6666666666666666,41,5.25,2.25,0,1,2,1,1,1.0,Clean,train
GenericSession,0,0.791005291005291,269,8.107142857142858,1.9642857142857142,0,2,0,11,8,0.1818,God Class,train
SQLA,0,0.0,17,5.0,1.0,0,0,0,1,1,1.0,Clean,train
CustomSignallingSession,0,0.0,26,20.0,4.0,0,0,0,5,4,0.4,Clean,train
SQLA,0,1.0,35,7.333333333333333,1.6666666666666667,0,0,0,3,3,0.3333,Clean,test
ModelDeclarativeMeta,0,0.0,6,0.0,0.0,0,0,0,0,0,0.0,Clean,test
Model,0,0.0,27,8.0,4.0,0,0,0,1,1,1.0,Clean,train
FilterStartsWith,0,0.0,7,3.0,1.0,0,0,0,2,2,0.5,Clean,test
FilterNotStartsWith,0,0.0,7,3.0,1.0,0,0,0,2,2,0.5,Clean,train
FilterEndsWith,0,0.0,7,3.0,1.0,0,0,0,2,2,0.5,Clean,train
FilterNotEndsWith,0,0.0,7,3.0,1.0,0,0,0,2,2,0.5,Clean,train
FilterContains,0,0.0,7,3.0,1.0,0,0,0,2,2,0.5,Clean,train
FilterNotContains,0,0.0,7,3.0,1.0,0,0,0,2,2,0.5,Clean,test
FilterEqual,0,0.0,8,4.0,1.0,0,0,0,1,1,1.0,Clean,train
FilterNotEqual,0,0.0,9,5.0,1.0,0,0,0,1,1,1.0,Clean,test
FilterGreater,0,0.0,12,8.0,2.0,0,0,0,1,1,1.0,Clean,train
FilterSmaller,0,0.0,12,8.0,2.0,0,0,0,1,1,1.0,Clean,train
FilterIn,0,0.0,10,6.0,1.0,0,0,0,2,2,0.5,Clean,train
FilterNotIn,0,0.0,10,6.0,1.0,0,0,0,2,2,0.5,Clean,train
FilterRelationOneToManyEqual,0,0.0,17,13.0,3.0,0,0,0,2,2,0.5,Clean,train
FilterRelationOneToManyNotEqual,0,0.0,17,13.0,3.0,0,0,0,3,3,0.3333,Clean,train
FilterRelationManyToManyEqual,0,0.0,43,19.0,3.5,0,0,0,4,4,0.25,Clean,train
FilterEqualFunction,0,0.0,7,3.0,1.0,0,0,0,1,1,1.0,Clean,train
FilterInFunction,0,0.0,7,3.0,1.0,0,0,0,2,2,0.5,Clean,train
SQLAFilterConverter,0,0.0,112,0.0,0.0,0,0,0,0,0,0.0,Clean,train
SQLAInterface,0,0.8318727685816294,1033,11.556962025316455,3.1012658227848102,0,0,0,62,29,0.1774,God Class,train
Model,0,0.0,28,8.0,3.0,0,0,0,1,1,1.0,Clean,test
SecurityApi,0,1.0,137,41.666666666666664,3.3333333333333335,0,0,0,6,5,0.3333,Feature Envy,test
SecurityModelChangeEvent,0,0.5,72,3.0,1.0,0,0,0,0,0,0.0,Clean,train
SelectDataRequired,0,0.0,11,0.0,0.0,0,0,0,0,0,0.0,Clean,test
LoginForm_db,0,0.0,3,0.0,0.0,0,0,0,0,0,0.0,Clean,test
UserInfoEdit,0,0.0,13,0.0,0.0,0,0,0,0,0,0.0,Clean,train
ResetPasswordForm,0,0.0,16,0.0,0.0,0,0,0,0,0,0.0,Clean,train
RegisterUserDBForm,0,0.0,37,0.0,0.0,0,0,0,0,0,0.0,Clean,train
AbstractSecurityManager,0,1.0,58,5.625,1.0,0,1,0,0,0,0.0,Clean,test
BaseSecurityManager,0,0.9932032066922273,2488,14.144736842105264,2.776315789473684,1,0,3,94,43,0.1064,God Class,train
BaseRegisterUser,0,0.5,138,22.25,3.0,0,2,0,18,7,0.2778,Clean,train
RegisterUserDBView,0,1.0,21,5.5,1.0,1,0,2,5,1,1.0,Clean,train
RegisterUserOAuthView,0,1.0,23,7.5,1.0,1,0,2,6,3,0.6667,Feature Envy,train
LoginPost,0,0.0,12,0.0,0.0,0,0,0,0,0,0.0,Clean,train
PermissionModelView,0,0.0,10,0.0,0.0,0,0,0,0,0,0.0,Clean,train
ViewMenuModelView,0,0.0,10,0.0,0.0,0,0,0,0,0,0.0,Clean,train
PermissionViewModelView,0,0.0,14,0.0,0.0,0,0,0,0,0,0.0,Clean,train
ResetMyPasswordView,0,0.0,14,3.0,1.0,0,0,0,2,2,0.5,Clean,train
ResetPasswordView,0,0.0,15,4.0,1.0,0,0,0,2,2,0.5,Clean,train
UserInfoEditView,0,0.0,21,7.0,2.0,0,0,0,5,4,0.4,Clean,train
UserModelView,0,0.0,155,8.0,1.0,0,0,0,1,1,1.0,Clean,train
UserLDAPModelView,0,0.0,8,0.0,0.0,1,0,0,0,0,0.0,Clean,train
UserOAuthModelView,0,0.0,8,0.0,0.0,1,0,0,0,0,0.0,Clean,test
UserRemoteUserModelView,0,0.0,8,0.0,0.0,1,0,0,0,0,0.0,Clean,train
UserDBModelView,0,0.6,108,8.666666666666666,1.1666666666666667,1,0,0,6,3,0.6667,Clean,train
UserStatsChartView,0,0.0,18,0.0,0.0,0,0,0,0,0,0.0,Clean,train
RoleListWidget,0,0.0,6,3.0,1.0,0,1,1,1,1,1.0,Clean,test
RoleShowWidget,0,0.0,6,3.0,1.0,0,1,1,1,1,1.0,Clean,train
RoleModelView,0,1.0,44,7.5,2.0,0,0,0,5,2,0.6,Clean,train
UserGroupModelView,0,0.0,20,6.0,2.0,0,0,0,1,1,1.0,Clean,test
RegisterUserModelView,0,0.0,8,0.0,0.0,0,0,0,0,0,0.0,Clean,train
AuthView,0,0.6666666666666666,42,10.666666666666666,2.6666666666666665,0,1,0,3,2,0.6667,Clean,train
AuthDBView,0,0.0,22,17.0,5.0,1,0,0,5,3,0.6,Clean,train
AuthLDAPView,0,0.0,22,17.0,5.0,1,0,0,5,3,0.6,Clean,train
AuthOAuthView,0,0.0,108,50.5,10.5,1,0,0,6,4,0.5,Long Method,train
UserSAMLModelView,0,0.0,8,0.0,0.0,1,0,0,0,0,0.0,Clean,train
AuthSAMLView,0,0.0,196,35.6,7.8,1,0,1,15,8,0.4,Clean,train
AuthRemoteUserView,0,0.0,19,15.0,5.0,1,0,0,3,2,0.6667,Clean,train
SAMLServiceBinding,0,0.0,3,0.0,0.0,0,0,0,0,0,0.0,Clean,train
SAMLIdPConfig,0,0.0,5,0.0,0.0,0,0,0,0,0,0.0,Clean,train
SAMLProvider,0,0.0,5,0.0,0.0,0,0,0,0,0,0.0,Clean,test
SAMLSPConfig,0,0.0,7,0.0,0.0,0,0,0,0,0,0.0,Data Class,test
SAMLSecurityConfig,0,0.0,12,0.0,0.0,0,0,0,0,0,0.0,Data Class,train
SAMLConfig,0,0.0,6,0.0,0.0,0,0,0,0,0,0.0,Clean,train
SAMLFlaskRequest,0,0.0,8,0.0,0.0,0,0,0,0,0,0.0,Data Class,train
SAMLUserInfo,0,0.0,6,0.0,0.0,0,0,0,0,0,0.0,Clean,train
SecurityManager,0,0.40619520748100524,1366,21.135593220338983,3.305084745762712,0,0,0,132,34,0.3106,Long Method,train
Permission,0,0.0,12,2.0,1.0,0,0,0,0,0,0.0,Clean,train
ViewMenu,0,0.0,18,2.0,1.3333333333333333,0,0,0,1,1,1.0,Clean,train
Role,0,0.0,21,2.0,1.0,0,0,0,0,0,0.0,Clean,train
PermissionView,0,0.0,21,2.0,1.0,0,0,0,0,0,0.0,Clean,train
User,0,0.9722222222222222,79,2.7777777777777777,1.1111111111111112,0,0,0,1,1,1.0,Clean,train
Group,0,0.0,19,2.0,1.0,0,0,0,0,0,0.0,Data Class,test
RegisterUser,0,0.0,18,0.0,0.0,0,0,0,0,0,0.0,Data Class,train
ApiKey,0,1.0,55,5.0,3.0,0,0,0,0,0,0.0,Clean,test
ApiKeyApi,0,0.8333333333333334,172,34.5,2.25,0,0,0,11,7,0.4545,Clean,train
ApiKeyPostSchema,0,0.0,13,0.0,0.0,0,0,0,0,0,0.0,Clean,train
ApiKeyResponseSchema,0,0.0,10,0.0,0.0,0,0,0,0,0,0.0,Data Class,train
ApiKeyCreateResponseSchema,0,0.0,10,0.0,0.0,0,0,0,0,0,0.0,Data Class,train
GroupApi,0,0.0,214,87.5,9.5,0,0,0,11,7,0.2727,Long Method,train
GroupPostSchema,0,0.0,30,0.0,0.0,0,0,0,0,0,0.0,Data Class,test
GroupPutSchema,0,0.0,30,0.0,0.0,0,0,0,0,0,0.0,Data Class,train
PermissionApi,0,0.0,14,0.0,0.0,0,0,0,0,0,0.0,Clean,train
PermissionViewMenuApi,0,0.0,11,0.0,0.0,0,0,0,0,0,0.0,Clean,train
RoleApi,0,0.0,289,61.5,4.5,0,0,0,12,8,0.25,Long Method,test
RolePermissionPostSchema,0,0.0,6,0.0,0.0,0,0,0,0,0,0.0,Clean,train
RolePermissionListSchema,0,0.0,4,0.0,0.0,0,0,0,0,0,0.0,Clean,test
RoleUserPutSchema,0,0.0,4,0.0,0.0,0,0,0,0,0,0.0,Clean,test
RoleGroupPutSchema,0,0.0,4,0.0,0.0,0,0,0,0,0,0.0,Clean,train
UserApi,0,0.8333333333333334,272,52.25,8.5,0,0,0,17,9,0.3529,Long Method,train
UserPostSchema,0,0.0,45,11.0,5.0,0,0,0,1,1,1.0,Clean,train
UserPutSchema,0,0.0,33,0.0,0.0,0,0,0,0,0,0.0,Data Class,train
PasswordComplexityValidator,0,0.0,20,17.0,5.0,0,0,0,1,1,1.0,Clean,train
ViewMenuApi,0,0.0,13,0.0,0.0,0,0,0,0,0,0.0,Clean,train
Limit,0,0.0,12,0.0,0.0,0,0,0,0,0,0.0,Data Class,train
FlaskyStyle,0,0.0,80,0.0,0.0,0,0,0,0,0,0.0,Clean,train
Todo,0,1.0,15,4.0,1.0,0,0,0,1,1,1.0,Clean,train
TodoList,0,1.0,9,3.5,1.0,0,0,0,1,1,1.0,Clean,train
TodoSimple,0,1.0,28,2.5,1.0,0,0,0,1,1,1.0,Clean,train
Hello,0,0.0,13,2.0,1.0,0,0,0,0,0,0.0,Clean,train
MarshallingException,0,0.0,9,4.0,1.0,0,9,8,0,0,0.0,Clean,train
Raw,0,0.6666666666666666,49,11.333333333333334,1.6666666666666667,0,8,8,0,0,0.0,Clean,train
Nested,0,0.0,27,6.5,3.0,1,7,8,0,0,0.0,Clean,train
List,1,0.0,48,12.333333333333334,5.333333333333333,1,8,21,0,0,0.0,Clean,train
String,1,0.0,11,5.0,2.0,1,3,1,0,0,0.0,Clean,test
Integer,1,1.0,16,4.5,2.0,1,8,9,0,0,0.0,Clean,train
Boolean,0,0.0,9,2.0,1.0,1,3,0,0,0,0.0,Clean,train
FormattedString,1,0.0,32,6.5,1.5,1,7,18,0,0,0.0,Clean,train
Url,1,0.0,30,8.0,3.0,1,7,9,4,2,0.75,Clean,train
Float,1,0.0,12,5.0,2.0,1,3,1,0,0,0.0,Clean,train
Arbitrary,0,0.0,8,2.0,1.0,1,3,0,0,0,0.0,Clean,train
DateTime,1,0.0,29,7.5,2.5,1,8,9,0,0,0.0,Clean,train
Fixed,1,0.0,13,4.0,2.0,1,8,9,2,1,1.0,Clean,test
regex,0,0.0,29,3.3333333333333335,1.3333333333333333,0,0,0,0,0,0.0,Clean,train
int_range,0,0.0,15,6.0,2.0,0,0,0,0,0,0.0,Clean,train
Namespace,0,1.0,9,3.5,1.5,0,0,0,0,0,0.0,Clean,train
Argument,0,0.14285714285714285,221,25.714285714285715,7.428571428571429,0,1,0,11,9,0.1818,Long Method,test
RequestParser,0,0.0,106,13.833333333333334,4.0,0,0,2,11,6,0.3636,Long Method,test
Api,0,0.8428571428571429,505,21.38095238095238,3.238095238095238,0,0,0,36,18,0.1389,God Class,train
Resource,0,0.0,46,33.0,8.0,0,0,0,3,2,0.6667,Clean,train
marshal_with,0,0.0,43,9.5,1.5,0,0,0,0,0,0.0,Clean,train
marshal_with_field,0,0.0,34,9.5,2.0,0,0,0,0,0,0.0,Clean,train
ExplanationStep,0,0.0,24,6.0,1.0,0,0,0,0,0,0.0,Clean,test
ExplainedText,0,0.0,11,0.0,0.0,0,0,0,0,0,0.0,Clean,train
TextFixerConfig,0,0.0,137,0.0,0.0,0,0,0,0,0,0.0,Data Class,train
Codec,0,1.0,6,2.0,1.0,0,0,0,0,0,0.0,Clean,test
IncrementalEncoder,0,0.0,3,2.0,1.0,0,0,0,0,0,0.0,Clean,test
IncrementalDecoder,0,0.0,3,2.0,1.0,0,0,0,0,0,0.0,Clean,train
StreamWriter,0,0.0,2,0.0,0.0,1,0,0,0,0,0.0,Clean,train
StreamReader,0,0.0,2,0.0,0.0,1,0,0,0,0,0.0,Clean,train
IncrementalDecoder,0,1.0,140,41.333333333333336,4.666666666666667,0,1,0,5,4,0.4,Clean,test
StreamWriter,0,0.0,4,2.0,1.0,0,0,0,0,0,0.0,Clean,test
StreamReader,1,0.0,4,2.0,1.0,0,0,1,0,0,0.0,Clean,train
CharData,0,0.0,9,4.0,2.0,0,0,0,0,0,0.0,Clean,train
SkipMemory,0,0.0,2,0.0,0.0,0,0,0,0,0,0.0,Clean,train
CacheMemory,0,0.6,28,4.6,1.4,0,0,0,0,0,0.0,Clean,test
LabeledContextDecorator,0,0.3333333333333333,25,6.333333333333333,1.3333333333333333,0,2,0,1,1,1.0,Clean,train
log_errors,0,0.6666666666666666,16,4.0,1.6666666666666667,1,1,2,0,0,0.0,Clean,train
log_durations,0,0.3333333333333333,18,4.666666666666667,2.0,1,1,2,0,0,0.0,Clean,train
Call,0,0.4,30,3.8,1.6,0,0,0,1,1,1.0,Clean,train
ErrorRateExceeded,0,0.0,2,0.0,0.0,0,0,0,0,0,0.0,Clean,train
nullcontext,0,0.6666666666666666,19,2.0,1.0,0,0,0,0,0,0.0,Clean,test
cached_property,0,0.0,18,4.0,1.5,0,1,0,0,0,0.0,Clean,test
cached_readonly,0,0.0,4,2.0,1.0,1,0,0,0,0,0.0,Clean,train
LazyObject,0,1.0,22,3.0,1.0,0,0,0,0,0,0.0,Clean,train
WrapperProp,0,1.0,20,4.0,1.5,0,0,1,0,0,0.0,Clean,train
EmptyType,0,0.0,3,2.0,1.0,0,0,0,0,0,0.0,Clean,train
GlomError,0,0.6666666666666666,63,12.75,3.0,0,0,0,2,2,0.5,Clean,test
PathAccessError,0,0.0,48,4.666666666666667,1.3333333333333333,1,2,1,0,0,0.0,Clean,train
PathAssignError,0,0.0,28,3.3333333333333335,1.0,1,2,0,0,0,0.0,Clean,train
CoalesceError,0,0.0,55,7.333333333333333,2.3333333333333335,1,3,0,0,0,0.0,Clean,train
BadSpec,0,0.0,3,0.0,0.0,1,0,0,0,0,0.0,Clean,test
UnregisteredTarget,0,0.0,48,7.666666666666667,2.0,1,2,22,0,0,0.0,Clean,train
_BBRepr,0,1.0,17,6.0,2.5,0,1,22,2,2,0.5,Clean,train
_BBReprFormatter,0,0.0,9,4.0,2.0,0,0,0,0,0,0.0,Clean,train
Path,1,0.3181818181818182,178,10.75,3.6666666666666665,0,10,1,6,4,0.5,Clean,test
Spec,0,0.0,43,4.25,1.5,0,5,0,2,2,0.5,Clean,train
Coalesce,1,0.0,116,13.666666666666666,4.666666666666667,0,2,1,2,1,1.0,Clean,train
Inspect,1,0.6666666666666666,97,11.75,4.25,0,2,1,1,1,1.0,Clean,train
Call,0,0.0,57,6.0,2.6666666666666665,0,2,0,0,0,0.0,Clean,train
Invoke,1,0.2857142857142857,210,22.857142857142858,3.2857142857142856,0,2,2,5,4,0.4,Clean,train
Ref,0,0.0,27,5.333333333333333,1.6666666666666667,0,2,0,0,0,0.0,Clean,train
TType,0,0.974025974025974,157,2.6363636363636362,1.1818181818181819,0,1,1,2,2,0.5,God Class,train
Val,0,0.0,30,2.3333333333333335,1.0,0,2,0,0,0,0.0,Clean,train
ScopeVars,0,0.0,19,2.3333333333333335,1.0,0,3,1,0,0,0.0,Clean,train
Vars,1,0.0,25,4.0,1.3333333333333333,0,2,1,0,0,0.0,Clean,train
Let,0,0.0,23,3.6666666666666665,1.3333333333333333,0,2,1,1,1,1.0,Clean,train
Auto,0,0.0,19,3.0,1.3333333333333333,0,2,0,0,0,0.0,Clean,test
_AbstractIterable,0,0.0,7,4.0,2.0,0,0,0,0,0,0.0,Clean,test
_ObjStyleKeysMeta,0,0.0,3,2.0,2.0,0,0,0,0,0,0.0,Clean,test
_ObjStyleKeys,0,0.0,7,3.0,1.0,0,0,0,0,0,0.0,Clean,train
Pipe,0,0.0,18,2.0,1.0,0,2,0,0,0,0.0,Clean,train
TargetRegistry,1,0.6666666666666666,192,19.88888888888889,5.333333333333333,0,3,4,8,7,0.25,Long Method,train
Glommer,1,0.0,66,13.0,1.0,0,4,3,1,1,1.0,Clean,train
Fill,0,0.5,33,2.75,1.25,0,2,2,0,0,0.0,Clean,train
_ArgValuator,0,0.0,22,10.0,3.0,0,2,1,3,2,0.6667,Clean,test
Group,0,0.0,53,7.333333333333333,2.0,0,0,0,0,0,0.0,Clean,train
First,0,1.0,17,3.5,1.5,0,0,0,0,0,0.0,Clean,train
Avg,0,1.0,22,5.5,1.5,0,0,0,0,0,0.0,Clean,train
Max,0,1.0,17,3.0,2.0,0,0,0,0,0,0.0,Clean,train
Min,0,1.0,17,3.0,2.0,0,0,0,0,0,0.0,Clean,train
Sample,0,0.0,35,6.0,2.0,0,0,0,1,1,1.0,Clean,train
Limit,0,0.0,40,6.0,2.3333333333333335,0,0,0,0,0,0.0,Clean,train
MatchError,0,1.0,16,2.5,1.0,0,7,12,0,0,0.0,Clean,train
TypeMatchError,0,1.0,25,3.5,1.0,1,1,12,0,0,0.0,Clean,train
Match,0,0.7,118,8.4,1.6,0,2,0,0,0,0.0,Clean,train
Regex,1,0.0,46,11.0,3.6666666666666665,0,2,1,5,3,0.6,Clean,train
_Bool,3,0.7619047619047619,43,5.142857142857143,2.2857142857142856,0,3,6,2,1,1.0,Clean,train
And,0,0.0,18,4.5,1.5,1,3,0,0,0,0.0,Clean,test
Or,0,0.0,20,5.0,2.0,1,3,0,0,0,0.0,Clean,train
Not,0,0.0,34,5.25,2.25,1,5,1,0,0,0.0,Clean,train
_MSubspec,2,0.9166666666666666,33,2.3333333333333335,1.1111111111111112,0,3,2,0,0,0.0,Clean,test
_MExpr,4,0.8,42,5.333333333333333,3.6666666666666665,0,4,4,3,3,0.3333,Clean,test
_MType,6,1.0,97,2.5833333333333335,1.1666666666666667,0,0,6,0,0,0.0,Clean,test
Optional,1,0.0,35,4.333333333333333,2.0,0,2,1,0,0,0.0,Clean,test
Required,0,0.0,47,4.5,2.0,0,2,0,0,0,0.0,Clean,train
Switch,1,0.0,97,9.0,3.0,0,2,1,0,0,0.0,Clean,train
Check,1,0.0,148,36.666666666666664,12.666666666666666,0,2,1,2,1,1.0,Long Method,train
CheckError,0,0.0,39,5.333333333333333,1.6666666666666667,0,3,0,0,0,0.0,Clean,test
_ValidationError,0,0.0,3,0.0,0.0,0,0,0,0,0,0.0,Clean,train
PathDeleteError,0,0.0,19,3.0,1.0,0,1,0,0,0,0.0,Clean,train
Assign,0,0.0,126,20.333333333333332,4.666666666666667,0,0,0,3,3,0.3333,Clean,train
Delete,1,0.3333333333333333,89,14.75,5.25,0,0,1,2,2,0.5,Clean,train
FoldError,0,0.0,4,0.0,0.0,0,1,0,0,0,0.0,Clean,test
Fold,1,0.5,80,8.8,3.0,0,4,4,1,1,1.0,Clean,train
Sum,0,1.0,26,3.5,2.0,1,3,4,0,0,0.0,Clean,train
Count,0,1.0,15,2.5,1.0,1,3,4,0,0,0.0,Clean,test
Flatten,0,0.0,35,6.666666666666667,2.6666666666666665,1,4,6,0,0,0.0,Clean,train
Merge,0,1.0,54,8.666666666666666,2.6666666666666665,1,4,4,0,0,0.0,Clean,train
Iter,1,0.9411764705882353,326,15.277777777777779,1.8333333333333333,0,1,1,5,4,0.4,God Class,train
First,0,0.3333333333333333,31,4.333333333333333,1.3333333333333333,0,1,1,0,0,0.0,Clean,train
ContactManager,0,1.0,13,2.0,1.0,0,1,0,3,2,0.6667,Clean,train
Contact,0,0.0,18,2.0,1.0,0,0,1,0,0,0.0,Clean,train
Email,0,0.0,4,0.0,0.0,0,0,0,0,0,0.0,Clean,train
FlowCallable,0,0.0,6,3.0,1.0,0,0,0,0,0,0.0,Clean,train
Cell,0,0.6428571428571429,82,8.125,1.625,0,0,0,3,1,1.0,Clean,train
Client,0,0.21568627450980393,456,23.666666666666668,2.1666666666666665,0,0,0,13,11,0.1538,Long Method,test
UnSupportedExportFormat,0,0.0,2,0.0,0.0,0,0,0,0,0,0.0,Clean,test
GSpreadException,0,0.0,2,0.0,0.0,0,0,0,0,0,0.0,Clean,train
WorksheetNotFound,0,0.0,2,0.0,0.0,1,0,0,0,0,0.0,Clean,train
NoValidUrlKeyFound,0,0.0,2,0.0,0.0,1,0,0,0,0,0.0,Clean,train
IncorrectCellLabel,0,0.0,2,0.0,0.0,1,0,0,0,0,0.0,Clean,test
InvalidInputValue,0,0.0,2,0.0,0.0,1,0,0,0,0,0.0,Clean,train
APIError,0,0.5,33,6.5,1.25,1,0,0,2,1,1.0,Clean,train
SpreadsheetNotFound,0,0.0,2,0.0,0.0,1,0,0,0,0,0.0,Clean,train
HTTPClient,0,0.9761904761904762,475,20.714285714285715,1.7142857142857142,0,1,1,6,4,0.5,God Class,test
BackOffHTTPClient,0,0.0,106,72.0,10.0,1,1,1,4,2,0.5,Long Method,train
Spreadsheet,0,0.5024154589371981,755,15.195652173913043,1.4130434782608696,0,0,0,10,9,0.2,Clean,train
StrEnum,0,1.0,13,3.3333333333333335,1.3333333333333333,0,0,0,0,0,0.0,Clean,train
Dimension,0,0.0,3,0.0,0.0,1,0,0,0,0,0.0,Clean,train
MergeType,0,0.0,4,0.0,0.0,1,0,0,0,0,0.0,Clean,train
ValueRenderOption,0,0.0,4,0.0,0.0,1,0,0,0,0,0.0,Clean,train
ValueInputOption,0,0.0,3,0.0,0.0,1,0,0,0,0,0.0,Clean,train
InsertDataOption,0,0.0,3,0.0,0.0,1,0,0,0,0,0.0,Clean,test
DateTimeOption,0,0.0,3,0.0,0.0,1,0,0,0,0,0.0,Clean,test
MimeType,0,0.0,8,0.0,0.0,1,0,0,0,0,0.0,Data Class,train
ExportFormat,0,0.0,7,0.0,0.0,1,0,0,0,0,0.0,Data Class,train
PasteType,0,0.0,8,0.0,0.0,1,0,0,0,0,0.0,Data Class,test
PasteOrientation,0,0.0,3,0.0,0.0,1,0,0,0,0,0.0,Clean,train
GridRangeType,0,0.0,3,0.0,0.0,1,0,0,0,0,0.0,Clean,test
ValidationConditionType,0,0.0,33,0.0,0.0,1,0,0,0,0,0.0,Data Class,train
TableDirection,0,0.0,4,0.0,0.0,1,0,0,0,0,0.0,Clean,train
ValueRange,0,0.8333333333333334,74,7.5,1.25,0,1,1,2,2,0.5,Clean,test
Worksheet,0,0.7362802335279399,3532,30.854545454545455,1.8727272727272728,0,1,3,36,30,0.0556,God Class,test
FinishedForNow,0,0.0,2,0.0,0.0,0,0,0,0,0,0.0,Clean,train
QuietSimpleHTTPServer,0,0.0,3,2.0,1.0,0,0,0,0,0,0.0,Clean,train
Context,0,0.9,27,3.2,1.2,0,0,3,1,1,1.0,Clean,test
BaseRunner,0,1.0,18,2.0,1.0,0,1,0,1,1,1.0,Clean,test
CommandRunner,0,0.0,9,2.0,1.0,1,1,0,2,1,1.0,Clean,train
DownloadRunner,0,0.0,18,10.0,1.0,1,1,0,3,1,1.0,Clean,train
Environment,0,0.0,15,7.0,1.0,0,0,0,0,0,0.0,Clean,train
HTTPieEnvironment,0,0.0,54,48.0,2.0,1,0,0,0,0,0.0,Clean,train
LocalCommandEnvironment,0,0.0,6,2.0,1.0,1,0,0,0,0,0.0,Clean,test
ManPageBuilder,0,0.7727272727272727,61,4.0,1.1666666666666667,0,0,0,1,1,1.0,Clean,train
HTTPieHTTPAdapter,0,0.0,9,7.0,1.0,0,0,0,1,1,1.0,Clean,train
cached_property,0,0.6666666666666666,43,6.75,1.75,0,0,0,0,0,0.0,Clean,test
ConfigFileError,0,0.0,2,0.0,0.0,0,0,0,0,0,0.0,Clean,train
BaseConfigDict,0,0.6428571428571429,55,5.25,1.625,0,1,1,0,0,0.0,Clean,test
Config,0,0.9333333333333333,36,3.5,1.0,1,1,1,0,0,0.0,Clean,train
LogLevel,0,0.0,4,0.0,0.0,0,0,0,0,0,0.0,Clean,train
Environment,0,0.7636363636363637,172,9.454545454545455,2.272727272727273,0,0,0,10,7,0.2,God Class,train
HTTPieCookiePolicy,0,1.0,18,8.0,2.0,0,0,0,2,2,0.5,Clean,train
ContentRangeError,0,0.0,2,0.0,0.0,0,0,0,0,0,0.0,Clean,train
Downloader,1,0.39285714285714285,143,16.5,2.375,0,1,5,3,2,0.6667,Clean,test
DownloadStatus,0,0.25,71,7.375,1.75,0,1,1,1,1,1.0,Clean,train
HTTPMessage,0,0.9523809523809523,36,3.2857142857142856,1.1428571428571428,0,1,0,2,2,0.5,Clean,train
HTTPResponse,0,0.0,67,11.4,1.6,1,0,2,5,2,0.6,Clean,train
HTTPRequest,0,0.6666666666666666,40,8.0,2.75,1,1,0,6,4,0.5,Clean,test
RequestsMessageKind,0,0.0,3,0.0,0.0,0,0,0,0,0,0.0,Clean,train
OutputOptions,0,1.0,32,12.0,2.0,0,0,0,0,0,0.0,Clean,train
Session,0,0.6483516483516484,199,12.166666666666666,2.5833333333333335,0,0,0,22,14,0.1364,Clean,test
HTTPieCertificate,0,0.0,9,4.0,1.0,0,1,0,0,0,0.0,Clean,test
HTTPieHTTPSAdapter,0,0.8,50,7.0,1.3333333333333333,0,0,1,3,2,0.6667,Clean,train
ExitStatus,0,0.0,16,0.0,0.0,0,0,0,0,0,0.0,Data Class,train
ChunkedStream,0,0.0,3,2.0,1.0,0,0,0,0,0,0.0,Clean,test
ChunkedUploadStream,0,0.0,17,7.5,2.0,1,0,0,0,0,0.0,Clean,test
ChunkedMultipartUploadStream,0,0.0,19,7.5,2.5,1,0,0,0,0,0.0,Clean,test
JsonDictPreservingDuplicateKeys,0,0.0,43,10.666666666666666,1.3333333333333333,0,0,0,0,0,0.0,Clean,test
ExplicitNullAuth,0,0.0,7,2.0,1.0,0,0,0,0,0,0.0,Clean,test
LockFileError,0,0.0,2,0.0,0.0,0,0,0,0,0,0.0,Clean,train
HTTPieHelpFormatter,0,1.0,45,11.0,2.0,0,2,2,3,3,0.3333,Clean,train
BaseHTTPieArgumentParser,0,0.0,45,13.333333333333334,3.6666666666666665,0,2,3,4,2,0.75,Clean,train
HTTPieManagerArgumentParser,0,0.0,8,7.0,4.0,1,2,0,1,1,1.0,Clean,train
HTTPieArgumentParser,0,0.3526315789473684,476,22.4,6.05,1,2,3,42,21,0.1429,Long Method,train
KeyValueArg,0,0.6666666666666666,14,3.0,1.0,0,0,0,0,0,0.0,Clean,test
SessionNameValidator,0,0.0,11,4.0,2.0,0,1,0,1,1,1.0,Clean,train
Escaped,0,0.0,5,2.0,1.0,0,1,0,0,0,0.0,Clean,train
KeyValueArgType,1,0.3333333333333333,83,23.666666666666668,4.0,0,1,1,2,1,1.0,Clean,train
PromptMixin,0,1.0,13,5.0,1.5,0,2,0,0,0,0.0,Clean,test
SSLCredentials,0,0.0,8,2.0,1.0,1,0,1,0,0,0.0,Clean,train
AuthCredentials,0,0.0,8,2.0,1.0,1,0,1,0,0,0.0,Clean,test
AuthCredentialsArgType,0,0.0,21,16.0,2.0,1,0,2,0,0,0.0,Clean,test
PrettyOptions,0,0.0,2,0.0,0.0,0,0,0,0,0,0.0,Clean,train
RequestType,0,0.0,4,0.0,0.0,0,0,0,0,0,0.0,Clean,train
BaseMultiDict,0,0.0,4,0.0,0.0,0,0,0,0,0,0.0,Clean,train
HTTPHeadersDict,0,1.0,35,14.0,3.0,0,0,0,1,1,1.0,Clean,train
RequestJSONDataDict,0,0.0,2,0.0,0.0,0,0,0,0,0,0.0,Clean,train
MultiValueOrderedDict,0,1.0,26,11.0,3.5,0,0,0,0,0,0.0,Clean,train
RequestQueryParamsDict,0,0.0,2,0.0,0.0,1,0,0,0,0,0.0,Clean,train
RequestDataDict,0,0.0,2,0.0,0.0,1,0,0,0,0,0.0,Clean,train
MultipartRequestDataDict,0,0.0,2,0.0,0.0,1,0,0,0,0,0.0,Clean,train
RequestFilesDict,0,0.0,2,0.0,0.0,2,0,0,0,0,0.0,Clean,train
ParseError,0,0.0,2,0.0,0.0,0,0,0,0,0,0.0,Clean,train
Qualifiers,0,0.0,5,0.0,0.0,0,0,0,0,0,0.0,Clean,train
ParserSpec,1,0.0,28,6.0,2.0,0,1,4,2,1,1.0,Clean,train
Group,1,0.3333333333333333,23,5.0,1.6666666666666667,0,1,4,3,2,0.6667,Clean,train
Argument,0,0.3,82,14.4,3.2,0,2,0,6,3,0.5,Clean,train
RequestItems,0,1.0,97,46.5,4.5,0,0,0,11,4,0.5455,Long Method,train
Manual,0,1.0,19,8.5,1.0,0,1,1,2,1,1.0,Clean,train
LazyChoices,0,0.7619047619047619,52,6.0,1.5,0,1,1,1,1,1.0,Clean,test
NestedJSONSyntaxError,0,0.0,22,10.0,1.5,0,0,0,0,0,0.0,Clean,train
TokenKind,0,0.0,13,6.0,3.0,0,0,0,1,1,1.0,Clean,train
Token,0,0.0,5,0.0,0.0,0,0,0,0,0,0.0,Clean,train
PathAction,0,0.0,9,2.0,1.0,0,0,0,0,0,0.0,Clean,train
Path,0,0.0,22,10.0,3.5,0,0,0,3,1,1.0,Clean,train
NestedJSONArray,0,0.0,2,0.0,0.0,0,0,0,0,0,0.0,Clean,train
PipError,0,0.0,6,3.0,1.0,0,0,0,0,0,0.0,Clean,train
PluginInstaller,0,0.2909090909090909,217,18.636363636363637,4.454545454545454,0,0,0,34,22,0.0882,Clean,train
ProcessingOptions,0,1.0,35,4.333333333333333,2.0,0,0,0,1,1,1.0,Clean,train
Conversion,0,0.0,8,5.0,4.0,0,0,0,2,2,0.5,Clean,train
Formatting,0,0.0,33,6.75,2.75,0,0,0,5,2,0.8,Clean,train
DataSuppressedError,0,0.0,2,0.0,0.0,0,0,0,0,0,0.0,Clean,train
BinarySuppressedError,0,0.0,4,0.0,0.0,1,3,0,0,0,0.0,Clean,train
BaseStream,0,0.6,56,9.6,2.6,0,4,6,2,2,0.5,Clean,test
RawStream,0,0.0,12,2.5,1.0,1,4,7,0,0,0.0,Clean,test
EncodedStream,1,0.4,63,8.5,2.5,1,4,4,3,2,0.6667,Clean,test
PrettyStream,1,0.0,56,8.2,2.2,2,4,5,1,1,1.0,Clean,train
BufferedPrettyStream,1,0.0,27,17.0,6.0,3,2,6,1,1,1.0,Clean,train
ColorFormatter,0,0.7619047619047619,100,11.714285714285714,1.8571428571428572,0,0,0,1,1,1.0,Clean,train
Solarized256Style,0,0.0,70,0.0,0.0,0,0,0,0,0,0.0,Clean,train
HeadersFormatter,0,1.0,15,6.0,1.0,0,0,0,1,1,1.0,Clean,train
JSONFormatter,0,0.0,29,13.0,2.5,0,0,0,0,0,0.0,Clean,train
XMLFormatter,0,0.0,27,12.0,2.5,0,0,0,1,1,1.0,Clean,train
SimplifiedHTTPLexer,0,0.0,44,0.0,0.0,0,0,0,0,0,0.0,Clean,train
EnhancedJsonLexer,0,0.0,21,0.0,0.0,0,0,0,0,0,0.0,Clean,train
MetadataLexer,0,0.0,27,0.0,0.0,0,0,0,0,0,0.0,Clean,train
Styles,0,0.0,3,0.0,0.0,0,0,0,0,0,0.0,Clean,train
PieStyle,0,0.0,4,0.0,0.0,0,1,0,0,0,0.0,Clean,test
ColorString,1,0.0,21,20.0,4.0,0,0,1,0,0,0.0,Clean,train
PieColor,0,0.0,17,0.0,0.0,1,0,0,0,0,0.0,Data Class,test
GenericColor,1,0.0,28,11.0,2.0,0,0,1,1,1,1.0,Clean,train
_StyledGenericColor,0,0.0,3,0.0,0.0,0,1,0,0,0,0.0,Clean,train
OptionsHighlighter,0,0.0,5,0.0,0.0,0,0,0,0,0,0.0,Clean,train
_GenericColorCaster,0,1.0,17,3.0,1.3333333333333333,0,0,0,1,1,1.0,Clean,train
BaseDisplay,0,1.0,42,6.8,1.4,0,2,0,1,1,1.0,Clean,train
DummyDisplay,0,0.0,5,0.0,0.0,1,0,0,0,0,0.0,Clean,test
StatusDisplay,0,0.0,33,10.0,1.3333333333333333,1,1,7,1,1,1.0,Clean,train
ProgressDisplay,0,0.0,45,14.0,1.3333333333333333,1,1,5,2,1,1.0,Clean,train
BasePlugin,0,0.0,10,0.0,0.0,0,0,0,0,0,0.0,Clean,train
AuthPlugin,0,0.0,54,12.0,1.0,1,0,0,0,0,0.0,Clean,train
TransportPlugin,0,0.0,22,7.0,1.0,1,0,0,0,0,0.0,Clean,train
ConverterPlugin,0,1.0,26,4.333333333333333,1.0,1,0,0,0,0,0.0,Clean,train
FormatterPlugin,0,1.0,42,8.0,1.0,1,0,0,0,0,0.0,Clean,train
BuiltinAuthPlugin,0,0.0,2,0.0,0.0,0,0,0,0,0,0.0,Clean,train
HTTPBasicAuth,0,1.0,22,9.0,1.0,0,1,0,1,1,1.0,Clean,train
HTTPBearerAuth,0,0.0,8,2.5,1.0,0,1,0,1,1,1.0,Clean,train
BasicAuthPlugin,1,0.0,8,2.0,1.0,1,0,1,0,0,0.0,Clean,train
DigestAuthPlugin,0,0.0,12,6.0,1.0,1,0,0,0,0,0.0,Clean,test
BearerAuthPlugin,1,0.0,9,2.0,1.0,1,0,1,0,0,0.0,Clean,train
PluginManager,0,1.0,74,4.071428571428571,1.2857142857142858,0,0,0,4,3,0.5,Clean,train
Unit,0,0.0,14,4.0,2.0,0,0,0,1,1,1.0,Data Class,train
_CannotLoadFile,0,0.0,2,0.0,0.0,0,1,0,0,0,0.0,Clean,train
_Outputter,3,0.6,39,4.5,1.6666666666666667,0,0,11,0,0,0.0,Clean,train
_PrettyFormatter,0,0.5,39,6.0,1.0,0,1,0,0,0,0.0,Clean,train
_PlainFormatter,0,1.0,18,2.75,1.25,0,1,0,0,0,0.0,Clean,train
_Error,0,0.7333333333333333,148,13.0,2.3,0,1,5,10,9,0.2,Clean,test
ValidationError,0,0.0,7,0.0,0.0,1,0,0,0,0,0.0,Clean,train
SchemaError,0,0.0,7,0.0,0.0,1,0,0,0,0,0.0,Clean,train
_RefResolutionError,0,0.0,20,3.0,1.5,0,0,0,1,1,1.0,Clean,train
_WrappedReferencingError,0,0.3333333333333333,22,2.6666666666666665,1.3333333333333333,1,2,0,1,1,1.0,Clean,train
UndefinedTypeCheck,0,0.0,10,2.0,1.0,0,2,0,0,0,0.0,Clean,train
UnknownType,0,0.0,22,8.0,1.0,0,2,0,0,0,0.0,Clean,train
FormatError,0,0.0,12,3.0,1.0,0,1,5,0,0,0.0,Clean,train
ErrorTree,0,0.42857142857142855,79,8.0,1.625,0,2,0,5,2,0.6,Clean,train
Validator,0,1.0,191,16.571428571428573,1.0,0,0,0,0,0,0.0,Clean,train
_RefResolver,0,0.8,372,19.533333333333335,3.2,0,1,0,11,10,0.1818,God Class,train
Validator,0,0.7272727272727273,278,21.727272727272727,4.454545454545454,0,0,5,23,13,0.2174,God Class,train
FormatChecker,0,0.5238095238095238,148,16.0,1.7142857142857142,0,0,0,0,0,0.0,Clean,train
TypeChecker,0,0.4,115,17.2,1.6,0,0,0,1,1,1.0,Clean,train
SchemaKeywordValidator,0,0.0,9,8.0,1.0,0,0,0,0,0,0.0,Clean,train
URIDict,0,0.25,29,2.125,1.0,0,0,0,0,0,0.0,Clean,train
Unset,0,0.0,7,2.0,1.0,0,0,0,0,0,0.0,Clean,train
MayaDT,0,0.9472789115646258,323,4.673469387755102,1.2653061224489797,0,1,5,11,7,0.3636,God Class,test
MayaInterval,0,0.6375661375661376,261,7.392857142857143,2.5357142857142856,0,1,5,12,8,0.4167,Clean,train
UserProfileAdmin,0,0.0,28,24.0,7.0,0,0,0,5,3,0.4,Clean,test
ProfileInline,0,0.0,11,5.0,2.0,0,0,0,0,0,0.0,Clean,train
LoginForm,0,1.0,29,9.0,2.0,0,1,0,1,1,1.0,Clean,train
ProfileForm,0,0.4,176,25.333333333333332,5.833333333333333,0,0,2,18,9,0.3333,Long Method,train
PasswordResetForm,0,1.0,25,8.0,1.5,0,1,0,3,2,0.6667,Clean,train
ProfileFieldsForm,0,0.0,4,0.0,0.0,0,0,0,0,0,0.0,Clean,train
Meta,0,0.0,4,0.0,0.0,0,0,0,0,0,0.0,Clean,test
Meta,0,0.0,3,0.0,0.0,0,0,0,0,0,0.0,Clean,train
ProfileNotConfigured,0,0.0,2,0.0,0.0,0,0,0,0,0,0.0,Clean,train
Command,0,1.0,88,20.25,2.5,0,0,0,3,2,0.6667,Clean,train
BlogPostAdmin,0,0.0,19,6.0,1.0,0,0,0,0,0,0.0,Clean,train
BlogCategoryAdmin,0,0.0,16,8.0,3.0,0,0,0,1,1,1.0,Clean,train
PostsRSS,0,0.9477124183006536,117,5.277777777777778,1.8333333333333333,0,1,0,21,9,0.2857,Clean,train
PostsAtom,0,1.0,12,2.0,1.0,1,0,1,1,1,1.0,Clean,train
BlogPostForm,0,0.0,18,8.0,3.0,0,0,0,2,2,0.5,Clean,train
Meta,0,0.0,3,0.0,0.0,0,0,0,0,0,0.0,Clean,train
BlogPost,0,0.0,58,25.0,5.0,0,0,0,1,1,1.0,Clean,train
BlogCategory,0,0.0,12,2.0,1.0,0,0,0,0,0,0.0,Clean,train
Meta,0,0.0,4,0.0,0.0,0,0,0,0,0,0.0,Clean,test
Meta,0,0.0,4,0.0,0.0,0,0,0,0,0,0.0,Clean,test
TranslatedBlogPost,0,0.0,2,0.0,0.0,0,0,0,0,0,0.0,Clean,train
TranslatedBlogCategory,0,0.0,2,0.0,0.0,0,0,0,0,0,0.0,Clean,train
BaseImporterCommand,0,0.7777777777777778,289,30.333333333333332,6.0,0,0,0,26,20,0.1154,Long Method,test
Command,0,1.0,124,38.666666666666664,4.0,0,0,0,25,12,0.2,Long Method,train
Command,0,1.0,119,56.0,2.5,0,0,0,14,10,0.2143,Long Method,train
Command,0,0.6666666666666666,116,35.666666666666664,6.0,0,0,0,4,4,0.25,Long Method,train
Command,0,1.0,74,31.0,8.0,0,0,0,8,4,0.5,Feature Envy,train
Command,0,1.0,112,9.6,2.2,0,0,0,7,6,0.2857,Long Method,train
Command,0,1.0,119,27.5,4.5,0,0,0,21,12,0.2857,Long Method,train
Migration,0,0.0,191,0.0,0.0,0,0,0,0,0,0.0,Clean,train
Migration,0,0.0,19,0.0,0.0,0,0,0,0,0,0.0,Clean,train
Migration,0,0.0,32,0.0,0.0,0,0,0,0,0,0.0,Clean,train
LazyAdminSite,0,0.4,118,21.2,3.8,0,0,0,3,3,0.3333,Long Method,train
SettingsAdmin,0,1.0,42,5.5,1.75,0,0,0,5,4,0.4,Clean,train
Media,0,0.0,10,0.0,0.0,0,0,0,0,0,0.0,Clean,train
TemplateSettings,0,0.6,51,5.833333333333333,1.8333333333333333,0,0,0,0,0,0.0,Clean,train
SettingsForm,0,1.0,134,24.8,6.4,0,0,0,14,10,0.1429,Clean,train
Setting,0,0.0,14,2.0,1.0,0,0,0,0,0,0.0,Clean,train
Meta,0,0.0,3,0.0,0.0,0,0,0,0,0,0.0,Clean,test
TranslatedSetting,0,0.0,2,0.0,0.0,0,0,0,0,0,0.0,Clean,train
Settings,0,0.9166666666666666,183,15.555555555555555,2.5555555555555554,0,0,0,4,3,0.5,Clean,train
Placeholder,0,0.0,4,0.0,0.0,0,0,0,0,0,0.0,Clean,train
Migration,0,0.0,35,0.0,0.0,0,0,0,0,0,0.0,Clean,train
DisplayableAdminForm,0,0.0,9,8.0,3.0,0,0,0,0,0,0.0,Clean,test
DisplayableAdmin,0,1.0,74,11.333333333333334,2.6666666666666665,1,3,3,3,2,0.6667,Clean,train
BaseDynamicInlineAdmin,0,0.0,45,16.5,3.5,0,1,0,0,0,0.0,Clean,test
TabularDynamicInlineAdmin,0,0.0,4,0.0,0.0,1,0,0,0,0,0.0,Clean,train
StackedDynamicInlineAdmin,0,0.0,15,12.0,2.0,1,2,2,1,1,1.0,Clean,train
OwnableAdmin,0,1.0,41,13.0,2.5,0,1,2,9,7,0.2222,Clean,train
ContentTypedAdmin,0,0.3333333333333333,110,17.166666666666668,3.6666666666666665,0,2,4,7,6,0.2857,Clean,train
SitePermissionInline,0,0.0,4,0.0,0.0,0,0,0,0,0,0.0,Clean,train
SitePermissionUserAdminForm,0,0.0,7,6.0,3.0,0,0,0,2,2,0.5,Clean,train
SitePermissionUserAdmin,0,0.0,25,20.0,6.0,0,1,1,6,3,0.6667,Feature Envy,train
SiteRedirectAdminForm,0,0.0,8,7.0,2.0,0,0,0,2,1,1.0,Clean,test
SiteRedirectAdmin,0,1.0,27,7.0,1.5,0,1,2,3,3,0.3333,Clean,train
BaseTranslationModelAdmin,0,0.0,15,0.0,0.0,0,0,0,0,0,0.0,Clean,train
BaseTranslationModelAdmin,0,0.0,11,0.0,0.0,0,0,0,0,0,0.0,Clean,train
Media,0,0.0,9,0.0,0.0,0,0,0,0,0,0.0,Clean,train
Media,0,0.0,3,0.0,0.0,0,0,0,0,0,0.0,Clean,train
InlineBase,0,0.0,8,0.0,0.0,0,0,0,0,0,0.0,Clean,train
CoreConfig,0,0.0,6,2.0,1.0,0,0,0,0,0,0.0,Clean,train
MezzanineBackend,0,0.0,39,25.0,8.0,0,0,0,5,4,0.4,Clean,train
FileSystemEncodingChanged,0,0.0,9,8.0,1.0,0,0,0,0,0,0.0,Clean,test
OrderField,0,0.0,4,3.0,1.0,0,1,2,1,1,1.0,Clean,train
RichTextField,0,1.0,35,14.5,2.5,0,1,2,3,2,0.6667,Clean,train
MultiChoiceField,0,0.9333333333333333,42,5.166666666666667,1.6666666666666667,0,2,0,1,1,1.0,Clean,train
FileField,0,0.0,5,4.0,1.0,0,0,0,2,1,1.0,Clean,train
FileField,0,0.0,5,4.0,2.0,0,0,0,1,1,1.0,Clean,train
Html5Mixin,0,0.0,24,17.0,9.0,0,3,3,6,4,0.3333,Feature Envy,train
TinyMceWidget,1,1.0,24,5.0,1.0,0,3,4,2,2,0.5,Clean,train
OrderWidget,0,1.0,19,5.5,1.0,0,1,1,1,1,1.0,Clean,train
DynamicInlineAdminForm,0,0.0,13,0.0,0.0,0,0,0,0,0,0.0,Clean,train
SplitSelectDateTimeWidget,0,1.0,25,6.0,2.0,0,3,3,5,2,0.6,Clean,test
CheckboxSelectMultiple,0,0.0,10,3.0,1.0,0,1,1,0,0,0.0,Clean,train
Media,0,0.0,7,0.0,0.0,0,1,0,0,0,0.0,Clean,train
EditForm,0,0.0,31,17.0,5.0,0,3,3,2,2,0.5,Clean,train
Meta,0,0.0,3,0.0,0.0,0,0,0,0,0,0.0,Clean,train
PublishedManager,0,1.0,24,8.5,2.0,0,2,0,1,1,1.0,Clean,train
SearchableQuerySet,0,0.0,162,30.4,5.0,0,2,2,13,8,0.2308,Long Method,train
SearchableManager,2,0.6,132,24.0,4.6,0,2,8,11,9,0.1818,Long Method,train
CurrentSiteManager,0,0.0,22,4.5,1.5,0,2,3,0,0,0.0,Clean,train
DisplayableManager,1,0.0,31,24.0,5.0,1,0,2,4,4,0.25,Clean,train
ManagerDescriptor,0,0.0,27,21.0,3.0,0,1,0,1,1,1.0,Clean,test
Home,0,0.0,2,0.0,0.0,0,1,0,0,0,0.0,Clean,train
AdminLoginInterfaceSelectorMiddleware,0,0.0,35,29.0,8.0,0,1,0,3,1,1.0,Clean,train
SitePermissionMiddleware,0,0.0,25,18.0,5.0,0,1,0,5,3,0.4,Clean,train
TemplateForDeviceMiddleware,0,0.0,14,8.0,1.0,0,3,3,0,0,0.0,Clean,train
TemplateForHostMiddleware,0,0.0,13,8.0,1.0,0,3,3,0,0,0.0,Clean,train
UpdateCacheMiddleware,0,0.0,77,70.0,20.0,0,0,1,18,7,0.3333,Long Method,train
FetchFromCacheMiddleware,0,0.0,26,19.0,6.0,0,0,2,5,2,0.8,Clean,train
SSLRedirectMiddleware,0,1.0,55,14.0,5.666666666666667,0,3,3,14,4,0.5,Feature Envy,test
RedirectFallbackMiddleware,0,1.0,27,10.0,3.0,0,4,3,6,5,0.3333,Feature Envy,train
SiteRelated,0,0.0,24,9.0,4.0,0,5,5,0,0,0.0,Clean,train
Slugged,0,0.9,58,7.0,1.6,1,5,6,3,2,0.6667,Clean,train
MetaData,0,1.0,81,16.333333333333332,5.0,0,5,5,2,2,0.5,Long Method,train
TimeStamped,0,0.0,17,6.0,2.0,0,5,5,0,0,0.0,Clean,train
Displayable,0,0.8909090909090909,164,10.454545454545455,2.272727272727273,2,5,5,2,2,0.5,God Class,train
RichText,0,0.0,12,0.0,0.0,0,0,0,0,0,0.0,Clean,train
OrderableBase,0,0.0,23,14.0,4.0,0,0,0,0,0,0.0,Clean,train
Orderable,0,0.8,87,11.333333333333334,2.0,0,5,5,6,4,0.3333,Clean,train
Ownable,0,0.0,20,5.0,2.0,0,0,0,1,1,1.0,Clean,train
ContentTyped,0,0.8333333333333334,51,7.25,2.0,0,0,0,1,1,1.0,Clean,train
SitePermission,0,0.0,18,0.0,0.0,0,0,0,0,0,0.0,Clean,test
Meta,0,0.0,2,0.0,0.0,0,0,0,0,0,0.0,Clean,train
Meta,0,0.0,2,0.0,0.0,0,0,0,0,0,0.0,Clean,train
Meta,0,0.0,2,0.0,0.0,0,0,0,0,0,0.0,Clean,train
Meta,0,0.0,2,0.0,0.0,0,0,0,0,0,0.0,Clean,train
Meta,0,0.0,2,0.0,0.0,0,0,0,0,0,0.0,Clean,test
Meta,0,0.0,2,0.0,0.0,0,0,0,0,0,0.0,Clean,train
Meta,0,0.0,2,0.0,0.0,0,0,0,0,0,0.0,Clean,test
Meta,0,0.0,2,0.0,0.0,0,0,0,0,0,0.0,Clean,train
Meta,0,0.0,2,0.0,0.0,0,0,0,0,0,0.0,Clean,train
Meta,0,0.0,3,0.0,0.0,0,0,0,0,0,0.0,Clean,train
Mgr,0,0.0,2,0.0,0.0,0,0,0,0,0,0.0,Clean,train
Meta,0,0.0,2,0.0,0.0,0,0,0,0,0,0.0,Clean,train
CurrentRequestMiddleware,0,0.0,7,2.0,1.0,0,0,0,1,1,1.0,Clean,train
DisplayableSitemap,0,1.0,23,5.0,2.0,0,0,0,4,3,0.5,Clean,test
TranslatedSlugged,0,0.0,2,0.0,0.0,0,0,0,0,0,0.0,Clean,train
TranslatedDisplayable,0,0.0,2,0.0,0.0,1,0,0,0,0,0.0,Clean,train
TranslatedRichText,0,0.0,2,0.0,0.0,0,0,0,0,0,0.0,Clean,test
Command,0,1.0,118,53.5,12.5,0,0,0,6,5,0.3333,Feature Envy,train
Command,0,0.32142857142857145,154,17.75,3.875,0,0,0,17,12,0.1765,Clean,train
MezzStaticFilesHandler,0,1.0,20,9.0,3.0,0,1,0,7,4,0.5714,Feature Envy,train
Command,1,1.0,39,8.333333333333334,2.3333333333333335,0,0,1,2,2,0.5,Clean,train
Migration,0,0.0,44,0.0,0.0,0,0,0,0,0,0.0,Clean,train
Migration,0,0.0,18,0.0,0.0,0,0,0,0,0,0.0,Clean,test
EvalWrapper,0,0.0,7,2.5,1.0,0,0,0,0,0,0.0,Clean,train
FieldAdminInlineForm,0,0.0,23,18.0,5.0,0,0,0,2,2,0.5,Clean,train
FieldAdmin,0,0.0,8,0.0,0.0,0,0,0,0,0,0.0,Clean,test
FormAdmin,0,1.0,111,29.333333333333332,4.666666666666667,0,0,0,20,14,0.15,Long Method,train
Meta,0,0.0,3,0.0,0.0,0,0,0,0,0,0.0,Clean,train
Media,0,0.0,2,0.0,0.0,0,0,0,0,0,0.0,Clean,train
FormForForm,0,0.0,129,39.0,10.0,0,1,1,35,14,0.2571,Long Method,train
EntriesForm,0,0.0,205,49.0,9.75,0,1,1,28,11,0.1786,Long Method,test
Meta,0,0.0,3,0.0,0.0,0,0,0,0,0,0.0,Clean,train
Form,0,0.0,45,0.0,0.0,0,0,0,0,0,0.0,Clean,train
FieldManager,0,0.0,7,2.0,1.0,0,0,0,0,0,0.0,Clean,train
AbstractBaseField,0,1.0,65,10.0,4.0,0,0,0,0,0,0.0,Clean,train
Field,0,0.0,5,0.0,0.0,1,0,0,0,0,0.0,Clean,test
FormEntry,0,0.0,11,0.0,0.0,0,0,0,0,0,0.0,Clean,train
FieldEntry,0,0.0,14,0.0,0.0,0,0,0,0,0,0.0,Clean,train
Meta,0,0.0,3,0.0,0.0,0,0,0,0,0,0.0,Clean,test
Meta,0,0.0,4,0.0,0.0,0,0,0,0,0,0.0,Clean,train
Meta,0,0.0,2,0.0,0.0,0,0,0,0,0,0.0,Clean,train
Meta,0,0.0,3,0.0,0.0,0,0,0,0,0,0.0,Clean,train
Meta,0,0.0,3,0.0,0.0,0,0,0,0,0,0.0,Clean,train
TranslatedForm,0,0.0,7,0.0,0.0,0,0,0,0,0,0.0,Clean,train
TranslatedField,0,0.0,8,0.0,0.0,0,0,0,0,0,0.0,Clean,train
Migration,0,0.0,207,0.0,0.0,0,0,0,0,0,0.0,Clean,train
Migration,0,0.0,14,0.0,0.0,0,0,0,0,0,0.0,Clean,train
Migration,0,0.0,18,0.0,0.0,0,0,0,0,0,0.0,Clean,test
Migration,0,0.0,15,0.0,0.0,0,0,0,0,0,0.0,Clean,train
Migration,0,0.0,15,0.0,0.0,0,0,0,0,0,0.0,Clean,train
Migration,0,0.0,18,0.0,0.0,0,0,0,0,0,0.0,Clean,train
GalleryImageInline,0,0.0,2,0.0,0.0,0,0,0,0,0,0.0,Clean,train
GalleryAdmin,0,0.0,5,0.0,0.0,0,0,0,0,0,0.0,Clean,train
Media,0,0.0,2,0.0,0.0,0,0,0,0,0,0.0,Clean,train
BaseGallery,0,0.0,84,66.0,11.0,0,1,1,9,5,0.3333,Feature Envy,train
Gallery,0,0.0,8,0.0,0.0,0,0,0,0,0,0.0,Clean,train
GalleryImage,0,0.0,38,10.0,3.5,0,1,1,3,2,0.6667,Clean,train
Meta,0,0.0,2,0.0,0.0,0,0,0,0,0,0.0,Clean,test
Meta,0,0.0,3,0.0,0.0,0,0,0,0,0,0.0,Clean,train
Meta,0,0.0,3,0.0,0.0,0,0,0,0,0,0.0,Clean,train
TranslatedGallery,0,0.0,2,0.0,0.0,0,0,0,0,0,0.0,Clean,train
TranslatedGalleryImage,0,0.0,2,0.0,0.0,0,0,0,0,0,0.0,Clean,test
Migration,0,0.0,84,0.0,0.0,0,0,0,0,0,0.0,Clean,train
Migration,0,0.0,14,0.0,0.0,0,0,0,0,0,0.0,Clean,train
ThreadedCommentAdmin,0,1.0,30,3.5,1.0,0,0,0,1,1,1.0,Clean,train
BaseGenericRelation,0,0.9,120,19.4,3.8,0,1,5,9,7,0.2222,Clean,test
CommentsField,0,0.0,23,13.0,2.0,1,1,0,3,2,0.6667,Clean,train
KeywordsField,0,0.9,85,14.2,2.0,1,1,2,8,5,0.375,Clean,train
RatingField,0,0.0,26,12.0,2.0,1,1,0,3,3,0.3333,Clean,train
KeywordsWidget,0,0.5,73,11.75,2.5,0,2,2,10,7,0.2,Clean,train
ThreadedCommentForm,0,1.0,94,20.25,4.0,0,2,3,27,8,0.5185,Clean,test
RatingForm,0,0.5,65,12.25,3.0,0,2,3,9,5,0.3333,Clean,train
Media,0,0.0,5,0.0,0.0,0,0,0,0,0,0.0,Clean,train
CommentManager,0,1.0,27,10.0,2.0,0,0,0,3,2,0.6667,Clean,train
KeywordManager,0,1.0,32,9.666666666666666,2.0,0,0,0,1,1,1.0,Clean,train
ThreadedComment,0,0.8666666666666667,78,5.666666666666667,1.1666666666666667,0,1,1,1,1,1.0,Clean,train
Keyword,0,0.0,11,0.0,0.0,0,0,0,0,0,0.0,Clean,test
AssignedKeyword,0,0.0,22,2.0,1.0,0,0,0,0,0,0.0,Clean,train
Rating,0,0.0,34,10.0,2.0,0,1,1,1,1,1.0,Clean,test
Meta,0,0.0,3,0.0,0.0,0,0,0,0,0,0.0,Clean,train
Meta,0,0.0,3,0.0,0.0,0,0,0,0,0,0.0,Clean,train
Meta,0,0.0,2,0.0,0.0,0,0,0,0,0,0.0,Clean,train
Meta,0,0.0,3,0.0,0.0,0,0,0,0,0,0.0,Clean,train
Migration,0,0.0,167,0.0,0.0,0,0,0,0,0,0.0,Clean,train
Migration,0,0.0,14,0.0,0.0,0,0,0,0,0,0.0,Clean,train
Migration,0,0.0,20,0.0,0.0,0,0,0,0,0,0.0,Clean,train
PageAdminForm,0,0.0,12,11.0,3.0,0,0,0,0,0,0.0,Clean,train
PageAdmin,0,1.0,120,11.222222222222221,2.3333333333333335,0,0,0,13,6,0.3846,Clean,train
LinkAdmin,0,1.0,21,8.0,2.5,1,0,0,5,3,0.4,Clean,train
PagesConfig,0,0.0,6,2.0,1.0,0,0,0,0,0,0.0,Clean,train
MenusField,0,0.7,61,10.0,1.8,0,0,0,0,0,0.0,Clean,test
PageManager,0,1.0,87,42.5,6.0,0,0,0,6,6,0.1667,Clean,train
PageMiddleware,0,1.0,107,27.666666666666668,6.666666666666667,0,0,0,13,7,0.3077,Long Method,train
BasePage,0,0.0,11,0.0,0.0,0,0,0,0,0,0.0,Clean,train
Page,0,0.775,240,12.625,2.8125,1,0,0,14,9,0.2143,God Class,test
RichTextPage,0,0.0,9,0.0,0.0,2,0,0,0,0,0.0,Clean,train
Link,0,0.0,9,0.0,0.0,2,0,0,0,0,0.0,Clean,train
PageMoveException,0,0.0,13,2.0,1.5,0,0,0,0,0,0.0,Clean,train
Meta,0,0.0,2,0.0,0.0,0,0,0,0,0,0.0,Clean,test
Meta,0,0.0,5,0.0,0.0,0,0,0,0,0,0.0,Clean,train
Meta,0,0.0,3,0.0,0.0,0,0,0,0,0,0.0,Clean,train
Meta,0,0.0,3,0.0,0.0,0,0,0,0,0,0.0,Clean,test
TranslatedPage,0,0.0,2,0.0,0.0,0,0,0,0,0,0.0,Clean,train
TranslatedRichTextPage,0,0.0,2,0.0,0.0,0,0,0,0,0,0.0,Clean,train
TranslatedLink,0,0.0,2,0.0,0.0,0,0,0,0,0,0.0,Clean,train
Migration,0,0.0,199,0.0,0.0,0,0,0,0,0,0.0,Clean,train
Migration,0,0.0,22,0.0,0.0,0,0,0,0,0,0.0,Clean,test
Migration,0,0.0,19,0.0,0.0,0,0,0,0,0,0.0,Clean,train
Migration,0,0.0,20,0.0,0.0,0,0,0,0,0,0.0,Clean,train
Library,3,1.0,94,28.333333333333332,2.6666666666666665,0,0,6,8,5,0.375,Feature Envy,train
AsTagNode,0,0.0,21,20.0,5.0,0,2,0,5,4,0.4,Clean,train
RenderTagNode,0,0.0,3,2.0,1.0,0,2,0,0,0,0.0,Clean,train
ToEndTagNode,0,0.0,9,3.5,1.0,0,1,2,2,1,1.0,Clean,train
Loader,0,0.0,10,5.0,2.0,0,0,0,0,0,0.0,Clean,train
TweetableAdminMixin,0,1.0,41,16.5,3.5,0,0,0,6,5,0.3333,Feature Envy,train
TwitterConfig,0,0.0,6,2.0,1.0,0,0,0,0,0,0.0,Clean,train
TweetManager,0,0.0,21,15.0,3.0,0,0,0,5,2,0.8,Clean,train
TwitterQueryException,0,0.0,2,0.0,0.0,0,1,0,0,0,0.0,Clean,train
Query,1,0.0,101,44.5,7.5,0,0,1,13,5,0.6923,Feature Envy,train
Tweet,0,1.0,31,2.0,1.0,0,0,0,0,0,0.0,Clean,train
Meta,0,0.0,4,0.0,0.0,0,0,0,0,0,0.0,Clean,train
Meta,0,0.0,4,0.0,0.0,0,0,0,0,0,0.0,Clean,train
Command,0,1.0,21,7.5,3.0,0,0,0,5,5,0.2,Clean,test
Migration,0,0.0,118,0.0,0.0,0,0,0,0,0,0.0,Clean,train
SingletonAdmin,0,0.5,54,11.0,2.25,0,0,0,3,3,0.3333,Clean,train
SitesAllowedHosts,0,1.0,20,5.5,2.0,0,0,0,2,2,0.5,Clean,train
TagCloser,0,0.0,23,4.666666666666667,1.6666666666666667,0,0,0,0,0,0.0,Clean,test
AdminThumbMixin,0,0.0,22,12.0,3.0,0,0,0,2,1,1.0,Clean,train
ModelMixinBase,0,0.0,37,30.0,7.0,0,0,0,3,2,0.6667,Clean,train
ModelMixin,0,0.0,7,0.0,0.0,0,0,0,0,0,0.0,Clean,train
peekable,0,0.4642857142857143,165,12.125,3.25,0,1,1,3,1,1.0,Clean,train
sized_iterator,0,0.6666666666666666,29,2.25,1.0,0,0,0,0,0,0.0,Clean,test
bucket,0,0.4,101,10.8,3.4,0,0,0,0,0,0.0,Clean,train
numeric_range,0,0.23809523809523808,218,9.933333333333334,3.1333333333333333,0,0,0,3,2,0.6667,Clean,train
islice_extended,0,0.5,44,3.75,1.5,0,0,0,0,0,0.0,Clean,train
SequenceView,0,0.0,43,2.5,1.25,0,1,0,0,0,0.0,Clean,train
seekable,1,0.4166666666666667,172,5.888888888888889,2.0,0,1,2,0,0,0.0,Clean,train
run_length,0,1.0,27,2.0,1.0,0,0,0,1,1,1.0,Clean,train
time_limited,0,0.6666666666666666,48,6.333333333333333,2.0,0,0,0,0,0,0.0,Clean,train
AbortThread,0,0.0,2,0.0,0.0,0,1,0,0,0,0.0,Clean,train
callback_iter,1,0.6785714285714286,131,8.5,2.125,0,0,1,5,1,1.0,Clean,test
countable,0,0.6666666666666666,30,3.3333333333333335,1.0,0,0,0,0,0,0.0,Clean,train
serialize,0,0.6,44,4.833333333333333,1.0,0,0,0,2,1,1.0,Clean,train
_concurrent_tee,0,0.6666666666666666,25,6.666666666666667,2.0,0,0,0,3,1,1.0,Clean,train
Stats,0,0.0,6,0.0,0.0,0,0,0,0,0,0.0,Clean,train
BehaviorChangeWarning,0,0.0,2,0.0,0.0,0,0,0,0,0,0.0,Clean,train
ndarray,0,0.0,2,0.0,0.0,0,0,0,0,0,0.0,Clean,train
np_datetime64,0,0.0,2,0.0,0.0,0,0,0,0,0,0.0,Clean,train
np_timedelta64,0,0.0,2,0.0,0.0,0,0,0,0,0,0.0,Clean,train
_LazyDaskArray,0,0.0,3,2.0,1.0,0,0,0,0,0,0.0,Clean,train
Converter,0,0.9642857142857143,54,4.5,1.5,0,0,0,3,3,0.3333,Clean,train
Definition,0,0.0,27,23.0,4.0,0,0,0,4,3,0.5,Clean,test
WithDefErr,1,0.0,5,2.0,1.0,0,0,1,0,0,0.0,Clean,train
PintError,0,0.0,2,0.0,0.0,0,0,0,0,0,0.0,Clean,test
DefinitionError,0,0.0,18,3.0,1.0,0,1,0,0,0,0.0,Clean,test
DefinitionSyntaxError,0,0.0,13,2.0,1.0,0,0,0,0,0,0.0,Clean,train
RedefinitionError,0,0.0,16,2.6666666666666665,1.0,0,0,0,0,0,0.0,Clean,train
UndefinedUnitError,0,0.0,18,3.6666666666666665,1.6666666666666667,0,0,0,0,0,0.0,Clean,train
PintTypeError,0,0.0,2,0.0,0.0,0,0,0,0,0,0.0,Clean,test
DimensionalityError,0,0.0,44,11.0,1.6666666666666667,1,0,0,0,0,0.0,Clean,train
OffsetUnitCalculusError,0,0.5,26,4.25,1.25,1,1,1,0,0,0.0,Clean,train
LogarithmicUnitCalculusError,0,0.5,26,4.25,1.25,1,1,1,0,0,0.0,Clean,train
UnitStrippedWarning,0,0.0,8,2.0,1.0,0,0,0,0,0,0.0,Clean,train
UnexpectedScaleInContainer,0,0.0,2,0.0,0.0,0,0,0,0,0,0.0,Clean,train
UndefinedBehavior,0,0.0,8,2.0,1.0,0,0,0,0,0,0.0,Clean,train
PintAxisInfo,0,0.0,7,4.0,1.0,0,1,1,2,2,0.5,Clean,train
PintConverter,1,0.9,36,5.4,2.0,0,1,2,2,2,0.5,Clean,train
IteratorLookAhead,0,0.5,27,4.5,1.75,0,0,0,0,0,0.0,Clean,train
EvalTreeNode,0,0.0,81,23.333333333333332,4.333333333333333,0,0,0,0,0,0.0,Clean,test
Quantity,0,0.0,352,0.0,0.0,0,0,0,0,0,0.0,Clean,train
Unit,0,0.0,26,0.0,0.0,0,0,0,0,0,0.0,Clean,train
GenericUnitRegistry,0,0.0,10,0.0,0.0,0,0,0,0,0,0.0,Clean,train
UnitRegistry,0,1.0,118,20.333333333333332,1.0,0,1,2,0,0,0.0,Clean,train
LazyRegistry,0,0.9333333333333333,31,4.166666666666667,1.6666666666666667,0,2,3,0,0,0.0,Clean,train
ApplicationRegistry,0,0.2,57,4.3,1.3,0,2,1,2,2,0.5,Clean,train
udict,0,1.0,8,2.0,1.0,0,2,0,0,0,0.0,Clean,train
UnitsContainer,1,0.677536231884058,242,8.166666666666666,2.1666666666666665,0,1,8,10,5,0.4,God Class,train
ParserHelper,1,0.6470588235294118,220,9.705882352941176,2.823529411764706,1,1,11,15,8,0.2,Clean,test
SharedRegistryObject,0,1.0,54,18.0,2.5,0,1,0,2,2,0.5,Clean,train
PrettyIPython,0,0.0,21,4.666666666666667,2.0,0,0,0,1,1,1.0,Clean,train
Handler,0,0.0,2,1.0,1.0,0,0,0,0,0,0.0,Clean,train
ParserConfig,0,1.0,39,7.5,1.75,0,0,0,8,4,0.5,Feature Envy,train
PintParsedStatement,0,0.0,2,0.0,0.0,0,0,0,0,0,0.0,Clean,train
PintHeader,0,0.0,5,0.0,0.0,0,0,0,0,0,0.0,Clean,train
PathHeader,0,0.0,2,0.0,0.0,0,0,0,0,0,0.0,Clean,train
ParsedProjecHeader,0,0.0,12,10.0,1.0,0,0,0,2,2,0.5,Clean,train
PintDiskCache,0,0.0,6,0.0,0.0,0,0,0,0,0,0.0,Clean,test
FullFormatter,0,0.4444444444444444,218,20.0,4.333333333333333,0,0,0,6,5,0.3333,Clean,train
HTMLFormatter,0,0.7,147,28.0,2.8,0,0,0,13,8,0.1538,Clean,train
LatexFormatter,0,0.7,125,23.6,1.6,0,1,3,11,7,0.1818,Clean,train
SIunitxFormatter,0,0.7,128,23.6,1.8,0,1,3,9,6,0.2222,Clean,train
BaseFormatter,0,0.0,3,2.0,1.0,0,0,0,0,0,0.0,Clean,test
DefaultFormatter,0,0.7,135,24.8,2.2,1,3,9,9,6,0.2222,Clean,train
CompactFormatter,0,0.7,109,20.4,1.6,1,3,9,9,6,0.2222,Clean,test
PrettyFormatter,0,0.7,124,23.4,2.8,1,3,9,12,8,0.1667,Clean,train
RawFormatter,0,0.7,91,16.2,1.4,1,3,9,6,3,0.3333,Clean,test
SortKwds,0,0.0,2,0.0,0.0,0,0,0,0,0,0.0,Clean,test
BabelKwds,0,0.0,6,0.0,0.0,0,0,0,0,0,0.0,Clean,train
NewFormatter,0,0.6666666666666666,68,21.0,2.6666666666666665,0,0,0,9,5,0.3333,Feature Envy,train
Formatter,0,0.0,4,0.0,0.0,0,0,0,0,0,0.0,Clean,train
EndDirectiveBlock,0,0.0,8,4.0,2.0,0,0,0,0,0,0.0,Clean,train
DirectiveBlock,0,0.0,10,1.0,1.0,0,0,0,0,0,0.0,Clean,train
DefinitionSyntaxError,0,0.6666666666666666,25,4.0,2.0,0,0,0,0,0,0.0,Clean,train
ImportDefinition,0,1.0,12,3.0,1.5,0,0,0,0,0,0.0,Clean,train
ForwardRelation,0,0.0,11,4.0,1.0,0,0,0,0,0,0.0,Clean,test
BidirectionalRelation,0,0.0,13,4.0,1.0,0,0,0,0,0,0.0,Clean,train
BeginContext,0,0.0,47,32.0,6.0,0,0,0,5,5,0.2,Clean,train
ContextDefinition,0,0.7333333333333333,71,3.5,1.0,0,0,0,2,2,0.5,Clean,test
BeginDefaults,0,0.0,11,4.0,2.0,0,0,0,0,0,0.0,Clean,train
DefaultsDefinition,0,1.0,37,6.0,2.6666666666666665,0,0,0,6,5,0.3333,Feature Envy,train
PintRootBlock,0,0.0,19,0.0,0.0,0,0,0,0,0,0.0,Clean,train
_PintParser,0,0.0,26,5.0,1.5,0,0,2,1,1,1.0,Clean,train
DefParser,0,0.5,82,17.5,4.25,0,1,0,16,6,0.5625,Long Method,train
BeginGroup,0,0.0,30,17.0,4.0,0,0,0,4,4,0.25,Clean,test
GroupDefinition,0,0.8333333333333334,45,3.0,1.0,0,0,0,2,2,0.5,Clean,train
Equality,0,0.0,16,9.0,3.0,0,0,0,2,2,0.5,Clean,train
CommentDefinition,0,0.0,14,4.0,2.0,0,0,0,0,0,0.0,Clean,train
PrefixDefinition,0,0.0,46,35.0,7.0,0,0,0,8,6,0.375,Clean,train
UnitDefinition,0,0.0,72,53.0,9.0,0,0,0,11,10,0.1818,Clean,train
DimensionDefinition,0,0.0,18,7.0,3.0,0,0,0,0,0,0.0,Clean,test
DerivedDimensionDefinition,0,0.0,38,25.0,6.0,0,0,0,3,3,0.3333,Clean,train
AliasDefinition,0,0.0,20,9.0,3.0,0,0,0,3,3,0.3333,Clean,test
BaseUnitRule,0,0.0,11,9.0,3.0,0,0,0,2,2,0.5,Clean,train
BeginSystem,0,0.0,32,19.0,4.0,0,0,0,3,3,0.3333,Clean,test
SystemDefinition,0,0.8333333333333334,46,3.0,1.0,0,0,0,1,1,1.0,Clean,train
Relation,0,0.6666666666666666,35,4.0,1.0,0,0,0,1,1,1.0,Clean,train
ForwardRelation,0,0.0,9,2.0,1.0,1,0,0,0,0,0.0,Clean,train
BidirectionalRelation,0,0.0,11,2.0,1.0,1,0,0,0,0,0.0,Clean,train
ContextDefinition,0,0.6666666666666666,68,17.666666666666668,5.0,0,0,0,15,6,0.3333,Long Method,train
Transformation,0,0.0,4,3.0,1.0,0,0,0,0,0,0.0,Clean,test
ContextQuantity,0,0.0,2,0.0,0.0,0,0,0,0,0,0.0,Clean,test
ContextUnit,0,0.0,2,0.0,0.0,0,0,0,0,0,0.0,Clean,test
Context,0,0.7818181818181819,231,15.090909090909092,2.0,0,1,0,24,9,0.2083,God Class,train
ContextChain,0,0.5714285714285714,71,8.142857142857142,1.4285714285714286,0,0,3,3,1,1.0,Clean,train
_Decorator,0,0.0,2,1.0,1.0,0,0,0,0,0,0.0,Clean,train
ContextCacheOverlay,0,0.0,11,6.0,1.0,0,1,0,3,1,1.0,Clean,train
GenericContextRegistry,1,0.6794871794871795,385,27.23076923076923,3.1538461538461537,0,0,2,21,8,0.2381,God Class,train
ContextRegistry,0,0.0,5,0.0,0.0,0,0,0,0,0,0.0,Clean,test
DaskQuantity,0,0.8181818181818182,86,6.2727272727272725,1.0909090909090908,0,0,0,1,1,1.0,Clean,train
DaskUnit,0,0.0,2,0.0,0.0,0,0,0,0,0,0.0,Clean,test
GenericDaskRegistry,0,0.0,4,0.0,0.0,0,0,0,0,0,0.0,Clean,train
DaskRegistry,0,0.0,3,0.0,0.0,0,0,0,0,0,0.0,Clean,train
GroupDefinition,0,1.0,35,7.0,2.6666666666666665,0,0,0,6,4,0.3333,Clean,train
GroupQuantity,0,0.0,2,0.0,0.0,0,0,0,0,0,0.0,Clean,train
GroupUnit,0,0.0,2,0.0,0.0,0,0,0,0,0,0.0,Clean,train
Group,0,0.6666666666666666,182,11.384615384615385,2.230769230769231,0,0,0,12,4,0.4167,Clean,test
GenericGroupRegistry,0,0.6944444444444444,119,10.444444444444445,1.8888888888888888,0,0,0,7,6,0.2857,Clean,train
GroupRegistry,0,0.0,5,0.0,0.0,0,0,0,0,0,0.0,Clean,train
MeasurementQuantity,1,0.0,12,10.0,4.0,0,0,1,1,1,1.0,Clean,train
MeasurementUnit,0,0.0,2,0.0,0.0,0,0,0,0,0,0.0,Clean,train
Measurement,0,0.5,155,14.333333333333334,3.3333333333333335,0,1,0,6,5,0.3333,Long Method,train
GenericMeasurementRegistry,0,0.0,19,14.0,2.0,0,0,0,0,0,0.0,Clean,train
MeasurementRegistry,0,0.0,5,0.0,0.0,0,0,0,0,0,0.0,Clean,train
OffsetConverter,0,0.5,38,7.0,2.0,0,0,0,0,0,0.0,Clean,train
LogarithmicConverter,0,0.8333333333333334,64,9.75,2.0,0,0,0,0,0,0.0,Clean,train
NonMultiplicativeQuantity,0,0.6,58,8.333333333333334,2.6666666666666665,0,0,0,1,1,1.0,Clean,train
NonMultiplicativeUnit,0,0.0,2,0.0,0.0,0,0,0,0,0,0.0,Clean,train
GenericNonMultiplicativeRegistry,0,0.7619047619047619,278,36.0,4.571428571428571,0,0,0,17,9,0.4118,Long Method,train
NonMultiplicativeRegistry,0,0.0,7,0.0,0.0,0,0,0,0,0,0.0,Clean,train
NumpyQuantity,0,0.5666666666666667,352,12.916666666666666,3.5416666666666665,0,0,0,29,12,0.4828,Long Method,test
GenericNumpyRegistry,0,0.0,4,0.0,0.0,0,0,0,0,0,0.0,Clean,train
NumpyRegistry,0,0.0,3,0.0,0.0,0,0,0,0,0,0.0,Clean,train
NumpyUnit,0,0.0,29,26.0,5.0,0,0,0,1,1,1.0,Clean,train
NotNumeric,0,0.0,5,2.0,1.0,0,0,0,0,0,0.0,Clean,train
Equality,0,0.0,11,0.0,0.0,0,0,0,0,0,0.0,Clean,train
CommentDefinition,0,0.0,4,0.0,0.0,0,0,0,0,0,0.0,Clean,train
DefaultsDefinition,0,0.0,11,5.0,3.0,0,0,0,0,0,0.0,Clean,train
NamedDefinition,0,0.0,3,0.0,0.0,0,0,0,0,0,0.0,Clean,test
PrefixDefinition,1,0.5,36,5.0,2.5,1,0,1,6,1,1.0,Clean,train
UnitDefinition,0,0.6,99,12.166666666666666,2.8333333333333335,1,0,0,9,1,1.0,Long Method,train
DimensionDefinition,0,1.0,10,2.5,1.5,1,0,0,2,1,1.0,Clean,train
DerivedDimensionDefinition,0,1.0,28,10.0,2.5,2,0,0,3,1,1.0,Clean,train
AliasDefinition,0,0.0,17,9.0,4.0,0,0,0,4,1,1.0,Clean,train
ScaleConverter,0,0.0,20,7.0,2.0,0,1,0,0,0,0.0,Clean,train
PlainQuantity,0,0.8478931140801644,1743,14.647727272727273,3.522727272727273,0,0,0,41,15,0.3415,God Class,train
RegistryCache,0,1.0,32,14.0,1.5,0,1,0,0,0,0.0,Clean,test
RegistryMeta,0,0.0,9,4.0,1.0,0,0,1,1,1,1.0,Clean,train
GenericPlainRegistry,1,0.9044162129461585,1355,21.25,3.5,0,1,1,40,24,0.15,God Class,test
PlainRegistry,0,0.0,3,0.0,0.0,0,0,0,0,0,0.0,Clean,train
PlainUnit,0,0.5440860215053763,288,8.444444444444445,2.2222222222222223,0,0,0,6,5,0.3333,Clean,train
BaseUnitRule,0,0.0,9,0.0,0.0,0,0,0,0,0,0.0,Clean,train
SystemDefinition,0,0.6666666666666666,49,11.666666666666666,4.0,0,0,0,13,5,0.4615,Feature Envy,train
SystemQuantity,0,0.0,2,0.0,0.0,0,0,0,0,0,0.0,Clean,train
SystemUnit,0,0.0,2,0.0,0.0,0,0,0,0,0,0.0,Clean,train
System,0,0.6444444444444445,162,13.4,2.3,0,0,0,9,5,0.3333,Clean,train
Lister,0,0.0,10,2.3333333333333335,1.0,0,0,0,0,0,0.0,Clean,test
GenericSystemRegistry,0,0.6153846153846154,227,15.666666666666666,2.75,0,0,0,6,5,0.3333,Clean,train
SystemRegistry,0,0.0,3,0.0,0.0,0,0,0,0,0,0.0,Clean,test
_IntentionallyEmptyModule,0,0.0,13,11.0,3.0,0,0,0,0,0,0.0,Clean,train
_PluginSourceModule,1,0.0,14,5.0,1.5,0,2,5,3,2,0.6667,Clean,train
PluginBase,1,1.0,27,6.5,1.5,0,2,1,0,0,0.0,Clean,train
PluginSource,1,0.6727272727272727,167,11.363636363636363,2.8181818181818183,0,3,1,6,5,0.3333,God Class,train
PluginBaseState,0,1.0,15,5.0,2.0,0,2,0,1,1,1.0,Clean,test
_ImportHook,0,0.0,38,8.25,2.5,0,1,5,1,1,1.0,Clean,train
FlaskyStyle,0,0.0,80,0.0,0.0,0,0,0,0,0,0.0,Clean,train
Application,0,0.0,29,12.5,1.5,0,0,0,2,2,0.5,Clean,train
PremailerError,0,0.0,2,0.0,0.0,0,0,0,0,0,0.0,Clean,test
ExternalNotFoundError,0,0.0,2,0.0,0.0,0,1,0,0,0,0.0,Clean,train
ExternalFileLoadingError,0,0.0,2,0.0,0.0,0,1,0,0,0,0.0,Clean,test
Premailer,2,0.7777777777777778,596,58.2,13.0,0,0,2,59,31,0.1017,Long Method,train
JsonEncoder,0,1.0,27,10.5,4.5,0,0,0,1,1,1.0,Clean,train
JsonFormatter,0,0.8055555555555556,184,18.77777777777778,3.3333333333333335,0,0,0,14,7,0.5714,Clean,train
Record,0,0.9636363636363636,80,5.818181818181818,1.6363636363636365,0,3,1,5,2,0.6,Clean,train
RecordCollection,0,0.9120879120879121,149,9.428571428571429,2.357142857142857,0,2,4,7,6,0.2857,God Class,train
Database,1,0.8205128205128205,90,5.538461538461538,1.3846153846153846,0,1,8,9,3,0.6667,Clean,test
Connection,2,0.6222222222222222,97,8.5,1.7,0,1,6,5,4,0.4,Clean,test
PublishCommand,0,1.0,31,5.25,1.25,0,0,0,0,0,0.0,Clean,train
FlaskyStyle,0,0.0,80,0.0,0.0,0,0,0,0,0,0.0,Clean,train
BaseAdapter,0,1.0,34,9.666666666666666,1.0,0,1,1,3,1,1.0,Clean,train
HTTPAdapter,0,0.8095238095238095,591,35.6,4.133333333333334,1,1,1,32,12,0.2812,God Class,train
AuthBase,0,0.0,5,2.0,1.0,0,0,0,0,0,0.0,Clean,test
HTTPBasicAuth,0,0.8,29,3.75,1.0,1,0,0,1,1,1.0,Clean,train
HTTPProxyAuth,0,0.0,6,3.0,1.0,2,0,0,1,1,1.0,Clean,test
HTTPDigestAuth,0,0.6222222222222222,231,25.875,5.125,1,0,0,27,10,0.4444,Long Method,train
MockRequest,0,0.8021978021978022,81,3.642857142857143,1.1428571428571428,0,0,1,5,1,1.0,Clean,test
MockResponse,0,0.0,19,3.3333333333333335,1.0,0,0,0,0,0,0.0,Clean,train
CookieConflictError,0,0.0,4,0.0,0.0,0,1,0,0,0,0.0,Clean,train
RequestsCookieJar,1,0.9966666666666667,286,9.68,2.56,0,1,1,12,6,0.3333,God Class,train
RequestException,0,0.0,16,8.0,4.0,0,1,1,2,2,0.5,Clean,test
InvalidJSONError,0,0.0,2,0.0,0.0,1,0,0,0,0,0.0,Clean,train
JSONDecodeError,0,1.0,22,9.0,1.0,2,1,1,0,0,0.0,Clean,train
HTTPError,0,0.0,2,0.0,0.0,1,0,0,0,0,0.0,Clean,train
ConnectionError,0,0.0,2,0.0,0.0,1,0,0,0,0,0.0,Clean,train
ProxyError,0,0.0,2,0.0,0.0,2,0,0,0,0,0.0,Clean,train
SSLError,0,0.0,2,0.0,0.0,2,0,0,0,0,0.0,Clean,test
Timeout,0,0.0,7,0.0,0.0,1,0,0,0,0,0.0,Clean,train
ConnectTimeout,0,0.0,5,0.0,0.0,2,0,0,0,0,0.0,Clean,train
ReadTimeout,0,0.0,2,0.0,0.0,2,0,0,0,0,0.0,Clean,train
URLRequired,0,0.0,2,0.0,0.0,1,0,0,0,0,0.0,Clean,train
TooManyRedirects,0,0.0,2,0.0,0.0,1,0,0,0,0,0.0,Clean,train
MissingSchema,0,0.0,2,0.0,0.0,1,0,0,0,0,0.0,Clean,train
InvalidSchema,0,0.0,2,0.0,0.0,1,0,0,0,0,0.0,Clean,train
InvalidURL,0,0.0,2,0.0,0.0,1,0,0,0,0,0.0,Clean,train
InvalidHeader,0,0.0,2,0.0,0.0,1,0,0,0,0,0.0,Clean,train
InvalidProxyURL,0,0.0,2,0.0,0.0,2,0,0,0,0,0.0,Clean,train
ChunkedEncodingError,0,0.0,2,0.0,0.0,1,0,0,0,0,0.0,Clean,train
ContentDecodingError,0,0.0,2,0.0,0.0,1,0,0,0,0,0.0,Clean,train
StreamConsumedError,0,0.0,2,0.0,0.0,1,0,0,0,0,0.0,Clean,train
RetryError,0,0.0,2,0.0,0.0,1,0,0,0,0,0.0,Clean,train
UnrewindableBodyError,0,0.0,2,0.0,0.0,1,0,0,0,0,0.0,Clean,train
RequestsWarning,0,0.0,2,0.0,0.0,0,0,0,0,0,0.0,Clean,train
FileModeWarning,0,0.0,2,0.0,0.0,1,0,0,0,0,0.0,Clean,train
RequestsDependencyWarning,0,0.0,2,0.0,0.0,1,0,0,0,0,0.0,Clean,test
RequestEncodingMixin,0,1.0,144,39.333333333333336,11.666666666666666,0,1,0,13,7,0.4615,Long Method,train
RequestHooksMixin,0,0.0,28,12.0,3.0,0,2,0,1,1,1.0,Clean,train
Request,1,0.0,92,17.0,3.0,1,0,3,10,3,0.8,Clean,test
PreparedRequest,0,0.6410256410256411,352,23.846153846153847,5.076923076923077,1,1,3,23,8,0.3913,Long Method,train
Response,0,0.8861538461538462,453,16.727272727272727,3.4545454545454546,0,0,0,11,7,0.2727,God Class,test
SessionRedirectMixin,0,0.9523809523809523,266,36.42857142857143,6.571428571428571,0,1,3,45,16,0.1778,Long Method,train
Session,0,0.9298245614035088,511,23.473684210526315,2.6315789473684212,1,1,2,44,14,0.3409,God Class,train
CaseInsensitiveDict,0,0.37777777777777777,74,3.5,1.2,0,1,0,1,1,1.0,Clean,train
LookupDict,0,0.8095238095238095,35,4.0,1.2,0,0,1,0,0,0.0,Clean,train
SupportsRead,0,0.0,2,1.0,1.0,0,0,0,0,0,0.0,Clean,train
SupportsItems,0,0.0,2,1.0,1.0,0,0,0,0,0,0.0,Clean,train
_ValidatedRequest,0,0.0,11,0.0,0.0,0,0,0,0,0,0.0,Clean,train
BaseRequestKwargs,0,0.0,12,0.0,0.0,0,0,0,0,0,0.0,Data Class,train
RequestKwargs,0,0.0,6,0.0,0.0,1,0,0,0,0,0.0,Data Class,test
GetKwargs,0,0.0,3,0.0,0.0,1,0,0,0,0,0.0,Data Class,train
PostKwargs,0,0.0,2,0.0,0.0,1,0,0,0,0,0.0,Data Class,train
DataKwargs,0,0.0,5,0.0,0.0,1,0,0,0,0,0.0,Data Class,train
TextSuite,0,0.7802197802197802,48,2.4285714285714284,1.0,0,0,0,5,2,0.8,Clean,train
TextHotCacheSuite,0,0.0,9,3.5,1.5,0,0,0,1,1,1.0,Clean,train
SyntaxWrappingSuite,0,0.9,20,3.0,1.0,0,0,0,1,1,1.0,Clean,train
TableSuite,0,1.0,30,9.0,1.0,0,0,0,3,2,0.6667,Clean,train
PrettySuite,0,0.0,17,3.25,1.0,0,0,0,1,1,1.0,Clean,train
StyleSuite,0,0.9,19,2.8,1.0,0,0,0,1,1,1.0,Clean,train
ColorSuite,0,0.0,15,2.75,1.0,0,0,0,4,2,0.75,Clean,test
ColorSuiteCached,0,0.0,19,3.75,1.0,0,0,0,4,2,0.75,Clean,train
SegmentSuite,0,0.0,12,5.0,1.0,0,0,0,1,1,1.0,Clean,train
Point3D,0,0.0,4,0.0,0.0,0,0,0,0,0,0.0,Clean,train
Triangle,0,0.0,4,0.0,0.0,0,0,0,0,0,0.0,Clean,train
Model,0,0.0,3,0.0,0.0,0,0,0,0,0,0.0,Clean,test
Header,0,0.0,12,9.0,1.0,0,0,0,4,3,0.5,Clean,train
EmailHighlighter,0,0.0,5,0.0,0.0,0,0,0,0,0,0.0,Clean,train
Clock,0,0.0,5,2.0,1.0,0,0,0,1,1,1.0,Clean,test
RequestHighlighter,0,0.0,6,0.0,0.0,0,0,0,0,0,0.0,Clean,train
RainbowHighlighter,0,0.0,4,3.0,2.0,0,0,0,1,1,1.0,Clean,train
Bird,0,0.0,6,5.0,2.0,0,0,0,0,0,0.0,Clean,test
Process,0,1.0,20,4.0,2.0,0,0,0,0,0,0.0,Clean,train
RichRenderable,0,0.0,15,3.0,2.0,0,0,0,0,0,0.0,Clean,test
Foo,0,0.0,2,0.0,0.0,0,0,0,0,0,0.0,Clean,test
Align,0,0.7142857142857143,223,26.285714285714285,5.0,0,0,0,12,4,0.4167,Long Method,train
VerticalCenter,0,0.0,55,10.0,2.5,0,0,0,8,4,0.375,Clean,test
_AnsiToken,0,0.0,6,0.0,0.0,0,0,0,0,0,0.0,Clean,train
AnsiDecoder,0,0.6666666666666666,92,29.0,7.666666666666667,0,0,0,11,8,0.2727,Long Method,train
Bar,0,0.16666666666666666,77,15.5,2.25,0,0,0,2,2,0.5,Clean,train
Box,0,0.8571428571428571,173,18.625,3.0,0,0,0,6,5,0.3333,Clean,train
CellTable,0,0.0,6,0.0,0.0,0,0,0,0,0,0.0,Clean,test
ColorSystem,0,1.0,13,2.0,1.0,0,1,0,0,0,0.0,Clean,train
ColorType,0,0.0,11,2.0,1.0,0,0,0,0,0,0.0,Data Class,train
ColorParseError,0,0.0,2,0.0,0.0,0,1,0,0,0,0.0,Clean,test
Color,2,0.717948717948718,266,17.76923076923077,4.3076923076923075,0,0,2,20,11,0.25,God Class,train
ColorTriplet,0,1.0,35,6.666666666666667,1.0,0,0,0,0,0,0.0,Clean,train
Columns,0,0.0,156,46.333333333333336,8.666666666666666,0,0,0,12,8,0.3333,Long Method,train
NoChange,0,0.0,2,0.0,0.0,0,0,0,0,0,0.0,Clean,train
ConsoleDimensions,0,0.0,7,0.0,0.0,0,1,0,0,0,0.0,Clean,test
ConsoleOptions,0,1.0,131,13.571428571428571,2.5714285714285716,0,1,0,9,1,1.0,Feature Envy,train
RichCast,0,0.0,7,4.0,1.0,0,0,0,0,0,0.0,Clean,test
ConsoleRenderable,0,0.0,7,4.0,1.0,0,1,0,0,0,0.0,Clean,train
CaptureError,0,0.0,2,0.0,0.0,0,1,0,0,0,0.0,Clean,train
NewLine,0,0.0,10,3.0,1.0,0,1,0,0,0,0.0,Clean,train
ScreenUpdate,0,0.0,16,6.0,1.5,0,1,0,1,1,1.0,Clean,test
Capture,1,0.16666666666666666,31,5.0,1.25,0,1,3,0,0,0.0,Clean,train
ThemeContext,0,0.0,19,4.666666666666667,1.0,0,1,2,0,0,0.0,Clean,test
PagerContext,0,0.0,37,10.666666666666666,2.3333333333333335,0,1,3,2,1,1.0,Clean,train
ScreenContext,1,0.0,45,9.75,2.75,0,1,4,0,0,0.0,Clean,train
Group,0,0.5,31,4.75,1.5,0,2,0,1,1,1.0,Clean,train
ConsoleThreadLocals,0,0.0,6,0.0,0.0,0,1,0,0,0,0.0,Clean,train
RenderHook,0,0.0,17,13.0,1.0,0,1,0,0,0,0.0,Clean,train
Console,9,0.9311871227364185,2062,28.363636363636363,4.106060606060606,0,4,20,104,54,0.1154,God Class,train
Constrain,0,0.0,28,6.0,1.6666666666666667,0,0,0,4,3,0.5,Clean,train
Renderables,0,0.0,34,5.4,1.4,0,1,1,3,2,0.6667,Clean,train
Lines,0,0.2948717948717949,102,7.363636363636363,2.272727272727273,0,1,1,11,4,0.6364,Long Method,train
Control,0,0.9545454545454546,131,8.416666666666666,1.8333333333333333,0,0,0,16,2,0.75,God Class,train
NoEmoji,0,0.0,2,0.0,0.0,0,1,0,0,0,0.0,Clean,train
Emoji,1,0.6,54,8.8,1.4,0,0,1,1,1,1.0,Clean,train
ConsoleError,0,0.0,2,0.0,0.0,0,0,0,0,0,0.0,Clean,test
StyleError,0,0.0,2,0.0,0.0,0,0,0,0,0,0.0,Clean,train
StyleSyntaxError,0,0.0,2,0.0,0.0,1,0,0,0,0,0.0,Clean,train
MissingStyle,0,0.0,2,0.0,0.0,1,0,0,0,0,0.0,Clean,train
StyleStackError,0,0.0,2,0.0,0.0,1,0,0,0,0,0.0,Clean,train
NotRenderableError,0,0.0,2,0.0,0.0,1,0,0,0,0,0.0,Clean,train
MarkupError,0,0.0,2,0.0,0.0,1,0,0,0,0,0.0,Clean,test
LiveError,0,0.0,2,0.0,0.0,1,0,0,0,0,0.0,Clean,train
NoAltScreen,0,0.0,2,0.0,0.0,1,0,0,0,0,0.0,Clean,train
FileProxy,0,0.38095238095238093,50,5.714285714285714,1.7142857142857142,0,0,0,4,3,0.5,Clean,train
Highlighter,0,1.0,31,13.0,2.0,0,1,3,0,0,0.0,Clean,train
NullHighlighter,0,0.0,9,2.0,1.0,1,2,0,0,0,0.0,Clean,train
RegexHighlighter,0,0.0,17,11.0,2.0,1,2,0,1,1,1.0,Clean,test
ReprHighlighter,0,0.0,24,0.0,0.0,2,0,0,0,0,0.0,Clean,train
JSONHighlighter,0,0.0,35,18.0,5.0,2,1,3,3,2,0.6667,Clean,train
ISO8601Highlighter,0,0.0,56,0.0,0.0,2,0,0,0,0,0.0,Clean,train
JSON,0,0.6666666666666666,94,25.0,1.6666666666666667,0,0,0,1,1,1.0,Clean,train
JupyterRenderable,0,0.0,16,6.0,2.0,0,0,0,0,0,0.0,Clean,test
JupyterMixin,0,0.0,21,16.0,3.0,0,0,0,3,1,1.0,Clean,train
LayoutRender,0,0.0,5,0.0,0.0,0,1,0,0,0,0.0,Clean,train
LayoutError,0,0.0,2,0.0,0.0,0,0,0,0,0,0.0,Clean,train
NoSplitter,0,0.0,2,0.0,0.0,1,1,0,0,0,0.0,Clean,test
_Placeholder,0,0.0,27,10.5,2.0,0,1,0,5,3,0.6,Clean,train
Splitter,0,1.0,19,5.5,1.0,0,1,0,0,0,0.0,Clean,train
RowSplitter,0,1.0,18,6.0,1.5,1,1,0,0,0,0.0,Clean,train
ColumnSplitter,0,1.0,18,6.0,1.5,1,1,0,0,0,0.0,Clean,test
Layout,3,0.7843137254901961,274,13.277777777777779,2.2222222222222223,0,0,9,28,14,0.1786,God Class,test
_RefreshThread,0,0.0,17,4.0,1.6666666666666667,0,1,2,0,0,0.0,Clean,train
Live,1,0.48717948717948717,257,17.46153846153846,4.923076923076923,0,1,2,2,2,0.5,Long Method,train
LiveRender,0,0.2,104,15.0,2.3333333333333335,0,0,0,10,5,0.3,Clean,test
RichHandler,0,0.6,224,34.6,4.4,0,0,0,19,7,0.4211,Clean,train
MarkdownElement,0,1.0,55,7.666666666666667,1.0,0,3,0,0,0,0.0,Clean,train
UnknownElement,0,0.0,7,0.0,0.0,1,0,0,0,0,0.0,Clean,train
TextElement,0,0.6666666666666666,14,2.3333333333333335,1.3333333333333333,1,3,2,3,1,1.0,Clean,train
Paragraph,0,0.6666666666666666,18,3.0,1.3333333333333333,2,3,0,1,1,1.0,Clean,train
HeadingFormat,0,0.0,3,0.0,0.0,0,0,0,0,0,0.0,Clean,train
Heading,0,0.5,32,4.0,1.0,2,2,15,3,3,0.3333,Clean,test
CodeBlock,0,0.6666666666666666,23,5.0,1.6666666666666667,2,3,0,3,3,0.3333,Clean,train
BlockQuote,0,0.0,24,5.666666666666667,1.3333333333333333,2,3,0,3,2,0.6667,Clean,train
HorizontalRule,0,0.0,11,6.0,1.0,1,0,0,1,1,1.0,Clean,train
TableElement,0,0.0,39,11.333333333333334,3.3333333333333335,1,3,0,7,6,0.2857,Clean,train
TableHeaderElement,0,0.0,10,3.0,1.0,1,3,0,0,0,0.0,Clean,train
TableBodyElement,0,0.0,10,3.0,1.0,1,3,0,0,0,0.0,Clean,train
TableRowElement,0,0.0,10,3.0,1.0,1,3,0,0,0,0.0,Clean,train
TableDataElement,0,0.6666666666666666,30,7.666666666666667,2.6666666666666665,1,4,0,2,2,0.5,Clean,test
ListElement,0,0.5,30,5.75,2.0,1,3,2,4,2,0.5,Clean,test
ListItem,0,0.0,40,8.0,2.0,2,4,0,4,2,0.5,Clean,train
Link,0,1.0,9,3.0,1.0,2,3,0,2,1,1.0,Clean,train
ImageItem,0,0.5,38,7.25,2.0,2,2,17,5,5,0.2,Clean,train
MarkdownContext,0,0.0,46,7.6,1.6,0,4,3,2,2,0.5,Clean,train
Markdown,1,0.6666666666666666,192,51.333333333333336,14.0,0,2,29,24,9,0.25,Long Method,train
Tag,0,0.0,21,5.5,2.0,0,0,0,0,0,0.0,Clean,test
Measurement,0,1.0,112,16.166666666666668,2.1666666666666665,0,0,0,8,5,0.25,Feature Envy,train
Padding,0,0.6,117,16.0,3.5,0,0,0,9,6,0.2222,Long Method,train
Pager,0,0.0,10,6.0,1.0,0,0,0,0,0,0.0,Clean,train
SystemPager,0,1.0,9,2.5,1.0,1,0,0,0,0,0.0,Clean,train
Palette,0,0.0,62,13.5,1.25,0,0,0,2,2,0.5,Clean,train
ColorBox,0,0.0,15,14.0,3.0,0,0,0,4,4,0.25,Clean,train
Panel,0,0.6666666666666666,281,41.666666666666664,5.166666666666667,0,0,0,42,10,0.2381,Long Method,test
Pretty,0,0.0,102,26.666666666666668,4.0,0,0,0,8,4,0.625,Data Class,train
Node,1,1.0,82,16.0,5.0,0,1,3,6,2,0.6667,Clean,train
_Line,0,0.0,65,12.25,3.25,0,1,1,7,1,1.0,Clean,test
BrokenRepr,0,0.0,4,3.0,1.0,0,0,0,0,0,0.0,Clean,test
StockKeepingUnit,0,0.0,6,0.0,0.0,0,0,0,0,0,0.0,Clean,test
Thing,0,0.0,3,2.0,1.0,0,0,0,0,0,0.0,Clean,train
RichFormatter,0,0.0,17,14.0,2.0,0,0,0,0,0,0.0,Clean,train
_TrackThread,0,0.5,38,8.0,1.75,0,11,15,0,0,0.0,Clean,test
_Reader,0,0.47186147186147187,101,3.3636363636363638,1.0454545454545454,0,11,5,0,0,0.0,Clean,train
_ReadContext,0,0.0,19,4.666666666666667,1.0,0,10,8,0,0,0.0,Clean,train
ProgressColumn,0,0.6666666666666666,40,7.75,2.25,0,10,13,3,1,1.0,Clean,train
RenderableColumn,0,0.0,15,3.5,1.0,1,9,12,0,0,0.0,Clean,train
SpinnerColumn,0,0.0,48,12.0,1.6666666666666667,1,9,25,3,2,0.6667,Clean,train
TextColumn,0,0.0,28,12.0,2.5,1,10,12,1,1,1.0,Clean,train
BarColumn,0,0.0,40,14.0,2.0,1,10,13,4,1,1.0,Clean,train
TimeElapsedColumn,0,0.0,10,7.0,3.0,1,2,0,3,1,1.0,Clean,test
TaskProgressColumn,0,0.6666666666666666,70,17.666666666666668,3.3333333333333335,2,10,12,6,4,0.5,Clean,train
TimeRemainingColumn,0,0.0,46,17.0,4.5,1,10,12,4,1,1.0,Clean,train
FileSizeColumn,0,0.0,7,4.0,1.0,1,2,0,2,2,0.5,Clean,train
TotalFileSizeColumn,0,0.0,7,4.0,2.0,1,2,0,2,2,0.5,Clean,train
MofNCompleteColumn,0,0.0,25,6.0,1.5,1,9,12,2,1,1.0,Clean,train
DownloadColumn,0,0.0,47,19.5,3.0,1,9,12,3,2,0.6667,Clean,train
TransferSpeedColumn,0,0.0,10,7.0,3.0,1,2,0,3,2,0.6667,Clean,train
ProgressSample,0,0.0,7,0.0,0.0,0,1,0,0,0,0.0,Clean,train
Task,0,0.8333333333333334,123,6.777777777777778,2.111111111111111,0,4,0,1,1,1.0,Clean,train
Progress,8,0.7321937321937322,591,20.56,3.4,0,11,11,21,7,0.6667,God Class,test
ProgressBar,0,0.5,190,20.75,4.875,0,0,0,10,6,0.3,Long Method,test
PromptError,0,0.0,2,0.0,0.0,0,0,0,0,0,0.0,Clean,train
InvalidResponse,0,0.0,13,2.0,1.0,1,2,0,0,0,0.0,Clean,train
PromptBase,1,0.9010989010989011,272,19.4,2.7,0,0,3,5,4,0.4,Clean,train
Prompt,0,0.0,10,0.0,0.0,0,0,0,0,0,0.0,Clean,train
IntPrompt,0,0.0,10,0.0,0.0,0,0,0,0,0,0.0,Clean,test
FloatPrompt,0,0.0,10,0.0,0.0,0,0,0,0,0,0.0,Clean,train
Confirm,1,0.0,24,5.0,2.0,0,1,1,0,0,0.0,Clean,train
Region,0,0.0,7,0.0,0.0,0,0,0,0,0,0.0,Clean,train
ReprError,0,0.0,2,0.0,0.0,0,0,0,0,0,0.0,Clean,train
Foo,0,0.0,5,4.0,1.0,0,0,0,0,0,0.0,Clean,test
Rule,0,0.4,103,17.6,3.2,0,0,0,15,6,0.2667,Clean,train
Screen,0,0.0,37,13.0,3.5,0,0,0,6,3,0.3333,Clean,test
ControlType,0,0.0,19,0.0,0.0,0,0,0,0,0,0.0,Data Class,test
Segment,0,0.9891304347826086,636,23.916666666666668,4.375,0,2,0,18,9,0.2778,God Class,train
Segments,0,0.0,23,6.5,2.0,0,0,1,1,1,1.0,Clean,test
SegmentLines,0,0.0,23,10.5,2.5,0,0,1,1,1,1.0,Clean,test
Spinner,0,0.7,102,17.0,3.2,0,0,0,6,5,0.3333,Clean,test
Status,0,0.6111111111111112,96,8.222222222222221,1.4444444444444444,0,0,0,0,0,0.0,Clean,train
_Bit,0,0.0,12,3.0,1.5,0,0,0,2,1,1.0,Clean,test
Style,0,0.8428030303030303,720,17.0,5.696969696969697,0,0,0,42,17,0.2857,God Class,train
StyleStack,0,0.0,32,4.4,1.0,0,0,0,0,0,0.0,Clean,test
Styled,0,0.0,24,4.666666666666667,1.0,0,0,0,4,3,0.5,Clean,train
SyntaxTheme,0,1.0,12,3.0,1.0,0,1,0,0,0,0.0,Clean,train
PygmentsSyntaxTheme,0,0.3333333333333333,40,11.666666666666666,3.0,1,1,0,1,1,1.0,Clean,train
ANSISyntaxTheme,0,0.3333333333333333,31,8.666666666666666,2.0,1,1,0,1,1,1.0,Clean,train
_SyntaxHighlightRange,0,0.0,11,0.0,0.0,0,1,0,0,0,0.0,Clean,train
PaddingProperty,0,1.0,9,2.5,1.0,0,0,0,2,2,0.5,Clean,train
Syntax,3,0.7058823529411765,599,30.555555555555557,5.055555555555555,0,0,9,48,21,0.1875,God Class,train
Column,0,1.0,90,3.0,1.0,0,1,0,0,0,0.0,Clean,train
Row,0,0.0,8,0.0,0.0,0,1,0,0,0,0.0,Clean,train
_Cell,0,0.0,9,0.0,0.0,0,1,0,0,0,0.0,Clean,train
Table,3,0.6578947368421053,783,39.72222222222222,8.5,0,0,3,72,27,0.2361,Long Method,train
TerminalTheme,0,0.0,21,10.0,2.0,0,0,0,0,0,0.0,Clean,train
Span,0,0.8,69,9.0,1.6666666666666667,0,1,0,1,1,1.0,Clean,train
Text,1,0.5569023569023569,1218,21.132075471698112,3.69811320754717,0,0,4,76,29,0.1447,Long Method,train
Theme,0,0.8333333333333334,68,13.0,1.75,0,0,0,5,4,0.4,Clean,test
ThemeStackError,0,0.0,2,0.0,0.0,0,1,0,0,0,0.0,Clean,train
ThemeStack,1,0.0,31,7.333333333333333,1.6666666666666667,0,0,1,1,1,1.0,Clean,train
Frame,0,0.0,7,0.0,0.0,0,1,0,0,0,0.0,Data Class,train
_SyntaxError,0,0.0,7,0.0,0.0,0,1,0,0,0,0.0,Data Class,train
Stack,0,0.0,9,0.0,0.0,0,1,0,0,0,0.0,Data Class,test
Trace,0,0.0,2,0.0,0.0,0,1,0,0,0,0.0,Clean,test
PathHighlighter,0,0.0,2,0.0,0.0,0,1,0,0,0,0.0,Clean,train
Traceback,5,0.8571428571428571,634,84.28571428571429,13.0,0,0,5,51,24,0.1569,Long Method,train
Tree,0,0.5,188,40.5,9.0,0,0,0,33,14,0.1515,Long Method,train
Inspect,0,0.8,217,32.666666666666664,7.833333333333333,0,0,0,14,10,0.2143,Long Method,train
LogRender,0,0.0,73,35.5,9.0,0,0,0,8,6,0.375,Long Method,train
NullFile,0,1.0,62,2.263157894736842,1.0,0,0,0,0,0,0.0,Clean,train
Edge,0,0.0,6,0.0,0.0,0,0,0,0,0,0.0,Clean,train
E,0,0.0,4,0.0,0.0,0,0,0,0,0,0.0,Clean,train
Stack,0,1.0,11,3.0,1.0,0,0,0,0,0,0.0,Clean,train
LegacyWindowsError,0,0.0,2,0.0,0.0,0,0,0,0,0,0.0,Clean,test
WindowsCoordinates,0,0.0,22,11.0,1.0,0,1,0,2,1,1.0,Clean,train
CONSOLE_SCREEN_BUFFER_INFO,0,0.0,8,0.0,0.0,0,0,0,0,0,0.0,Clean,train
CONSOLE_CURSOR_INFO,0,0.0,2,0.0,0.0,0,1,0,0,0,0.0,Clean,train
LegacyWindowsTerm,2,0.21568627450980393,242,10.666666666666666,1.6111111111111112,0,0,2,20,10,0.25,Clean,train
WindowsConsoleFeatures,0,0.0,7,0.0,0.0,0,0,0,0,0,0.0,Clean,train
ColorBox,0,1.0,19,8.5,2.0,0,0,0,3,3,0.3333,Clean,test
ScheduleError,0,0.0,4,0.0,0.0,0,1,0,0,0,0.0,Clean,train
ScheduleValueError,0,0.0,4,0.0,0.0,1,1,0,0,0,0.0,Clean,train
IntervalError,0,0.0,4,0.0,0.0,2,1,0,0,0,0.0,Clean,train
CancelJob,0,0.0,6,0.0,0.0,0,0,0,0,0,0.0,Clean,train
Scheduler,1,0.5333333333333333,128,10.9,2.0,0,0,2,4,2,0.75,Clean,train
Job,3,0.6060606060606061,622,16.78787878787879,3.393939393939394,0,1,3,11,7,0.2727,Long Method,train
SocialAuthBaseException,0,0.0,2,0.0,0.0,0,0,0,0,0,0.0,Clean,train
SocialAuthImproperlyConfiguredError,0,0.0,2,0.0,0.0,1,0,0,0,0,0.0,Clean,train
StrategyMissingFeatureError,0,0.0,10,3.0,1.0,1,9,5,0,0,0.0,Clean,train
DefaultStrategyMissingError,0,0.0,5,2.0,1.0,1,5,0,0,0,0.0,Clean,test
StrategyMissingBackendError,0,0.0,5,2.0,1.0,1,5,0,0,0,0.0,Clean,test
WrongBackend,0,0.0,7,2.5,1.0,1,9,5,0,0,0.0,Clean,train
MissingBackend,0,0.0,3,2.0,1.0,2,5,0,0,0,0.0,Clean,test
NotAllowedToDisconnect,0,0.0,5,2.0,1.0,1,5,0,0,0,0.0,Clean,train
AuthException,0,0.0,6,3.0,1.0,1,5,5,0,0,0.0,Clean,train
AuthFailed,0,0.0,8,5.0,2.0,2,4,21,0,0,0.0,Clean,train
AuthCanceled,0,1.0,12,4.0,1.5,2,9,26,1,1,1.0,Clean,train
AuthUnknownError,0,0.0,6,3.0,1.0,2,4,21,0,0,0.0,Clean,train
AuthTokenError,0,0.0,6,3.0,1.0,2,4,21,0,0,0.0,Clean,train
AuthMissingParameter,0,0.0,9,2.5,1.0,2,9,5,0,0,0.0,Clean,train
AuthInvalidParameter,0,0.0,5,2.0,1.0,3,5,0,0,0,0.0,Clean,train
AuthNotImplementedParameter,0,0.0,5,2.0,1.0,3,5,0,0,0,0.0,Clean,train
AuthStateMissing,0,0.0,5,2.0,1.0,2,5,0,0,0,0.0,Clean,test
AuthStateForbidden,0,0.0,5,2.0,1.0,2,5,0,0,0,0.0,Clean,train
AuthAlreadyAssociated,0,0.0,5,2.0,1.0,2,5,0,0,0,0.0,Clean,train
AuthTokenRevoked,0,0.0,5,2.0,1.0,2,5,0,0,0,0.0,Clean,test
AuthForbidden,0,0.0,5,2.0,1.0,2,5,0,0,0,0.0,Clean,train
AuthUnreachableProvider,0,0.0,5,2.0,1.0,2,5,0,0,0,0.0,Clean,train
InvalidEmail,0,0.0,3,2.0,1.0,2,5,0,0,0,0.0,Clean,train
AuthConnectionError,0,0.0,6,3.0,1.0,2,4,21,0,0,0.0,Clean,train
InvalidExpiryValue,0,0.0,10,3.0,1.0,1,9,5,0,0,0.0,Clean,train
Registry,0,0.0,16,2.0,1.0,0,0,0,1,1,1.0,Clean,train
UserProtocol,0,1.0,9,1.0,1.0,0,0,0,0,0,0.0,Clean,train
PipelineUserProtocol,0,0.0,4,0.0,0.0,1,0,0,0,0,0.0,Clean,train
UserMixin,0,0.9544159544159544,244,7.148148148148148,1.9259259259259258,0,2,4,9,7,0.2222,God Class,train
NonceMixin,0,1.0,21,3.0,1.0,0,3,0,0,0,0.0,Clean,test
AssociationMixin,0,1.0,48,5.8,1.4,0,2,1,7,2,0.8571,Feature Envy,train
CodeMixin,0,1.0,28,3.0,1.0,0,2,2,4,1,1.0,Clean,train
PartialMixin,0,0.8181818181818182,55,2.7777777777777777,1.0,0,2,4,7,3,0.7143,Clean,train
BaseStorage,0,0.0,11,3.0,1.0,0,0,0,0,0,0.0,Clean,train
OpenIdStore,0,0.5333333333333333,50,7.0,2.3333333333333335,0,0,0,5,4,0.4,Clean,test
OpenIdSessionWrapper,0,0.6666666666666666,22,4.666666666666667,2.0,0,0,0,0,0,0.0,Clean,test
HttpResponseProtocol,0,0.0,3,1.0,1.0,0,0,0,0,0,0.0,Clean,train
BaseTemplateStrategy,0,1.0,22,4.5,1.75,0,1,0,0,0,0.0,Clean,train
BaseStrategy,0,0.9811738648947951,254,4.744186046511628,1.3255813953488371,0,0,1,7,3,0.5714,God Class,test
PartialPipelineResult,0,0.0,4,0.0,0.0,0,0,0,0,0,0.0,Clean,train
PartialPipelineSelection,0,0.0,4,0.0,0.0,0,0,0,0,0,0.0,Clean,train
cache,0,0.0,42,10.333333333333334,3.0,0,0,0,1,1,1.0,Clean,train
AmazonOAuth2,0,1.0,37,11.5,2.0,0,0,0,1,1,1.0,Clean,train
AngelOAuth2,0,1.0,24,8.5,1.0,0,0,0,1,1,1.0,Clean,test
AppleIdAuth,0,0.9166666666666666,141,12.777777777777779,3.0,0,0,0,4,4,0.25,Clean,train
ArcGISOAuth2,0,1.0,23,7.5,1.0,0,0,0,1,1,1.0,Clean,train
AsanaOAuth2,0,1.0,44,9.666666666666666,1.3333333333333333,0,0,0,1,1,1.0,Clean,train
AtlassianOAuth2,0,1.0,38,8.0,1.0,0,0,0,1,1,1.0,Clean,test
Auth0OAuth2,0,1.0,72,12.0,2.2,0,0,0,3,3,0.3333,Clean,train
Auth0OpenIdConnectAuth,0,0.9,69,9.6,2.6,0,0,0,5,5,0.2,Clean,train
AzureADOAuth2,0,0.9894179894179894,306,9.0,2.2857142857142856,0,0,0,10,9,0.2,God Class,train
AzureADOAuth2V2,0,0.0,10,0.0,0.0,1,0,0,0,0,0.0,Clean,train
AzureADB2COAuth2,0,0.8952380952380953,142,6.666666666666667,1.8,0,0,0,4,4,0.25,God Class,train
AzureADTenantOAuth2,0,0.9523809523809523,48,5.142857142857143,1.8571428571428572,0,0,0,1,1,1.0,Clean,train
AzureADV2TenantOAuth2,0,1.0,26,8.5,1.0,1,0,0,1,1,1.0,Clean,test
BaseAuth,0,0.9088669950738916,374,11.517241379310345,3.0,0,0,0,26,14,0.1538,God Class,train
BattleNetOAuth2,0,1.0,40,7.333333333333333,1.6666666666666667,0,0,0,1,1,1.0,Clean,train
BehanceOAuth2,0,1.0,41,9.666666666666666,1.0,0,0,0,1,1,1.0,Clean,train
BelgiumEIDOpenId,0,0.0,5,0.0,0.0,0,0,0,0,0,0.0,Clean,train
BitbucketOAuth2,0,1.0,65,7.666666666666667,2.0,0,0,0,1,1,1.0,Clean,train
BitbucketDataCenterOAuth2,0,0.9333333333333333,97,8.666666666666666,1.0,0,0,0,1,1,1.0,Clean,test
BoxOAuth2,0,1.0,41,8.0,1.6666666666666667,0,0,0,2,2,0.5,Clean,train
BungieOAuth2,0,1.0,72,8.666666666666666,1.5,0,0,0,3,2,0.6667,Clean,train
CASOpenIdConnectAuth,0,1.0,54,6.6,1.4,0,0,0,4,4,0.25,Clean,train
ChatworkOAuth2,0,1.0,50,5.5,1.8333333333333333,0,0,0,2,2,0.5,Clean,train
CILogonOAuth2,0,1.0,41,8.333333333333334,1.3333333333333333,0,0,0,1,1,1.0,Clean,train
ClasslinkOAuth,0,1.0,40,8.0,1.6666666666666667,0,0,0,1,1,1.0,Clean,train
CleverOAuth2,0,1.0,55,9.5,1.25,0,0,0,3,3,0.3333,Clean,train
CodingOAuth2,0,1.0,36,5.5,1.75,0,0,0,2,2,0.5,Clean,train
CognitoOAuth2,0,1.0,47,6.0,1.5,0,0,0,1,1,1.0,Clean,train
CoinbaseOAuth2,0,1.0,56,8.4,1.2,0,0,0,1,1,1.0,Clean,train
CourseraOAuth2,0,1.0,32,4.5,1.5,0,0,0,2,2,0.5,Clean,train
DailymotionOAuth2,0,1.0,18,3.5,1.0,0,0,0,1,1,1.0,Clean,train
DeezerOAuth2,0,1.0,58,11.25,1.0,0,0,0,2,1,1.0,Clean,test
DigitalOceanOAuth,0,1.0,39,8.0,1.6666666666666667,0,0,0,1,1,1.0,Clean,train
DiscogsOAuth1,0,1.0,29,7.5,1.0,0,0,0,0,0,0.0,Clean,train
DiscordOAuth2,0,1.0,22,4.5,1.5,0,0,0,1,1,1.0,Clean,train
DiscourseAuth,0,0.6428571428571429,82,8.875,1.375,0,0,0,6,6,0.1667,Clean,train
DisqusOAuth2,0,1.0,50,7.0,1.0,0,0,0,2,2,0.5,Clean,train
DockerOAuth2,0,1.0,38,9.5,2.0,0,0,0,1,1,1.0,Clean,test
DoubanOAuth2,0,1.0,30,8.0,1.0,0,0,0,1,1,1.0,Clean,train
DribbbleOAuth2,0,1.0,52,8.0,1.0,0,0,0,1,1,1.0,Clean,train
DripOAuth,0,1.0,20,4.333333333333333,1.0,0,0,0,0,0,0.0,Clean,train
DropboxOAuth2V2,0,1.0,25,8.5,1.0,0,0,0,2,2,0.5,Clean,test
EchosignOAuth2,0,1.0,21,3.0,1.0,0,0,0,0,0,0.0,Clean,train
EGICheckinOpenIdConnect,0,1.0,65,8.5,2.75,0,0,0,2,2,0.5,Clean,train
EInfraCZOpenIdConnect,0,0.0,25,11.0,2.0,0,0,0,1,1,1.0,Clean,train
ElixirOpenIdConnect,0,0.0,26,11.0,2.0,0,0,0,1,1,1.0,Clean,test
EmailAuth,0,0.0,5,0.0,0.0,0,0,0,0,0,0.0,Clean,train
EtsyOAuth2,0,1.0,40,8.5,1.0,0,0,0,0,0,0.0,Clean,train
EventbriteOAuth2,0,1.0,26,7.5,1.0,0,0,0,0,0,0.0,Clean,test
EVEOnlineOAuth2,0,1.0,35,9.5,1.0,0,0,0,0,0,0.0,Clean,test
EvernoteOAuth,0,1.0,65,7.75,1.75,0,0,0,1,1,1.0,Clean,train
EvernoteSandboxOAuth,0,0.0,5,0.0,0.0,1,0,0,0,0,0.0,Clean,train
ExactTargetOAuth2,0,0.9642857142857143,99,11.125,1.875,0,0,0,8,8,0.125,Clean,train
FacebookOAuth2,0,0.9871794871794872,153,9.153846153846153,1.9230769230769231,0,1,0,7,4,0.5714,God Class,train
FacebookAppOAuth2,0,1.0,73,16.25,4.25,1,0,1,5,5,0.2,Clean,train
FacebookLimitedLogin,0,1.0,41,7.5,2.5,0,0,0,3,3,0.3333,Clean,train
FedoraOpenIdConnect,0,0.0,19,0.0,0.0,0,0,0,0,0,0.0,Clean,train
FedoraOpenId,0,0.0,8,0.0,0.0,0,0,0,0,0,0.0,Clean,train
Fence,0,1.0,30,3.6,1.0,0,0,0,1,1,1.0,Clean,train
FitbitOAuth1,0,1.0,20,4.5,1.0,0,0,0,1,1,1.0,Clean,test
FitbitOAuth2,0,1.0,30,3.6666666666666665,1.0,0,0,0,1,1,1.0,Clean,train
FlatOAuth2,0,1.0,25,5.0,1.0,0,0,0,1,1,1.0,Clean,train
FlickrOAuth,0,1.0,33,7.333333333333333,2.0,0,0,0,1,1,1.0,Clean,train
FoursquareOAuth2,0,1.0,30,7.333333333333333,1.0,0,0,0,1,1,1.0,Clean,train
GiteaOAuth2,0,1.0,43,4.6,1.4,0,0,0,2,2,0.5,Clean,train
GithubOAuth2,0,1.0,55,8.75,3.0,0,3,0,3,3,0.3333,Clean,train
GithubMemberOAuth2,0,1.0,20,8.0,2.0,1,0,3,1,1,1.0,Clean,train
GithubOrganizationOAuth2,0,0.0,11,5.0,1.0,2,1,1,1,1,1.0,Clean,train
GithubTeamOAuth2,0,0.0,11,5.0,1.0,2,1,1,1,1,1.0,Clean,train
GithubAppAuth,0,0.0,27,22.0,3.0,1,0,0,0,0,0.0,Clean,train
GithubEnterpriseMixin,0,1.0,18,2.6,1.2,0,0,0,0,0,0.0,Clean,train
GithubEnterpriseOAuth2,0,0.0,4,0.0,0.0,1,0,0,0,0,0.0,Clean,train
GithubEnterpriseOrganizationOAuth2,0,0.0,8,0.0,0.0,1,0,0,0,0,0.0,Clean,train
GithubEnterpriseTeamOAuth2,0,0.0,5,0.0,0.0,1,0,0,0,0,0.0,Clean,train
GitLabOAuth2,0,1.0,41,4.4,1.4,0,0,0,2,2,0.5,Clean,train
GlobusOpenIdConnect,0,0.0,22,11.0,2.0,0,0,0,1,1,1.0,Clean,train
GoClioOAuth2,0,1.0,35,8.666666666666666,1.0,0,0,0,2,2,0.5,Clean,train
GoClioEuOAuth2,0,0.0,11,6.0,1.0,0,0,0,0,0,0.0,Clean,train
BaseGoogleAuth,0,1.0,29,13.5,2.0,0,0,0,2,2,0.5,Clean,train
BaseGoogleOAuth2API,0,1.0,15,4.0,1.0,1,0,0,0,0,0.0,Clean,train
GoogleOAuth2,0,0.0,16,0.0,0.0,2,0,0,0,0,0.0,Clean,train
GoogleOAuth,0,1.0,28,9.0,1.5,1,0,0,0,0,0.0,Clean,train
GoogleOneTap,0,0.8333333333333334,43,8.75,2.25,0,0,0,4,4,0.25,Clean,train
GoogleOpenIdConnect,0,1.0,20,6.0,2.0,0,0,0,0,0,0.0,Clean,train
GrafanaOAuth2,0,1.0,25,7.0,1.5,0,0,0,1,1,1.0,Clean,test
HelmholtzOpenIdConnect,0,1.0,60,9.666666666666666,3.0,0,0,0,1,1,1.0,Clean,train
HubSpotOAuth2,0,1.0,28,5.0,1.0,0,0,0,0,0,0.0,Clean,train
InstagramOAuth2,0,1.0,32,8.333333333333334,1.6666666666666667,0,0,0,2,2,0.5,Clean,train
JustGivingOAuth2,0,1.0,54,13.666666666666666,1.0,0,0,0,1,1,1.0,Clean,train
KakaoOAuth2,0,1.0,50,9.0,2.0,0,0,0,3,3,0.3333,Clean,train
KeycloakOAuth2,0,1.0,133,6.6,1.2,0,0,0,1,1,1.0,Clean,train
KickOAuth2,0,1.0,51,9.333333333333334,3.0,0,0,0,1,1,1.0,Clean,test
LastFmAuth,0,1.0,57,9.75,1.0,0,0,0,2,2,0.5,Clean,train
LaunchpadOpenId,0,0.0,4,0.0,0.0,0,0,0,0,0,0.0,Clean,train
LegacyAuth,0,0.9,38,6.6,1.8,0,0,0,3,3,0.3333,Clean,train
LifeScienceOpenIdConnect,0,0.0,26,11.0,2.0,0,0,0,1,1,1.0,Clean,train
LineOAuth2,0,1.0,85,12.4,2.6,0,0,0,3,3,0.3333,Clean,train
LinkedinOpenIdConnect,0,0.0,27,12.0,4.0,0,0,0,0,0,0.0,Clean,train
LinkedinOAuth2,0,1.0,131,13.0,1.875,0,1,1,3,3,0.3333,Clean,train
LinkedinMobileOAuth2,0,0.0,7,4.0,1.0,1,1,1,0,0,0.0,Clean,train
LiveOAuth2,0,1.0,37,8.5,1.0,0,0,0,1,1,1.0,Clean,train
LiveJournalOpenId,0,1.0,19,6.5,2.0,0,0,0,2,2,0.5,Clean,train
LoginRadiusAuth,0,1.0,82,11.166666666666666,1.8333333333333333,0,0,0,1,1,1.0,Clean,train
LyftOAuth2,0,1.0,40,3.0,1.0,0,0,0,0,0,0.0,Clean,train
MailChimpOAuth2,0,1.0,29,5.5,1.0,0,0,0,0,0,0.0,Clean,train
MailruOAuth2,0,1.0,36,13.0,1.0,0,0,0,0,0,0.0,Clean,train
MRGOAuth2,0,1.0,26,8.5,1.0,0,0,0,1,1,1.0,Clean,train
MapMyFitnessOAuth2,0,1.0,36,5.25,1.0,0,0,0,1,1,1.0,Clean,train
MediaWiki,0,1.0,166,30.4,3.2,0,0,0,10,9,0.2,Long Method,test
MeetupOAuth2,0,1.0,29,8.5,1.5,0,0,0,1,1,1.0,Clean,test
MendeleyMixin,0,1.0,21,3.75,1.0,0,0,1,1,1,1.0,Clean,train
MendeleyOAuth2,0,0.0,19,6.0,1.0,1,1,0,0,0,0.0,Clean,test
MicrosoftOAuth2,0,1.0,81,10.5,1.5,0,0,0,3,3,0.3333,Clean,train
MineIDOAuth2,0,1.0,31,2.8333333333333335,1.0,0,0,0,1,1,1.0,Clean,train
MixcloudOAuth2,0,1.0,21,7.0,1.0,0,0,0,0,0,0.0,Clean,train
MonzoOAuth2,0,1.0,28,8.0,1.0,0,0,0,1,1,1.0,Clean,train
MusicBrainzOAuth2,0,1.0,29,6.5,1.5,0,0,0,1,1,1.0,Clean,train
NationBuilderOAuth2,0,0.7,36,4.2,2.0,0,0,0,2,2,0.5,Clean,train
NaverOAuth2,0,1.0,58,8.8,1.2,0,0,0,2,1,1.0,Clean,test
NFDIOpenIdConnect,0,1.0,59,9.333333333333334,3.0,0,0,0,1,1,1.0,Clean,train
XcsOpenIdConnect,0,0.0,3,0.0,0.0,1,0,0,0,0,0.0,Clean,train
TextplusOpenIdConnect,0,0.0,3,0.0,0.0,1,0,0,0,0,0.0,Clean,test
MardiOpenIdConnect,0,0.0,3,0.0,0.0,1,0,0,0,0,0.0,Clean,train
ObjectsOpenIdConnect,0,0.0,3,0.0,0.0,1,0,0,0,0,0.0,Clean,train
CultureOpenIdConnect,0,0.0,3,0.0,0.0,1,0,0,0,0,0.0,Clean,test
CatOpenIdConnect,0,0.0,3,0.0,0.0,1,0,0,0,0,0.0,Clean,train
ChemOpenIdConnect,0,0.0,3,0.0,0.0,1,0,0,0,0,0.0,Clean,train
DatascienceOpenIdConnect,0,0.0,3,0.0,0.0,1,0,0,0,0,0.0,Clean,train
EnergyOpenIdConnect,0,0.0,3,0.0,0.0,1,0,0,0,0,0.0,Clean,train
IngOpenIdConnect,0,0.0,3,0.0,0.0,1,0,0,0,0,0.0,Clean,test
MatWerkOpenIdConnect,0,0.0,3,0.0,0.0,1,0,0,0,0,0.0,Clean,test
DaphneOpenIdConnect,0,0.0,3,0.0,0.0,1,0,0,0,0,0.0,Clean,train
FairmatOpenIdConnect,0,0.0,3,0.0,0.0,1,0,0,0,0,0.0,Clean,train
ImmunoOpenIdConnect,0,0.0,3,0.0,0.0,1,0,0,0,0,0.0,Clean,test
PunchOpenIdConnect,0,0.0,3,0.0,0.0,1,0,0,0,0,0.0,Clean,train
HelmholtzOpenIdConnect,0,0.0,3,0.0,0.0,1,0,0,0,0,0.0,Clean,train
InfraproxyStagingOpenIdConnect,0,0.0,3,0.0,0.0,1,0,0,0,0,0.0,Clean,train
InfraproxyOpenIdConnect,0,0.0,3,0.0,0.0,1,0,0,0,0,0.0,Clean,train
EduidOpenIdConnect,0,0.0,3,0.0,0.0,1,0,0,0,0,0.0,Clean,train
EduidStagingOpenIdConnect,0,0.0,3,0.0,0.0,1,0,0,0,0,0.0,Clean,train
ActionIDOpenID,0,1.0,65,27.5,1.0,0,0,0,4,3,0.5,Clean,train
OAuthAuth,0,0.9649122807017544,156,5.842105263157895,2.1052631578947367,0,2,1,2,2,0.5,God Class,train
BaseOAuth1,0,0.9102564102564102,164,10.384615384615385,2.4615384615384617,1,1,10,8,6,0.375,God Class,test
BaseOAuth2,0,0.9852941176470589,188,9.176470588235293,2.176470588235294,1,3,13,6,4,0.3333,God Class,test
BaseOAuth2PKCE,0,0.8,68,10.0,1.8,2,1,2,3,3,0.3333,Clean,test
OdnoklassnikiOAuth2,0,1.0,33,11.0,1.0,0,0,0,1,1,1.0,Clean,train
OdnoklassnikiApp,0,0.8,114,17.0,2.1666666666666665,0,0,0,1,1,1.0,Clean,test
OktaMixin,0,1.0,30,4.0,1.1666666666666667,0,1,0,2,1,1.0,Clean,train
OktaOAuth2,0,1.0,32,8.0,1.5,1,0,1,1,1,1.0,Clean,train
OktaOpenIdConnect,0,0.0,11,4.0,1.0,0,0,0,0,0,0.0,Clean,test
OpenInfraOpenId,0,1.0,39,17.0,1.5,0,0,0,6,5,0.3333,Feature Envy,train
OpenshiftOAuth2,0,1.0,28,4.2,1.0,0,0,0,0,0,0.0,Clean,train
OpenStackOpenId,0,1.0,39,17.0,1.5,0,0,0,6,5,0.3333,Feature Envy,test
OpenStreetMapOAuth2,0,1.0,42,12.0,1.0,0,0,0,0,0,0.0,Clean,train
OpenIdAuth,0,0.9105263157894737,250,11.1,3.0,0,0,0,24,14,0.1667,God Class,train
OpenIdConnectAssociation,0,0.0,9,6.0,1.0,0,1,0,1,1,1.0,Clean,test
OpenIdConnectAuth,1,0.9662618083670715,606,13.0,3.358974358974359,0,0,2,20,16,0.1,God Class,train
OrbiOAuth2,0,1.0,37,7.0,1.0,0,0,0,1,1,1.0,Clean,train
ORCIDOAuth2,0,1.0,126,36.0,4.0,0,0,0,5,5,0.2,Clean,train
ORCIDOAuth2Sandbox,0,0.0,8,0.0,0.0,1,0,0,0,0,0.0,Clean,train
ORCIDMemberOAuth2,0,0.0,5,0.0,0.0,1,0,0,0,0,0.0,Clean,train
ORCIDMemberOAuth2Sandbox,0,0.0,5,0.0,0.0,2,0,0,0,0,0.0,Clean,train
OssoOAuth2,0,0.8,42,4.5,2.0,0,0,0,1,1,1.0,Clean,train
PatreonOAuth2,0,1.0,34,4.5,1.0,0,0,0,1,1,1.0,Clean,train
PayPalOAuth2,0,1.0,57,5.666666666666667,1.1666666666666667,0,0,0,3,3,0.3333,Clean,test
PayPalOAuth2Sandbox,0,0.0,7,0.0,0.0,1,0,0,0,0,0.0,Clean,train
PhabricatorOAuth2,0,1.0,40,5.4,1.2,0,0,0,2,2,0.5,Clean,test
PingOpenIdConnect,0,1.0,75,21.666666666666668,4.666666666666667,0,0,0,6,5,0.3333,Clean,train
PinterestOAuth2,0,1.0,34,13.0,1.5,0,0,0,1,1,1.0,Clean,train
PixelPinOpenIDConnect,0,1.0,36,12.0,2.0,0,0,0,1,1,1.0,Clean,train
PocketAuth,0,0.9,43,6.2,1.0,0,0,0,1,1,1.0,Clean,train
PodioOAuth2,0,1.0,33,6.0,1.0,0,0,0,0,0,0.0,Clean,test
PushbulletOAuth2,0,1.0,19,3.5,1.0,0,0,0,1,1,1.0,Clean,train
QiitaOAuth2,0,1.0,86,10.2,1.8,0,0,0,1,1,1.0,Clean,train
QQOAuth2,0,1.0,76,14.75,1.25,0,0,0,2,1,1.0,Clean,train
QuizletOAuth2,0,0.0,14,3.0,1.0,0,0,0,1,1,1.0,Clean,test
RedditOAuth2,0,1.0,48,5.0,1.2,0,0,0,2,2,0.5,Clean,train
RunKeeperOAuth2,0,1.0,42,7.25,2.0,0,0,0,2,2,0.5,Clean,train
SalesforceOAuth2,0,1.0,35,8.5,2.0,0,0,0,1,1,1.0,Clean,train
SalesforceOAuth2Sandbox,0,0.0,7,0.0,0.0,1,0,0,0,0,0.0,Clean,train
SAMLIdentityProvider,0,0.39285714285714285,143,16.0,2.625,0,1,0,0,0,0.0,Clean,train
SAMLAuth,1,0.9523809523809523,406,16.142857142857142,2.619047619047619,0,0,3,23,7,0.5217,God Class,train
SciStarterOAuth2,0,1.0,46,5.0,1.2,0,0,0,1,1,1.0,Clean,test
SeznamOAuth2,0,1.0,34,7.0,1.6666666666666667,0,0,0,1,1,1.0,Clean,train
ShopifyOAuth2,0,0.8,82,11.166666666666666,1.3333333333333333,0,0,0,6,4,0.3333,Clean,train
SimpleLoginOAuth2,0,1.0,31,6.5,1.0,0,0,0,1,1,1.0,Clean,train
SketchfabOAuth2,0,1.0,30,10.0,1.0,0,0,0,1,1,1.0,Clean,train
SkyrockOAuth,0,1.0,29,9.0,1.0,0,0,0,0,0,0.0,Clean,test
SlackOAuth2,0,1.0,48,11.666666666666666,3.6666666666666665,0,0,0,3,3,0.3333,Clean,train
SoundcloudOAuth2,0,1.0,50,11.333333333333334,2.3333333333333335,0,0,0,2,2,0.5,Clean,train
SpotifyOAuth2,0,1.0,35,6.666666666666667,1.0,0,0,0,1,1,1.0,Clean,train
StackoverflowOAuth2,0,1.0,54,14.0,1.0,0,0,0,2,1,1.0,Clean,train
SteamOpenId,0,1.0,41,8.5,1.75,0,0,0,3,3,0.3333,Clean,test
StocktwitsOAuth2,0,1.0,35,6.0,1.0,0,0,0,0,0,0.0,Clean,train
StravaOAuth,0,1.0,44,6.25,1.0,0,0,0,0,0,0.0,Clean,train
StripeOAuth2,0,1.0,53,6.4,1.0,0,0,0,1,1,1.0,Clean,train
SurveyMonkeyOAuth2,0,1.0,25,5.5,1.0,0,0,0,0,0,0.0,Clean,train
OpenSUSEOpenId,0,0.0,10,6.0,1.0,0,0,0,0,0,0.0,Clean,train
TAOBAOAuth,0,1.0,26,8.5,1.5,0,0,0,1,1,1.0,Clean,test
TelegramAuth,0,1.0,57,12.25,2.5,0,0,0,5,4,0.4,Clean,train
TrelloOAuth,0,1.0,40,7.666666666666667,1.3333333333333333,0,0,0,1,1,1.0,Clean,test
TripItOAuth,0,1.0,38,14.0,1.0,0,0,0,2,2,0.5,Clean,train
TumblrOAuth,0,1.0,24,4.666666666666667,1.3333333333333333,0,0,0,0,0,0.0,Clean,train
TwilioAuth,0,0.6944444444444444,70,6.333333333333333,2.0,0,0,0,1,1,1.0,Clean,train
TwitchOpenIdConnect,0,1.0,28,8.0,1.0,0,0,0,0,0,0.0,Clean,train
TwitchOAuth2,0,1.0,35,7.666666666666667,1.3333333333333333,0,0,0,2,2,0.5,Clean,train
TwitterOAuth,0,1.0,34,7.0,1.3333333333333333,0,0,0,1,1,1.0,Clean,train
TwitterOAuth2,0,1.0,94,30.5,1.0,0,0,0,1,1,1.0,Clean,test
UberOAuth2,0,1.0,31,7.333333333333333,1.0,0,0,0,2,2,0.5,Clean,train
UbuntuOpenId,0,0.0,10,6.0,1.0,0,0,0,0,0,0.0,Clean,train
UdataBaseOAuth2,0,1.0,21,6.0,2.0,0,0,0,1,1,1.0,Clean,train
DatagouvfrOAuth2,0,0.0,7,0.0,0.0,1,0,0,0,0,0.0,Clean,train
UffdOAuth2,0,1.0,48,5.2,1.4,0,0,0,1,1,1.0,Clean,train
UniverseOAuth2,0,1.0,32,4.333333333333333,1.0,0,0,0,0,0,0.0,Clean,test
UntappdOAuth2,0,1.0,109,13.5,1.6666666666666667,0,0,0,3,2,0.6667,Clean,train
UpworkOAuth,0,1.0,33,10.5,1.0,0,0,0,4,4,0.25,Clean,test
UsernameAuth,0,0.0,4,0.0,0.0,0,0,0,0,0,0.0,Clean,train
VaultOpenIdConnect,0,0.0,8,0.0,0.0,0,0,0,0,0,0.0,Clean,train
VendOAuth2,0,1.0,75,9.5,3.1666666666666665,0,0,0,7,5,0.4286,Clean,train
VimeoOAuth1,0,1.0,32,7.333333333333333,1.0,0,0,0,2,2,0.5,Clean,train
VimeoOAuth2,0,1.0,45,8.0,1.25,0,0,0,3,3,0.3333,Clean,test
VKontakteOpenAPI,0,0.8,62,10.4,2.2,0,0,1,2,2,0.5,Clean,train
VKOAuth2,0,1.0,80,23.0,3.3333333333333335,0,2,0,3,3,0.3333,Clean,train
VKAppOAuth2,0,0.0,44,39.0,9.0,1,0,1,0,0,0.0,Clean,test
WeiboOAuth2,0,1.0,56,12.666666666666666,2.0,0,0,0,1,1,1.0,Clean,train
WeixinOAuth2,0,0.9333333333333333,91,12.0,2.5,0,1,2,4,4,0.25,Clean,test
WeixinOAuth2APP,0,0.8333333333333334,69,13.25,2.75,1,1,2,3,2,0.6667,Clean,test
WithingsOAuth,0,0.0,10,3.0,1.0,0,0,0,0,0,0.0,Clean,train
WLCGOAuth2,0,1.0,30,8.0,1.0,0,0,0,1,1,1.0,Clean,train
XingOAuth,0,1.0,55,14.333333333333334,1.6666666666666667,0,0,0,2,2,0.5,Clean,train
YahooOAuth2,0,0.9333333333333333,75,9.0,1.0,0,0,0,1,1,1.0,Clean,train
YammerOAuth2,0,1.0,26,9.5,1.0,0,0,0,0,0,0.0,Clean,train
YammerStagingOAuth2,0,0.0,5,0.0,0.0,1,0,0,0,0,0.0,Clean,test
YandexOpenId,0,1.0,17,5.0,2.0,0,0,2,2,2,0.5,Clean,train
YandexOAuth2,0,1.0,29,10.0,3.0,0,1,0,1,1,1.0,Clean,train
YaruOAuth2,0,1.0,27,10.0,3.0,0,1,0,1,1,1.0,Clean,test
ZoomOAuth2,0,1.0,47,5.6,1.0,0,0,0,1,1,1.0,Clean,train
ZoteroOAuth,0,1.0,22,6.5,1.0,0,0,0,2,2,0.5,Clean,train
Row,0,0.2875816993464052,70,2.5555555555555554,1.1111111111111112,0,2,2,0,0,0.0,Clean,train
Dataset,1,0.7752081406105458,750,13.51063829787234,2.978723404255319,0,2,10,19,9,0.2632,God Class,train
Databook,0,0.5833333333333334,73,6.666666666666667,1.7777777777777777,0,1,3,5,3,0.4,Clean,train
TablibException,0,0.0,2,0.0,0.0,0,0,0,0,0,0.0,Clean,train
InvalidDatasetType,0,0.0,2,0.0,0.0,1,0,0,0,0,0.0,Clean,train
InvalidDimensions,0,0.0,2,0.0,0.0,1,0,0,0,0,0.0,Clean,train
InvalidDatasetIndex,0,0.0,2,0.0,0.0,1,0,0,0,0,0.0,Clean,train
HeadersNeeded,0,0.0,2,0.0,0.0,1,0,0,0,0,0.0,Clean,train
UnsupportedFormat,0,0.0,2,0.0,0.0,1,0,0,0,0,0.0,Clean,train
CLIFormat,0,0.0,12,6.0,2.0,0,0,0,2,2,0.5,Clean,train
CSVFormat,0,0.5,54,10.25,3.5,0,0,0,10,5,0.4,Feature Envy,train
DBFFormat,0,1.0,56,15.0,3.0,0,0,0,16,11,0.1875,Clean,train
DataFrameFormat,0,1.0,32,7.666666666666667,2.3333333333333335,0,0,0,5,3,0.6,Clean,train
HTMLFormat,1,1.0,60,16.333333333333332,4.333333333333333,0,0,1,17,13,0.1765,Clean,train
TablibHTMLParser,0,0.0,48,11.0,4.75,0,1,0,0,0,0.0,Clean,train
JIRAFormat,0,1.0,34,6.0,1.75,0,0,0,2,2,0.5,Clean,train
JSONFormat,0,1.0,44,6.2,1.4,0,0,0,8,5,0.25,Feature Envy,train
LATEXFormat,0,1.0,125,13.0,2.3333333333333335,0,0,0,4,2,0.75,Clean,train
ODSFormat,0,1.0,190,21.375,6.375,0,0,0,37,17,0.1351,Long Method,train
ReSTFormat,0,1.0,238,27.125,4.5,0,0,0,13,7,0.3077,Clean,train
SQLFormat,0,1.0,63,12.75,5.25,0,0,0,2,1,1.0,Clean,train
TSVFormat,0,0.0,5,0.0,0.0,0,0,0,0,0,0.0,Clean,train
XLSFormat,0,1.0,155,17.0,4.0,0,0,0,28,11,0.1786,Long Method,train
XLSXFormat,0,1.0,188,21.125,5.125,0,0,0,34,14,0.1471,Long Method,train
YAMLFormat,0,1.0,55,8.4,1.6,0,0,0,8,5,0.25,Feature Envy,train
FormatDescriptorBase,0,0.0,13,5.5,2.0,0,2,0,0,0,0.0,Clean,train
ImportExportBookDescriptor,0,0.0,8,3.0,1.0,1,1,1,0,0,0.0,Clean,train
ImportExportSetDescriptor,0,0.0,8,3.0,1.0,1,1,1,0,0,0.0,Clean,test
Registry,2,0.5,64,14.5,4.25,0,0,2,2,1,1.0,Clean,test
Dbf,0,0.6410256410256411,183,9.384615384615385,1.6153846153846154,0,0,0,4,3,0.5,Clean,train
_FieldDefinition,0,0.6666666666666666,55,7.666666666666667,1.6666666666666667,0,1,0,1,1,1.0,Clean,train
dbf_new,0,0.0,57,11.333333333333334,1.3333333333333333,0,0,1,4,3,0.5,Clean,train
DbfFieldDef,0,0.8974358974358975,154,8.307692307692308,1.5384615384615385,0,0,8,2,1,1.0,God Class,train
DbfCharacterFieldDef,0,1.0,17,5.0,1.0,1,1,0,1,1,1.0,Clean,test
DbfNumericFieldDef,0,1.0,42,15.5,3.0,1,1,0,2,2,0.5,Clean,train
DbfFloatFieldDef,0,0.0,4,0.0,0.0,2,0,0,0,0,0.0,Clean,train
DbfIntegerFieldDef,0,1.0,14,3.0,1.0,1,1,0,0,0,0.0,Clean,train
DbfCurrencyFieldDef,0,1.0,14,3.0,1.0,1,1,0,0,0,0.0,Clean,train
DbfLogicalFieldDef,0,1.0,31,11.5,3.5,1,1,0,0,0,0.0,Clean,train
DbfMemoFieldDef,0,1.0,24,6.0,1.0,1,1,0,0,0,0.0,Clean,train
DbfDateFieldDef,0,1.0,29,10.0,2.0,1,1,0,2,2,0.5,Clean,train
DbfDateTimeFieldDef,0,0.0,37,11.5,2.0,1,1,0,5,2,0.8,Clean,train
DbfHeader,0,0.5272727272727272,239,16.09090909090909,2.0,0,0,0,13,6,0.2308,Clean,test
DbfRecord,0,0.5274725274725275,238,12.357142857142858,1.8571428571428572,0,0,0,6,4,0.3333,Clean,train
classproperty,0,0.0,5,2.0,1.0,0,0,0,0,0,0.0,Clean,train
_InvalidValue,0,1.0,35,2.0,1.0,0,0,0,0,0,0.0,Clean,train
sleep_using_event,0,0.0,10,3.0,1.0,0,0,0,0,0,0.0,Clean,train
retry_base,2,0.9,34,5.2,2.2,0,0,4,1,1,1.0,Clean,train
_retry_never,0,0.0,6,2.0,1.0,1,0,0,0,0,0.0,Clean,train
_retry_always,0,0.0,6,2.0,1.0,1,0,0,0,0,0.0,Clean,train
retry_if_exception,0,1.0,17,6.0,2.5,1,4,0,1,1,1.0,Clean,train
retry_if_exception_type,0,0.0,13,4.5,1.0,2,4,9,0,0,0.0,Clean,test
retry_if_not_exception_type,0,0.0,13,4.5,1.0,2,4,9,0,0,0.0,Clean,train
retry_unless_exception_type,0,0.6666666666666666,27,7.0,2.0,2,4,9,1,1,1.0,Clean,test
retry_if_exception_cause_type,0,0.0,32,11.5,3.5,1,4,0,1,1,1.0,Clean,train
retry_if_result,0,1.0,14,4.5,2.0,1,4,0,1,1,1.0,Clean,train
retry_if_not_result,0,1.0,14,4.5,2.0,1,4,0,1,1,1.0,Clean,train
retry_if_exception_message,0,0.0,29,12.5,4.0,2,4,9,0,0,0.0,Clean,train
retry_if_not_exception_message,0,1.0,19,6.5,2.5,3,0,4,1,1,1.0,Clean,train
retry_any,0,0.0,15,2.6666666666666665,1.3333333333333333,1,5,0,1,1,1.0,Clean,train
retry_all,0,0.0,15,2.6666666666666665,1.3333333333333333,1,5,0,1,1,1.0,Clean,train
stop_base,2,1.0,12,2.0,1.0,0,0,2,0,0,0.0,Clean,train
stop_any,0,0.0,9,2.0,1.0,1,1,0,0,0,0.0,Clean,train
stop_all,0,0.0,9,2.0,1.0,1,1,0,0,0,0.0,Clean,train
_stop_never,0,0.0,6,2.0,1.0,1,0,0,0,0,0.0,Clean,train
stop_when_event_set,0,0.0,9,2.0,1.0,1,0,0,0,0,0.0,Clean,train
stop_after_attempt,0,0.0,9,2.0,1.0,1,0,0,1,1,1.0,Clean,test
stop_after_delay,0,0.0,18,3.0,1.5,1,0,0,3,2,0.6667,Clean,test
stop_before_delay,0,0.0,19,4.5,1.5,1,0,0,4,2,0.5,Clean,train
TornadoRetrying,0,1.0,36,15.0,3.0,0,0,0,6,2,0.5,Feature Envy,train
wait_base,1,1.0,26,5.333333333333333,1.6666666666666667,0,1,1,0,0,0.0,Clean,train
wait_fixed,0,0.0,9,2.0,1.0,1,2,0,2,1,1.0,Clean,train
wait_none,0,0.0,5,2.0,1.0,2,0,8,0,0,0.0,Clean,train
wait_random,0,0.0,14,4.5,1.0,1,2,0,2,1,1.0,Clean,train
wait_combine,0,0.0,13,4.0,1.0,1,3,0,0,0,0.0,Clean,test
wait_chain,0,0.0,26,4.0,1.5,1,2,0,1,1,1.0,Clean,train
wait_exception,0,1.0,38,5.0,2.0,1,2,0,1,1,1.0,Clean,train
wait_incrementing,0,0.0,21,6.0,1.0,1,2,0,4,2,0.75,Clean,test
wait_exponential,0,0.0,44,14.5,4.0,1,2,0,4,2,0.75,Clean,train
wait_random_exponential,0,0.0,30,3.0,1.0,2,0,9,0,0,0.0,Clean,train
wait_exponential_jitter,0,0.0,49,17.5,3.0,1,2,0,4,2,0.75,Clean,train
LoggerProtocol,0,0.0,8,1.0,1.0,0,0,0,0,0,0.0,Clean,train
IterState,0,0.0,13,5.0,1.0,0,1,0,0,0,0.0,Clean,train
TryAgain,0,0.0,2,0.0,0.0,0,0,0,0,0,0.0,Clean,train
DoAttempt,0,0.0,2,0.0,0.0,0,1,0,0,0,0.0,Clean,test
DoSleep,0,0.0,2,0.0,0.0,0,1,0,0,0,0.0,Clean,train
BaseAction,0,1.0,22,3.5,1.0,0,0,0,0,0,0.0,Clean,train
RetryAction,0,0.0,6,2.0,1.0,1,3,0,0,0,0.0,Clean,train
RetryError,0,0.0,23,5.666666666666667,2.3333333333333335,0,2,5,1,1,1.0,Clean,train
AttemptManager,0,0.9,32,5.0,1.4,0,3,2,0,0,0.0,Clean,test
BaseRetrying,6,0.7105263157894737,280,12.7,2.15,0,3,9,16,7,0.25,God Class,train
Retrying,1,0.0,30,26.0,6.0,1,0,6,3,1,1.0,Clean,train
Future,0,1.0,23,5.333333333333333,1.3333333333333333,0,2,7,2,1,1.0,Clean,train
RetryCallState,1,0.2857142857142857,87,10.857142857142858,1.5714285714285714,0,5,1,3,2,0.6667,Clean,train
_RetryDecorated,0,1.0,33,1.6666666666666667,1.0,0,0,0,2,1,1.0,Clean,test
_AsyncRetryDecorator,0,1.0,17,3.0,1.0,0,0,0,0,0,0.0,Clean,train
async_retry_base,2,1.0,31,3.6,1.0,0,0,2,0,0,0.0,Clean,train
retry_if_exception,0,1.0,19,7.0,2.5,1,0,0,1,1,1.0,Clean,train
retry_if_result,0,1.0,16,5.5,2.0,1,0,0,1,1,1.0,Clean,train
retry_any,0,0.0,22,5.0,2.3333333333333335,1,1,0,2,2,0.5,Clean,test
retry_all,0,0.0,22,5.0,2.3333333333333335,1,1,0,2,2,0.5,Clean,train
AsyncRetrying,0,0.7818181818181819,170,13.727272727272727,2.727272727272727,0,0,0,15,7,0.3333,God Class,train
Comparison,0,0.9166666666666666,59,5.0,1.2222222222222223,0,0,0,1,1,1.0,Clean,train
wrapper,0,0.0,10,4.0,1.5,0,0,0,0,0,0.0,Clean,train
TqdmUpTo,0,0.0,21,12.0,2.0,0,0,0,0,0,0.0,Clean,train
tqdm_asyncio,0,0.9333333333333333,73,10.333333333333334,2.8333333333333335,0,0,0,0,0,0.0,Clean,train
tqdm,0,0.0,2,0.0,0.0,0,0,0,0,0,0.0,Clean,train
stdout,0,0.0,4,2.0,1.0,0,0,0,0,0,0.0,Clean,train
stdout,0,0.0,6,4.0,1.0,0,0,0,1,1,1.0,Clean,train
TqdmCallback,0,0.7,34,5.6,1.4,0,0,0,0,0,0.0,Clean,test
tqdm_gui,0,0.5,146,35.0,5.25,0,0,0,25,8,0.48,Clean,train
TqdmCallback,0,0.7222222222222222,107,10.333333333333334,3.2222222222222223,0,0,0,6,3,0.5,Clean,train
TqdmHBox,0,1.0,19,5.0,2.0,0,1,0,3,2,0.6667,Clean,train
tqdm_notebook,1,0.7111111111111111,216,21.444444444444443,5.888888888888889,0,0,1,12,7,0.3333,Long Method,train
FractionColumn,0,0.0,26,11.5,3.5,0,2,2,3,2,0.6667,Clean,train
RateColumn,0,0.0,24,10.5,2.5,0,2,2,2,2,0.5,Clean,train
tqdm_rich,2,0.4,70,12.6,2.2,0,2,4,4,2,0.75,Clean,train
TqdmTypeError,0,0.0,2,0.0,0.0,0,0,0,0,0,0.0,Clean,test
TqdmKeyError,0,0.0,2,0.0,0.0,0,1,0,0,0,0.0,Clean,train
TqdmWarning,0,0.0,10,5.0,2.0,0,0,4,0,0,0.0,Clean,train
TqdmExperimentalWarning,0,0.0,2,0.0,0.0,1,0,0,0,0,0.0,Clean,train
TqdmDeprecationWarning,0,0.0,2,0.0,0.0,1,1,0,0,0,0.0,Clean,train
TqdmMonitorWarning,0,0.0,2,0.0,0.0,1,0,0,0,0,0.0,Clean,train
TqdmDefaultWriteLock,0,0.8571428571428571,53,4.428571428571429,1.8571428571428572,0,2,0,7,3,0.4286,Clean,train
Bar,0,0.6666666666666666,80,17.0,5.0,0,2,0,2,2,0.5,Data Class,train
EMA,0,0.0,29,8.0,2.0,0,2,0,0,0,0.0,Clean,train
tqdm,5,0.865047233468286,1287,28.307692307692307,6.794871794871795,0,1,7,52,24,0.1538,God Class,train
tqdm_tk,0,0.7777777777777778,165,16.11111111111111,3.6666666666666665,0,0,0,8,5,0.375,Long Method,train
FormatReplace,0,0.0,13,3.0,1.0,0,3,0,0,0,0.0,Clean,train
Comparable,0,0.9333333333333333,19,2.0,1.1666666666666667,0,0,0,1,1,1.0,Clean,train
ObjectWrapper,0,0.9,23,3.6,1.2,0,3,0,0,0,0.0,Clean,train
SimpleTextIOWrapper,0,0.6666666666666666,18,3.3333333333333335,1.0,1,2,6,1,1,1.0,Clean,test
DisableOnWriteError,0,1.0,41,11.333333333333334,3.6666666666666665,1,2,5,3,2,0.6667,Clean,test
CallbackIOWrapper,0,0.0,24,23.0,3.0,1,2,5,0,0,0.0,Clean,train
TqdmSynchronisationWarning,0,0.0,5,0.0,0.0,0,0,0,0,0,0.0,Clean,train
TMonitor,0,0.2,89,11.5,2.3333333333333335,0,0,0,4,1,1.0,Clean,train
_InterpreterLock,0,0.7,54,9.0,2.6,0,0,0,0,0,0.0,Clean,train
DiscordIO,0,0.0,68,14.75,3.0,0,1,1,4,2,0.75,Clean,test
tqdm_discord,1,0.0,50,8.0,2.75,0,1,4,3,2,0.6667,Clean,train
_TqdmLoggingHandler,0,0.0,17,7.5,2.0,0,0,0,0,0,0.0,Clean,train
SlackIO,0,0.0,31,14.0,3.5,0,1,1,1,1,1.0,Clean,train
tqdm_slack,1,0.0,51,12.0,2.6666666666666665,0,1,3,3,2,0.6667,Clean,train
TelegramIO,0,0.0,65,14.25,3.0,0,1,1,4,2,0.75,Clean,train
tqdm_telegram,1,0.0,52,8.0,2.75,0,1,4,3,2,0.6667,Clean,train
MonoWorker,0,0.0,26,10.0,3.0,0,0,0,8,4,0.625,Clean,test
DummyTqdmFile,0,0.0,25,6.666666666666667,2.3333333333333335,0,0,0,3,3,0.3333,Clean,train
_IanaTLD,0,1.0,25,7.0,3.0,0,0,0,2,2,0.5,Clean,train
ValidationError,0,0.8333333333333334,24,4.5,1.25,0,0,0,0,0,0.0,Clean,train
AbsMax,0,0.0,18,3.0,1.0,0,0,0,0,0,0.0,Clean,train
AbsMin,0,0.0,18,3.0,1.0,0,0,0,0,0,0.0,Clean,train
Person,0,0.0,4,0.0,0.0,0,0,0,0,0,0.0,Clean,train
User,0,0.0,5,0.0,0.0,0,0,0,0,0,0.0,Clean,test
Address,0,0.0,5,0.0,0.0,0,0,0,0,0,0.0,Clean,train
Person,0,0.0,4,0.0,0.0,0,0,0,0,0,0.0,Clean,train
Project,0,0.0,5,0.0,0.0,0,0,0,0,0,0.0,Clean,train
Product,0,0.0,6,0.0,0.0,0,0,0,0,0,0.0,Clean,train
DataclassExample,0,0.0,3,0.0,0.0,0,0,0,0,0,0.0,Clean,train
RegularClass,0,0.0,4,3.0,1.0,0,0,0,0,0,0.0,Clean,train
APIConfig,0,0.0,7,0.0,0.0,0,0,0,0,0,0.0,Data Class,train
DataclassSchema,0,0.0,50,32.0,4.0,0,0,0,2,1,1.0,Clean,train
Error,0,0.0,2,0.0,0.0,0,0,0,0,0,0.0,Clean,train
SchemaError,0,0.0,2,0.0,0.0,1,0,0,0,0,0.0,Clean,train
Invalid,0,0.7142857142857143,46,3.857142857142857,1.5714285714285714,1,1,2,0,0,0.0,Clean,test
MultipleInvalid,0,0.0,28,2.125,1.25,2,1,1,1,1,1.0,Clean,train
RequiredFieldInvalid,0,0.0,2,0.0,0.0,2,0,0,0,0,0.0,Clean,test
ObjectInvalid,0,0.0,2,0.0,0.0,2,0,0,0,0,0.0,Clean,train
DictInvalid,0,0.0,2,0.0,0.0,2,0,0,0,0,0.0,Clean,train
ExclusiveInvalid,0,0.0,2,0.0,0.0,2,0,0,0,0,0.0,Clean,train
InclusiveInvalid,0,0.0,2,0.0,0.0,2,0,0,0,0,0.0,Clean,train
SequenceTypeInvalid,0,0.0,2,0.0,0.0,2,0,0,0,0,0.0,Clean,test
TypeInvalid,0,0.0,2,0.0,0.0,2,0,0,0,0,0.0,Clean,train
ValueInvalid,0,0.0,2,0.0,0.0,2,0,0,0,0,0.0,Clean,test
ContainsInvalid,0,0.0,2,0.0,0.0,2,0,0,0,0,0.0,Clean,train
ScalarInvalid,0,0.0,2,0.0,0.0,2,0,0,0,0,0.0,Clean,train
CoerceInvalid,0,0.0,2,0.0,0.0,2,0,0,0,0,0.0,Clean,train
AnyInvalid,0,0.0,2,0.0,0.0,2,0,0,0,0,0.0,Clean,train
AllInvalid,0,0.0,2,0.0,0.0,2,0,0,0,0,0.0,Clean,train
MatchInvalid,0,0.0,2,0.0,0.0,2,0,0,0,0,0.0,Clean,test
RangeInvalid,0,0.0,2,0.0,0.0,2,0,0,0,0,0.0,Clean,train
TrueInvalid,0,0.0,2,0.0,0.0,2,0,0,0,0,0.0,Clean,train
FalseInvalid,0,0.0,2,0.0,0.0,2,0,0,0,0,0.0,Clean,train
BooleanInvalid,0,0.0,2,0.0,0.0,2,0,0,0,0,0.0,Clean,test
UrlInvalid,0,0.0,2,0.0,0.0,2,0,0,0,0,0.0,Clean,test
EmailInvalid,0,0.0,2,0.0,0.0,2,0,0,0,0,0.0,Clean,train
FileInvalid,0,0.0,2,0.0,0.0,2,0,0,0,0,0.0,Clean,test
DirInvalid,0,0.0,2,0.0,0.0,2,0,0,0,0,0.0,Clean,train
PathInvalid,0,0.0,2,0.0,0.0,2,0,0,0,0,0.0,Clean,train
LiteralInvalid,0,0.0,2,0.0,0.0,2,0,0,0,0,0.0,Clean,train
LengthInvalid,0,0.0,2,0.0,0.0,2,0,0,0,0,0.0,Clean,train
DatetimeInvalid,0,0.0,2,0.0,0.0,2,0,0,0,0,0.0,Clean,test
DateInvalid,0,0.0,2,0.0,0.0,2,0,0,0,0,0.0,Clean,train
InInvalid,0,0.0,2,0.0,0.0,2,0,0,0,0,0.0,Clean,train
NotInInvalid,0,0.0,2,0.0,0.0,2,0,0,0,0,0.0,Clean,train
ExactSequenceInvalid,0,0.0,2,0.0,0.0,2,0,0,0,0,0.0,Clean,test
NotEnoughValid,0,0.0,4,0.0,0.0,2,0,0,0,0,0.0,Clean,train
TooManyValid,0,0.0,4,0.0,0.0,2,0,0,0,0,0.0,Clean,train
Undefined,0,1.0,6,2.0,1.0,0,0,0,0,0,0.0,Clean,train
Schema,3,0.9044117647058824,717,39.411764705882355,7.647058823529412,0,9,3,40,17,0.25,God Class,train
Msg,1,0.0,55,8.0,2.6666666666666665,0,6,1,3,2,0.6667,Clean,train
Object,0,0.0,6,3.0,1.0,0,5,8,0,0,0.0,Clean,test
VirtualPathComponent,0,1.0,6,2.0,1.0,0,1,2,0,0,0.0,Clean,test
Marker,1,0.23809523809523808,45,4.285714285714286,1.5714285714285714,0,7,1,3,3,0.3333,Clean,train
Optional,0,0.0,32,9.0,1.0,1,6,8,0,0,0.0,Clean,train
Exclusive,0,0.0,45,9.0,1.0,2,5,8,0,0,0.0,Clean,train
Inclusive,0,0.0,54,12.0,1.0,2,5,8,0,0,0.0,Clean,test
Required,0,1.0,60,10.666666666666666,1.6666666666666667,1,6,8,1,1,1.0,Data Class,train
Remove,0,1.0,30,4.333333333333333,1.0,1,5,11,0,0,0.0,Clean,train
DefaultTo,0,1.0,22,3.0,1.3333333333333333,0,0,0,0,0,0.0,Clean,train
SetTo,0,1.0,18,2.0,1.0,0,0,0,0,0,0.0,Clean,test
Set,0,0.6666666666666666,24,3.3333333333333335,1.6666666666666667,0,0,0,0,0,0.0,Clean,test
Literal,0,0.0,15,2.75,1.5,0,0,0,0,0,0.0,Clean,train
Coerce,0,0.0,41,6.0,2.6666666666666665,0,1,0,1,1,1.0,Clean,train
_WithSubValidators,0,0.3333333333333333,52,6.5,1.3333333333333333,0,1,4,2,1,1.0,Clean,test
Any,0,0.0,40,15.0,9.0,1,1,0,2,2,0.5,Clean,train
Union,0,0.0,36,15.0,9.0,1,1,0,2,2,0.5,Clean,train
All,0,0.0,23,10.0,5.0,1,1,0,0,0,0.0,Clean,train
Match,0,0.0,41,6.666666666666667,2.3333333333333335,0,1,0,0,0,0.0,Clean,train
Replace,0,0.0,30,6.333333333333333,1.3333333333333333,0,1,0,0,0,0.0,Clean,train
Range,0,0.0,74,17.0,6.333333333333333,0,1,0,0,0,0.0,Clean,test
Clamp,0,0.0,40,8.0,3.0,0,1,0,0,0,0.0,Clean,train
Length,0,0.0,31,8.666666666666666,3.6666666666666665,0,1,0,0,0,0.0,Clean,train
Datetime,0,0.0,22,5.0,2.0,0,1,0,0,0,0.0,Clean,train
Date,0,0.0,16,5.0,2.0,1,0,0,0,0,0.0,Clean,test
In,0,0.0,30,8.333333333333334,2.6666666666666665,0,1,0,0,0,0.0,Clean,train
NotIn,0,0.0,28,7.666666666666667,2.6666666666666665,0,1,0,0,0,0.0,Clean,train
Contains,0,0.0,25,4.333333333333333,2.0,0,1,0,0,0,0.0,Clean,train
ExactSequence,0,0.3333333333333333,37,6.333333333333333,2.3333333333333335,0,1,0,0,0,0.0,Clean,train
Unique,0,0.6666666666666666,42,4.666666666666667,2.6666666666666665,0,1,0,0,0,0.0,Clean,train
Equal,0,0.0,30,4.0,1.6666666666666667,0,1,0,0,0,0.0,Clean,train
Unordered,0,0.3333333333333333,79,20.666666666666668,5.333333333333333,0,1,0,0,0,0.0,Long Method,test
Number,0,0.0,82,16.0,5.0,0,1,0,1,1,1.0,Long Method,train
SomeOf,0,0.0,70,14.666666666666666,4.0,1,1,16,0,0,0.0,Data Class,test
ContextWrapper,0,0.6,47,5.166666666666667,2.0,0,2,0,0,0,0.0,Clean,test
BundleConfig,0,0.0,7,3.0,1.0,0,1,2,0,0,0.0,Clean,train
Bundle,1,0.8275862068965517,742,22.566666666666666,4.433333333333334,0,1,3,29,13,0.2759,God Class,test
BaseCache,0,1.0,21,3.0,1.0,0,1,0,0,0,0.0,Clean,train
MemoryCache,0,0.5,42,7.0,2.0,1,0,2,0,0,0.0,Clean,train
FilesystemCache,0,0.0,55,11.5,3.0,1,1,0,6,4,0.5,Clean,train
RegisterError,0,0.0,2,0.0,0.0,0,1,0,0,0,0.0,Clean,test
ConfigStorage,0,1.0,59,3.0,1.3,0,3,3,0,0,0.0,Clean,train
Resolver,0,1.0,206,18.3,2.6,0,0,0,12,4,0.5,Feature Envy,train
BundleRegistry,1,0.6,135,12.3,2.7,0,4,1,17,5,0.5882,Long Method,train
ConfigurationContext,0,0.07142857142857142,299,2.892857142857143,1.25,0,3,0,1,1,1.0,Clean,test
BaseEnvironment,0,0.0,40,15.0,1.0,1,2,7,0,0,0.0,Clean,train
DictConfigStorage,0,0.0,20,3.4,1.4,1,3,13,1,1,1.0,Clean,train
Environment,0,0.0,13,6.0,3.0,2,2,5,0,0,0.0,Clean,test
EnvironmentError,0,0.0,2,0.0,0.0,0,0,0,0,0,0.0,Clean,test
BundleError,0,0.0,2,0.0,0.0,0,0,0,0,0,0.0,Clean,train
BuildError,0,0.0,2,0.0,0.0,1,0,0,0,0,0.0,Clean,train
FilterError,0,0.0,2,0.0,0.0,2,0,0,0,0,0.0,Clean,test
ImminentDeprecationWarning,0,0.0,12,0.0,0.0,0,0,0,0,0,0.0,Clean,train
LoaderError,0,0.0,3,0.0,0.0,0,2,0,0,0,0.0,Clean,test
YAMLLoader,1,0.8571428571428571,217,25.5,4.25,0,0,1,12,7,0.25,Long Method,train
PythonLoader,1,0.0,46,12.333333333333334,3.0,0,0,1,1,1,1.0,Clean,train
GlobLoader,0,1.0,24,9.0,2.0,0,0,0,2,1,1.0,Clean,train
BaseHunk,0,1.0,22,2.8,1.2,0,2,3,1,1,1.0,Clean,train
FileHunk,0,0.5,19,3.0,1.0,1,4,0,2,1,1.0,Clean,train
UrlHunk,0,0.0,51,14.0,4.666666666666667,1,4,0,5,4,0.4,Long Method,train
MemoryHunk,0,0.9,32,4.4,1.4,1,3,3,2,1,1.0,Clean,train
MoreThanOneFilterError,0,0.0,5,3.0,1.0,0,1,4,0,0,0.0,Clean,test
NoFilters,0,0.0,2,0.0,0.0,0,1,0,0,0,0.0,Clean,train
FilterTool,3,0.3333333333333333,132,29.25,5.0,0,1,7,6,6,0.1667,Clean,test
CommandError,0,0.0,2,0.0,0.0,0,3,0,0,0,0.0,Clean,train
Command,0,0.6666666666666666,16,2.3333333333333335,1.0,0,1,0,0,0,0.0,Clean,train
BuildCommand,1,0.0,150,148.0,29.0,1,0,1,7,2,0.7143,Feature Envy,test
WatchCommand,0,0.0,89,28.333333333333332,6.333333333333333,1,0,0,7,3,0.4286,Clean,test
CleanCommand,0,0.0,15,13.0,5.0,1,0,0,2,1,1.0,Clean,train
CheckCommand,0,0.0,21,19.0,5.0,1,0,0,2,2,0.5,Clean,train
CommandLineEnvironment,1,0.0,52,11.666666666666666,3.3333333333333335,0,2,1,2,1,1.0,Clean,train
GenericArgparseImplementation,2,0.8444444444444444,177,13.4,2.8,0,1,3,18,11,0.2778,Clean,test
WatchCommand,0,0.0,20,5.0,2.0,0,0,3,0,0,0.0,Clean,train
_LazyDescr,0,0.0,11,4.0,1.0,0,2,2,0,0,0.0,Clean,train
MovedModule,0,0.0,13,5.0,2.0,1,2,2,0,0,0.0,Clean,train
MovedAttribute,0,0.0,23,10.0,3.5,1,2,2,0,0,0.0,Clean,train
_MovedItems,0,0.0,2,0.0,0.0,0,0,0,0,0,0.0,Clean,train
Iterator,0,0.0,4,2.0,1.0,0,0,0,0,0,0.0,Clean,train
X,0,0.0,3,2.0,1.0,0,0,0,0,0,0.0,Clean,test
TempDirHelper,0,0.9230769230769231,107,6.615384615384615,1.5384615384615385,0,1,1,8,3,0.375,Clean,test
TempEnvironmentHelper,0,0.6666666666666666,24,4.666666666666667,1.0,1,1,1,1,1,1.0,Clean,train
BaseUpdater,0,1.0,20,4.0,1.0,0,1,0,0,0,0.0,Clean,train
BundleDefUpdater,0,1.0,35,9.333333333333334,2.0,1,1,0,2,2,0.5,Clean,train
TimestampUpdater,0,1.0,71,21.666666666666668,5.0,2,0,5,7,3,0.5714,Feature Envy,test
AlwaysUpdater,0,0.0,6,2.0,1.0,1,1,0,0,0,0.0,Clean,test
Metaclass,0,0.0,22,11.0,5.0,0,0,0,1,1,1.0,Clean,train
VersionIndeterminableError,0,0.0,2,0.0,0.0,0,2,0,0,0,0.0,Clean,train
Version,0,1.0,48,14.5,1.0,0,0,0,0,0,0.0,Clean,test
TimestampVersion,1,1.0,54,10.0,2.75,1,0,1,2,1,1.0,Clean,train
HashVersion,1,0.6666666666666666,35,6.333333333333333,2.0,1,1,1,5,3,0.4,Clean,train
Manifest,0,1.0,39,2.0,1.0,0,0,0,0,0,0.0,Clean,train
FileManifest,0,0.4666666666666667,43,3.8333333333333335,1.5,1,1,2,3,2,0.6667,Clean,test
JsonManifest,0,0.0,23,5.333333333333333,1.6666666666666667,2,1,3,0,0,0.0,Clean,train
CacheManifest,0,1.0,26,3.6666666666666665,1.3333333333333333,1,0,0,2,2,0.5,Clean,train
SymlinkManifest,0,0.0,12,2.0,1.0,1,1,0,0,0,0.0,Clean,test
AssetsExtension,0,1.0,183,41.25,4.75,0,1,1,16,7,0.3125,Long Method,train
Jinja2Loader,0,0.3333333333333333,53,14.333333333333334,4.333333333333333,0,1,2,12,10,0.1667,Clean,test
AutoprefixerFilter,0,0.0,51,11.0,5.0,0,0,0,0,0,0.0,Clean,train
Autoprefixer6Filter,0,0.0,26,13.0,5.0,1,0,0,0,0,0.0,Clean,train
Babel,0,1.0,73,7.0,3.5,0,0,0,0,0,0.0,Clean,train
CleanCSS,0,0.0,41,6.666666666666667,3.3333333333333335,0,0,0,1,1,1.0,Clean,train
CleverCSS,0,0.0,17,2.5,1.0,0,0,0,2,2,0.5,Clean,test
ClosureJS,0,1.0,36,8.666666666666666,2.3333333333333335,0,0,0,0,0,0.0,Clean,test
ClosureStylesheetsBase,0,1.0,21,9.0,2.0,0,0,0,0,0,0.0,Clean,test
ClosureStylesheetsCompiler,0,0.0,3,0.0,0.0,1,0,0,0,0,0.0,Clean,train
ClosureStylesheetsMinifier,0,0.0,3,0.0,0.0,1,0,0,0,0,0.0,Clean,train
ClosureTemplateFilter,0,0.6666666666666666,61,13.0,2.25,0,0,0,4,3,0.5,Clean,train
CoffeeScript,0,0.0,51,28.0,9.0,0,0,0,6,5,0.3333,Clean,train
CompassConfig,0,0.0,20,17.0,6.0,0,1,0,0,0,0.0,Clean,test
Compass,1,0.0,190,141.0,8.0,0,0,2,21,8,0.2857,Long Method,test
CSSMin,0,0.0,19,4.5,1.5,0,0,0,2,2,0.5,Clean,train
CSSPrefixer,0,0.0,18,4.5,1.5,0,0,0,3,3,0.3333,Clean,train
CSSUtils,0,0.0,24,6.5,1.0,0,0,0,3,3,0.3333,Clean,train
CSSDataUri,0,0.0,60,37.0,8.0,0,0,0,7,5,0.4286,Feature Envy,train
DustJS,0,0.0,46,9.0,3.0,0,0,0,0,0,0.0,Clean,train
Handlebars,0,0.0,64,29.0,7.0,0,0,0,5,4,0.4,Clean,train
Jade,0,0.0,119,18.0,3.0,0,0,0,6,5,0.3333,Clean,train
Jinja2,0,0.0,35,5.5,2.5,0,0,0,2,2,0.5,Clean,test
JSMin,0,0.0,35,5.5,1.5,0,0,0,3,3,0.3333,Clean,test
JSTemplateFilter,0,1.0,33,6.25,1.5,0,1,1,0,0,0.0,Clean,train
JST,0,0.6666666666666666,129,10.333333333333334,4.0,1,1,1,3,3,0.3333,Clean,train
Less,0,0.9,137,8.0,2.8,0,0,0,4,3,0.5,Clean,train
Less,0,0.0,73,38.0,6.0,0,0,0,5,3,0.4,Clean,train
LibSass,0,0.3333333333333333,87,9.25,2.5,0,0,0,2,2,0.5,Clean,test
NodeSass,0,0.0,82,43.0,13.0,0,0,0,5,4,0.4,Long Method,train
NodeSCSS,0,0.0,10,4.0,1.0,1,0,0,0,0,0.0,Clean,train
PostCSS,0,0.0,52,7.0,3.0,0,0,0,0,0,0.0,Clean,train
PyScss,0,0.0,147,37.0,6.0,0,0,0,2,2,0.5,Clean,train
RCSSMin,0,0.0,29,5.5,2.0,0,0,0,2,2,0.5,Clean,train
ReplaceFilter,0,0.4,42,4.2,1.4,0,0,0,2,2,0.5,Clean,train
RequireJSFilter,0,0.0,160,28.0,7.0,0,0,0,8,5,0.5,Clean,train
Sass,0,0.8333333333333334,145,9.0,3.25,0,0,0,2,2,0.5,Clean,train
SCSS,0,0.0,10,4.0,1.0,1,0,0,0,0,0.0,Clean,test
RubySass,0,0.6666666666666666,203,13.75,6.0,0,0,0,2,2,0.5,Long Method,test
RubySCSS,0,0.0,10,4.0,1.0,1,0,0,0,0,0.0,Clean,train
Slimit,0,0.0,24,5.0,1.5,0,0,0,2,2,0.5,Clean,test
Slimmer,0,0.0,6,4.0,1.0,0,0,0,0,0,0.0,Clean,train
CSSSlimmer,0,0.0,9,2.0,1.0,1,0,0,2,2,0.5,Clean,train
Spritemapper,1,0.0,83,27.5,3.5,0,0,1,8,7,0.25,Clean,train
FakeCSSFile,0,0.0,14,2.5,1.0,0,1,0,1,1,1.0,Clean,train
Stylus,0,0.0,45,11.0,7.0,0,0,0,0,0,0.0,Clean,train
TypeScript,0,0.0,47,29.0,4.0,0,0,0,6,4,0.3333,Feature Envy,test
UglifyJS,0,0.0,26,6.0,3.0,0,0,0,0,0,0.0,Clean,train
YUIBase,0,1.0,19,8.0,1.5,0,0,0,0,0,0.0,Clean,train
YUIJS,0,0.0,3,0.0,0.0,1,0,0,0,0,0.0,Clean,train
YUICSS,0,0.0,3,0.0,0.0,1,0,0,0,0,0.0,Clean,train
option,0,0.0,12,6.0,2.0,0,1,1,0,0,0.0,Clean,test
Filter,0,0.9393939393939394,220,13.75,2.5833333333333335,0,3,1,3,2,0.6667,God Class,train
CallableFilter,0,0.6666666666666666,23,5.333333333333333,1.0,1,1,1,0,0,0.0,Clean,train
ExternalToolMetaclass,0,0.0,48,47.0,10.0,0,1,1,2,2,0.5,Clean,test
ExternalTool,1,1.0,169,22.833333333333332,3.6666666666666665,0,1,3,19,13,0.1053,Long Method,train
JavaTool,0,0.0,26,6.5,1.5,1,1,3,0,0,0.0,Clean,train
tempfile_on_demand,0,1.0,10,3.5,1.5,0,1,0,0,0,0.0,Clean,train
PatternRewriter,0,0.0,18,10.0,3.0,0,1,0,3,3,0.3333,Clean,train
CSSUrlRewriter,0,1.0,47,12.0,2.0,1,0,1,1,1,1.0,Clean,test
CSSRewrite,0,0.4,92,10.6,3.2,0,0,0,6,4,0.3333,Clean,train
Pattern,0,0.0,8,3.0,1.0,0,1,0,0,0,0.0,Clean,train
Patterns,0,0.0,3,2.0,1.0,0,1,0,0,0,0.0,Clean,train
ParseMaster,2,0.7111111111111111,117,8.9,2.4,0,1,2,12,5,0.5,Clean,train
JavaScriptPacker,1,0.9743589743589743,329,24.23076923076923,3.923076923076923,0,0,3,10,8,0.3,God Class,test
JSPacker,0,0.0,17,5.0,1.0,0,0,0,2,2,0.5,Clean,train
RJSMin,0,0.0,22,3.0,2.0,0,0,0,2,2,0.5,Clean,train
Class,0,1.0,64,2.0,1.0,0,0,0,0,0,0.0,Clean,train
CallTracker1,0,0.0,10,3.5,1.0,0,2,0,0,0,0.0,Clean,train
CallTracker2,0,0.0,11,3.5,1.0,0,3,0,0,0,0.0,Clean,train
CallTracker3,0,0.6666666666666666,18,4.0,1.3333333333333333,0,3,0,0,0,0.0,Clean,train
CallTracker4,0,0.5,27,4.5,1.5,0,3,0,1,1,1.0,Clean,train
_TrackerBoundWrapper,0,0.0,13,3.0,1.0,0,1,4,0,0,0.0,Clean,train
_TrackerWrapper,0,0.0,19,3.0,1.0,0,1,8,0,0,0.0,Clean,train
MyClass1,0,1.0,14,2.0,1.0,0,0,0,0,0,0.0,Clean,test
MyClass2,1,1.0,14,2.0,1.0,0,0,1,0,0,0.0,Clean,train
MyClass3a,0,1.0,14,2.0,1.0,0,0,0,1,1,1.0,Clean,train
MyClass4,0,1.0,14,2.0,1.0,0,0,0,1,1,1.0,Clean,train
MyClass5,0,1.0,14,2.0,1.0,0,0,0,0,0,0.0,Clean,train
MyClass3b,0,1.0,14,2.0,1.0,0,0,3,1,1,1.0,Clean,train
SerialisableFunctionWrapper,0,0.0,11,2.0,1.0,0,0,0,0,0,0.0,Clean,train
Calculator,0,0.0,7,2.0,1.0,0,0,0,0,0,0.0,Clean,train
StatsProxy,0,0.0,24,4.666666666666667,1.0,0,0,0,0,0,0.0,Clean,train
StatsProxy,0,0.0,23,4.333333333333333,1.0,0,0,0,0,0,0.0,Clean,train
TypeChecker,0,0.6666666666666666,24,6.333333333333333,2.3333333333333335,0,0,0,2,1,1.0,Clean,train
ValueChecker,0,0.6666666666666666,28,7.666666666666667,2.6666666666666665,0,0,0,2,1,1.0,Clean,train
MyClass,0,1.0,23,2.0,1.0,0,0,0,0,0,0.0,Clean,test
_BoundLRUCacheFunctionWrapper,0,0.4,96,18.0,3.4,0,1,3,6,2,0.5,Clean,train
_LRUCacheFunctionWrapper,0,0.0,71,12.6,2.2,0,1,3,1,1,1.0,Clean,train
_AdapterFunctionCode,0,0.0,28,2.6666666666666665,1.0,0,4,4,0,0,0.0,Clean,test
_AdapterFunctionSurrogate,1,0.0,26,3.2,1.0,0,5,5,0,0,0.0,Clean,train
_BoundAdapterFunctionWrapper,1,0.0,11,3.0,1.0,0,0,1,0,0,0.0,Clean,train
_AdapterFunctionWrapper,1,0.0,28,3.2,1.0,0,4,5,1,1,1.0,Clean,train
AdapterFactory,0,0.0,3,2.0,1.0,0,0,0,0,0,0.0,Clean,test
_DelegatedAdapterFactory,0,1.0,8,3.0,1.0,1,4,4,0,0,0.0,Clean,train
_StateBindingWrapper,0,0.3333333333333333,56,13.333333333333334,1.3333333333333333,0,4,4,0,0,0.0,Clean,train
WrapperNotInitializedError,0,0.0,8,0.0,0.0,0,0,0,0,0,0.0,Clean,train
PathResolutionError,0,0.0,10,0.0,0.0,0,0,0,0,0,0.0,Clean,train
TargetModuleNotFoundError,0,0.0,10,0.0,0.0,0,0,0,0,0,0.0,Clean,train
WrapperChainTooDeepError,0,0.0,10,0.0,0.0,0,0,0,0,0,0.0,Clean,train
WrapperNotFoundError,0,0.0,9,0.0,0.0,0,0,0,0,0,0.0,Clean,train
WrapperNotOutermostError,0,0.0,9,0.0,0.0,0,0,0,0,0,0.0,Clean,test
_ImportHookChainedLoader,0,0.4,59,10.0,2.4,0,1,1,0,0,0.0,Clean,train
ImportHookFinder,1,0.0,86,27.333333333333332,3.6666666666666665,0,1,1,1,1,1.0,Clean,train
UNDEFINED,0,0.0,2,0.0,0.0,0,0,0,0,0,0.0,Clean,train
_MissingType,0,1.0,18,3.3333333333333335,1.3333333333333333,0,0,0,0,0,0.0,Clean,train
AttributeWrapper,0,0.0,79,17.25,3.75,0,0,0,0,0,0.0,Clean,train
ObjectProxy,0,1.0,17,2.0,1.0,0,2,2,0,0,0.0,Clean,train
AutoObjectProxy,0,1.0,149,69.0,31.5,0,2,2,0,0,0.0,Long Method,train
LazyObjectProxy,0,1.0,105,23.75,7.25,1,2,2,0,0,0.0,Long Method,test
_SignatureCode,0,0.0,41,13.5,4.5,0,3,2,7,3,0.7143,Feature Envy,train
_SignatureMixin,1,0.0,23,6.5,3.0,0,0,1,0,0,0.0,Clean,train
_SignatureFunctionSurrogate,0,0.0,11,3.0,1.0,1,3,2,0,0,0.0,Clean,train
_BoundSignatureFunctionWrapper,1,0.0,10,3.0,1.0,0,0,1,0,0,0.0,Clean,test
_SignatureFunctionWrapper,1,0.0,10,2.5,1.0,1,2,3,0,0,0.0,Clean,train
_SyncCodeProxy,0,0.0,23,9.5,2.5,0,6,6,0,0,0.0,Clean,train
_SyncFunctionSurrogate,1,0.0,9,2.5,1.0,0,6,7,0,0,0.0,Clean,train
_BoundSyncFunctionWrapper,1,1.0,11,3.5,1.0,0,6,7,0,0,0.0,Clean,train
_SyncFunctionWrapper,1,0.0,12,3.0,1.0,0,6,7,0,0,0.0,Clean,test
_AsyncCodeProxy,0,0.0,25,10.5,2.5,0,6,6,0,0,0.0,Clean,train
_AsyncFunctionSurrogate,1,0.0,9,2.5,1.0,0,7,7,0,0,0.0,Clean,test
_BoundAsyncFunctionWrapper,1,0.0,7,4.0,1.0,0,0,1,0,0,0.0,Clean,train
_AsyncFunctionWrapper,1,0.0,11,2.5,1.0,0,6,7,0,0,0.0,Clean,train
_SynchronizedFunctionWrapper,0,0.5,17,3.0,1.0,0,0,0,0,0,0.0,Clean,train
_SynchronizedLockProxy,0,1.0,8,2.5,1.0,0,0,0,2,1,1.0,Clean,train
_AsyncSynchronizedLockProxy,0,1.0,8,2.5,1.0,0,0,0,2,1,1.0,Clean,train
WeakFunctionProxy,0,1.0,94,45.0,5.5,0,0,0,3,2,0.6667,Clean,train
_ObjectProxyMethods,0,0.0,49,2.0,1.0,0,0,0,2,2,0.5,Clean,train
_ObjectProxyDictBase,0,0.0,9,0.0,0.0,0,0,0,0,0,0.0,Clean,train
_ObjectProxyMetaType,0,0.9,64,14.333333333333334,2.0,0,0,2,5,3,0.6,Clean,train
ObjectProxy,0,0.1456287985039738,514,4.483516483516484,1.5274725274725274,1,5,1,3,3,0.3333,Long Method,train
CallableObjectProxy,0,0.0,10,7.0,1.0,2,0,0,0,0,0.0,Clean,test
PartialCallableObjectProxy,0,1.0,45,19.5,2.0,2,3,3,2,1,1.0,Clean,train
_FunctionWrapperBase,0,0.8333333333333334,151,36.5,4.5,2,2,5,4,1,1.0,Long Method,train
BoundFunctionWrapper,1,0.6666666666666666,86,27.0,6.666666666666667,3,3,3,6,2,0.8333,Feature Envy,train
FunctionWrapper,0,0.0,129,119.0,11.0,3,2,3,1,1,1.0,Long Method,train
ComplexWarning,0,0.0,9,0.0,0.0,0,0,0,0,0,0.0,Clean,train
ModuleDeprecationWarning,0,0.0,15,0.0,0.0,0,0,0,0,0,0.0,Clean,test
VisibleDeprecationWarning,0,0.0,9,0.0,0.0,0,0,0,0,0,0.0,Clean,train
RankWarning,0,0.0,7,0.0,0.0,0,0,0,0,0,0.0,Clean,train
TooHardError,0,0.0,10,0.0,0.0,0,0,0,0,0,0.0,Clean,test
AxisError,0,0.0,89,10.5,2.5,0,0,0,0,0,0.0,Clean,train
DTypePromotionError,0,0.0,48,0.0,0.0,0,0,0,0,0,0.0,Clean,train
PytestTester,0,0.0,157,63.0,6.5,0,0,0,1,1,1.0,Long Method,train
_ndptr,0,0.0,18,16.0,10.0,0,0,0,5,1,1.0,Clean,train
_concrete_ndptr,0,1.0,26,8.5,1.0,1,0,0,1,1,1.0,Clean,train
Language,0,0.0,7,0.0,0.0,0,0,0,0,0,0.0,Clean,train
Op,0,0.0,19,0.0,0.0,0,0,0,0,0,0.0,Data Class,train
RelOp,0,1.0,28,7.5,2.0,0,2,0,9,3,0.6667,Feature Envy,train
ArithOp,0,0.0,11,0.0,0.0,0,0,0,0,0,0.0,Data Class,train
OpError,0,0.0,2,0.0,0.0,0,0,0,0,0,0.0,Clean,train
Precedence,0,0.0,17,0.0,0.0,0,0,0,0,0,0.0,Data Class,train
ExprWarning,0,0.0,2,0.0,0.0,0,0,0,0,0,0.0,Clean,test
Expr,0,0.8891129032258065,631,18.53125,6.3125,0,2,3,68,30,0.2206,God Class,test
_Pair,0,0.0,17,4.0,1.6666666666666667,0,2,1,2,2,0.5,Clean,train
_FromStringWorker,2,0.0,216,52.75,13.0,0,0,3,19,9,0.2632,Long Method,test
vectorize,0,0.38095238095238093,399,32.857142857142854,7.0,0,0,0,4,3,0.5,Long Method,test
nd_grid,0,0.0,102,32.5,9.0,0,4,0,6,2,0.5,Feature Envy,train
MGridClass,0,0.0,57,2.0,1.0,1,3,8,0,0,0.0,Clean,train
OGridClass,0,0.0,47,2.0,1.0,1,3,8,0,0,0.0,Clean,train
AxisConcatenator,0,0.6666666666666666,121,35.666666666666664,9.333333333333334,0,4,0,11,4,0.3636,Long Method,train
RClass,0,0.0,99,2.0,1.0,1,3,8,0,0,0.0,Data Class,train
CClass,0,0.0,29,2.0,1.0,1,3,8,0,0,0.0,Data Class,train
ndenumerate,0,0.6666666666666666,47,5.666666666666667,1.0,0,4,0,0,0,0.0,Clean,train
ndindex,0,0.6666666666666666,69,7.0,2.0,0,4,0,0,0,0.0,Clean,test
IndexExpression,0,0.0,55,3.5,2.0,0,4,0,0,0,0.0,Clean,test
poly1d,0,0.546236559139785,367,7.068965517241379,2.310344827586207,0,0,0,7,4,0.5714,Long Method,train
container,0,0.2748633879781421,245,2.721311475409836,1.1147540983606556,0,0,0,0,0,0.0,Clean,test
_Deprecate,0,0.0,65,26.0,4.5,0,0,0,0,0,0.0,Clean,train
EigResult,0,0.0,3,0.0,0.0,0,0,0,0,0,0.0,Clean,train
EighResult,0,0.0,3,0.0,0.0,0,0,0,0,0,0.0,Clean,train
QRResult,0,0.0,3,0.0,0.0,0,0,0,0,0,0.0,Clean,test
SlogdetResult,0,0.0,3,0.0,0.0,0,0,0,0,0,0.0,Clean,train
SVDResult,0,0.0,4,0.0,0.0,0,0,0,0,0,0.0,Clean,train
LinAlgError,0,0.0,27,0.0,0.0,0,0,0,0,0,0.0,Clean,test
matrix,0,0.9959677419354839,942,26.53125,2.25,0,0,0,13,5,0.3846,God Class,train
HermiteE,0,0.0,44,0.0,0.0,0,0,0,0,0,0.0,Clean,train
Legendre,0,0.0,44,0.0,0.0,0,0,0,0,0,0.0,Clean,train
_NestedSequence,0,1.0,66,3.0,1.0,0,0,0,0,0,0.0,Clean,train
Infinity,0,0.9722222222222222,27,2.0,1.0,0,0,0,0,0,0.0,Clean,train
NegativeInfinity,0,0.9722222222222222,27,2.0,1.0,0,0,0,0,0,0.0,Clean,train
InvalidVersion,0,0.0,4,0.0,0.0,0,1,0,0,0,0.0,Clean,train
_BaseVersion,0,0.9642857142857143,28,2.375,1.125,0,0,0,1,1,1.0,Clean,train
LegacyVersion,0,0.7857142857142857,31,2.125,1.0,1,0,0,0,0,0.0,Clean,test
Version,1,0.6428571428571429,105,10.75,2.375,1,0,1,1,1,1.0,Clean,train
ArrowStringArrayMixin,0,0.3176470588235294,343,8.742857142857142,2.5142857142857142,0,0,0,8,6,0.25,Long Method,train
ArrowExtensionArray,0,0.5811698467313106,2713,17.73381294964029,3.741007194244604,0,0,0,144,56,0.0903,Long Method,train
BaseAccessor,0,1.0,9,2.5,1.0,0,0,2,0,0,0.0,Clean,train
SparseAccessor,0,0.8,192,28.833333333333332,1.5,1,2,2,3,2,0.6667,Long Method,train
SparseFrameAccessor,0,0.8,181,26.833333333333332,2.5,1,2,1,20,11,0.4,Clean,test
BaseExprVisitor,0,0.7321937321937322,406,11.925925925925926,3.2962962962962963,0,3,1,41,11,0.5366,God Class,train
PandasExprVisitor,0,0.0,12,11.0,1.0,1,1,3,0,0,0.0,Clean,test
PythonExprVisitor,0,0.0,5,4.0,1.0,1,1,3,0,0,0.0,Clean,train
Expr,0,0.5714285714285714,59,4.857142857142857,1.2857142857142858,0,3,1,2,2,0.5,Clean,train
Term,0,0.775,114,5.533333333333333,1.6666666666666667,0,3,2,2,2,0.5,Clean,train
Constant,0,1.0,12,2.6666666666666665,1.0,1,1,0,0,0,0.0,Clean,test
Op,0,0.6785714285714286,52,4.125,1.375,0,4,0,3,3,0.3333,Clean,test
BinOp,0,0.4,150,27.0,5.2,1,2,7,14,7,0.2857,Long Method,train
UnaryOp,0,0.5,47,6.5,2.25,1,2,5,2,1,1.0,Clean,test
MathCall,0,0.3333333333333333,13,3.3333333333333335,1.0,1,3,5,1,1,1.0,Clean,train
FuncNode,1,1.0,9,3.5,1.5,0,3,1,0,0,0.0,Clean,test
NamedAgg,0,0.0,28,0.0,0.0,0,0,0,0,0,0.0,Clean,train
SeriesGroupBy,0,0.8206896551724138,1173,34.2,3.4,0,1,3,59,27,0.1864,God Class,train
DataFrameGroupBy,1,0.7561576354679803,1497,45.13793103448276,3.689655172413793,0,1,5,52,22,0.1538,God Class,test
Grouper,0,0.6888888888888889,420,21.2,2.9,0,1,0,17,7,0.4118,Long Method,train
Grouping,0,0.7132352941176471,355,16.88235294117647,3.235294117647059,0,0,1,26,14,0.1154,God Class,test
FrozenList,0,1.0,97,5.545454545454546,1.3636363636363635,0,0,0,0,0,0.0,Clean,test
Block,0,0.5412186379928315,1884,27.741935483870968,5.225806451612903,0,3,6,78,30,0.1282,Long Method,train
EABackedBlock,0,0.0,290,33.375,6.0,1,1,16,16,8,0.3125,Long Method,test
ExtensionBlock,0,0.34545454545454546,283,23.09090909090909,4.2727272727272725,2,2,5,12,10,0.25,Long Method,train
NumpyBlock,0,0.0,24,3.5,1.25,1,0,1,1,1,1.0,Clean,train
NumericBlock,0,0.0,4,0.0,0.0,2,0,0,0,0,0.0,Clean,train
ObjectBlock,0,0.0,4,0.0,0.0,2,0,0,0,0,0.0,Clean,train
NDArrayBackedExtensionBlock,0,0.0,12,4.0,1.0,2,0,0,0,0,0.0,Clean,train
DatetimeLikeBlock,0,0.0,6,0.0,0.0,3,0,0,0,0,0.0,Clean,train
DatetimeTZBlock,0,0.0,6,0.0,0.0,4,0,0,0,0,0.0,Clean,train
NDFrameDescriberAbstract,0,1.0,21,5.0,1.0,0,1,0,0,0,0.0,Clean,train
SeriesDescriber,0,0.0,10,5.0,1.0,1,0,0,0,0,0.0,Clean,train
DataFrameDescriber,0,0.6666666666666666,66,16.333333333333332,3.6666666666666665,1,0,1,7,5,0.2857,Clean,train
_Unstacker,0,0.6818181818181818,332,22.333333333333332,3.0,0,0,0,31,16,0.129,God Class,train
IntCastingNaNError,0,0.0,10,0.0,0.0,0,0,0,0,0,0.0,Clean,train
NullFrequencyError,0,0.0,14,0.0,0.0,0,0,0,0,0,0.0,Clean,train
PerformanceWarning,0,0.0,24,0.0,0.0,0,0,0,0,0,0.0,Clean,train
UnsupportedFunctionCall,0,0.0,17,0.0,0.0,0,0,0,0,0,0.0,Clean,test
UnsortedIndexError,0,0.0,25,0.0,0.0,0,0,0,0,0,0.0,Clean,train
ParserError,0,0.0,23,0.0,0.0,0,0,0,0,0,0.0,Clean,train
DtypeWarning,0,0.0,53,0.0,0.0,0,0,0,0,0,0.0,Clean,test
EmptyDataError,0,0.0,12,0.0,0.0,0,0,0,0,0,0.0,Clean,test
ParserWarning,0,0.0,39,0.0,0.0,0,0,0,0,0,0.0,Clean,train
MergeError,0,0.0,18,0.0,0.0,0,0,0,0,0,0.0,Clean,test
AbstractMethodError,0,0.0,36,7.0,2.0,0,2,0,0,0,0.0,Clean,train
NumbaUtilError,0,0.0,15,0.0,0.0,0,0,0,0,0,0.0,Clean,train
DuplicateLabelError,0,0.0,17,0.0,0.0,0,0,0,0,0,0.0,Clean,train
InvalidIndexError,0,0.0,18,0.0,0.0,0,0,0,0,0,0.0,Clean,train
DataError,0,0.0,14,0.0,0.0,0,0,0,0,0,0.0,Clean,train
SpecificationError,0,0.0,26,0.0,0.0,0,0,0,0,0,0.0,Clean,train
SettingWithCopyError,0,0.0,20,0.0,0.0,0,0,0,0,0,0.0,Clean,train
SettingWithCopyWarning,0,0.0,20,0.0,0.0,0,0,0,0,0,0.0,Clean,test
ChainedAssignmentError,0,0.0,21,0.0,0.0,0,0,0,0,0,0.0,Clean,test
NumExprClobberingError,0,0.0,17,0.0,0.0,0,0,0,0,0,0.0,Clean,test
UndefinedVariableError,0,0.0,24,7.0,2.0,0,1,2,0,0,0.0,Clean,test
IndexingError,0,0.0,19,0.0,0.0,0,0,0,0,0,0.0,Clean,test
PyperclipException,0,0.0,6,0.0,0.0,0,0,0,0,0,0.0,Clean,train
PyperclipWindowsException,0,0.0,12,4.0,1.0,1,1,2,0,0,0.0,Clean,train
CSSWarning,0,0.0,19,0.0,0.0,0,0,0,0,0,0.0,Clean,train
PossibleDataLossError,0,0.0,10,0.0,0.0,0,0,0,0,0,0.0,Clean,train
ClosedFileError,0,0.0,11,0.0,0.0,0,0,0,0,0,0.0,Clean,train
IncompatibilityWarning,0,0.0,4,0.0,0.0,0,0,0,0,0,0.0,Clean,train
AttributeConflictWarning,0,0.0,19,0.0,0.0,0,0,0,0,0,0.0,Clean,train
DatabaseError,0,0.0,11,0.0,0.0,0,0,0,0,0,0.0,Clean,train
PossiblePrecisionLoss,0,0.0,13,0.0,0.0,0,0,0,0,0,0.0,Clean,train
ValueLabelTypeMismatch,0,0.0,10,0.0,0.0,0,0,0,0,0,0.0,Clean,train
InvalidColumnName,0,0.0,13,0.0,0.0,0,0,0,0,0,0.0,Clean,train
CategoricalConversionWarning,0,0.0,12,0.0,0.0,0,0,0,0,0,0.0,Clean,train
LossySetitemError,0,0.0,8,0.0,0.0,0,0,0,0,0,0.0,Clean,train
NoBufferPresent,0,0.0,4,0.0,0.0,0,0,0,0,0,0.0,Clean,train
InvalidComparison,0,0.0,8,0.0,0.0,0,0,0,0,0,0.0,Clean,train
CSSDict,0,0.0,3,0.0,0.0,0,0,0,0,0,0.0,Clean,train
StylerRenderer,0,0.46405228758169936,1493,81.27777777777777,6.722222222222222,0,0,1,19,7,0.3684,Long Method,train
Tooltips,0,0.5,164,32.5,2.75,0,1,0,5,2,0.8,Clean,train
Writer,0,0.8333333333333334,52,11.0,1.25,0,1,2,0,0,0.0,Clean,train
SeriesWriter,0,0.0,13,4.0,3.0,1,1,0,0,0,0.0,Clean,train
FrameWriter,0,0.0,28,11.5,4.0,1,1,0,0,0,0.0,Clean,train
JSONTableWriter,0,0.0,78,36.5,5.5,2,0,3,8,2,0.875,Long Method,train
JsonReader,2,0.9117647058823529,294,22.818181818181817,4.7272727272727275,0,1,3,9,6,0.2222,God Class,train
Parser,0,0.8214285714285714,240,26.875,6.5,0,4,4,14,8,0.2143,Long Method,train
SeriesParser,0,0.0,23,8.5,2.5,1,2,2,1,1,1.0,Clean,train
FrameParser,0,0.0,114,26.5,6.5,1,2,3,8,5,0.375,Long Method,train
CalibratedClassifierCV,0,0.5714285714285714,523,39.714285714285715,4.571428571428571,0,2,4,21,11,0.1905,Long Method,train
_CalibratedClassifier,0,0.0,96,36.0,5.5,0,1,6,7,4,0.5714,Long Method,train
_SigmoidCalibration,0,0.0,53,20.0,1.0,0,2,0,0,0,0.0,Clean,train
_TemperatureScaling,0,0.6666666666666666,137,42.0,2.0,0,2,1,9,4,0.3333,Feature Envy,train
CalibrationDisplay,0,0.8333333333333334,376,73.75,2.0,0,0,0,1,1,1.0,Long Method,train
_BaseNB,0,1.0,112,17.0,1.1666666666666667,0,1,9,2,1,1.0,Clean,test
GaussianNB,0,0.9285714285714286,388,36.5,3.125,1,6,4,17,6,0.5882,Long Method,train
_BaseDiscreteNB,0,0.8545454545454545,256,20.363636363636363,2.5454545454545454,1,6,15,10,7,0.2,God Class,train
MultinomialNB,0,0.8,126,5.8,1.0,2,6,9,5,4,0.4,Clean,test
ComplementNB,0,0.7,153,8.6,1.4,2,6,9,5,4,0.4,Clean,train
BernoulliNB,0,0.6666666666666666,168,9.333333333333334,1.5,2,5,11,5,4,0.4,Clean,train
CategoricalNB,0,0.8727272727272727,309,16.727272727272727,1.8181818181818181,2,6,13,11,9,0.1818,God Class,train
_CFNode,0,0.0,153,25.5,2.5,0,1,2,9,3,0.5556,Long Method,train
_CFSubcluster,0,0.0,93,13.25,1.5,0,2,0,6,2,0.5,Clean,train
Birch,2,0.8,372,23.0,2.4,0,0,4,8,6,0.25,Long Method,train
OPTICS,0,0.0,362,61.5,5.5,0,0,0,5,2,0.8,Long Method,train
HDBSCAN,0,0.26666666666666666,598,57.833333333333336,6.666666666666667,0,0,0,7,5,0.4286,Long Method,train
MinCovDet,0,0.16666666666666666,305,41.25,2.25,0,0,0,5,3,0.4,Clean,train
LatentDirichletAllocation,0,0.7166666666666667,797,36.1875,2.8125,0,0,0,10,3,0.6,God Class,train
PCA,0,0.6111111111111112,740,49.333333333333336,5.333333333333333,0,0,0,19,6,0.5789,Long Method,train
BaseEnsemble,0,0.4,82,7.5,1.5,0,0,1,1,1,1.0,Clean,train
_BaseHeterogeneousEnsemble,0,0.6,130,17.0,2.8333333333333335,0,1,0,1,1,1.0,Clean,train
VerboseReporter,0,0.3333333333333333,77,21.333333333333332,3.0,0,3,0,4,1,1.0,Clean,train
BaseGradientBoosting,1,0.6210526315789474,771,36.3,4.45,0,2,8,14,10,0.2143,Long Method,train
GradientBoostingClassifier,0,0.8444444444444444,610,26.1,2.5,0,2,5,7,3,0.5714,Clean,train
GradientBoostingRegressor,0,1.0,459,20.0,1.3333333333333333,0,2,6,4,4,0.25,Clean,train
IsolationForest,0,0.9393939393939394,591,31.916666666666668,1.9166666666666667,0,0,0,6,4,0.5,God Class,train
_BinMapper,0,0.16666666666666666,259,43.5,4.75,0,0,0,5,4,0.4,Long Method,train
__array_namespace_info__,0,1.0,361,58.2,3.4,0,0,0,1,1,1.0,Long Method,train
Hyperparameter,0,1.0,97,12.0,6.5,0,9,0,6,2,0.8333,Clean,train
Kernel,4,0.9368421052631579,309,12.210526315789474,2.473684210526316,0,6,7,26,15,0.1538,God Class,test
NormalizedKernelMixin,0,0.0,24,18.0,1.0,0,4,0,1,1,1.0,Clean,train
StationaryKernelMixin,0,0.0,9,3.0,1.0,0,3,0,0,0,0.0,Clean,test
GenericKernelMixin,0,0.0,11,3.0,1.0,0,0,0,0,0,0.0,Clean,train
CompoundKernel,0,0.0,162,12.11111111111111,1.5555555555555556,1,6,15,7,3,0.7143,Clean,train
KernelOperator,1,0.0,116,10.375,2.25,1,4,10,7,3,0.5714,Clean,train
Sum,0,0.6666666666666666,95,18.0,1.3333333333333333,2,4,9,0,0,0.0,Clean,train
Product,0,0.6666666666666666,98,18.666666666666668,1.3333333333333333,2,4,9,0,0,0.0,Clean,train
Exponentiation,1,0.09090909090909091,189,10.727272727272727,1.4545454545454546,1,6,19,7,3,0.5714,Clean,test
ConstantKernel,1,0.3,136,16.4,1.8,1,6,1,0,0,0.0,Clean,train
WhiteKernel,1,0.3,121,15.0,2.0,1,5,1,0,0,0.0,Clean,test
RBF,1,0.0,151,16.4,3.0,1,1,1,2,2,0.5,Clean,train
Matern,0,0.0,198,38.666666666666664,6.333333333333333,2,0,11,3,3,0.3333,Long Method,train
RationalQuadratic,1,0.5,154,17.0,2.2,1,1,1,1,1,1.0,Long Method,train
ExpSineSquared,1,0.5,143,16.4,2.0,1,1,1,1,1,1.0,Clean,train
DotProduct,1,0.5333333333333333,136,12.166666666666666,1.6666666666666667,1,6,1,2,2,0.5,Clean,train
PairwiseKernel,1,0.5333333333333333,161,16.333333333333332,1.5,1,6,1,1,1,1.0,Clean,train
KNNImputer,0,0.4,388,53.0,3.4,0,0,0,6,6,0.1667,Long Method,train
LinearModel,0,0.8333333333333334,51,11.0,2.0,0,1,0,5,3,0.4,Clean,train
LinearClassifierMixin,0,1.0,75,22.333333333333332,2.6666666666666665,0,0,0,9,3,0.4444,Feature Envy,train
SparseCoefMixin,0,0.0,56,24.5,1.5,0,0,0,0,0,0.0,Clean,train
LinearRegression,0,0.0,245,41.666666666666664,4.0,0,0,1,12,7,0.3333,Long Method,train
_GeneralizedLinearRegressor,0,0.7619047619047619,438,44.285714285714285,3.0,0,3,3,17,9,0.1765,Long Method,train
PoissonRegressor,0,1.0,129,11.0,1.0,1,3,3,0,0,0.0,Clean,train
GammaRegressor,0,1.0,130,11.0,1.0,1,3,3,0,0,0.0,Clean,train
TweedieRegressor,0,0.0,178,19.0,3.0,1,3,3,0,0,0.0,Clean,train
_MultimetricScorer,0,0.0,112,14.666666666666666,2.8333333333333335,0,1,4,6,4,0.5,Clean,train
_BaseScorer,0,0.6785714285714286,138,13.875,2.0,0,3,2,3,2,0.6667,Clean,train
_Scorer,0,0.0,50,49.0,2.0,1,2,2,0,0,0.0,Clean,test
_PassthroughScorer,0,0.6,36,4.5,1.0,0,2,0,1,1,1.0,Clean,train
_CurveScorer,0,0.6666666666666666,103,24.666666666666668,1.3333333333333333,1,2,4,6,3,0.6667,Clean,train
BaseDistancesReductionDispatcher,0,1.0,110,32.333333333333336,6.333333333333333,0,4,2,8,3,0.75,Feature Envy,train
ArgKmin,0,0.0,134,119.0,3.0,1,3,4,4,4,0.25,Long Method,train
RadiusNeighbors,0,0.0,144,127.0,3.0,1,3,4,4,4,0.25,Long Method,train
ArgKminClassMode,0,1.0,162,72.0,2.5,1,4,6,4,4,0.25,Long Method,train
RadiusNeighborsClassMode,0,1.0,148,63.0,2.5,1,4,6,4,4,0.25,Long Method,train
BayesianGaussianMixture,0,0.49473684210526314,818,25.1,1.8,0,0,0,7,5,0.4286,Data Class,train
NeighborsBase,0,0.0,323,76.25,16.75,0,1,1,11,3,0.6364,Long Method,train
KNeighborsMixin,0,0.3333333333333333,330,108.33333333333333,10.333333333333334,0,0,0,6,4,0.3333,Long Method,train
RadiusNeighborsMixin,0,0.5,354,87.0,8.75,0,1,1,5,4,0.4,Long Method,train
NeighborhoodComponentsAnalysis,0,0.5,501,40.25,5.0,0,0,0,16,10,0.1875,Long Method,train
NearestCentroid,0,0.0,331,33.5,4.333333333333333,0,0,0,12,8,0.3333,Long Method,train
BaseOptimizer,0,1.0,61,10.75,1.5,0,2,2,0,0,0.0,Clean,train
SGDOptimizer,0,0.0,123,18.0,2.75,1,2,2,0,0,0.0,Clean,train
AdamOptimizer,0,0.0,91,22.0,1.0,1,2,2,0,0,0.0,Clean,train
FunctionTransformer,0,0.7727272727272727,412,22.833333333333332,3.5833333333333335,0,0,0,8,4,0.375,God Class,train
PolynomialFeatures,0,0.7857142857142857,493,47.5,7.125,0,1,2,20,8,0.25,Long Method,train
SplineTransformer,0,0.4,671,85.83333333333333,10.0,0,1,1,17,10,0.1765,Long Method,train
SelfTrainingClassifier,0,0.5111111111111111,550,40.1,2.9,0,0,0,7,7,0.1429,Long Method,train
_NotAnArray,0,0.6666666666666666,19,2.6666666666666665,1.3333333333333333,0,0,0,0,0,0.0,Clean,train
MissingValues,0,0.0,14,8.0,3.0,0,0,0,0,0,0.0,Clean,test
_nandict,0,0.0,14,5.0,3.0,0,1,1,1,1,1.0,Clean,train
_NaNCounter,0,0.6666666666666666,20,5.0,2.6666666666666665,0,1,1,0,0,0.0,Clean,train
_IgnoreWarnings,0,0.2,55,7.6,1.8,0,0,0,0,0,0.0,Clean,train
TempMemmap,0,0.3333333333333333,20,3.3333333333333335,1.0,0,0,0,0,0,0.0,Clean,train
_Raises,0,0.0,43,20.0,6.0,0,0,0,0,0,0.0,Clean,train
MinimalClassifier,0,0.8571428571428571,54,4.625,1.125,0,2,1,4,4,0.25,Clean,test
MinimalRegressor,0,0.9047619047619048,45,4.142857142857143,1.1428571428571428,0,2,1,2,2,0.5,Clean,train
MinimalTransformer,0,0.9523809523809523,43,3.7142857142857144,1.1428571428571428,0,0,2,1,1,1.0,Clean,train
WarningInfo,0,0.0,12,7.0,2.0,0,0,0,0,0,0.0,Clean,train
