library,file,class_name,on_test_path,n_methods,our_class_length,our_avg_method_length,radon_loc,radon_lloc,radon_sloc,radon_comments,radon_multi,radon_blank
numpy-1.9.2,numpy-1.9.2/setup.py,sdist_checked,False,1,4,3.0,5,5,4,0,0,0
numpy-1.9.2,numpy-1.9.2/doc/sphinxext/numpydoc/comment_eater.py,Comment,False,3,21,5.333333333333333,22,14,13,3,4,2
numpy-1.9.2,numpy-1.9.2/doc/sphinxext/numpydoc/comment_eater.py,NonComment,False,3,18,4.333333333333333,19,13,12,1,4,2
numpy-1.9.2,numpy-1.9.2/doc/sphinxext/numpydoc/comment_eater.py,CommentBlocker,False,7,78,10.0,79,54,46,5,18,10
numpy-1.9.2,numpy-1.9.2/doc/sphinxext/numpydoc/compiler_unparse.py,UnparseCompilerAst,False,56,512,7.75,513,388,359,27,42,80
numpy-1.9.2,numpy-1.9.2/doc/sphinxext/numpydoc/docscrape.py,Reader,False,11,71,5.2727272727272725,72,55,51,2,8,13
numpy-1.9.2,numpy-1.9.2/doc/sphinxext/numpydoc/docscrape.py,NumpyDocString,False,22,315,13.136363636363637,316,247,252,6,10,50
numpy-1.9.2,numpy-1.9.2/doc/sphinxext/numpydoc/docscrape.py,FunctionDoc,False,3,50,16.0,51,41,42,2,0,8
numpy-1.9.2,numpy-1.9.2/doc/sphinxext/numpydoc/docscrape.py,ClassDoc,False,3,56,16.333333333333332,57,40,48,1,0,9
numpy-1.9.2,numpy-1.9.2/doc/sphinxext/numpydoc/docscrape_sphinx.py,SphinxDocString,False,19,224,10.736842105263158,225,186,189,5,4,27
numpy-1.9.2,numpy-1.9.2/doc/sphinxext/numpydoc/docscrape_sphinx.py,SphinxFunctionDoc,False,1,3,3.0,4,4,4,0,0,0
numpy-1.9.2,numpy-1.9.2/doc/sphinxext/numpydoc/docscrape_sphinx.py,SphinxClassDoc,False,1,3,3.0,4,4,4,0,0,0
numpy-1.9.2,numpy-1.9.2/doc/sphinxext/numpydoc/docscrape_sphinx.py,SphinxObjDoc,False,1,4,4.0,5,5,5,0,0,0
numpy-1.9.2,numpy-1.9.2/doc/sphinxext/numpydoc/linkcode.py,LinkcodeError,False,0,1,0.0,2,2,2,0,0,0
numpy-1.9.2,numpy-1.9.2/doc/sphinxext/numpydoc/numpydoc.py,ManglingDomainBase,False,2,10,3.5,11,8,9,0,0,2
numpy-1.9.2,numpy-1.9.2/doc/sphinxext/numpydoc/numpydoc.py,NumpyPythonDomain,False,0,11,0.0,12,5,12,0,0,0
numpy-1.9.2,numpy-1.9.2/doc/sphinxext/numpydoc/numpydoc.py,NumpyCDomain,False,0,8,0.0,9,4,9,0,0,0
numpy-1.9.2,numpy-1.9.2/doc/sphinxext/numpydoc/plot_directive.py,ImageFile,False,3,10,2.6666666666666665,11,9,9,0,0,2
numpy-1.9.2,numpy-1.9.2/doc/sphinxext/numpydoc/plot_directive.py,PlotError,False,0,1,0.0,2,2,2,0,0,0
numpy-1.9.2,numpy-1.9.2/doc/sphinxext/numpydoc/traitsdoc.py,SphinxTraitsDoc,False,4,69,16.5,70,42,60,1,0,9
numpy-1.9.2,numpy-1.9.2/numpy/ctypeslib.py,_ndptr,False,3,36,10.333333333333334,37,21,31,0,3,3
numpy-1.9.2,numpy-1.9.2/numpy/_import_tools.py,PackageLoader,False,13,326,24.307692307692307,327,230,239,1,38,48
numpy-1.9.2,numpy-1.9.2/numpy/_import_tools.py,PackageLoaderDebug,False,1,9,9.0,10,10,9,0,0,0
numpy-1.9.2,numpy-1.9.2/numpy/__init__.py,ModuleDeprecationWarning,False,0,9,0.0,10,3,2,0,6,2
numpy-1.9.2,numpy-1.9.2/numpy/__init__.py,VisibleDeprecationWarning,False,0,8,0.0,9,3,2,0,5,2
numpy-1.9.2,numpy-1.9.2/numpy/core/arrayprint.py,FloatFormat,False,3,97,31.666666666666668,98,85,87,4,0,7
numpy-1.9.2,numpy-1.9.2/numpy/core/arrayprint.py,IntegerFormat,False,2,18,8.5,19,14,15,3,0,1
numpy-1.9.2,numpy-1.9.2/numpy/core/arrayprint.py,LongFloatFormat,False,2,27,12.0,28,25,25,2,0,1
numpy-1.9.2,numpy-1.9.2/numpy/core/arrayprint.py,LongComplexFormat,False,2,8,3.5,9,8,8,0,0,1
numpy-1.9.2,numpy-1.9.2/numpy/core/arrayprint.py,ComplexFormat,False,2,14,6.5,15,13,14,0,0,1
numpy-1.9.2,numpy-1.9.2/numpy/core/arrayprint.py,DatetimeFormat,False,2,26,12.5,27,18,22,3,0,2
numpy-1.9.2,numpy-1.9.2/numpy/core/arrayprint.py,TimedeltaFormat,False,2,9,4.0,10,8,9,0,0,1
numpy-1.9.2,numpy-1.9.2/numpy/core/defchararray.py,chararray,False,55,805,10.963636363636363,806,191,144,9,491,162
numpy-1.9.2,numpy-1.9.2/numpy/core/getlimits.py,finfo,False,4,167,24.0,168,78,94,1,59,14
numpy-1.9.2,numpy-1.9.2/numpy/core/getlimits.py,iinfo,False,5,101,8.8,102,44,46,0,36,17
numpy-1.9.2,numpy-1.9.2/numpy/core/machar.py,MachAr,False,3,317,78.66666666666667,318,193,204,14,81,20
numpy-1.9.2,numpy-1.9.2/numpy/core/memmap.py,memmap,False,3,285,36.333333333333336,286,79,82,3,146,55
numpy-1.9.2,numpy-1.9.2/numpy/core/numeric.py,ComplexWarning,False,0,8,0.0,9,3,2,0,5,2
numpy-1.9.2,numpy-1.9.2/numpy/core/numeric.py,_unspecified,False,0,1,0.0,2,2,2,0,0,0
numpy-1.9.2,numpy-1.9.2/numpy/core/numeric.py,errstate,False,3,74,3.6666666666666665,75,13,12,2,47,14
numpy-1.9.2,numpy-1.9.2/numpy/core/numerictypes.py,_typedict,False,1,9,2.0,10,4,3,0,5,2
numpy-1.9.2,numpy-1.9.2/numpy/core/records.py,format_parser,False,4,129,17.0,130,56,54,5,52,18
numpy-1.9.2,numpy-1.9.2/numpy/core/records.py,record,False,5,60,10.6,61,51,49,4,2,5
numpy-1.9.2,numpy-1.9.2/numpy/core/records.py,recarray,False,7,215,14.142857142857142,216,93,92,10,88,29
numpy-1.9.2,numpy-1.9.2/numpy/core/setup.py,CallOnceOnly,False,4,28,6.25,29,26,26,0,0,3
numpy-1.9.2,numpy-1.9.2/numpy/core/setup_common.py,MismatchCAPIWarning,False,0,1,0.0,2,2,2,0,0,0
numpy-1.9.2,numpy-1.9.2/numpy/core/_internal.py,_missing_ctypes,False,2,5,2.0,6,5,5,0,0,1
numpy-1.9.2,numpy-1.9.2/numpy/core/_internal.py,_ctypes,False,8,46,4.25,47,39,39,0,0,8
numpy-1.9.2,numpy-1.9.2/numpy/core/code_generators/genapi.py,StealRef,False,2,8,3.5,9,8,8,1,0,1
numpy-1.9.2,numpy-1.9.2/numpy/core/code_generators/genapi.py,NonNull,False,2,8,3.5,9,8,8,1,0,1
numpy-1.9.2,numpy-1.9.2/numpy/core/code_generators/genapi.py,Function,False,5,45,8.2,46,40,42,0,0,4
numpy-1.9.2,numpy-1.9.2/numpy/core/code_generators/genapi.py,ParseError,False,2,7,3.0,8,7,7,0,0,1
numpy-1.9.2,numpy-1.9.2/numpy/core/code_generators/genapi.py,TypeApi,False,4,24,5.25,25,14,22,0,0,3
numpy-1.9.2,numpy-1.9.2/numpy/core/code_generators/genapi.py,GlobalVarApi,False,4,24,5.25,25,14,22,0,0,3
numpy-1.9.2,numpy-1.9.2/numpy/core/code_generators/genapi.py,BoolValuesApi,False,4,24,5.25,25,13,22,0,0,3
numpy-1.9.2,numpy-1.9.2/numpy/core/code_generators/genapi.py,FunctionApi,False,5,37,6.6,38,25,34,0,0,4
numpy-1.9.2,numpy-1.9.2/numpy/core/code_generators/generate_umath.py,FullTypeDescr,False,0,1,0.0,2,2,2,0,0,0
numpy-1.9.2,numpy-1.9.2/numpy/core/code_generators/generate_umath.py,TypeDescription,False,2,38,10.0,39,22,21,0,16,2
numpy-1.9.2,numpy-1.9.2/numpy/core/code_generators/generate_umath.py,Ufunc,False,1,24,14.0,25,15,15,0,9,1
numpy-1.9.2,numpy-1.9.2/numpy/core/tests/test_abc.py,ABC,True,4,35,8.0,36,21,33,0,0,3
numpy-1.9.2,numpy-1.9.2/numpy/core/tests/test_arrayprint.py,TestArrayRepr,True,1,3,3.0,4,4,4,0,0,0
numpy-1.9.2,numpy-1.9.2/numpy/core/tests/test_arrayprint.py,TestComplexArray,True,1,45,45.0,46,9,45,0,0,1
numpy-1.9.2,numpy-1.9.2/numpy/core/tests/test_arrayprint.py,TestArray2String,True,3,48,15.333333333333334,49,45,42,0,0,4
numpy-1.9.2,numpy-1.9.2/numpy/core/tests/test_arrayprint.py,TestPrintOptions,True,5,40,7.0,41,43,33,0,0,7
numpy-1.9.2,numpy-1.9.2/numpy/core/tests/test_blasdot.py,TestInner,True,1,7,7.0,8,6,5,2,0,0
numpy-1.9.2,numpy-1.9.2/numpy/core/tests/test_datetime.py,TestDateTime,True,54,1754,31.425925925925927,1755,873,1354,231,0,179
numpy-1.9.2,numpy-1.9.2/numpy/core/tests/test_datetime.py,TestDateTimeData,True,1,4,3.0,5,4,4,0,0,1
numpy-1.9.2,numpy-1.9.2/numpy/core/tests/test_defchararray.py,TestBasic,True,7,67,8.714285714285714,68,56,62,0,0,6
numpy-1.9.2,numpy-1.9.2/numpy/core/tests/test_defchararray.py,TestVecString,True,7,34,4.0,35,29,29,0,0,6
numpy-1.9.2,numpy-1.9.2/numpy/core/tests/test_defchararray.py,TestWhitespace,True,2,13,6.0,14,11,13,0,0,1
numpy-1.9.2,numpy-1.9.2/numpy/core/tests/test_defchararray.py,TestChar,True,2,6,2.5,7,7,6,0,0,1
numpy-1.9.2,numpy-1.9.2/numpy/core/tests/test_defchararray.py,TestComparisons,True,7,23,2.4285714285714284,24,16,18,0,0,6
numpy-1.9.2,numpy-1.9.2/numpy/core/tests/test_defchararray.py,TestComparisonsMixed1,True,1,6,4.0,7,5,5,0,0,1
numpy-1.9.2,numpy-1.9.2/numpy/core/tests/test_defchararray.py,TestComparisonsMixed2,True,1,6,4.0,7,5,5,0,0,1
numpy-1.9.2,numpy-1.9.2/numpy/core/tests/test_defchararray.py,TestInformation,True,16,95,4.9375,96,74,78,3,0,15
numpy-1.9.2,numpy-1.9.2/numpy/core/tests/test_defchararray.py,TestMethods,True,24,270,10.291666666666666,271,145,243,3,0,25
numpy-1.9.2,numpy-1.9.2/numpy/core/tests/test_defchararray.py,TestOperations,True,7,75,9.857142857142858,76,56,63,0,0,12
numpy-1.9.2,numpy-1.9.2/numpy/core/tests/test_deprecations.py,_DeprecationTestCase,True,4,97,21.75,98,37,41,10,32,15
numpy-1.9.2,numpy-1.9.2/numpy/core/tests/test_deprecations.py,TestFloatNonIntegerArgumentDeprecation,True,7,139,14.571428571428571,140,148,91,8,17,24
numpy-1.9.2,numpy-1.9.2/numpy/core/tests/test_deprecations.py,TestBooleanArgumentDeprecation,True,1,21,12.0,22,15,12,2,5,3
numpy-1.9.2,numpy-1.9.2/numpy/core/tests/test_deprecations.py,TestArrayToIndexDeprecation,True,1,20,10.0,21,10,9,3,6,3
numpy-1.9.2,numpy-1.9.2/numpy/core/tests/test_deprecations.py,TestNonIntegerArrayLike,True,2,27,9.5,28,16,18,2,3,5
numpy-1.9.2,numpy-1.9.2/numpy/core/tests/test_deprecations.py,TestMultipleEllipsisDeprecation,True,1,13,10.0,14,10,11,1,0,2
numpy-1.9.2,numpy-1.9.2/numpy/core/tests/test_deprecations.py,TestBooleanSubtractDeprecations,True,1,20,11.0,21,10,10,2,5,4
numpy-1.9.2,numpy-1.9.2/numpy/core/tests/test_deprecations.py,TestRankDeprecation,True,1,6,3.0,7,5,4,0,3,0
numpy-1.9.2,numpy-1.9.2/numpy/core/tests/test_deprecations.py,TestComparisonDepreactions,True,4,69,13.25,70,38,36,15,6,13
numpy-1.9.2,numpy-1.9.2/numpy/core/tests/test_deprecations.py,TestIdentityComparisonDepreactions,True,3,50,11.0,51,31,30,2,8,11
numpy-1.9.2,numpy-1.9.2/numpy/core/tests/test_dtype.py,TestBuiltin,True,5,85,16.2,86,59,67,10,0,8
numpy-1.9.2,numpy-1.9.2/numpy/core/tests/test_dtype.py,TestRecord,True,7,129,17.571428571428573,130,85,111,9,3,6
numpy-1.9.2,numpy-1.9.2/numpy/core/tests/test_dtype.py,TestSubarray,True,9,103,10.555555555555555,104,74,77,11,0,11
numpy-1.9.2,numpy-1.9.2/numpy/core/tests/test_dtype.py,TestMonsterType,True,1,15,14.0,16,11,14,0,0,1
numpy-1.9.2,numpy-1.9.2/numpy/core/tests/test_dtype.py,TestMetadata,True,4,16,3.25,17,18,14,0,0,3
numpy-1.9.2,numpy-1.9.2/numpy/core/tests/test_dtype.py,TestString,True,5,125,24.0,126,39,108,5,0,13
numpy-1.9.2,numpy-1.9.2/numpy/core/tests/test_dtype.py,TestDtypeAttributeDeletion,True,2,21,9.0,22,15,17,0,0,5
numpy-1.9.2,numpy-1.9.2/numpy/core/tests/test_dtype.py,TestDtypeAttributes,True,2,12,5.0,13,12,10,1,0,2
numpy-1.9.2,numpy-1.9.2/numpy/core/tests/test_einsum.py,TestEinSum,True,22,569,24.90909090909091,570,362,399,76,0,101
numpy-1.9.2,numpy-1.9.2/numpy/core/tests/test_errstate.py,TestErrstate,True,3,38,11.666666666666666,39,33,33,4,0,2
numpy-1.9.2,numpy-1.9.2/numpy/core/tests/test_function_base.py,TestLogspace,True,2,18,8.0,19,17,17,0,0,2
numpy-1.9.2,numpy-1.9.2/numpy/core/tests/test_function_base.py,TestLinspace,True,7,84,11.0,85,70,70,0,0,15
numpy-1.9.2,numpy-1.9.2/numpy/core/tests/test_getlimits.py,TestPythonFloat,True,1,4,4.0,5,5,5,0,0,0
numpy-1.9.2,numpy-1.9.2/numpy/core/tests/test_getlimits.py,TestHalf,True,1,4,4.0,5,5,5,0,0,0
numpy-1.9.2,numpy-1.9.2/numpy/core/tests/test_getlimits.py,TestSingle,True,1,4,4.0,5,5,5,0,0,0
numpy-1.9.2,numpy-1.9.2/numpy/core/tests/test_getlimits.py,TestDouble,True,1,4,4.0,5,5,5,0,0,0
numpy-1.9.2,numpy-1.9.2/numpy/core/tests/test_getlimits.py,TestLongdouble,True,1,4,4.0,5,5,5,0,0,0
numpy-1.9.2,numpy-1.9.2/numpy/core/tests/test_getlimits.py,TestIinfo,True,2,14,6.5,15,11,14,0,0,1
numpy-1.9.2,numpy-1.9.2/numpy/core/tests/test_getlimits.py,TestRepr,True,2,18,8.5,19,12,14,3,0,2
numpy-1.9.2,numpy-1.9.2/numpy/core/tests/test_half.py,TestHalf,True,13,414,30.76923076923077,415,297,304,49,4,63
numpy-1.9.2,numpy-1.9.2/numpy/core/tests/test_indexerrors.py,TestIndexErrors,True,7,117,15.571428571428571,118,129,91,2,0,20
numpy-1.9.2,numpy-1.9.2/numpy/core/tests/test_indexing.py,TestIndexing,True,26,392,13.153846153846153,393,243,239,79,0,77
numpy-1.9.2,numpy-1.9.2/numpy/core/tests/test_indexing.py,TestFieldIndexing,True,1,6,6.0,7,5,5,2,0,0
numpy-1.9.2,numpy-1.9.2/numpy/core/tests/test_indexing.py,TestBroadcastedAssignments,True,6,62,8.666666666666666,63,47,40,5,0,18
numpy-1.9.2,numpy-1.9.2/numpy/core/tests/test_indexing.py,TestSubclasses,True,3,45,13.666666666666666,46,34,29,6,0,11
numpy-1.9.2,numpy-1.9.2/numpy/core/tests/test_indexing.py,TestFancyIndexingEquivalence,True,2,28,13.0,29,25,19,5,0,5
numpy-1.9.2,numpy-1.9.2/numpy/core/tests/test_indexing.py,TestMultiIndexingAutomated,True,8,403,46.875,404,224,235,94,52,35
numpy-1.9.2,numpy-1.9.2/numpy/core/tests/test_indexing.py,TestCApiAccess,True,2,36,17.5,37,26,26,5,0,6
numpy-1.9.2,numpy-1.9.2/numpy/core/tests/test_item_selection.py,TestTake,True,3,58,18.333333333333332,59,54,51,5,0,3
numpy-1.9.2,numpy-1.9.2/numpy/core/tests/test_machar.py,TestMachAr,True,2,17,8.0,18,15,12,2,2,1
numpy-1.9.2,numpy-1.9.2/numpy/core/tests/test_memmap.py,TestMemmap,True,14,112,7.0,113,90,94,6,0,14
numpy-1.9.2,numpy-1.9.2/numpy/core/tests/test_multiarray.py,TestFlags,True,5,33,5.8,34,29,29,1,0,4
numpy-1.9.2,numpy-1.9.2/numpy/core/tests/test_multiarray.py,TestHash,True,1,19,18.0,20,10,18,1,0,1
numpy-1.9.2,numpy-1.9.2/numpy/core/tests/test_multiarray.py,TestAttributes,True,9,122,12.666666666666666,123,100,100,11,0,12
numpy-1.9.2,numpy-1.9.2/numpy/core/tests/test_multiarray.py,TestArrayConstruction,True,1,38,38.0,39,34,33,0,0,6
numpy-1.9.2,numpy-1.9.2/numpy/core/tests/test_multiarray.py,TestAssignment,True,2,33,16.0,34,21,20,11,0,3
numpy-1.9.2,numpy-1.9.2/numpy/core/tests/test_multiarray.py,TestDtypedescr,True,2,9,4.0,10,9,9,0,0,1
numpy-1.9.2,numpy-1.9.2/numpy/core/tests/test_multiarray.py,TestZeroRank,True,11,74,5.818181818181818,75,70,65,2,0,10
numpy-1.9.2,numpy-1.9.2/numpy/core/tests/test_multiarray.py,TestScalarIndexing,True,8,88,10.125,89,83,69,3,0,17
numpy-1.9.2,numpy-1.9.2/numpy/core/tests/test_multiarray.py,TestCreation,True,13,155,10.846153846153847,156,119,118,7,6,25
numpy-1.9.2,numpy-1.9.2/numpy/core/tests/test_multiarray.py,TestStructured,True,3,131,43.0,132,89,93,24,0,15
numpy-1.9.2,numpy-1.9.2/numpy/core/tests/test_multiarray.py,TestBool,True,6,56,8.333333333333334,57,54,46,5,0,6
numpy-1.9.2,numpy-1.9.2/numpy/core/tests/test_multiarray.py,TestMethods,True,26,1080,40.38461538461539,1081,864,862,104,0,116
numpy-1.9.2,numpy-1.9.2/numpy/core/tests/test_multiarray.py,TestBinop,True,2,177,87.0,178,108,136,16,0,28
numpy-1.9.2,numpy-1.9.2/numpy/core/tests/test_multiarray.py,TestSubscripting,True,1,6,6.0,7,7,7,0,0,0
numpy-1.9.2,numpy-1.9.2/numpy/core/tests/test_multiarray.py,TestPickling,True,9,63,5.777777777777778,64,49,52,3,0,9
numpy-1.9.2,numpy-1.9.2/numpy/core/tests/test_multiarray.py,TestFancyIndexing,True,6,51,7.666666666666667,52,50,46,0,0,6
numpy-1.9.2,numpy-1.9.2/numpy/core/tests/test_multiarray.py,TestStringCompare,True,3,30,9.0,31,28,28,0,0,3
numpy-1.9.2,numpy-1.9.2/numpy/core/tests/test_multiarray.py,TestArgmax,True,4,93,8.25,94,29,78,7,0,13
numpy-1.9.2,numpy-1.9.2/numpy/core/tests/test_multiarray.py,TestArgmin,True,5,107,9.2,108,38,87,7,0,18
numpy-1.9.2,numpy-1.9.2/numpy/core/tests/test_multiarray.py,TestMinMax,True,2,12,5.5,13,11,11,0,0,2
numpy-1.9.2,numpy-1.9.2/numpy/core/tests/test_multiarray.py,TestNewaxis,True,1,4,4.0,5,6,5,0,0,0
numpy-1.9.2,numpy-1.9.2/numpy/core/tests/test_multiarray.py,TestClip,True,5,59,11.0,60,47,50,0,0,10
numpy-1.9.2,numpy-1.9.2/numpy/core/tests/test_multiarray.py,TestPutmask,True,7,47,5.857142857142857,48,35,36,4,0,8
numpy-1.9.2,numpy-1.9.2/numpy/core/tests/test_multiarray.py,TestTake,True,8,48,5.125,49,39,40,1,0,8
numpy-1.9.2,numpy-1.9.2/numpy/core/tests/test_multiarray.py,TestLexsort,True,2,25,12.0,26,22,22,0,0,4
numpy-1.9.2,numpy-1.9.2/numpy/core/tests/test_multiarray.py,TestIO,True,32,253,6.84375,254,195,203,9,3,40
numpy-1.9.2,numpy-1.9.2/numpy/core/tests/test_multiarray.py,TestFromBuffer,True,3,13,3.6666666666666665,14,13,12,0,0,2
numpy-1.9.2,numpy-1.9.2/numpy/core/tests/test_multiarray.py,TestFlat,True,4,44,10.25,45,42,40,0,0,5
numpy-1.9.2,numpy-1.9.2/numpy/core/tests/test_multiarray.py,TestResize,True,8,48,5.125,49,45,41,1,0,7
numpy-1.9.2,numpy-1.9.2/numpy/core/tests/test_multiarray.py,TestRecord,True,5,147,21.6,148,109,119,17,0,12
numpy-1.9.2,numpy-1.9.2/numpy/core/tests/test_multiarray.py,TestView,True,1,9,9.0,10,7,8,2,0,0
numpy-1.9.2,numpy-1.9.2/numpy/core/tests/test_multiarray.py,TestStats,True,12,195,15.0,196,151,151,23,0,22
numpy-1.9.2,numpy-1.9.2/numpy/core/tests/test_multiarray.py,TestDot,True,4,67,16.0,68,55,51,3,0,16
numpy-1.9.2,numpy-1.9.2/numpy/core/tests/test_multiarray.py,TestInner,True,1,7,6.0,8,6,6,1,0,1
numpy-1.9.2,numpy-1.9.2/numpy/core/tests/test_multiarray.py,TestSummarization,True,2,17,8.0,18,13,15,0,0,3
numpy-1.9.2,numpy-1.9.2/numpy/core/tests/test_multiarray.py,TestChoose,True,4,18,3.75,19,16,16,0,0,3
numpy-1.9.2,numpy-1.9.2/numpy/core/tests/test_multiarray.py,TestNeighborhoodIter,True,15,100,5.466666666666667,101,59,77,6,0,18
numpy-1.9.2,numpy-1.9.2/numpy/core/tests/test_multiarray.py,TestStackedNeighborhoodIter,True,4,148,34.5,149,60,115,22,0,12
numpy-1.9.2,numpy-1.9.2/numpy/core/tests/test_multiarray.py,TestWarnings,True,1,9,8.0,10,8,8,0,0,2
numpy-1.9.2,numpy-1.9.2/numpy/core/tests/test_multiarray.py,TestMinScalarType,True,5,25,4.0,26,21,21,0,0,5
numpy-1.9.2,numpy-1.9.2/numpy/core/tests/test_multiarray.py,TestPEP3118Dtype,True,8,78,8.875,79,56,62,6,0,11
numpy-1.9.2,numpy-1.9.2/numpy/core/tests/test_multiarray.py,TestNewBufferProtocol,True,15,264,16.666666666666668,265,161,222,12,0,35
numpy-1.9.2,numpy-1.9.2/numpy/core/tests/test_multiarray.py,TestArrayAttributeDeletion,True,4,32,6.25,33,22,25,0,0,7
numpy-1.9.2,numpy-1.9.2/numpy/core/tests/test_multiarray.py,TestMemEventHook,True,1,9,9.0,10,6,6,4,0,0
numpy-1.9.2,numpy-1.9.2/numpy/core/tests/test_multiarray.py,TestMapIter,True,1,19,19.0,20,12,15,2,0,3
numpy-1.9.2,numpy-1.9.2/numpy/core/tests/test_multiarray.py,TestAsCArray,True,3,14,4.0,15,13,13,0,0,2
numpy-1.9.2,numpy-1.9.2/numpy/core/tests/test_multiarray.py,PriorityNdarray,True,7,34,3.7142857142857144,35,28,28,0,0,7
numpy-1.9.2,numpy-1.9.2/numpy/core/tests/test_multiarray.py,TestArrayPriority,True,6,107,17.0,108,97,97,0,0,11
numpy-1.9.2,numpy-1.9.2/numpy/core/tests/test_multiarray.py,TestConversion,True,1,40,40.0,41,24,32,4,0,5
numpy-1.9.2,numpy-1.9.2/numpy/core/tests/test_multiarray.py,TestWhere,True,7,142,19.428571428571427,143,117,116,9,0,18
numpy-1.9.2,numpy-1.9.2/numpy/core/tests/test_numeric.py,Vec,True,5,18,3.6,19,19,19,1,0,0
numpy-1.9.2,numpy-1.9.2/numpy/core/tests/test_numeric.py,TestDot,True,15,103,5.933333333333334,104,90,90,0,0,14
numpy-1.9.2,numpy-1.9.2/numpy/core/tests/test_numeric.py,TestResize,True,2,15,7.0,16,13,13,0,0,3
numpy-1.9.2,numpy-1.9.2/numpy/core/tests/test_numeric.py,TestNonarrayArgs,True,6,47,6.833333333333333,48,39,39,1,0,8
numpy-1.9.2,numpy-1.9.2/numpy/core/tests/test_numeric.py,TestBoolScalar,True,4,30,6.75,31,28,28,0,0,3
numpy-1.9.2,numpy-1.9.2/numpy/core/tests/test_numeric.py,TestBoolArray,True,4,84,20.25,85,83,78,3,0,4
numpy-1.9.2,numpy-1.9.2/numpy/core/tests/test_numeric.py,TestBoolCmp,True,3,65,21.0,66,78,54,7,0,5
numpy-1.9.2,numpy-1.9.2/numpy/core/tests/test_numeric.py,TestSeterr,True,5,81,15.2,82,63,70,5,0,7
numpy-1.9.2,numpy-1.9.2/numpy/core/tests/test_numeric.py,TestFloatExceptions,True,4,94,22.5,95,76,79,11,0,5
numpy-1.9.2,numpy-1.9.2/numpy/core/tests/test_numeric.py,TestTypes,True,6,253,38.0,254,185,188,34,0,32
numpy-1.9.2,numpy-1.9.2/numpy/core/tests/test_numeric.py,NIterError,True,0,0,0.0,1,2,1,0,0,0
numpy-1.9.2,numpy-1.9.2/numpy/core/tests/test_numeric.py,TestFromiter,True,7,48,6.0,49,37,39,4,0,6
numpy-1.9.2,numpy-1.9.2/numpy/core/tests/test_numeric.py,TestNonzero,True,4,60,14.25,61,49,51,1,0,9
numpy-1.9.2,numpy-1.9.2/numpy/core/tests/test_numeric.py,TestIndex,True,2,14,6.5,15,15,14,0,0,1
numpy-1.9.2,numpy-1.9.2/numpy/core/tests/test_numeric.py,TestBinaryRepr,True,3,9,2.3333333333333335,10,8,8,0,0,2
numpy-1.9.2,numpy-1.9.2/numpy/core/tests/test_numeric.py,TestBaseRepr,True,3,13,3.6666666666666665,14,12,12,0,0,2
numpy-1.9.2,numpy-1.9.2/numpy/core/tests/test_numeric.py,TestArrayComparisons,True,2,49,24.0,50,48,48,0,0,2
numpy-1.9.2,numpy-1.9.2/numpy/core/tests/test_numeric.py,TestClip,True,45,427,8.466666666666667,428,340,338,44,0,46
numpy-1.9.2,numpy-1.9.2/numpy/core/tests/test_numeric.py,TestAllclose,True,8,69,7.25,70,36,52,3,0,15
numpy-1.9.2,numpy-1.9.2/numpy/core/tests/test_numeric.py,TestIsclose,True,12,116,8.5,117,64,99,2,0,16
numpy-1.9.2,numpy-1.9.2/numpy/core/tests/test_numeric.py,TestStdVar,True,6,36,5.166666666666667,37,28,32,0,0,5
numpy-1.9.2,numpy-1.9.2/numpy/core/tests/test_numeric.py,TestStdVarComplex,True,2,9,4.0,10,9,9,0,0,1
numpy-1.9.2,numpy-1.9.2/numpy/core/tests/test_numeric.py,TestCreationFuncs,True,7,69,8.714285714285714,70,52,57,4,0,10
numpy-1.9.2,numpy-1.9.2/numpy/core/tests/test_numeric.py,TestLikeFuncs,True,7,115,15.285714285714286,116,76,97,12,0,13
numpy-1.9.2,numpy-1.9.2/numpy/core/tests/test_numeric.py,_TestCorrelate,True,3,19,5.666666666666667,20,18,18,0,0,2
numpy-1.9.2,numpy-1.9.2/numpy/core/tests/test_numeric.py,TestCorrelate,True,4,23,4.0,24,18,18,3,0,3
numpy-1.9.2,numpy-1.9.2/numpy/core/tests/test_numeric.py,TestCorrelateNew,True,1,11,10.0,12,10,9,2,0,1
numpy-1.9.2,numpy-1.9.2/numpy/core/tests/test_numeric.py,TestArgwhere,True,2,10,4.5,11,6,10,0,0,1
numpy-1.9.2,numpy-1.9.2/numpy/core/tests/test_numeric.py,TestStringFunction,True,1,11,11.0,12,13,11,0,0,1
numpy-1.9.2,numpy-1.9.2/numpy/core/tests/test_numeric.py,TestRoll,True,3,19,5.666666666666667,20,16,16,0,0,4
numpy-1.9.2,numpy-1.9.2/numpy/core/tests/test_numeric.py,TestCross,True,5,71,13.4,72,64,64,1,0,7
numpy-1.9.2,numpy-1.9.2/numpy/core/tests/test_numerictypes.py,create_zeros,True,3,31,9.0,32,28,22,3,0,3
numpy-1.9.2,numpy-1.9.2/numpy/core/tests/test_numerictypes.py,test_create_zeros_plain,True,0,2,0.0,3,3,2,0,0,0
numpy-1.9.2,numpy-1.9.2/numpy/core/tests/test_numerictypes.py,test_create_zeros_nested,True,0,2,0.0,3,3,2,0,0,0
numpy-1.9.2,numpy-1.9.2/numpy/core/tests/test_numerictypes.py,create_values,True,3,28,8.0,29,26,22,0,0,3
numpy-1.9.2,numpy-1.9.2/numpy/core/tests/test_numerictypes.py,test_create_values_plain_single,True,0,4,0.0,5,5,4,0,0,0
numpy-1.9.2,numpy-1.9.2/numpy/core/tests/test_numerictypes.py,test_create_values_plain_multiple,True,0,4,0.0,5,5,4,0,0,0
numpy-1.9.2,numpy-1.9.2/numpy/core/tests/test_numerictypes.py,test_create_values_nested_single,True,0,4,0.0,5,5,4,0,0,0
numpy-1.9.2,numpy-1.9.2/numpy/core/tests/test_numerictypes.py,test_create_values_nested_multiple,True,0,4,0.0,5,5,4,0,0,0
numpy-1.9.2,numpy-1.9.2/numpy/core/tests/test_numerictypes.py,read_values_plain,True,1,17,15.0,18,14,16,0,0,1
numpy-1.9.2,numpy-1.9.2/numpy/core/tests/test_numerictypes.py,test_read_values_plain_single,True,0,4,0.0,5,5,4,0,0,0
numpy-1.9.2,numpy-1.9.2/numpy/core/tests/test_numerictypes.py,test_read_values_plain_multiple,True,0,4,0.0,5,5,4,0,0,0
numpy-1.9.2,numpy-1.9.2/numpy/core/tests/test_numerictypes.py,read_values_nested,True,5,85,15.4,86,52,73,0,0,7
numpy-1.9.2,numpy-1.9.2/numpy/core/tests/test_numerictypes.py,test_read_values_nested_single,True,0,4,0.0,5,5,4,0,0,0
numpy-1.9.2,numpy-1.9.2/numpy/core/tests/test_numerictypes.py,test_read_values_nested_multiple,True,0,4,0.0,5,5,4,0,0,0
numpy-1.9.2,numpy-1.9.2/numpy/core/tests/test_numerictypes.py,TestEmptyField,True,1,5,5.0,6,6,6,0,0,0
numpy-1.9.2,numpy-1.9.2/numpy/core/tests/test_numerictypes.py,TestCommonType,True,5,15,3.0,16,16,16,1,0,0
numpy-1.9.2,numpy-1.9.2/numpy/core/tests/test_numerictypes.py,TestMultipleFields,True,4,11,2.75,12,12,12,0,0,0
numpy-1.9.2,numpy-1.9.2/numpy/core/tests/test_records.py,TestFromrecords,True,11,111,9.181818181818182,112,87,100,1,0,11
numpy-1.9.2,numpy-1.9.2/numpy/core/tests/test_records.py,TestRecord,True,7,40,4.857142857142857,41,31,33,1,0,6
numpy-1.9.2,numpy-1.9.2/numpy/core/tests/test_regression.py,TestRegression,True,227,2079,8.070484581497798,2080,1592,1479,157,13,302
numpy-1.9.2,numpy-1.9.2/numpy/core/tests/test_scalarinherit.py,A,True,0,0,0.0,1,2,1,0,0,0
numpy-1.9.2,numpy-1.9.2/numpy/core/tests/test_scalarinherit.py,B,True,0,0,0.0,1,2,1,0,0,0
numpy-1.9.2,numpy-1.9.2/numpy/core/tests/test_scalarinherit.py,C,True,0,0,0.0,1,2,1,0,0,0
numpy-1.9.2,numpy-1.9.2/numpy/core/tests/test_scalarinherit.py,D,True,0,0,0.0,1,2,1,0,0,0
numpy-1.9.2,numpy-1.9.2/numpy/core/tests/test_scalarinherit.py,B0,True,0,0,0.0,1,2,1,0,0,0
numpy-1.9.2,numpy-1.9.2/numpy/core/tests/test_scalarinherit.py,C0,True,0,0,0.0,1,2,1,0,0,0
numpy-1.9.2,numpy-1.9.2/numpy/core/tests/test_scalarinherit.py,TestInherit,True,2,12,6.0,13,13,13,0,0,0
numpy-1.9.2,numpy-1.9.2/numpy/core/tests/test_scalarmath.py,TestTypes,True,4,36,8.25,37,23,25,9,0,3
numpy-1.9.2,numpy-1.9.2/numpy/core/tests/test_scalarmath.py,TestBaseMath,True,2,41,20.0,42,32,34,4,0,4
numpy-1.9.2,numpy-1.9.2/numpy/core/tests/test_scalarmath.py,TestPower,True,3,30,9.666666666666666,31,27,30,0,0,1
numpy-1.9.2,numpy-1.9.2/numpy/core/tests/test_scalarmath.py,TestComplexDivision,True,1,16,16.0,17,17,17,0,0,0
numpy-1.9.2,numpy-1.9.2/numpy/core/tests/test_scalarmath.py,TestConversion,True,5,80,15.2,81,57,63,5,0,13
numpy-1.9.2,numpy-1.9.2/numpy/core/tests/test_scalarmath.py,TestRepr,True,2,30,14.5,31,26,26,4,0,1
numpy-1.9.2,numpy-1.9.2/numpy/core/tests/test_scalarprint.py,TestRealScalars,True,1,15,15.0,16,8,15,0,0,1
numpy-1.9.2,numpy-1.9.2/numpy/core/tests/test_shape_base.py,TestAtleast1d,True,5,38,6.8,39,34,33,0,2,4
numpy-1.9.2,numpy-1.9.2/numpy/core/tests/test_shape_base.py,TestAtleast2d,True,5,36,6.4,37,32,31,0,2,4
numpy-1.9.2,numpy-1.9.2/numpy/core/tests/test_shape_base.py,TestAtleast3d,True,4,29,6.5,30,28,27,0,0,3
numpy-1.9.2,numpy-1.9.2/numpy/core/tests/test_shape_base.py,TestHstack,True,3,20,6.0,21,19,19,0,0,2
numpy-1.9.2,numpy-1.9.2/numpy/core/tests/test_shape_base.py,TestVstack,True,4,27,6.0,28,25,25,0,0,3
numpy-1.9.2,numpy-1.9.2/numpy/core/tests/test_ufunc.py,TestUfunc,True,46,1137,23.652173913043477,1138,750,767,106,119,145
numpy-1.9.2,numpy-1.9.2/numpy/core/tests/test_umath.py,_FilterInvalids,True,2,5,2.0,6,5,5,0,0,1
numpy-1.9.2,numpy-1.9.2/numpy/core/tests/test_umath.py,TestConstants,True,3,10,2.0,11,7,7,0,0,4
numpy-1.9.2,numpy-1.9.2/numpy/core/tests/test_umath.py,TestOut,True,1,28,28.0,29,24,24,0,0,5
numpy-1.9.2,numpy-1.9.2/numpy/core/tests/test_umath.py,TestDivision,True,4,47,11.0,48,39,40,5,0,3
numpy-1.9.2,numpy-1.9.2/numpy/core/tests/test_umath.py,TestPower,True,4,91,21.75,92,65,73,6,0,13
numpy-1.9.2,numpy-1.9.2/numpy/core/tests/test_umath.py,TestLog2,True,3,28,8.666666666666666,29,24,24,2,0,3
numpy-1.9.2,numpy-1.9.2/numpy/core/tests/test_umath.py,TestExp2,True,1,7,7.0,8,8,8,0,0,0
numpy-1.9.2,numpy-1.9.2/numpy/core/tests/test_umath.py,TestLogAddExp2,True,4,39,8.75,40,36,36,1,0,3
numpy-1.9.2,numpy-1.9.2/numpy/core/tests/test_umath.py,TestLog,True,1,8,8.0,9,9,9,0,0,0
numpy-1.9.2,numpy-1.9.2/numpy/core/tests/test_umath.py,TestExp,True,1,8,8.0,9,9,9,0,0,0
numpy-1.9.2,numpy-1.9.2/numpy/core/tests/test_umath.py,TestLogAddExp,True,4,38,8.75,39,36,36,0,0,3
numpy-1.9.2,numpy-1.9.2/numpy/core/tests/test_umath.py,TestLog1p,True,2,11,5.0,12,11,11,0,0,1
numpy-1.9.2,numpy-1.9.2/numpy/core/tests/test_umath.py,TestExpm1,True,2,10,4.5,11,10,10,0,0,1
numpy-1.9.2,numpy-1.9.2/numpy/core/tests/test_umath.py,TestHypot,True,1,3,3.0,4,4,4,0,0,0
numpy-1.9.2,numpy-1.9.2/numpy/core/tests/test_umath.py,TestHypotSpecialValues,True,3,14,4.0,15,13,13,0,0,2
numpy-1.9.2,numpy-1.9.2/numpy/core/tests/test_umath.py,TestArctan2SpecialValues,True,13,66,4.153846153846154,67,42,42,13,0,12
numpy-1.9.2,numpy-1.9.2/numpy/core/tests/test_umath.py,TestLdexp,True,3,25,7.666666666666667,26,18,21,3,0,2
numpy-1.9.2,numpy-1.9.2/numpy/core/tests/test_umath.py,TestMaximum,True,5,44,8.0,45,44,41,0,0,4
numpy-1.9.2,numpy-1.9.2/numpy/core/tests/test_umath.py,TestMinimum,True,5,44,8.0,45,44,41,0,0,4
numpy-1.9.2,numpy-1.9.2/numpy/core/tests/test_umath.py,TestFmax,True,4,39,9.0,40,40,37,0,0,3
numpy-1.9.2,numpy-1.9.2/numpy/core/tests/test_umath.py,TestFmin,True,4,39,9.0,40,40,37,0,0,3
numpy-1.9.2,numpy-1.9.2/numpy/core/tests/test_umath.py,TestBool,True,1,15,15.0,16,13,13,3,0,0
numpy-1.9.2,numpy-1.9.2/numpy/core/tests/test_umath.py,TestFloatingPoint,True,1,2,2.0,3,3,3,0,0,0
numpy-1.9.2,numpy-1.9.2/numpy/core/tests/test_umath.py,TestDegrees,True,1,3,3.0,4,4,4,0,0,0
numpy-1.9.2,numpy-1.9.2/numpy/core/tests/test_umath.py,TestRadians,True,1,3,3.0,4,4,4,0,0,0
numpy-1.9.2,numpy-1.9.2/numpy/core/tests/test_umath.py,TestSign,True,1,11,11.0,12,11,11,0,0,1
numpy-1.9.2,numpy-1.9.2/numpy/core/tests/test_umath.py,TestMinMax,True,2,24,11.5,25,21,19,4,0,2
numpy-1.9.2,numpy-1.9.2/numpy/core/tests/test_umath.py,TestAbsoluteNegative,True,2,40,19.5,41,34,33,4,0,4
numpy-1.9.2,numpy-1.9.2/numpy/core/tests/test_umath.py,TestSpecialMethods,True,15,425,27.066666666666666,426,341,351,26,0,54
numpy-1.9.2,numpy-1.9.2/numpy/core/tests/test_umath.py,TestChoose,True,1,4,4.0,5,5,5,0,0,0
numpy-1.9.2,numpy-1.9.2/numpy/core/tests/test_umath.py,TestComplexFunctions,True,8,178,20.5,179,125,132,14,0,32
numpy-1.9.2,numpy-1.9.2/numpy/core/tests/test_umath.py,TestAttributes,True,1,9,9.0,10,10,10,1,0,0
numpy-1.9.2,numpy-1.9.2/numpy/core/tests/test_umath.py,TestSubclass,True,1,8,8.0,9,9,9,0,0,0
numpy-1.9.2,numpy-1.9.2/numpy/core/tests/test_umath_complex.py,TestCexp,True,3,100,32.0,101,62,62,16,0,23
numpy-1.9.2,numpy-1.9.2/numpy/core/tests/test_umath_complex.py,TestClog,True,2,142,69.5,143,99,99,22,0,22
numpy-1.9.2,numpy-1.9.2/numpy/core/tests/test_umath_complex.py,TestCsqrt,True,3,72,21.666666666666668,73,40,40,16,0,17
numpy-1.9.2,numpy-1.9.2/numpy/core/tests/test_umath_complex.py,TestCpow,True,5,38,6.8,39,29,29,6,0,4
numpy-1.9.2,numpy-1.9.2/numpy/core/tests/test_umath_complex.py,TestCabs,True,5,59,11.0,60,42,42,5,0,13
numpy-1.9.2,numpy-1.9.2/numpy/core/tests/test_umath_complex.py,TestCarg,True,3,64,19.0,65,35,36,14,0,15
numpy-1.9.2,numpy-1.9.2/numpy/core/tests/test_unicode.py,create_zeros,True,4,34,7.25,35,26,21,5,0,5
numpy-1.9.2,numpy-1.9.2/numpy/core/tests/test_unicode.py,test_create_zeros_1,True,0,2,0.0,3,3,2,0,0,0
numpy-1.9.2,numpy-1.9.2/numpy/core/tests/test_unicode.py,test_create_zeros_2,True,0,2,0.0,3,3,2,0,0,0
numpy-1.9.2,numpy-1.9.2/numpy/core/tests/test_unicode.py,test_create_zeros_1009,True,0,2,0.0,3,3,2,0,0,0
numpy-1.9.2,numpy-1.9.2/numpy/core/tests/test_unicode.py,create_values,True,4,42,9.25,43,29,25,9,0,5
numpy-1.9.2,numpy-1.9.2/numpy/core/tests/test_unicode.py,test_create_values_1_ucs2,True,0,3,0.0,4,4,3,0,0,0
numpy-1.9.2,numpy-1.9.2/numpy/core/tests/test_unicode.py,test_create_values_1_ucs4,True,0,3,0.0,4,4,3,0,0,0
numpy-1.9.2,numpy-1.9.2/numpy/core/tests/test_unicode.py,test_create_values_2_ucs2,True,0,3,0.0,4,4,3,0,0,0
numpy-1.9.2,numpy-1.9.2/numpy/core/tests/test_unicode.py,test_create_values_2_ucs4,True,0,3,0.0,4,4,3,0,0,0
numpy-1.9.2,numpy-1.9.2/numpy/core/tests/test_unicode.py,test_create_values_1009_ucs2,True,0,3,0.0,4,4,3,0,0,0
numpy-1.9.2,numpy-1.9.2/numpy/core/tests/test_unicode.py,test_create_values_1009_ucs4,True,0,3,0.0,4,4,3,0,0,0
numpy-1.9.2,numpy-1.9.2/numpy/core/tests/test_unicode.py,assign_values,True,4,47,10.5,48,34,30,9,0,5
numpy-1.9.2,numpy-1.9.2/numpy/core/tests/test_unicode.py,test_assign_values_1_ucs2,True,0,3,0.0,4,4,3,0,0,0
numpy-1.9.2,numpy-1.9.2/numpy/core/tests/test_unicode.py,test_assign_values_1_ucs4,True,0,3,0.0,4,4,3,0,0,0
numpy-1.9.2,numpy-1.9.2/numpy/core/tests/test_unicode.py,test_assign_values_2_ucs2,True,0,3,0.0,4,4,3,0,0,0
numpy-1.9.2,numpy-1.9.2/numpy/core/tests/test_unicode.py,test_assign_values_2_ucs4,True,0,3,0.0,4,4,3,0,0,0
numpy-1.9.2,numpy-1.9.2/numpy/core/tests/test_unicode.py,test_assign_values_1009_ucs2,True,0,3,0.0,4,4,3,0,0,0
numpy-1.9.2,numpy-1.9.2/numpy/core/tests/test_unicode.py,test_assign_values_1009_ucs4,True,0,3,0.0,4,4,3,0,0,0
numpy-1.9.2,numpy-1.9.2/numpy/core/tests/test_unicode.py,byteorder_values,True,3,34,10.0,35,25,22,6,0,3
numpy-1.9.2,numpy-1.9.2/numpy/core/tests/test_unicode.py,test_byteorder_1_ucs2,True,0,3,0.0,4,4,3,0,0,0
numpy-1.9.2,numpy-1.9.2/numpy/core/tests/test_unicode.py,test_byteorder_1_ucs4,True,0,3,0.0,4,4,3,0,0,0
numpy-1.9.2,numpy-1.9.2/numpy/core/tests/test_unicode.py,test_byteorder_2_ucs2,True,0,3,0.0,4,4,3,0,0,0
numpy-1.9.2,numpy-1.9.2/numpy/core/tests/test_unicode.py,test_byteorder_2_ucs4,True,0,3,0.0,4,4,3,0,0,0
numpy-1.9.2,numpy-1.9.2/numpy/core/tests/test_unicode.py,test_byteorder_1009_ucs2,True,0,3,0.0,4,4,3,0,0,0
numpy-1.9.2,numpy-1.9.2/numpy/core/tests/test_unicode.py,test_byteorder_1009_ucs4,True,0,3,0.0,4,4,3,0,0,0
numpy-1.9.2,numpy-1.9.2/numpy/distutils/cpuinfo.py,CPUInfoBase,False,6,33,4.0,34,28,25,0,3,6
numpy-1.9.2,numpy-1.9.2/numpy/distutils/cpuinfo.py,LinuxCPUInfo,False,46,194,2.891304347826087,195,117,137,6,0,53
numpy-1.9.2,numpy-1.9.2/numpy/distutils/cpuinfo.py,IRIXCPUInfo,False,37,55,1.2972972972972974,56,82,50,0,0,6
numpy-1.9.2,numpy-1.9.2/numpy/distutils/cpuinfo.py,DarwinCPUInfo,False,25,43,1.44,44,56,38,0,0,6
numpy-1.9.2,numpy-1.9.2/numpy/distutils/cpuinfo.py,SunOSCPUInfo,False,25,72,2.52,73,61,65,0,0,8
numpy-1.9.2,numpy-1.9.2/numpy/distutils/cpuinfo.py,Win32CPUInfo,False,31,179,4.258064516129032,180,118,133,10,0,37
numpy-1.9.2,numpy-1.9.2/numpy/distutils/environment.py,EnvironmentConfig,False,8,64,7.125,65,58,58,0,0,7
numpy-1.9.2,numpy-1.9.2/numpy/distutils/extension.py,Extension,False,3,66,21.333333333333332,67,27,55,6,0,6
numpy-1.9.2,numpy-1.9.2/numpy/distutils/intelccompiler.py,IntelCCompiler,False,1,14,9.0,15,10,13,0,0,1
numpy-1.9.2,numpy-1.9.2/numpy/distutils/intelccompiler.py,IntelItaniumCCompiler,False,0,7,0.0,8,5,5,2,0,1
numpy-1.9.2,numpy-1.9.2/numpy/distutils/intelccompiler.py,IntelEM64TCCompiler,False,1,14,9.0,15,10,13,0,2,0
numpy-1.9.2,numpy-1.9.2/numpy/distutils/log.py,Log,False,2,24,11.5,25,20,19,0,4,2
numpy-1.9.2,numpy-1.9.2/numpy/distutils/mingw32ccompiler.py,Mingw32CCompiler,False,3,191,60.333333333333336,192,75,127,45,2,20
numpy-1.9.2,numpy-1.9.2/numpy/distutils/misc_util.py,InstallableLib,False,1,25,4.0,26,6,5,0,17,4
numpy-1.9.2,numpy-1.9.2/numpy/distutils/misc_util.py,Configuration,False,38,1359,34.39473684210526,1360,706,737,22,430,174
numpy-1.9.2,numpy-1.9.2/numpy/distutils/npy_pkg_config.py,FormatError,False,2,9,2.0,10,6,5,0,3,2
numpy-1.9.2,numpy-1.9.2/numpy/distutils/npy_pkg_config.py,PkgNotFound,False,2,6,2.0,7,6,5,0,0,1
numpy-1.9.2,numpy-1.9.2/numpy/distutils/npy_pkg_config.py,LibraryInfo,False,5,71,8.2,72,30,28,0,33,11
numpy-1.9.2,numpy-1.9.2/numpy/distutils/npy_pkg_config.py,VariableSet,False,7,66,6.714285714285714,67,32,30,3,19,15
numpy-1.9.2,numpy-1.9.2/numpy/distutils/numpy_distribution.py,NumpyDistribution,False,2,11,5.0,12,8,8,3,0,1
numpy-1.9.2,numpy-1.9.2/numpy/distutils/pathccompiler.py,PathScaleCCompiler,False,1,18,9.0,19,10,13,0,3,3
numpy-1.9.2,numpy-1.9.2/numpy/distutils/system_info.py,NotFoundError,False,0,1,0.0,2,2,1,0,0,0
numpy-1.9.2,numpy-1.9.2/numpy/distutils/system_info.py,AtlasNotFoundError,False,0,5,0.0,6,2,1,0,5,0
numpy-1.9.2,numpy-1.9.2/numpy/distutils/system_info.py,LapackNotFoundError,False,0,5,0.0,6,2,1,0,5,0
numpy-1.9.2,numpy-1.9.2/numpy/distutils/system_info.py,LapackSrcNotFoundError,False,0,5,0.0,6,2,1,0,5,0
numpy-1.9.2,numpy-1.9.2/numpy/distutils/system_info.py,BlasNotFoundError,False,0,5,0.0,6,2,1,0,5,0
numpy-1.9.2,numpy-1.9.2/numpy/distutils/system_info.py,BlasSrcNotFoundError,False,0,5,0.0,6,2,1,0,5,0
numpy-1.9.2,numpy-1.9.2/numpy/distutils/system_info.py,FFTWNotFoundError,False,0,5,0.0,6,2,1,0,5,0
numpy-1.9.2,numpy-1.9.2/numpy/distutils/system_info.py,DJBFFTNotFoundError,False,0,5,0.0,6,2,1,0,5,0
numpy-1.9.2,numpy-1.9.2/numpy/distutils/system_info.py,NumericNotFoundError,False,0,3,0.0,4,2,1,0,3,0
numpy-1.9.2,numpy-1.9.2/numpy/distutils/system_info.py,X11NotFoundError,False,0,1,0.0,2,2,1,0,0,0
numpy-1.9.2,numpy-1.9.2/numpy/distutils/system_info.py,UmfpackNotFoundError,False,0,5,0.0,6,2,1,0,5,0
numpy-1.9.2,numpy-1.9.2/numpy/distutils/system_info.py,system_info,False,18,296,14.833333333333334,297,233,232,19,20,28
numpy-1.9.2,numpy-1.9.2/numpy/distutils/system_info.py,fft_opt_info,False,1,11,10.0,12,11,11,0,0,1
numpy-1.9.2,numpy-1.9.2/numpy/distutils/system_info.py,fftw_info,False,2,44,15.0,45,35,41,1,0,2
numpy-1.9.2,numpy-1.9.2/numpy/distutils/system_info.py,fftw2_info,False,0,9,0.0,10,6,9,1,0,0
numpy-1.9.2,numpy-1.9.2/numpy/distutils/system_info.py,fftw3_info,False,0,9,0.0,10,6,9,1,0,0
numpy-1.9.2,numpy-1.9.2/numpy/distutils/system_info.py,dfftw_info,False,0,6,0.0,7,5,7,0,0,0
numpy-1.9.2,numpy-1.9.2/numpy/distutils/system_info.py,sfftw_info,False,0,6,0.0,7,5,7,0,0,0
numpy-1.9.2,numpy-1.9.2/numpy/distutils/system_info.py,fftw_threads_info,False,0,6,0.0,7,5,7,0,0,0
numpy-1.9.2,numpy-1.9.2/numpy/distutils/system_info.py,dfftw_threads_info,False,0,6,0.0,7,5,7,0,0,0
numpy-1.9.2,numpy-1.9.2/numpy/distutils/system_info.py,sfftw_threads_info,False,0,6,0.0,7,5,7,0,0,0
numpy-1.9.2,numpy-1.9.2/numpy/distutils/system_info.py,djbfft_info,False,2,33,14.0,34,33,32,0,0,2
numpy-1.9.2,numpy-1.9.2/numpy/distutils/system_info.py,mkl_info,False,3,69,21.0,70,60,64,5,0,3
numpy-1.9.2,numpy-1.9.2/numpy/distutils/system_info.py,lapack_mkl_info,False,1,14,13.0,15,13,13,0,0,2
numpy-1.9.2,numpy-1.9.2/numpy/distutils/system_info.py,blas_mkl_info,False,0,1,0.0,2,2,2,0,0,0
numpy-1.9.2,numpy-1.9.2/numpy/distutils/system_info.py,atlas_info,False,2,107,47.0,108,86,100,1,0,7
numpy-1.9.2,numpy-1.9.2/numpy/distutils/system_info.py,atlas_blas_info,False,1,25,23.0,26,21,22,0,0,4
numpy-1.9.2,numpy-1.9.2/numpy/distutils/system_info.py,atlas_threads_info,False,0,2,0.0,3,3,3,0,0,0
numpy-1.9.2,numpy-1.9.2/numpy/distutils/system_info.py,atlas_blas_threads_info,False,0,2,0.0,3,3,3,0,0,0
numpy-1.9.2,numpy-1.9.2/numpy/distutils/system_info.py,lapack_atlas_info,False,0,1,0.0,2,2,2,0,0,0
numpy-1.9.2,numpy-1.9.2/numpy/distutils/system_info.py,lapack_atlas_threads_info,False,0,1,0.0,2,2,2,0,0,0
numpy-1.9.2,numpy-1.9.2/numpy/distutils/system_info.py,atlas_3_10_info,False,0,3,0.0,4,4,4,0,0,0
numpy-1.9.2,numpy-1.9.2/numpy/distutils/system_info.py,atlas_3_10_blas_info,False,1,26,24.0,27,22,23,0,0,4
numpy-1.9.2,numpy-1.9.2/numpy/distutils/system_info.py,atlas_3_10_threads_info,False,0,6,0.0,7,5,5,2,0,0
numpy-1.9.2,numpy-1.9.2/numpy/distutils/system_info.py,atlas_3_10_blas_threads_info,False,0,2,0.0,3,3,3,0,0,0
numpy-1.9.2,numpy-1.9.2/numpy/distutils/system_info.py,lapack_atlas_3_10_info,False,0,1,0.0,2,2,2,0,0,0
numpy-1.9.2,numpy-1.9.2/numpy/distutils/system_info.py,lapack_atlas_3_10_threads_info,False,0,1,0.0,2,2,2,0,0,0
numpy-1.9.2,numpy-1.9.2/numpy/distutils/system_info.py,lapack_info,False,1,14,9.0,15,13,13,0,0,2
numpy-1.9.2,numpy-1.9.2/numpy/distutils/system_info.py,lapack_src_info,False,2,114,54.5,115,43,101,23,0,4
numpy-1.9.2,numpy-1.9.2/numpy/distutils/system_info.py,lapack_opt_info,False,1,98,95.0,99,77,84,4,0,11
numpy-1.9.2,numpy-1.9.2/numpy/distutils/system_info.py,blas_opt_info,False,1,80,77.0,81,63,71,1,0,9
numpy-1.9.2,numpy-1.9.2/numpy/distutils/system_info.py,blas_info,False,1,14,9.0,15,13,13,1,0,2
numpy-1.9.2,numpy-1.9.2/numpy/distutils/system_info.py,openblas_info,False,2,23,8.5,24,19,19,2,0,5
numpy-1.9.2,numpy-1.9.2/numpy/distutils/system_info.py,openblas_lapack_info,False,1,30,25.0,31,24,30,0,0,1
numpy-1.9.2,numpy-1.9.2/numpy/distutils/system_info.py,blas_src_info,False,2,49,22.0,50,27,46,2,0,2
numpy-1.9.2,numpy-1.9.2/numpy/distutils/system_info.py,x11_info,False,2,25,10.5,26,22,24,0,0,2
numpy-1.9.2,numpy-1.9.2/numpy/distutils/system_info.py,_numpy_info,False,2,74,34.5,75,55,62,9,0,4
numpy-1.9.2,numpy-1.9.2/numpy/distutils/system_info.py,numarray_info,False,0,2,0.0,3,3,3,0,0,0
numpy-1.9.2,numpy-1.9.2/numpy/distutils/system_info.py,Numeric_info,False,0,2,0.0,3,3,3,0,0,0
numpy-1.9.2,numpy-1.9.2/numpy/distutils/system_info.py,numpy_info,False,0,2,0.0,3,3,3,0,0,0
numpy-1.9.2,numpy-1.9.2/numpy/distutils/system_info.py,numerix_info,False,1,34,32.0,35,31,33,1,0,1
numpy-1.9.2,numpy-1.9.2/numpy/distutils/system_info.py,f2py_info,False,1,9,9.0,10,9,10,0,0,0
numpy-1.9.2,numpy-1.9.2/numpy/distutils/system_info.py,boost_python_info,False,2,36,16.0,37,30,35,0,0,2
numpy-1.9.2,numpy-1.9.2/numpy/distutils/system_info.py,agg2_info,False,2,39,17.5,40,28,37,0,0,3
numpy-1.9.2,numpy-1.9.2/numpy/distutils/system_info.py,_pkg_config_info,False,3,82,23.666666666666668,83,81,80,0,0,3
numpy-1.9.2,numpy-1.9.2/numpy/distutils/system_info.py,wx_info,False,0,8,0.0,9,9,9,0,0,0
numpy-1.9.2,numpy-1.9.2/numpy/distutils/system_info.py,gdk_pixbuf_xlib_2_info,False,0,3,0.0,4,4,4,0,0,0
numpy-1.9.2,numpy-1.9.2/numpy/distutils/system_info.py,gdk_pixbuf_2_info,False,0,3,0.0,4,4,4,0,0,0
numpy-1.9.2,numpy-1.9.2/numpy/distutils/system_info.py,gdk_x11_2_info,False,0,3,0.0,4,4,4,0,0,0
numpy-1.9.2,numpy-1.9.2/numpy/distutils/system_info.py,gdk_2_info,False,0,3,0.0,4,4,4,0,0,0
numpy-1.9.2,numpy-1.9.2/numpy/distutils/system_info.py,gdk_info,False,0,3,0.0,4,4,4,0,0,0
numpy-1.9.2,numpy-1.9.2/numpy/distutils/system_info.py,gtkp_x11_2_info,False,0,3,0.0,4,4,4,0,0,0
numpy-1.9.2,numpy-1.9.2/numpy/distutils/system_info.py,gtkp_2_info,False,0,3,0.0,4,4,4,0,0,0
numpy-1.9.2,numpy-1.9.2/numpy/distutils/system_info.py,xft_info,False,0,3,0.0,4,4,4,0,0,0
numpy-1.9.2,numpy-1.9.2/numpy/distutils/system_info.py,freetype2_info,False,0,3,0.0,4,4,4,0,0,0
numpy-1.9.2,numpy-1.9.2/numpy/distutils/system_info.py,amd_info,False,1,27,23.0,28,21,23,0,0,5
numpy-1.9.2,numpy-1.9.2/numpy/distutils/system_info.py,umfpack_info,False,1,31,26.0,32,24,26,0,0,6
numpy-1.9.2,numpy-1.9.2/numpy/distutils/command/bdist_rpm.py,bdist_rpm,False,1,14,13.0,15,11,11,2,0,2
numpy-1.9.2,numpy-1.9.2/numpy/distutils/command/build.py,build,False,3,30,4.0,31,17,25,0,0,6
numpy-1.9.2,numpy-1.9.2/numpy/distutils/command/build_clib.py,build_clib,False,7,259,34.57142857142857,260,164,207,12,0,41
numpy-1.9.2,numpy-1.9.2/numpy/distutils/command/build_ext.py,build_ext,False,9,473,50.111111111111114,474,317,385,36,0,55
numpy-1.9.2,numpy-1.9.2/numpy/distutils/command/build_py.py,build_py,False,3,24,7.0,25,21,18,1,0,6
numpy-1.9.2,numpy-1.9.2/numpy/distutils/command/build_scripts.py,build_scripts,False,3,41,12.666666666666666,42,33,33,3,0,6
numpy-1.9.2,numpy-1.9.2/numpy/distutils/command/build_src.py,build_src,False,19,695,34.473684210526315,696,536,588,32,0,84
numpy-1.9.2,numpy-1.9.2/numpy/distutils/command/config.py,config,False,16,434,25.9375,435,248,336,30,29,39
numpy-1.9.2,numpy-1.9.2/numpy/distutils/command/config.py,GrabStdout,False,4,15,2.75,16,12,12,0,0,4
numpy-1.9.2,numpy-1.9.2/numpy/distutils/command/config_compiler.py,config_fc,False,3,66,12.0,67,45,54,1,4,8
numpy-1.9.2,numpy-1.9.2/numpy/distutils/command/config_compiler.py,config_cc,False,3,40,9.333333333333334,41,35,32,1,3,5
numpy-1.9.2,numpy-1.9.2/numpy/distutils/command/develop.py,develop,False,1,7,6.0,8,6,6,2,0,0
numpy-1.9.2,numpy-1.9.2/numpy/distutils/command/egg_info.py,egg_info,False,1,6,6.0,7,4,4,3,0,0
numpy-1.9.2,numpy-1.9.2/numpy/distutils/command/install.py,install,False,3,68,19.666666666666668,69,37,40,17,4,8
numpy-1.9.2,numpy-1.9.2/numpy/distutils/command/install_clib.py,install_clib,False,4,31,6.0,32,24,24,1,0,7
numpy-1.9.2,numpy-1.9.2/numpy/distutils/command/install_data.py,install_data,False,2,15,6.5,16,7,11,2,0,3
numpy-1.9.2,numpy-1.9.2/numpy/distutils/command/install_headers.py,install_headers,False,1,21,20.0,22,19,19,1,0,2
numpy-1.9.2,numpy-1.9.2/numpy/distutils/command/sdist.py,sdist,False,1,18,17.0,19,16,14,0,0,5
numpy-1.9.2,numpy-1.9.2/numpy/distutils/fcompiler/absoft.py,AbsoftFCompiler,False,11,134,8.545454545454545,135,94,105,15,0,17
numpy-1.9.2,numpy-1.9.2/numpy/distutils/fcompiler/compaq.py,CompaqFCompiler,False,5,36,2.6,37,24,32,1,0,5
numpy-1.9.2,numpy-1.9.2/numpy/distutils/fcompiler/compaq.py,CompaqVisualFCompiler,False,4,63,2.25,64,47,56,1,0,8
numpy-1.9.2,numpy-1.9.2/numpy/distutils/fcompiler/g95.py,G95FCompiler,False,3,30,2.0,31,15,22,5,0,4
numpy-1.9.2,numpy-1.9.2/numpy/distutils/fcompiler/gnu.py,GnuFCompiler,False,11,193,12.363636363636363,194,122,131,42,0,20
numpy-1.9.2,numpy-1.9.2/numpy/distutils/fcompiler/gnu.py,Gnu95FCompiler,False,8,128,11.125,129,92,103,13,0,12
numpy-1.9.2,numpy-1.9.2/numpy/distutils/fcompiler/hpux.py,HPUXFCompiler,False,5,30,2.6,31,20,27,4,0,2
numpy-1.9.2,numpy-1.9.2/numpy/distutils/fcompiler/ibm.py,IBMFCompiler,False,5,76,11.4,77,57,63,6,0,8
numpy-1.9.2,numpy-1.9.2/numpy/distutils/fcompiler/intel.py,BaseIntelFCompiler,False,1,4,4.0,5,4,5,0,0,0
numpy-1.9.2,numpy-1.9.2/numpy/distutils/fcompiler/intel.py,IntelFCompiler,False,5,49,4.6,50,33,39,4,0,9
numpy-1.9.2,numpy-1.9.2/numpy/distutils/fcompiler/intel.py,IntelItaniumFCompiler,False,0,17,0.0,18,8,15,0,0,3
numpy-1.9.2,numpy-1.9.2/numpy/distutils/fcompiler/intel.py,IntelEM64TFCompiler,False,3,27,2.3333333333333335,28,14,21,1,0,6
numpy-1.9.2,numpy-1.9.2/numpy/distutils/fcompiler/intel.py,IntelVisualFCompiler,False,6,43,2.5,44,27,35,4,0,9
numpy-1.9.2,numpy-1.9.2/numpy/distutils/fcompiler/intel.py,IntelItaniumVisualFCompiler,False,0,17,0.0,18,8,15,1,0,3
numpy-1.9.2,numpy-1.9.2/numpy/distutils/fcompiler/intel.py,IntelEM64VisualFCompiler,False,1,7,2.0,8,6,6,0,0,2
numpy-1.9.2,numpy-1.9.2/numpy/distutils/fcompiler/lahey.py,LaheyFCompiler,False,4,32,3.5,33,22,29,2,0,4
numpy-1.9.2,numpy-1.9.2/numpy/distutils/fcompiler/mips.py,MIPSFCompiler,False,5,44,5.2,45,40,42,2,0,3
numpy-1.9.2,numpy-1.9.2/numpy/distutils/fcompiler/nag.py,NAGFCompiler,False,4,29,3.5,30,20,27,0,0,3
numpy-1.9.2,numpy-1.9.2/numpy/distutils/fcompiler/none.py,NoneFCompiler,False,1,16,2.0,17,7,14,0,0,3
numpy-1.9.2,numpy-1.9.2/numpy/distutils/fcompiler/pathf95.py,PathScaleFCompiler,False,2,22,2.0,23,13,20,1,0,3
numpy-1.9.2,numpy-1.9.2/numpy/distutils/fcompiler/pg.py,PGroupFCompiler,False,3,43,2.3333333333333335,44,24,38,0,0,6
numpy-1.9.2,numpy-1.9.2/numpy/distutils/fcompiler/sun.py,SunFCompiler,False,4,36,3.75,37,24,32,2,0,3
numpy-1.9.2,numpy-1.9.2/numpy/distutils/fcompiler/vast.py,VastFCompiler,False,3,39,5.0,40,25,33,4,0,5
numpy-1.9.2,numpy-1.9.2/numpy/distutils/fcompiler/__init__.py,CompilerNotFound,False,0,1,0.0,2,2,2,0,0,0
numpy-1.9.2,numpy-1.9.2/numpy/distutils/fcompiler/__init__.py,FCompiler,False,32,637,13.5625,638,401,442,52,50,86
numpy-1.9.2,numpy-1.9.2/numpy/distutils/tests/test_exec_command.py,redirect_stdout,True,3,13,3.3333333333333335,14,11,10,1,0,2
numpy-1.9.2,numpy-1.9.2/numpy/distutils/tests/test_exec_command.py,redirect_stderr,True,3,13,3.3333333333333335,14,11,10,1,0,2
numpy-1.9.2,numpy-1.9.2/numpy/distutils/tests/test_exec_command.py,emulate_nonposix,True,3,10,2.3333333333333335,11,9,8,0,0,2
numpy-1.9.2,numpy-1.9.2/numpy/distutils/tests/test_fcompiler_gnu.py,TestG77Versions,True,2,11,5.0,12,11,11,0,0,1
numpy-1.9.2,numpy-1.9.2/numpy/distutils/tests/test_fcompiler_gnu.py,TestGortranVersions,True,2,11,5.0,12,11,11,0,0,1
numpy-1.9.2,numpy-1.9.2/numpy/distutils/tests/test_fcompiler_intel.py,TestIntelFCompilerVersions,True,1,5,5.0,6,6,6,0,0,0
numpy-1.9.2,numpy-1.9.2/numpy/distutils/tests/test_fcompiler_intel.py,TestIntelEM64TFCompilerVersions,True,1,5,5.0,6,6,6,0,0,0
numpy-1.9.2,numpy-1.9.2/numpy/distutils/tests/test_misc_util.py,TestAppendpath,True,3,22,6.333333333333333,23,14,20,0,0,3
numpy-1.9.2,numpy-1.9.2/numpy/distutils/tests/test_misc_util.py,TestMinrelpath,True,1,12,11.0,13,13,12,0,0,1
numpy-1.9.2,numpy-1.9.2/numpy/distutils/tests/test_misc_util.py,TestGpaths,True,1,7,6.0,8,7,7,0,0,1
numpy-1.9.2,numpy-1.9.2/numpy/distutils/tests/test_misc_util.py,TestSharedExtension,True,1,14,13.0,15,13,13,1,0,1
numpy-1.9.2,numpy-1.9.2/numpy/distutils/tests/test_npy_pkg_config.py,TestLibraryInfo,True,2,36,17.5,37,33,33,0,0,4
numpy-1.9.2,numpy-1.9.2/numpy/distutils/tests/test_npy_pkg_config.py,TestParseFlags,True,2,20,9.5,21,17,17,0,0,4
numpy-1.9.2,numpy-1.9.2/numpy/distutils/tests/f2py_ext/tests/test_fib2.py,TestFib2,True,1,3,2.0,4,3,3,0,0,1
numpy-1.9.2,numpy-1.9.2/numpy/distutils/tests/f2py_f90_ext/tests/test_foo.py,TestFoo,True,1,2,2.0,3,3,3,0,0,0
numpy-1.9.2,numpy-1.9.2/numpy/distutils/tests/gen_ext/tests/test_fib3.py,TestFib3,True,1,2,2.0,3,3,3,0,0,0
numpy-1.9.2,numpy-1.9.2/numpy/distutils/tests/pyrex_ext/tests/test_primes.py,TestPrimes,True,1,3,3.0,4,4,4,0,0,0
numpy-1.9.2,numpy-1.9.2/numpy/distutils/tests/swig_ext/tests/test_example.py,TestExample,True,2,7,3.0,8,7,7,0,0,1
numpy-1.9.2,numpy-1.9.2/numpy/distutils/tests/swig_ext/tests/test_example2.py,TestExample2,True,1,5,5.0,6,6,6,0,0,0
numpy-1.9.2,numpy-1.9.2/numpy/f2py/auxfuncs.py,F2PYError,False,0,1,0.0,2,2,2,0,0,0
numpy-1.9.2,numpy-1.9.2/numpy/f2py/auxfuncs.py,throw_error,False,2,5,2.5,6,6,6,0,0,0
numpy-1.9.2,numpy-1.9.2/numpy/f2py/tests/test_array_from_pyobj.py,Intent,True,6,24,4.0,25,27,25,0,0,0
numpy-1.9.2,numpy-1.9.2/numpy/f2py/tests/test_array_from_pyobj.py,Type,True,7,56,6.857142857142857,57,51,50,0,0,7
numpy-1.9.2,numpy-1.9.2/numpy/f2py/tests/test_array_from_pyobj.py,Array,True,4,96,23.25,97,73,80,6,2,14
numpy-1.9.2,numpy-1.9.2/numpy/f2py/tests/test_array_from_pyobj.py,test_intent,True,1,7,7.0,8,8,8,0,0,0
numpy-1.9.2,numpy-1.9.2/numpy/f2py/tests/test_array_from_pyobj.py,_test_shared_memory,True,21,252,11.0,253,215,220,3,0,33
numpy-1.9.2,numpy-1.9.2/numpy/f2py/tests/test_assumed_shape.py,TestAssumedShapeSumExample,True,1,19,12.0,20,14,18,0,0,2
numpy-1.9.2,numpy-1.9.2/numpy/f2py/tests/test_callback.py,TestF77Callback,True,4,118,18.25,119,54,101,0,0,18
numpy-1.9.2,numpy-1.9.2/numpy/f2py/tests/test_kind.py,TestKind,True,1,15,11.0,16,10,13,0,0,3
numpy-1.9.2,numpy-1.9.2/numpy/f2py/tests/test_mixed.py,TestMixed,True,2,22,7.5,23,11,19,0,0,4
numpy-1.9.2,numpy-1.9.2/numpy/f2py/tests/test_regression.py,TestIntentInOut,True,1,13,9.0,14,10,9,3,0,2
numpy-1.9.2,numpy-1.9.2/numpy/f2py/tests/test_return_character.py,TestReturnCharacter,True,1,18,18.0,19,20,17,2,0,0
numpy-1.9.2,numpy-1.9.2/numpy/f2py/tests/test_return_character.py,TestF77ReturnCharacter,True,1,52,3.0,53,6,51,0,0,2
numpy-1.9.2,numpy-1.9.2/numpy/f2py/tests/test_return_character.py,TestF90ReturnCharacter,True,1,56,3.0,57,7,55,0,0,2
numpy-1.9.2,numpy-1.9.2/numpy/f2py/tests/test_return_complex.py,TestReturnComplex,True,1,43,43.0,44,37,37,3,0,4
numpy-1.9.2,numpy-1.9.2/numpy/f2py/tests/test_return_complex.py,TestF77ReturnComplex,True,1,52,3.0,53,6,51,0,0,2
numpy-1.9.2,numpy-1.9.2/numpy/f2py/tests/test_return_complex.py,TestF90ReturnComplex,True,1,56,3.0,57,7,55,0,0,2
numpy-1.9.2,numpy-1.9.2/numpy/f2py/tests/test_return_integer.py,TestReturnInteger,True,1,31,31.0,32,27,27,1,0,4
numpy-1.9.2,numpy-1.9.2/numpy/f2py/tests/test_return_integer.py,TestF77ReturnInteger,True,1,63,3.0,64,6,62,0,0,2
numpy-1.9.2,numpy-1.9.2/numpy/f2py/tests/test_return_integer.py,TestF90ReturnInteger,True,1,67,3.0,68,7,66,0,0,2
numpy-1.9.2,numpy-1.9.2/numpy/f2py/tests/test_return_logical.py,TestReturnLogical,True,1,40,40.0,41,41,41,0,0,0
numpy-1.9.2,numpy-1.9.2/numpy/f2py/tests/test_return_logical.py,TestF77ReturnLogical,True,1,63,3.0,64,6,62,0,0,2
numpy-1.9.2,numpy-1.9.2/numpy/f2py/tests/test_return_logical.py,TestF90ReturnLogical,True,1,67,3.0,68,7,66,0,0,2
numpy-1.9.2,numpy-1.9.2/numpy/f2py/tests/test_return_real.py,TestReturnReal,True,1,40,40.0,41,36,36,2,0,4
numpy-1.9.2,numpy-1.9.2/numpy/f2py/tests/test_return_real.py,TestCReturnReal,True,1,35,3.0,36,8,35,0,0,1
numpy-1.9.2,numpy-1.9.2/numpy/f2py/tests/test_return_real.py,TestF77ReturnReal,True,1,52,3.0,53,6,51,0,0,2
numpy-1.9.2,numpy-1.9.2/numpy/f2py/tests/test_return_real.py,TestF90ReturnReal,True,1,56,3.0,57,7,55,0,0,2
numpy-1.9.2,numpy-1.9.2/numpy/f2py/tests/test_size.py,TestSizeSumExample,True,3,29,7.0,30,22,23,0,0,7
numpy-1.9.2,numpy-1.9.2/numpy/f2py/tests/util.py,F2PyTest,True,1,46,37.0,47,34,39,2,0,6
numpy-1.9.2,numpy-1.9.2/numpy/fft/tests/test_fftpack.py,TestFFTShift,True,1,3,2.0,4,3,3,0,0,1
numpy-1.9.2,numpy-1.9.2/numpy/fft/tests/test_fftpack.py,TestFFT1D,True,1,5,4.0,6,5,5,0,0,1
numpy-1.9.2,numpy-1.9.2/numpy/fft/tests/test_fftpack.py,TestFFTThreadSafe,True,5,36,5.8,37,25,27,2,0,8
numpy-1.9.2,numpy-1.9.2/numpy/fft/tests/test_helper.py,TestFFTShift,True,3,25,7.333333333333333,26,21,23,0,0,3
numpy-1.9.2,numpy-1.9.2/numpy/fft/tests/test_helper.py,TestFFTFreq,True,1,8,7.0,9,8,8,0,0,1
numpy-1.9.2,numpy-1.9.2/numpy/fft/tests/test_helper.py,TestRFFTFreq,True,1,8,7.0,9,8,8,0,0,1
numpy-1.9.2,numpy-1.9.2/numpy/fft/tests/test_helper.py,TestIRFFTN,True,1,9,8.0,10,6,6,1,0,3
numpy-1.9.2,numpy-1.9.2/numpy/lib/arrayterator.py,Arrayterator,False,7,206,18.428571428571427,207,80,75,14,86,33
numpy-1.9.2,numpy-1.9.2/numpy/lib/function_base.py,vectorize,False,4,248,32.75,249,86,88,21,95,44
numpy-1.9.2,numpy-1.9.2/numpy/lib/index_tricks.py,nd_grid,False,4,129,16.5,130,64,67,0,49,14
numpy-1.9.2,numpy-1.9.2/numpy/lib/index_tricks.py,AxisConcatenator,False,5,123,22.4,124,109,110,1,4,9
numpy-1.9.2,numpy-1.9.2/numpy/lib/index_tricks.py,RClass,False,1,96,2.0,97,4,3,0,76,18
numpy-1.9.2,numpy-1.9.2/numpy/lib/index_tricks.py,CClass,False,1,19,2.0,20,4,3,0,12,5
numpy-1.9.2,numpy-1.9.2/numpy/lib/index_tricks.py,ndenumerate,False,3,47,5.666666666666667,48,10,8,0,29,11
numpy-1.9.2,numpy-1.9.2/numpy/lib/index_tricks.py,ndindex,False,4,64,7.5,65,17,16,0,36,13
numpy-1.9.2,numpy-1.9.2/numpy/lib/index_tricks.py,IndexExpression,False,2,51,3.5,52,9,8,0,34,10
numpy-1.9.2,numpy-1.9.2/numpy/lib/npyio.py,BagObj,False,2,38,4.0,39,9,8,1,24,6
numpy-1.9.2,numpy-1.9.2/numpy/lib/npyio.py,NpzFile,False,12,148,6.75,149,68,61,11,53,22
numpy-1.9.2,numpy-1.9.2/numpy/lib/polynomial.py,RankWarning,False,0,8,0.0,9,3,2,0,5,2
numpy-1.9.2,numpy-1.9.2/numpy/lib/polynomial.py,poly1d,False,26,334,7.730769230769231,335,186,182,1,85,67
numpy-1.9.2,numpy-1.9.2/numpy/lib/stride_tricks.py,DummyArray,False,1,7,3.0,8,5,4,0,3,1
numpy-1.9.2,numpy-1.9.2/numpy/lib/user_array.py,container,False,66,237,2.5,238,168,168,2,0,68
numpy-1.9.2,numpy-1.9.2/numpy/lib/utils.py,_Deprecate,False,2,59,23.5,60,41,39,0,10,10
numpy-1.9.2,numpy-1.9.2/numpy/lib/utils.py,SafeEval,False,0,111,0.0,112,73,77,0,9,26
numpy-1.9.2,numpy-1.9.2/numpy/lib/_datasource.py,_FileOpeners,False,4,64,9.5,65,27,24,0,30,11
numpy-1.9.2,numpy-1.9.2/numpy/lib/_datasource.py,DataSource,False,13,347,22.076923076923077,348,143,130,38,113,65
numpy-1.9.2,numpy-1.9.2/numpy/lib/_datasource.py,Repository,False,8,162,14.5,163,34,27,1,100,33
numpy-1.9.2,numpy-1.9.2/numpy/lib/_iotools.py,LineSplitter,False,6,93,11.333333333333334,94,52,49,8,26,11
numpy-1.9.2,numpy-1.9.2/numpy/lib/_iotools.py,NameValidator,False,3,154,32.0,155,72,66,11,63,15
numpy-1.9.2,numpy-1.9.2/numpy/lib/_iotools.py,ConverterError,False,0,5,0.0,6,3,2,0,3,1
numpy-1.9.2,numpy-1.9.2/numpy/lib/_iotools.py,ConverterLockError,False,0,5,0.0,6,3,2,0,3,1
numpy-1.9.2,numpy-1.9.2/numpy/lib/_iotools.py,ConversionWarning,False,0,10,0.0,11,3,2,0,7,2
numpy-1.9.2,numpy-1.9.2/numpy/lib/_iotools.py,StringConverter,False,11,345,24.09090909090909,346,180,181,36,101,25
numpy-1.9.2,numpy-1.9.2/numpy/lib/_version.py,NumpyVersion,False,11,138,8.272727272727273,139,86,81,2,28,26
numpy-1.9.2,numpy-1.9.2/numpy/lib/tests/test_arraypad.py,TestStatistic,True,10,217,20.8,218,51,189,0,0,29
numpy-1.9.2,numpy-1.9.2/numpy/lib/tests/test_arraypad.py,TestConstant,True,1,23,23.0,24,6,22,0,0,2
numpy-1.9.2,numpy-1.9.2/numpy/lib/tests/test_arraypad.py,TestLinearRamp,True,1,23,23.0,24,6,22,0,0,2
numpy-1.9.2,numpy-1.9.2/numpy/lib/tests/test_arraypad.py,TestReflect,True,6,83,13.0,84,28,73,0,0,11
numpy-1.9.2,numpy-1.9.2/numpy/lib/tests/test_arraypad.py,TestWrap,True,4,93,22.5,94,20,87,0,0,7
numpy-1.9.2,numpy-1.9.2/numpy/lib/tests/test_arraypad.py,TestStatLen,True,1,20,20.0,21,7,19,0,0,2
numpy-1.9.2,numpy-1.9.2/numpy/lib/tests/test_arraypad.py,TestEdge,True,1,18,18.0,19,7,17,0,0,2
numpy-1.9.2,numpy-1.9.2/numpy/lib/tests/test_arraypad.py,TestZeroPadWidth,True,1,5,5.0,6,6,6,0,0,0
numpy-1.9.2,numpy-1.9.2/numpy/lib/tests/test_arraypad.py,ValueError1,True,3,20,6.0,21,16,19,0,0,2
numpy-1.9.2,numpy-1.9.2/numpy/lib/tests/test_arraypad.py,ValueError2,True,1,6,6.0,7,6,7,0,0,0
numpy-1.9.2,numpy-1.9.2/numpy/lib/tests/test_arraypad.py,ValueError3,True,1,6,6.0,7,6,7,0,0,0
numpy-1.9.2,numpy-1.9.2/numpy/lib/tests/test_arraysetops.py,TestSetOps,True,12,282,22.5,283,212,212,14,0,56
numpy-1.9.2,numpy-1.9.2/numpy/lib/tests/test_financial.py,TestFinancial,True,13,148,10.461538461538462,149,68,111,14,0,24
numpy-1.9.2,numpy-1.9.2/numpy/lib/tests/test_format.py,BytesIOSRandomSize,True,1,4,4.0,5,5,5,0,0,0
numpy-1.9.2,numpy-1.9.2/numpy/lib/tests/test_function_base.py,TestAny,True,2,13,6.0,14,13,13,0,0,1
numpy-1.9.2,numpy-1.9.2/numpy/lib/tests/test_function_base.py,TestAll,True,2,14,6.5,15,14,14,0,0,1
numpy-1.9.2,numpy-1.9.2/numpy/lib/tests/test_function_base.py,TestCopy,True,2,24,11.5,25,21,21,3,0,1
numpy-1.9.2,numpy-1.9.2/numpy/lib/tests/test_function_base.py,TestAverage,True,3,73,23.666666666666668,74,54,54,5,0,15
numpy-1.9.2,numpy-1.9.2/numpy/lib/tests/test_function_base.py,TestSelect,True,7,69,8.0,70,51,56,4,0,10
numpy-1.9.2,numpy-1.9.2/numpy/lib/tests/test_function_base.py,TestInsert,True,6,97,15.333333333333334,98,80,80,8,0,10
numpy-1.9.2,numpy-1.9.2/numpy/lib/tests/test_function_base.py,TestAmax,True,1,8,8.0,9,7,9,0,0,0
numpy-1.9.2,numpy-1.9.2/numpy/lib/tests/test_function_base.py,TestAmin,True,1,8,8.0,9,7,9,0,0,0
numpy-1.9.2,numpy-1.9.2/numpy/lib/tests/test_function_base.py,TestPtp,True,1,8,8.0,9,7,9,0,0,0
numpy-1.9.2,numpy-1.9.2/numpy/lib/tests/test_function_base.py,TestCumsum,True,1,18,18.0,19,13,16,0,0,3
numpy-1.9.2,numpy-1.9.2/numpy/lib/tests/test_function_base.py,TestProd,True,1,17,17.0,18,15,18,0,0,0
numpy-1.9.2,numpy-1.9.2/numpy/lib/tests/test_function_base.py,TestCumprod,True,1,23,23.0,24,15,24,0,0,0
numpy-1.9.2,numpy-1.9.2/numpy/lib/tests/test_function_base.py,TestDiff,True,2,19,9.0,20,23,19,0,0,1
numpy-1.9.2,numpy-1.9.2/numpy/lib/tests/test_function_base.py,TestDelete,True,7,61,7.857142857142857,62,55,54,2,0,6
numpy-1.9.2,numpy-1.9.2/numpy/lib/tests/test_function_base.py,TestGradient,True,6,63,9.666666666666666,64,36,48,11,0,5
numpy-1.9.2,numpy-1.9.2/numpy/lib/tests/test_function_base.py,TestAngle,True,1,12,12.0,13,9,13,0,0,0
numpy-1.9.2,numpy-1.9.2/numpy/lib/tests/test_function_base.py,TestTrimZeros,True,3,16,4.0,17,14,13,0,2,2
numpy-1.9.2,numpy-1.9.2/numpy/lib/tests/test_function_base.py,TestExtins,True,3,18,5.333333333333333,19,17,17,0,0,2
numpy-1.9.2,numpy-1.9.2/numpy/lib/tests/test_function_base.py,TestVectorize,True,17,168,8.823529411764707,169,147,136,5,0,20
numpy-1.9.2,numpy-1.9.2/numpy/lib/tests/test_function_base.py,TestDigitize,True,8,53,5.75,54,47,47,0,0,7
numpy-1.9.2,numpy-1.9.2/numpy/lib/tests/test_function_base.py,TestUnwrap,True,1,5,5.0,6,4,4,2,0,0
numpy-1.9.2,numpy-1.9.2/numpy/lib/tests/test_function_base.py,TestFilterwindows,True,4,27,6.0,28,17,17,8,0,3
numpy-1.9.2,numpy-1.9.2/numpy/lib/tests/test_function_base.py,TestTrapz,True,4,68,16.25,69,60,53,7,0,10
numpy-1.9.2,numpy-1.9.2/numpy/lib/tests/test_function_base.py,TestSinc,True,2,13,6.0,14,12,12,1,0,1
numpy-1.9.2,numpy-1.9.2/numpy/lib/tests/test_function_base.py,TestHistogram,True,11,149,12.636363636363637,150,100,103,22,0,25
numpy-1.9.2,numpy-1.9.2/numpy/lib/tests/test_function_base.py,TestHistogramdd,True,9,129,13.444444444444445,130,92,107,6,4,12
numpy-1.9.2,numpy-1.9.2/numpy/lib/tests/test_function_base.py,TestUnique,True,1,8,8.0,9,9,9,0,0,0
numpy-1.9.2,numpy-1.9.2/numpy/lib/tests/test_function_base.py,TestCheckFinite,True,2,13,6.0,14,13,12,0,0,1
numpy-1.9.2,numpy-1.9.2/numpy/lib/tests/test_function_base.py,TestCorrCoef,True,7,56,4.285714285714286,57,31,50,0,0,7
numpy-1.9.2,numpy-1.9.2/numpy/lib/tests/test_function_base.py,TestCov,True,5,28,4.8,29,22,25,0,0,4
numpy-1.9.2,numpy-1.9.2/numpy/lib/tests/test_function_base.py,Test_I0,True,1,22,22.0,23,7,21,0,0,2
numpy-1.9.2,numpy-1.9.2/numpy/lib/tests/test_function_base.py,TestKaiser,True,2,15,7.0,16,9,15,0,0,1
numpy-1.9.2,numpy-1.9.2/numpy/lib/tests/test_function_base.py,TestMsort,True,1,9,9.0,10,4,10,0,0,0
numpy-1.9.2,numpy-1.9.2/numpy/lib/tests/test_function_base.py,TestMeshgrid,True,6,50,7.5,51,29,40,4,0,7
numpy-1.9.2,numpy-1.9.2/numpy/lib/tests/test_function_base.py,TestPiecewise,True,5,51,9.4,52,35,34,7,0,11
numpy-1.9.2,numpy-1.9.2/numpy/lib/tests/test_function_base.py,TestBincount,True,10,62,5.3,63,53,53,0,0,10
numpy-1.9.2,numpy-1.9.2/numpy/lib/tests/test_function_base.py,TestInterp,True,6,42,6.166666666666667,43,38,38,0,0,5
numpy-1.9.2,numpy-1.9.2/numpy/lib/tests/test_function_base.py,TestScoreatpercentile,True,20,301,14.0,302,213,250,9,0,43
numpy-1.9.2,numpy-1.9.2/numpy/lib/tests/test_function_base.py,TestMedian,True,9,152,16.0,153,115,136,2,0,15
numpy-1.9.2,numpy-1.9.2/numpy/lib/tests/test_function_base.py,TestAdd_newdoc_ufunc,True,2,7,2.5,8,6,6,0,0,2
numpy-1.9.2,numpy-1.9.2/numpy/lib/tests/test_function_base.py,TestAdd_newdoc,True,1,8,6.0,9,8,7,1,0,1
numpy-1.9.2,numpy-1.9.2/numpy/lib/tests/test_index_tricks.py,TestRavelUnravelIndex,True,3,73,23.666666666666668,74,47,66,2,0,6
numpy-1.9.2,numpy-1.9.2/numpy/lib/tests/test_index_tricks.py,TestGrid,True,3,30,9.333333333333334,31,38,29,0,0,2
numpy-1.9.2,numpy-1.9.2/numpy/lib/tests/test_index_tricks.py,TestConcatenator,True,4,25,5.5,26,28,23,1,0,3
numpy-1.9.2,numpy-1.9.2/numpy/lib/tests/test_index_tricks.py,TestNdenumerate,True,1,4,4.0,5,4,5,0,0,0
numpy-1.9.2,numpy-1.9.2/numpy/lib/tests/test_index_tricks.py,TestIndexExpression,True,2,11,5.0,12,13,9,1,0,2
numpy-1.9.2,numpy-1.9.2/numpy/lib/tests/test_io.py,TextIO,True,3,16,2.0,17,8,7,0,6,4
numpy-1.9.2,numpy-1.9.2/numpy/lib/tests/test_io.py,RoundtripTest,True,8,104,11.875,105,74,69,3,13,20
numpy-1.9.2,numpy-1.9.2/numpy/lib/tests/test_io.py,TestSaveLoad,True,1,5,5.0,6,6,6,0,0,0
numpy-1.9.2,numpy-1.9.2/numpy/lib/tests/test_io.py,TestSavezLoad,True,8,136,15.875,137,101,102,21,0,14
numpy-1.9.2,numpy-1.9.2/numpy/lib/tests/test_io.py,TestSaveTxt,True,9,159,16.77777777777778,160,114,129,11,3,17
numpy-1.9.2,numpy-1.9.2/numpy/lib/tests/test_io.py,TestLoadTxt,True,23,306,12.347826086956522,307,253,264,5,0,37
numpy-1.9.2,numpy-1.9.2/numpy/lib/tests/test_io.py,Testfromregex,True,3,32,9.666666666666666,33,25,27,1,0,5
numpy-1.9.2,numpy-1.9.2/numpy/lib/tests/test_io.py,TestFromTxt,True,63,836,12.26984126984127,837,604,666,55,0,68
numpy-1.9.2,numpy-1.9.2/numpy/lib/tests/test_nanfunctions.py,TestNanFunctions_MinMax,True,9,115,11.444444444444445,116,97,98,6,0,12
numpy-1.9.2,numpy-1.9.2/numpy/lib/tests/test_nanfunctions.py,TestNanFunctions_ArgminArgmax,True,6,56,8.0,57,46,45,5,0,7
numpy-1.9.2,numpy-1.9.2/numpy/lib/tests/test_nanfunctions.py,TestNanFunctions_IntTypes,True,9,57,4.777777777777778,58,44,45,0,0,13
numpy-1.9.2,numpy-1.9.2/numpy/lib/tests/test_nanfunctions.py,TestNanFunctions_Sum,True,11,105,8.545454545454545,106,86,86,9,0,11
numpy-1.9.2,numpy-1.9.2/numpy/lib/tests/test_nanfunctions.py,TestNanFunctions_MeanVarStd,True,15,156,9.2,157,134,134,7,0,16
numpy-1.9.2,numpy-1.9.2/numpy/lib/tests/test_nanfunctions.py,TestNanFunctions_Median,True,10,132,12.2,133,112,110,10,0,14
numpy-1.9.2,numpy-1.9.2/numpy/lib/tests/test_nanfunctions.py,TestNanFunctions_Percentile,True,8,105,12.125,106,92,93,4,0,9
numpy-1.9.2,numpy-1.9.2/numpy/lib/tests/test_polynomial.py,TestDocs,True,8,86,9.875,87,72,72,3,0,12
numpy-1.9.2,numpy-1.9.2/numpy/lib/tests/test_recfunctions.py,TestRecFunctions,True,9,174,18.22222222222222,175,106,128,19,0,28
numpy-1.9.2,numpy-1.9.2/numpy/lib/tests/test_recfunctions.py,TestRecursiveFillFields,True,2,20,9.0,21,13,17,3,0,1
numpy-1.9.2,numpy-1.9.2/numpy/lib/tests/test_recfunctions.py,TestMergeArrays,True,10,130,11.9,131,73,97,16,0,18
numpy-1.9.2,numpy-1.9.2/numpy/lib/tests/test_recfunctions.py,TestAppendFields,True,5,51,9.0,52,27,42,5,0,5
numpy-1.9.2,numpy-1.9.2/numpy/lib/tests/test_recfunctions.py,TestStackArrays,True,8,143,16.875,144,85,121,8,0,15
numpy-1.9.2,numpy-1.9.2/numpy/lib/tests/test_recfunctions.py,TestJoinBy,True,5,84,16.0,85,23,66,10,0,9
numpy-1.9.2,numpy-1.9.2/numpy/lib/tests/test_recfunctions.py,TestJoinBy2,True,5,63,11.6,64,24,54,2,0,8
numpy-1.9.2,numpy-1.9.2/numpy/lib/tests/test_regression.py,TestRegression,True,28,244,7.75,245,166,176,31,0,37
numpy-1.9.2,numpy-1.9.2/numpy/lib/tests/test_shape_base.py,TestApplyAlongAxis,True,3,14,4.0,15,10,13,0,0,2
numpy-1.9.2,numpy-1.9.2/numpy/lib/tests/test_shape_base.py,TestApplyOverAxes,True,1,4,4.0,5,5,5,0,0,0
numpy-1.9.2,numpy-1.9.2/numpy/lib/tests/test_shape_base.py,TestArraySplit,True,8,119,13.875,120,75,96,3,2,19
numpy-1.9.2,numpy-1.9.2/numpy/lib/tests/test_shape_base.py,TestSplit,True,2,13,4.0,14,9,9,3,0,2
numpy-1.9.2,numpy-1.9.2/numpy/lib/tests/test_shape_base.py,TestDstack,True,4,27,6.0,28,25,25,0,0,3
numpy-1.9.2,numpy-1.9.2/numpy/lib/tests/test_shape_base.py,TestHsplit,True,3,23,6.0,24,19,19,0,2,3
numpy-1.9.2,numpy-1.9.2/numpy/lib/tests/test_shape_base.py,TestVsplit,True,2,17,6.5,18,14,14,0,2,2
numpy-1.9.2,numpy-1.9.2/numpy/lib/tests/test_shape_base.py,TestDsplit,True,2,20,8.5,21,13,18,1,0,2
numpy-1.9.2,numpy-1.9.2/numpy/lib/tests/test_shape_base.py,TestSqueeze,True,1,16,16.0,17,14,14,1,0,2
numpy-1.9.2,numpy-1.9.2/numpy/lib/tests/test_shape_base.py,TestKron,True,1,16,16.0,17,15,15,0,0,2
numpy-1.9.2,numpy-1.9.2/numpy/lib/tests/test_shape_base.py,TestTile,True,3,28,8.666666666666666,29,25,26,0,0,3
numpy-1.9.2,numpy-1.9.2/numpy/lib/tests/test_shape_base.py,TestMayShareMemory,True,1,12,12.0,13,19,12,0,0,1
numpy-1.9.2,numpy-1.9.2/numpy/lib/tests/test_twodim_base.py,TestEye,True,7,70,9.142857142857142,71,28,60,0,0,11
numpy-1.9.2,numpy-1.9.2/numpy/lib/tests/test_twodim_base.py,TestDiag,True,5,44,8.0,45,43,41,0,0,4
numpy-1.9.2,numpy-1.9.2/numpy/lib/tests/test_twodim_base.py,TestFliplr,True,1,10,10.0,11,10,11,0,0,0
numpy-1.9.2,numpy-1.9.2/numpy/lib/tests/test_twodim_base.py,TestFlipud,True,1,9,9.0,10,9,10,0,0,0
numpy-1.9.2,numpy-1.9.2/numpy/lib/tests/test_twodim_base.py,TestRot90,True,2,28,13.5,29,19,26,0,0,3
numpy-1.9.2,numpy-1.9.2/numpy/lib/tests/test_twodim_base.py,TestHistogram2d,True,5,63,11.8,64,38,59,1,0,5
numpy-1.9.2,numpy-1.9.2/numpy/lib/tests/test_twodim_base.py,TestTri,True,1,6,6.0,7,5,7,0,0,0
numpy-1.9.2,numpy-1.9.2/numpy/lib/tests/test_twodim_base.py,TestTriuIndices,True,1,46,46.0,47,18,39,4,0,4
numpy-1.9.2,numpy-1.9.2/numpy/lib/tests/test_twodim_base.py,TestTrilIndicesFrom,True,1,3,3.0,4,4,4,0,0,0
numpy-1.9.2,numpy-1.9.2/numpy/lib/tests/test_twodim_base.py,TestTriuIndicesFrom,True,1,3,3.0,4,4,4,0,0,0
numpy-1.9.2,numpy-1.9.2/numpy/lib/tests/test_twodim_base.py,TestVander,True,2,31,15.0,32,21,25,5,0,2
numpy-1.9.2,numpy-1.9.2/numpy/lib/tests/test_type_check.py,TestCommonType,True,1,11,11.0,12,12,12,0,0,0
numpy-1.9.2,numpy-1.9.2/numpy/lib/tests/test_type_check.py,TestMintypecode,True,3,47,14.666666666666666,48,40,40,4,0,4
numpy-1.9.2,numpy-1.9.2/numpy/lib/tests/test_type_check.py,TestIsscalar,True,1,8,7.0,9,8,8,0,0,1
numpy-1.9.2,numpy-1.9.2/numpy/lib/tests/test_type_check.py,TestReal,True,2,8,3.0,9,7,7,0,0,2
numpy-1.9.2,numpy-1.9.2/numpy/lib/tests/test_type_check.py,TestImag,True,2,8,3.0,9,7,7,0,0,2
numpy-1.9.2,numpy-1.9.2/numpy/lib/tests/test_type_check.py,TestIscomplex,True,2,10,4.0,11,9,9,0,0,2
numpy-1.9.2,numpy-1.9.2/numpy/lib/tests/test_type_check.py,TestIsreal,True,2,10,4.0,11,9,9,0,0,2
numpy-1.9.2,numpy-1.9.2/numpy/lib/tests/test_type_check.py,TestIscomplexobj,True,1,6,5.0,7,6,6,0,0,1
numpy-1.9.2,numpy-1.9.2/numpy/lib/tests/test_type_check.py,TestIsrealobj,True,1,5,5.0,6,6,6,0,0,0
numpy-1.9.2,numpy-1.9.2/numpy/lib/tests/test_type_check.py,TestIsnan,True,7,27,2.857142857142857,28,21,21,0,0,7
numpy-1.9.2,numpy-1.9.2/numpy/lib/tests/test_type_check.py,TestIsfinite,True,7,28,2.857142857142857,29,21,21,1,0,7
numpy-1.9.2,numpy-1.9.2/numpy/lib/tests/test_type_check.py,TestIsinf,True,6,26,3.1666666666666665,27,20,20,1,0,6
numpy-1.9.2,numpy-1.9.2/numpy/lib/tests/test_type_check.py,TestIsposinf,True,1,7,6.0,8,7,7,0,0,1
numpy-1.9.2,numpy-1.9.2/numpy/lib/tests/test_type_check.py,TestIsneginf,True,1,7,6.0,8,7,7,0,0,1
numpy-1.9.2,numpy-1.9.2/numpy/lib/tests/test_type_check.py,TestNanToNum,True,5,30,5.0,31,25,25,1,0,5
numpy-1.9.2,numpy-1.9.2/numpy/lib/tests/test_type_check.py,TestRealIfClose,True,1,10,9.0,11,10,10,0,0,1
numpy-1.9.2,numpy-1.9.2/numpy/lib/tests/test_type_check.py,TestArrayConversion,True,1,5,4.0,6,5,5,0,0,1
numpy-1.9.2,numpy-1.9.2/numpy/lib/tests/test_ufunclike.py,TestUfunclike,True,4,52,12.0,53,44,44,0,0,9
numpy-1.9.2,numpy-1.9.2/numpy/lib/tests/test__datasource.py,TestDataSourceOpen,True,9,68,6.666666666666667,69,56,56,5,0,8
numpy-1.9.2,numpy-1.9.2/numpy/lib/tests/test__datasource.py,TestDataSourceExists,True,6,27,3.6666666666666665,28,21,21,2,0,5
numpy-1.9.2,numpy-1.9.2/numpy/lib/tests/test__datasource.py,TestDataSourceAbspath,True,8,62,6.875,63,49,50,4,0,9
numpy-1.9.2,numpy-1.9.2/numpy/lib/tests/test__datasource.py,TestRepositoryAbspath,True,5,30,5.2,31,27,27,0,0,4
numpy-1.9.2,numpy-1.9.2/numpy/lib/tests/test__datasource.py,TestRepositoryExists,True,6,30,4.166666666666667,31,22,22,4,0,5
numpy-1.9.2,numpy-1.9.2/numpy/lib/tests/test__datasource.py,TestOpenFunc,True,3,16,4.666666666666667,17,13,13,2,0,2
numpy-1.9.2,numpy-1.9.2/numpy/lib/tests/test__iotools.py,TestLineSplitter,True,6,59,8.666666666666666,60,50,44,4,0,6
numpy-1.9.2,numpy-1.9.2/numpy/lib/tests/test__iotools.py,TestNameValidator,True,5,46,8.2,47,41,37,0,0,5
numpy-1.9.2,numpy-1.9.2/numpy/lib/tests/test__iotools.py,TestStringConverter,True,10,93,8.2,94,77,72,1,0,10
numpy-1.9.2,numpy-1.9.2/numpy/lib/tests/test__iotools.py,TestMiscFunctions,True,3,87,28.0,88,52,63,19,0,3
numpy-1.9.2,numpy-1.9.2/numpy/linalg/linalg.py,LinAlgError,False,0,27,0.0,28,3,2,0,22,4
numpy-1.9.2,numpy-1.9.2/numpy/linalg/tests/test_build.py,FindDependenciesLdd,True,3,28,8.666666666666666,29,23,23,0,0,6
numpy-1.9.2,numpy-1.9.2/numpy/linalg/tests/test_build.py,TestF77Mismatch,True,1,10,8.0,11,7,11,0,0,0
numpy-1.9.2,numpy-1.9.2/numpy/linalg/tests/test_linalg.py,LinalgCase,True,3,15,4.333333333333333,16,14,14,0,0,2
numpy-1.9.2,numpy-1.9.2/numpy/linalg/tests/test_linalg.py,LinalgTestCase,True,1,2,2.0,3,3,3,0,0,0
numpy-1.9.2,numpy-1.9.2/numpy/linalg/tests/test_linalg.py,LinalgNonsquareTestCase,True,1,2,2.0,3,3,3,0,0,0
numpy-1.9.2,numpy-1.9.2/numpy/linalg/tests/test_linalg.py,LinalgGeneralizedTestCase,True,1,3,2.0,4,4,4,0,0,0
numpy-1.9.2,numpy-1.9.2/numpy/linalg/tests/test_linalg.py,LinalgGeneralizedNonsquareTestCase,True,1,3,2.0,4,4,4,0,0,0
numpy-1.9.2,numpy-1.9.2/numpy/linalg/tests/test_linalg.py,HermitianTestCase,True,1,2,2.0,3,3,3,0,0,0
numpy-1.9.2,numpy-1.9.2/numpy/linalg/tests/test_linalg.py,HermitianGeneralizedTestCase,True,1,3,2.0,4,4,4,0,0,0
numpy-1.9.2,numpy-1.9.2/numpy/linalg/tests/test_linalg.py,TestSolve,True,4,62,14.75,63,60,47,7,0,10
numpy-1.9.2,numpy-1.9.2/numpy/linalg/tests/test_linalg.py,TestInv,True,3,27,8.333333333333334,28,23,24,1,0,3
numpy-1.9.2,numpy-1.9.2/numpy/linalg/tests/test_linalg.py,TestEigvals,True,2,13,6.0,14,13,13,0,0,1
numpy-1.9.2,numpy-1.9.2/numpy/linalg/tests/test_linalg.py,TestEig,True,2,21,10.0,22,18,19,0,0,3
numpy-1.9.2,numpy-1.9.2/numpy/linalg/tests/test_linalg.py,TestSVD,True,2,20,9.5,21,18,19,0,0,2
numpy-1.9.2,numpy-1.9.2/numpy/linalg/tests/test_linalg.py,TestCondSVD,True,1,4,4.0,5,5,5,1,0,0
numpy-1.9.2,numpy-1.9.2/numpy/linalg/tests/test_linalg.py,TestCond2,True,1,4,4.0,5,5,5,1,0,0
numpy-1.9.2,numpy-1.9.2/numpy/linalg/tests/test_linalg.py,TestCondInf,True,1,3,3.0,4,4,4,0,0,0
numpy-1.9.2,numpy-1.9.2/numpy/linalg/tests/test_linalg.py,TestPinv,True,1,4,4.0,5,5,5,0,0,0
numpy-1.9.2,numpy-1.9.2/numpy/linalg/tests/test_linalg.py,TestDet,True,3,39,12.333333333333334,40,36,36,0,0,4
numpy-1.9.2,numpy-1.9.2/numpy/linalg/tests/test_linalg.py,TestLstsq,True,1,23,23.0,24,24,24,0,0,0
numpy-1.9.2,numpy-1.9.2/numpy/linalg/tests/test_linalg.py,TestMatrixPower,True,7,51,5.0,52,47,44,0,0,8
numpy-1.9.2,numpy-1.9.2/numpy/linalg/tests/test_linalg.py,TestBoolPower,True,1,3,3.0,4,4,4,0,0,0
numpy-1.9.2,numpy-1.9.2/numpy/linalg/tests/test_linalg.py,TestEigvalsh,True,4,50,11.75,51,37,39,7,0,5
numpy-1.9.2,numpy-1.9.2/numpy/linalg/tests/test_linalg.py,TestEigh,True,4,57,13.5,58,42,44,7,0,7
numpy-1.9.2,numpy-1.9.2/numpy/linalg/tests/test_linalg.py,_TestNorm,True,8,135,15.5,136,91,97,16,0,23
numpy-1.9.2,numpy-1.9.2/numpy/linalg/tests/test_linalg.py,TestNormDouble,True,0,2,0.0,3,3,3,0,0,0
numpy-1.9.2,numpy-1.9.2/numpy/linalg/tests/test_linalg.py,TestNormSingle,True,0,2,0.0,3,3,3,0,0,0
numpy-1.9.2,numpy-1.9.2/numpy/linalg/tests/test_linalg.py,TestNormInt64,True,0,2,0.0,3,3,3,0,0,0
numpy-1.9.2,numpy-1.9.2/numpy/linalg/tests/test_linalg.py,TestMatrixRank,True,1,17,17.0,18,12,11,7,0,0
numpy-1.9.2,numpy-1.9.2/numpy/linalg/tests/test_linalg.py,TestQR,True,4,83,19.75,84,63,63,12,0,9
numpy-1.9.2,numpy-1.9.2/numpy/linalg/tests/test_regression.py,TestRegression,True,7,74,9.714285714285714,75,46,56,3,2,11
numpy-1.9.2,numpy-1.9.2/numpy/ma/core.py,MAError,False,0,2,0.0,3,3,2,0,0,0
numpy-1.9.2,numpy-1.9.2/numpy/ma/core.py,MaskError,False,0,2,0.0,3,3,2,0,0,0
numpy-1.9.2,numpy-1.9.2/numpy/ma/core.py,_DomainCheckInterval,False,2,18,5.0,19,11,9,0,5,3
numpy-1.9.2,numpy-1.9.2/numpy/ma/core.py,_DomainTan,False,2,12,3.0,13,8,5,0,3,3
numpy-1.9.2,numpy-1.9.2/numpy/ma/core.py,_DomainSafeDivide,False,2,13,5.5,14,9,8,4,0,1
numpy-1.9.2,numpy-1.9.2/numpy/ma/core.py,_DomainGreater,False,2,8,3.0,9,8,5,0,0,1
numpy-1.9.2,numpy-1.9.2/numpy/ma/core.py,_DomainGreaterEqual,False,2,8,3.0,9,8,5,0,0,1
numpy-1.9.2,numpy-1.9.2/numpy/ma/core.py,_MaskedUnaryOperation,False,3,73,18.333333333333332,74,42,39,13,19,2
numpy-1.9.2,numpy-1.9.2/numpy/ma/core.py,_MaskedBinaryOperation,False,6,141,19.5,142,102,96,10,24,10
numpy-1.9.2,numpy-1.9.2/numpy/ma/core.py,_DomainedBinaryOperation,False,3,72,17.0,73,44,41,7,19,5
numpy-1.9.2,numpy-1.9.2/numpy/ma/core.py,_MaskedPrintOption,False,6,29,3.0,30,21,15,0,3,7
numpy-1.9.2,numpy-1.9.2/numpy/ma/core.py,_arraymethod,False,4,66,8.75,67,35,34,4,23,5
numpy-1.9.2,numpy-1.9.2/numpy/ma/core.py,MaskedIterator,False,5,110,11.4,111,38,36,5,57,15
numpy-1.9.2,numpy-1.9.2/numpy/ma/core.py,MaskedArray,False,92,3033,30.27173913043478,3034,1180,1131,280,1255,342
numpy-1.9.2,numpy-1.9.2/numpy/ma/core.py,mvoid,False,10,133,11.9,134,90,86,5,26,15
numpy-1.9.2,numpy-1.9.2/numpy/ma/core.py,MaskedConstant,False,7,27,2.2857142857142856,28,19,18,7,2,1
numpy-1.9.2,numpy-1.9.2/numpy/ma/core.py,_extrema_operation,False,3,52,14.0,53,45,40,2,6,2
numpy-1.9.2,numpy-1.9.2/numpy/ma/core.py,_minimum_operation,False,1,9,8.0,10,8,6,0,3,0
numpy-1.9.2,numpy-1.9.2/numpy/ma/core.py,_maximum_operation,False,1,9,8.0,10,8,6,0,3,0
numpy-1.9.2,numpy-1.9.2/numpy/ma/core.py,_frommethod,False,3,41,10.0,42,28,27,5,7,2
numpy-1.9.2,numpy-1.9.2/numpy/ma/core.py,_convert2ma,False,3,41,9.333333333333334,42,27,25,7,7,2
numpy-1.9.2,numpy-1.9.2/numpy/ma/extras.py,_fromnxfunction,False,3,71,17.333333333333332,72,37,36,0,24,12
numpy-1.9.2,numpy-1.9.2/numpy/ma/extras.py,MAxisConcatenator,False,2,64,26.0,65,54,53,0,7,5
numpy-1.9.2,numpy-1.9.2/numpy/ma/extras.py,mr_class,False,1,17,2.0,18,4,3,0,11,4
numpy-1.9.2,numpy-1.9.2/numpy/ma/mrecords.py,MaskedRecords,False,19,356,16.789473684210527,357,243,247,48,33,21
numpy-1.9.2,numpy-1.9.2/numpy/ma/timer_comparison.py,moduletester,False,13,409,30.153846153846153,410,338,345,45,2,26
numpy-1.9.2,numpy-1.9.2/numpy/ma/tests/test_core.py,TestMaskedArray,True,42,612,13.428571428571429,613,485,486,80,0,48
numpy-1.9.2,numpy-1.9.2/numpy/ma/tests/test_core.py,TestMaskedArrayArithmetic,True,31,529,16.032258064516128,530,420,430,65,0,35
numpy-1.9.2,numpy-1.9.2/numpy/ma/tests/test_core.py,TestMaskedArrayAttributes,True,7,167,22.857142857142858,168,149,139,22,0,7
numpy-1.9.2,numpy-1.9.2/numpy/ma/tests/test_core.py,TestFillingValues,True,11,264,23.0,265,164,177,65,0,23
numpy-1.9.2,numpy-1.9.2/numpy/ma/tests/test_core.py,TestUfuncs,True,7,94,12.285714285714286,95,57,75,12,0,10
numpy-1.9.2,numpy-1.9.2/numpy/ma/tests/test_core.py,TestMaskedArrayInPlaceArithmetics,True,19,275,13.31578947368421,276,212,214,43,0,19
numpy-1.9.2,numpy-1.9.2/numpy/ma/tests/test_core.py,TestMaskedArrayMethods,True,29,645,21.24137931034483,646,445,523,90,0,33
numpy-1.9.2,numpy-1.9.2/numpy/ma/tests/test_core.py,TestMaskedArrayMathMethods,True,13,215,15.538461538461538,216,154,173,27,0,16
numpy-1.9.2,numpy-1.9.2/numpy/ma/tests/test_core.py,TestMaskedArrayMathMethodsComplex,True,2,50,24.0,51,29,45,3,0,3
numpy-1.9.2,numpy-1.9.2/numpy/ma/tests/test_core.py,TestMaskedArrayFunctions,True,27,505,17.666666666666668,506,388,409,66,0,31
numpy-1.9.2,numpy-1.9.2/numpy/ma/tests/test_core.py,TestMaskedFields,True,10,154,14.4,155,112,119,20,0,15
numpy-1.9.2,numpy-1.9.2/numpy/ma/tests/test_core.py,TestMaskedView,True,7,75,9.714285714285714,76,61,61,9,0,6
numpy-1.9.2,numpy-1.9.2/numpy/ma/tests/test_extras.py,TestGeneric,True,5,82,15.4,83,61,63,16,0,4
numpy-1.9.2,numpy-1.9.2/numpy/ma/tests/test_extras.py,TestAverage,True,5,128,24.6,129,103,111,8,0,10
numpy-1.9.2,numpy-1.9.2/numpy/ma/tests/test_extras.py,TestConcatenator,True,2,32,14.5,33,31,27,4,0,2
numpy-1.9.2,numpy-1.9.2/numpy/ma/tests/test_extras.py,TestNotMasked,True,2,58,27.5,59,42,50,7,0,2
numpy-1.9.2,numpy-1.9.2/numpy/ma/tests/test_extras.py,Test2DFunctions,True,3,122,39.666666666666664,123,100,111,10,0,2
numpy-1.9.2,numpy-1.9.2/numpy/ma/tests/test_extras.py,TestApplyAlongAxis,True,2,19,8.0,20,13,13,2,0,5
numpy-1.9.2,numpy-1.9.2/numpy/ma/tests/test_extras.py,TestApplyOverAxes,True,1,10,9.0,11,10,10,1,0,0
numpy-1.9.2,numpy-1.9.2/numpy/ma/tests/test_extras.py,TestMedian,True,7,56,7.142857142857143,57,55,48,3,0,6
numpy-1.9.2,numpy-1.9.2/numpy/ma/tests/test_extras.py,TestCov,True,5,64,11.8,65,47,53,7,0,5
numpy-1.9.2,numpy-1.9.2/numpy/ma/tests/test_extras.py,TestCorrcoef,True,6,61,9.166666666666666,62,44,47,8,0,7
numpy-1.9.2,numpy-1.9.2/numpy/ma/tests/test_extras.py,TestPolynomial,True,1,39,38.0,40,39,32,8,0,0
numpy-1.9.2,numpy-1.9.2/numpy/ma/tests/test_extras.py,TestArraySetOps,True,15,198,12.2,199,150,152,30,0,17
numpy-1.9.2,numpy-1.9.2/numpy/ma/tests/test_extras.py,TestShapeBase,True,1,9,8.0,10,8,8,2,0,0
numpy-1.9.2,numpy-1.9.2/numpy/ma/tests/test_mrecords.py,TestMRecords,True,17,327,18.235294117647058,328,240,267,45,0,16
numpy-1.9.2,numpy-1.9.2/numpy/ma/tests/test_mrecords.py,TestView,True,4,34,7.5,35,30,30,1,0,4
numpy-1.9.2,numpy-1.9.2/numpy/ma/tests/test_mrecords.py,TestMRecordsImport,True,7,105,14.0,106,72,84,16,0,6
numpy-1.9.2,numpy-1.9.2/numpy/ma/tests/test_old_ma.py,TestMa,True,27,628,22.074074074074073,629,553,559,28,0,43
numpy-1.9.2,numpy-1.9.2/numpy/ma/tests/test_old_ma.py,TestUfuncs,True,5,64,12.0,65,42,61,2,0,4
numpy-1.9.2,numpy-1.9.2/numpy/ma/tests/test_old_ma.py,TestArrayMethods,True,8,85,9.5,86,66,75,1,0,10
numpy-1.9.2,numpy-1.9.2/numpy/ma/tests/test_regression.py,TestRegression,True,10,62,5.3,63,42,43,11,0,9
numpy-1.9.2,numpy-1.9.2/numpy/ma/tests/test_subclassing.py,SubArray,True,3,15,3.6666666666666665,16,13,12,2,0,2
numpy-1.9.2,numpy-1.9.2/numpy/ma/tests/test_subclassing.py,MSubArray,True,3,17,4.333333333333333,18,15,15,0,0,3
numpy-1.9.2,numpy-1.9.2/numpy/ma/tests/test_subclassing.py,MMatrix,True,3,16,4.0,17,14,14,0,0,3
numpy-1.9.2,numpy-1.9.2/numpy/ma/tests/test_subclassing.py,ComplicatedSubArray,True,3,13,3.6666666666666665,14,9,10,2,0,2
numpy-1.9.2,numpy-1.9.2/numpy/ma/tests/test_subclassing.py,TestSubclassing,True,10,128,11.7,129,99,97,18,2,11
numpy-1.9.2,numpy-1.9.2/numpy/matrixlib/defmatrix.py,matrix,False,31,792,23.096774193548388,793,196,172,8,477,136
numpy-1.9.2,numpy-1.9.2/numpy/matrixlib/tests/test_defmatrix.py,TestCtor,True,3,47,15.0,48,34,42,1,0,5
numpy-1.9.2,numpy-1.9.2/numpy/matrixlib/tests/test_defmatrix.py,TestProperties,True,12,127,9.583333333333334,128,98,103,0,3,22
numpy-1.9.2,numpy-1.9.2/numpy/matrixlib/tests/test_defmatrix.py,TestCasting,True,1,16,16.0,17,15,15,0,0,2
numpy-1.9.2,numpy-1.9.2/numpy/matrixlib/tests/test_defmatrix.py,TestAlgebra,True,3,60,19.333333333333332,61,47,48,2,0,9
numpy-1.9.2,numpy-1.9.2/numpy/matrixlib/tests/test_defmatrix.py,TestMatrixReturn,True,1,39,39.0,40,24,39,1,0,0
numpy-1.9.2,numpy-1.9.2/numpy/matrixlib/tests/test_defmatrix.py,TestIndexing,True,1,6,6.0,7,9,7,0,0,0
numpy-1.9.2,numpy-1.9.2/numpy/matrixlib/tests/test_defmatrix.py,TestNewScalarIndexing,True,10,65,5.6,66,66,56,0,0,10
numpy-1.9.2,numpy-1.9.2/numpy/matrixlib/tests/test_defmatrix.py,TestPower,True,2,8,3.5,9,8,8,0,0,1
numpy-1.9.2,numpy-1.9.2/numpy/matrixlib/tests/test_multiarray.py,TestView,True,2,12,5.5,13,10,10,1,0,2
numpy-1.9.2,numpy-1.9.2/numpy/matrixlib/tests/test_numeric.py,TestDot,True,1,3,3.0,4,4,4,0,0,0
numpy-1.9.2,numpy-1.9.2/numpy/matrixlib/tests/test_regression.py,TestRegression,True,4,26,5.75,27,23,19,0,0,4
numpy-1.9.2,numpy-1.9.2/numpy/polynomial/chebyshev.py,Chebyshev,False,0,39,0.0,40,17,16,2,17,5
numpy-1.9.2,numpy-1.9.2/numpy/polynomial/hermite.py,Hermite,False,0,39,0.0,40,17,16,2,17,5
numpy-1.9.2,numpy-1.9.2/numpy/polynomial/hermite_e.py,HermiteE,False,0,39,0.0,40,17,16,2,17,5
numpy-1.9.2,numpy-1.9.2/numpy/polynomial/laguerre.py,Laguerre,False,0,39,0.0,40,17,16,2,17,5
numpy-1.9.2,numpy-1.9.2/numpy/polynomial/legendre.py,Legendre,False,0,39,0.0,40,17,16,2,17,5
numpy-1.9.2,numpy-1.9.2/numpy/polynomial/polynomial.py,Polynomial,False,0,39,0.0,40,17,16,2,17,5
numpy-1.9.2,numpy-1.9.2/numpy/polynomial/polyutils.py,RankWarning,False,0,2,0.0,3,3,2,0,0,0
numpy-1.9.2,numpy-1.9.2/numpy/polynomial/polyutils.py,PolyError,False,0,2,0.0,3,3,2,0,0,0
numpy-1.9.2,numpy-1.9.2/numpy/polynomial/polyutils.py,PolyDomainError,False,0,7,0.0,8,3,2,0,4,2
numpy-1.9.2,numpy-1.9.2/numpy/polynomial/polyutils.py,PolyBase,False,0,10,0.0,11,3,2,0,7,2
numpy-1.9.2,numpy-1.9.2/numpy/polynomial/_polybase.py,ABCPolyBase,False,65,943,12.2,944,355,334,18,412,180
numpy-1.9.2,numpy-1.9.2/numpy/polynomial/tests/test_chebyshev.py,TestPrivate,True,2,14,6.0,15,13,13,0,0,2
numpy-1.9.2,numpy-1.9.2/numpy/polynomial/tests/test_chebyshev.py,TestConstants,True,4,12,2.0,13,9,9,0,0,4
numpy-1.9.2,numpy-1.9.2/numpy/polynomial/tests/test_chebyshev.py,TestArithmetic,True,5,49,8.8,50,45,45,0,0,5
numpy-1.9.2,numpy-1.9.2/numpy/polynomial/tests/test_chebyshev.py,TestEvaluation,True,5,91,15.6,92,61,59,15,0,18
numpy-1.9.2,numpy-1.9.2/numpy/polynomial/tests/test_chebyshev.py,TestIntegral,True,2,96,47.0,97,78,74,10,0,13
numpy-1.9.2,numpy-1.9.2/numpy/polynomial/tests/test_chebyshev.py,TestDerivative,True,2,37,17.5,38,26,26,5,0,7
numpy-1.9.2,numpy-1.9.2/numpy/polynomial/tests/test_chebyshev.py,TestVander,True,3,45,13.333333333333334,46,33,33,7,0,6
numpy-1.9.2,numpy-1.9.2/numpy/polynomial/tests/test_chebyshev.py,TestFitting,True,1,43,42.0,44,34,32,9,0,3
numpy-1.9.2,numpy-1.9.2/numpy/polynomial/tests/test_chebyshev.py,TestCompanion,True,3,12,3.0,13,10,10,0,0,3
numpy-1.9.2,numpy-1.9.2/numpy/polynomial/tests/test_chebyshev.py,TestGauss,True,1,16,15.0,17,11,10,4,0,3
numpy-1.9.2,numpy-1.9.2/numpy/polynomial/tests/test_chebyshev.py,TestMisc,True,9,75,7.333333333333333,76,61,57,6,0,13
numpy-1.9.2,numpy-1.9.2/numpy/polynomial/tests/test_hermite.py,TestConstants,True,4,12,2.0,13,9,9,0,0,4
numpy-1.9.2,numpy-1.9.2/numpy/polynomial/tests/test_hermite.py,TestArithmetic,True,5,54,9.6,55,49,49,1,0,5
numpy-1.9.2,numpy-1.9.2/numpy/polynomial/tests/test_hermite.py,TestEvaluation,True,5,91,15.6,92,61,59,15,0,18
numpy-1.9.2,numpy-1.9.2/numpy/polynomial/tests/test_hermite.py,TestIntegral,True,2,96,47.0,97,78,74,10,0,13
numpy-1.9.2,numpy-1.9.2/numpy/polynomial/tests/test_hermite.py,TestDerivative,True,2,37,17.5,38,26,26,5,0,7
numpy-1.9.2,numpy-1.9.2/numpy/polynomial/tests/test_hermite.py,TestVander,True,3,45,13.333333333333334,46,33,33,7,0,6
numpy-1.9.2,numpy-1.9.2/numpy/polynomial/tests/test_hermite.py,TestFitting,True,1,43,42.0,44,34,32,9,0,3
numpy-1.9.2,numpy-1.9.2/numpy/polynomial/tests/test_hermite.py,TestCompanion,True,3,12,3.0,13,10,10,0,0,3
numpy-1.9.2,numpy-1.9.2/numpy/polynomial/tests/test_hermite.py,TestGauss,True,1,16,15.0,17,11,10,4,0,3
numpy-1.9.2,numpy-1.9.2/numpy/polynomial/tests/test_hermite.py,TestMisc,True,7,48,5.857142857142857,49,41,38,2,0,9
numpy-1.9.2,numpy-1.9.2/numpy/polynomial/tests/test_hermite_e.py,TestConstants,True,4,12,2.0,13,9,9,0,0,4
numpy-1.9.2,numpy-1.9.2/numpy/polynomial/tests/test_hermite_e.py,TestArithmetic,True,5,54,9.6,55,49,49,1,0,5
numpy-1.9.2,numpy-1.9.2/numpy/polynomial/tests/test_hermite_e.py,TestEvaluation,True,5,91,15.6,92,61,59,15,0,18
numpy-1.9.2,numpy-1.9.2/numpy/polynomial/tests/test_hermite_e.py,TestIntegral,True,2,96,47.0,97,78,74,10,0,13
numpy-1.9.2,numpy-1.9.2/numpy/polynomial/tests/test_hermite_e.py,TestDerivative,True,2,38,18.0,39,26,27,5,0,7
numpy-1.9.2,numpy-1.9.2/numpy/polynomial/tests/test_hermite_e.py,TestVander,True,3,45,13.333333333333334,46,33,33,7,0,6
numpy-1.9.2,numpy-1.9.2/numpy/polynomial/tests/test_hermite_e.py,TestFitting,True,1,43,42.0,44,34,32,9,0,3
numpy-1.9.2,numpy-1.9.2/numpy/polynomial/tests/test_hermite_e.py,TestCompanion,True,3,12,3.0,13,10,10,0,0,3
numpy-1.9.2,numpy-1.9.2/numpy/polynomial/tests/test_hermite_e.py,TestGauss,True,1,16,15.0,17,11,10,4,0,3
numpy-1.9.2,numpy-1.9.2/numpy/polynomial/tests/test_hermite_e.py,TestMisc,True,7,48,5.857142857142857,49,41,38,2,0,9
numpy-1.9.2,numpy-1.9.2/numpy/polynomial/tests/test_laguerre.py,TestConstants,True,4,12,2.0,13,9,9,0,0,4
numpy-1.9.2,numpy-1.9.2/numpy/polynomial/tests/test_laguerre.py,TestArithmetic,True,5,54,9.6,55,49,49,1,0,5
numpy-1.9.2,numpy-1.9.2/numpy/polynomial/tests/test_laguerre.py,TestEvaluation,True,5,91,15.6,92,61,59,15,0,18
numpy-1.9.2,numpy-1.9.2/numpy/polynomial/tests/test_laguerre.py,TestIntegral,True,2,96,47.0,97,78,74,10,0,13
numpy-1.9.2,numpy-1.9.2/numpy/polynomial/tests/test_laguerre.py,TestDerivative,True,2,37,17.5,38,26,26,5,0,7
numpy-1.9.2,numpy-1.9.2/numpy/polynomial/tests/test_laguerre.py,TestVander,True,3,45,13.333333333333334,46,33,33,7,0,6
numpy-1.9.2,numpy-1.9.2/numpy/polynomial/tests/test_laguerre.py,TestFitting,True,1,43,42.0,44,34,32,9,0,3
numpy-1.9.2,numpy-1.9.2/numpy/polynomial/tests/test_laguerre.py,TestCompanion,True,3,12,3.0,13,10,10,0,0,3
numpy-1.9.2,numpy-1.9.2/numpy/polynomial/tests/test_laguerre.py,TestGauss,True,1,16,15.0,17,11,10,4,0,3
numpy-1.9.2,numpy-1.9.2/numpy/polynomial/tests/test_laguerre.py,TestMisc,True,7,48,5.857142857142857,49,41,38,2,0,9
numpy-1.9.2,numpy-1.9.2/numpy/polynomial/tests/test_legendre.py,TestConstants,True,4,12,2.0,13,9,9,0,0,4
numpy-1.9.2,numpy-1.9.2/numpy/polynomial/tests/test_legendre.py,TestArithmetic,True,5,55,9.8,56,50,50,1,0,5
numpy-1.9.2,numpy-1.9.2/numpy/polynomial/tests/test_legendre.py,TestEvaluation,True,5,91,15.6,92,61,59,15,0,18
numpy-1.9.2,numpy-1.9.2/numpy/polynomial/tests/test_legendre.py,TestIntegral,True,2,96,47.0,97,78,74,10,0,13
numpy-1.9.2,numpy-1.9.2/numpy/polynomial/tests/test_legendre.py,TestDerivative,True,2,37,17.5,38,26,26,5,0,7
numpy-1.9.2,numpy-1.9.2/numpy/polynomial/tests/test_legendre.py,TestVander,True,3,45,13.333333333333334,46,33,33,7,0,6
numpy-1.9.2,numpy-1.9.2/numpy/polynomial/tests/test_legendre.py,TestFitting,True,1,43,42.0,44,34,32,9,0,3
numpy-1.9.2,numpy-1.9.2/numpy/polynomial/tests/test_legendre.py,TestCompanion,True,3,12,3.0,13,10,10,0,0,3
numpy-1.9.2,numpy-1.9.2/numpy/polynomial/tests/test_legendre.py,TestGauss,True,1,16,15.0,17,11,10,4,0,3
numpy-1.9.2,numpy-1.9.2/numpy/polynomial/tests/test_legendre.py,TestMisc,True,7,48,5.857142857142857,49,41,38,2,0,9
numpy-1.9.2,numpy-1.9.2/numpy/polynomial/tests/test_polynomial.py,TestConstants,True,4,12,2.0,13,9,9,0,0,4
numpy-1.9.2,numpy-1.9.2/numpy/polynomial/tests/test_polynomial.py,TestArithmetic,True,5,58,10.6,59,49,49,3,0,7
numpy-1.9.2,numpy-1.9.2/numpy/polynomial/tests/test_polynomial.py,TestEvaluation,True,5,93,16.0,94,63,61,15,0,18
numpy-1.9.2,numpy-1.9.2/numpy/polynomial/tests/test_polynomial.py,TestIntegral,True,2,91,44.5,92,73,69,10,0,13
numpy-1.9.2,numpy-1.9.2/numpy/polynomial/tests/test_polynomial.py,TestDerivative,True,2,37,17.5,38,26,26,5,0,7
numpy-1.9.2,numpy-1.9.2/numpy/polynomial/tests/test_polynomial.py,TestVander,True,3,45,13.333333333333334,46,33,33,7,0,6
numpy-1.9.2,numpy-1.9.2/numpy/polynomial/tests/test_polynomial.py,TestCompanion,True,3,12,3.0,13,10,10,0,0,3
numpy-1.9.2,numpy-1.9.2/numpy/polynomial/tests/test_polynomial.py,TestMisc,True,5,74,13.8,75,60,55,11,0,9
numpy-1.9.2,numpy-1.9.2/numpy/polynomial/tests/test_polyutils.py,TestMisc,True,3,30,9.0,31,26,24,4,0,3
numpy-1.9.2,numpy-1.9.2/numpy/polynomial/tests/test_polyutils.py,TestDomain,True,3,59,18.666666666666668,60,44,44,8,0,8
numpy-1.9.2,numpy-1.9.2/numpy/polynomial/tests/test_printing.py,test_str,True,6,29,4.0,30,25,25,0,0,5
numpy-1.9.2,numpy-1.9.2/numpy/polynomial/tests/test_printing.py,test_repr,True,6,29,4.0,30,25,25,0,0,5
numpy-1.9.2,numpy-1.9.2/numpy/random/tests/test_random.py,TestSeed,True,4,28,6.25,29,24,24,2,0,3
numpy-1.9.2,numpy-1.9.2/numpy/random/tests/test_random.py,TestBinomial,True,2,12,5.5,13,8,8,4,0,1
numpy-1.9.2,numpy-1.9.2/numpy/random/tests/test_random.py,TestMultinomial,True,4,25,5.5,26,19,21,1,0,4
numpy-1.9.2,numpy-1.9.2/numpy/random/tests/test_random.py,TestSetState,True,6,45,6.666666666666667,46,34,33,7,0,6
numpy-1.9.2,numpy-1.9.2/numpy/random/tests/test_random.py,TestRandomDist,True,55,527,8.545454545454545,528,344,443,21,0,64
numpy-1.9.2,numpy-1.9.2/numpy/random/tests/test_random.py,TestThread,True,5,42,7.4,43,28,31,4,0,8
numpy-1.9.2,numpy-1.9.2/numpy/random/tests/test_regression.py,TestRegression,True,8,73,8.125,74,48,51,15,0,8
numpy-1.9.2,numpy-1.9.2/numpy/testing/noseclasses.py,NumpyDocTestFinder,True,2,85,41.5,86,39,44,25,8,10
numpy-1.9.2,numpy-1.9.2/numpy/testing/noseclasses.py,NumpyOutputChecker,True,1,23,23.0,24,13,15,5,0,4
numpy-1.9.2,numpy-1.9.2/numpy/testing/noseclasses.py,NumpyDocTestCase,True,1,8,8.0,9,5,9,0,0,0
numpy-1.9.2,numpy-1.9.2/numpy/testing/noseclasses.py,NumpyDoctest,True,6,117,15.0,118,53,59,34,13,14
numpy-1.9.2,numpy-1.9.2/numpy/testing/noseclasses.py,Unplugger,True,3,18,2.6666666666666665,19,11,11,3,3,4
numpy-1.9.2,numpy-1.9.2/numpy/testing/noseclasses.py,KnownFailureTest,True,0,2,0.0,3,3,2,0,0,0
numpy-1.9.2,numpy-1.9.2/numpy/testing/noseclasses.py,KnownFailure,True,2,24,6.5,25,14,18,0,5,2
numpy-1.9.2,numpy-1.9.2/numpy/testing/noseclasses.py,NumpyTestProgram,True,1,18,18.0,19,11,12,0,6,1
numpy-1.9.2,numpy-1.9.2/numpy/testing/nosetester.py,NoseTester,True,7,375,45.42857142857143,376,123,127,30,159,62
numpy-1.9.2,numpy-1.9.2/numpy/testing/print_coercion_tables.py,GenericObject,True,3,10,2.0,11,8,8,0,0,3
numpy-1.9.2,numpy-1.9.2/numpy/testing/utils.py,WarningMessage,True,2,30,6.5,31,13,16,0,8,7
numpy-1.9.2,numpy-1.9.2/numpy/testing/utils.py,WarningManager,True,3,52,9.0,53,30,28,0,18,7
numpy-1.9.2,numpy-1.9.2/numpy/testing/utils.py,IgnoreException,True,0,1,0.0,2,2,1,0,0,0
numpy-1.9.2,numpy-1.9.2/numpy/testing/tests/test_decorators.py,DidntSkipException,True,0,1,0.0,2,2,2,0,0,0
numpy-1.9.2,numpy-1.9.2/numpy/testing/tests/test_utils.py,_GenericTest,True,8,47,5.0,48,37,32,0,0,11
numpy-1.9.2,numpy-1.9.2/numpy/testing/tests/test_utils.py,TestArrayEqual,True,6,76,11.833333333333334,77,56,51,4,0,17
numpy-1.9.2,numpy-1.9.2/numpy/testing/tests/test_utils.py,TestBuildErrorMessage,True,4,41,9.5,42,29,35,0,0,7
numpy-1.9.2,numpy-1.9.2/numpy/testing/tests/test_utils.py,TestEqual,True,7,33,3.857142857142857,34,28,28,0,0,6
numpy-1.9.2,numpy-1.9.2/numpy/testing/tests/test_utils.py,TestArrayAlmostEqual,True,5,38,6.8,39,33,34,0,0,5
numpy-1.9.2,numpy-1.9.2/numpy/testing/tests/test_utils.py,TestAlmostEqual,True,7,61,7.857142857142857,62,46,47,6,0,8
numpy-1.9.2,numpy-1.9.2/numpy/testing/tests/test_utils.py,TestApproxEqual,True,5,45,8.2,46,40,40,0,0,6
numpy-1.9.2,numpy-1.9.2/numpy/testing/tests/test_utils.py,TestRaises,True,6,30,4.166666666666667,31,25,25,0,0,6
numpy-1.9.2,numpy-1.9.2/numpy/testing/tests/test_utils.py,TestWarns,True,2,34,16.5,35,29,27,2,0,6
numpy-1.9.2,numpy-1.9.2/numpy/testing/tests/test_utils.py,TestAssertAllclose,True,2,25,12.0,26,18,19,1,0,6
numpy-1.9.2,numpy-1.9.2/numpy/testing/tests/test_utils.py,TestArrayAlmostEqualNulp,True,6,41,5.833333333333333,42,35,36,0,0,6
numpy-1.9.2,numpy-1.9.2/numpy/testing/tests/test_utils.py,TestULP,True,5,52,9.6,53,41,46,3,0,4
numpy-1.9.2,numpy-1.9.2/numpy/tests/test_ctypeslib.py,TestLoadLibrary,True,2,27,11.0,28,22,25,0,2,1
numpy-1.9.2,numpy-1.9.2/numpy/tests/test_ctypeslib.py,TestNdpointer,True,4,53,12.5,54,51,51,0,0,3
numpy-1.9.2,numpy-1.9.2/tools/swig/test/testArray.py,Array1TestCase,True,19,96,4.052631578947368,97,82,60,0,0,19
numpy-1.9.2,numpy-1.9.2/tools/swig/test/testArray.py,Array2TestCase,True,23,146,5.3478260869565215,147,112,102,0,0,23
numpy-1.9.2,numpy-1.9.2/tools/swig/test/testFarray.py,FarrayTestCase,True,20,120,5.0,121,89,82,0,0,20
numpy-1.9.2,numpy-1.9.2/tools/swig/test/testFortran.py,FortranTestCase,True,3,31,5.666666666666667,32,17,16,10,0,4
numpy-1.9.2,numpy-1.9.2/tools/swig/test/testFortran.py,scharTestCase,True,1,4,4.0,5,5,5,0,0,0
numpy-1.9.2,numpy-1.9.2/tools/swig/test/testFortran.py,ucharTestCase,True,1,4,4.0,5,5,5,0,0,0
numpy-1.9.2,numpy-1.9.2/tools/swig/test/testFortran.py,shortTestCase,True,1,4,4.0,5,5,5,0,0,0
numpy-1.9.2,numpy-1.9.2/tools/swig/test/testFortran.py,ushortTestCase,True,1,4,4.0,5,5,5,0,0,0
numpy-1.9.2,numpy-1.9.2/tools/swig/test/testFortran.py,intTestCase,True,1,4,4.0,5,5,5,0,0,0
numpy-1.9.2,numpy-1.9.2/tools/swig/test/testFortran.py,uintTestCase,True,1,4,4.0,5,5,5,0,0,0
numpy-1.9.2,numpy-1.9.2/tools/swig/test/testFortran.py,longTestCase,True,1,4,4.0,5,5,5,0,0,0
numpy-1.9.2,numpy-1.9.2/tools/swig/test/testFortran.py,ulongTestCase,True,1,4,4.0,5,5,5,0,0,0
numpy-1.9.2,numpy-1.9.2/tools/swig/test/testFortran.py,longLongTestCase,True,1,4,4.0,5,5,5,0,0,0
numpy-1.9.2,numpy-1.9.2/tools/swig/test/testFortran.py,ulongLongTestCase,True,1,4,4.0,5,5,5,0,0,0
numpy-1.9.2,numpy-1.9.2/tools/swig/test/testFortran.py,floatTestCase,True,1,4,4.0,5,5,5,0,0,0
numpy-1.9.2,numpy-1.9.2/tools/swig/test/testFortran.py,doubleTestCase,True,1,4,4.0,5,5,5,0,0,0
numpy-1.9.2,numpy-1.9.2/tools/swig/test/testMatrix.py,MatrixTestCase,True,28,220,5.892857142857143,221,166,139,27,0,28
numpy-1.9.2,numpy-1.9.2/tools/swig/test/testMatrix.py,scharTestCase,True,1,4,4.0,5,5,5,0,0,0
numpy-1.9.2,numpy-1.9.2/tools/swig/test/testMatrix.py,ucharTestCase,True,1,4,4.0,5,5,5,0,0,0
numpy-1.9.2,numpy-1.9.2/tools/swig/test/testMatrix.py,shortTestCase,True,1,4,4.0,5,5,5,0,0,0
numpy-1.9.2,numpy-1.9.2/tools/swig/test/testMatrix.py,ushortTestCase,True,1,4,4.0,5,5,5,0,0,0
numpy-1.9.2,numpy-1.9.2/tools/swig/test/testMatrix.py,intTestCase,True,1,4,4.0,5,5,5,0,0,0
numpy-1.9.2,numpy-1.9.2/tools/swig/test/testMatrix.py,uintTestCase,True,1,4,4.0,5,5,5,0,0,0
numpy-1.9.2,numpy-1.9.2/tools/swig/test/testMatrix.py,longTestCase,True,1,4,4.0,5,5,5,0,0,0
numpy-1.9.2,numpy-1.9.2/tools/swig/test/testMatrix.py,ulongTestCase,True,1,4,4.0,5,5,5,0,0,0
numpy-1.9.2,numpy-1.9.2/tools/swig/test/testMatrix.py,longLongTestCase,True,1,4,4.0,5,5,5,0,0,0
numpy-1.9.2,numpy-1.9.2/tools/swig/test/testMatrix.py,ulongLongTestCase,True,1,4,4.0,5,5,5,0,0,0
numpy-1.9.2,numpy-1.9.2/tools/swig/test/testMatrix.py,floatTestCase,True,1,4,4.0,5,5,5,0,0,0
numpy-1.9.2,numpy-1.9.2/tools/swig/test/testMatrix.py,doubleTestCase,True,1,4,4.0,5,5,5,0,0,0
numpy-1.9.2,numpy-1.9.2/tools/swig/test/testTensor.py,TensorTestCase,True,28,249,6.928571428571429,250,168,168,27,0,28
numpy-1.9.2,numpy-1.9.2/tools/swig/test/testTensor.py,scharTestCase,True,1,5,5.0,6,6,6,0,0,0
numpy-1.9.2,numpy-1.9.2/tools/swig/test/testTensor.py,ucharTestCase,True,1,5,5.0,6,6,6,0,0,0
numpy-1.9.2,numpy-1.9.2/tools/swig/test/testTensor.py,shortTestCase,True,1,5,5.0,6,6,6,0,0,0
numpy-1.9.2,numpy-1.9.2/tools/swig/test/testTensor.py,ushortTestCase,True,1,5,5.0,6,6,6,0,0,0
numpy-1.9.2,numpy-1.9.2/tools/swig/test/testTensor.py,intTestCase,True,1,5,5.0,6,6,6,0,0,0
numpy-1.9.2,numpy-1.9.2/tools/swig/test/testTensor.py,uintTestCase,True,1,5,5.0,6,6,6,0,0,0
numpy-1.9.2,numpy-1.9.2/tools/swig/test/testTensor.py,longTestCase,True,1,5,5.0,6,6,6,0,0,0
numpy-1.9.2,numpy-1.9.2/tools/swig/test/testTensor.py,ulongTestCase,True,1,5,5.0,6,6,6,0,0,0
numpy-1.9.2,numpy-1.9.2/tools/swig/test/testTensor.py,longLongTestCase,True,1,5,5.0,6,6,6,0,0,0
numpy-1.9.2,numpy-1.9.2/tools/swig/test/testTensor.py,ulongLongTestCase,True,1,5,5.0,6,6,6,0,0,0
numpy-1.9.2,numpy-1.9.2/tools/swig/test/testTensor.py,floatTestCase,True,1,4,4.0,5,5,5,0,0,0
numpy-1.9.2,numpy-1.9.2/tools/swig/test/testTensor.py,doubleTestCase,True,1,4,4.0,5,5,5,0,0,0
numpy-1.9.2,numpy-1.9.2/tools/swig/test/testVector.py,VectorTestCase,True,32,239,5.5,240,177,146,31,0,32
numpy-1.9.2,numpy-1.9.2/tools/swig/test/testVector.py,scharTestCase,True,1,4,4.0,5,5,5,0,0,0
numpy-1.9.2,numpy-1.9.2/tools/swig/test/testVector.py,ucharTestCase,True,1,4,4.0,5,5,5,0,0,0
numpy-1.9.2,numpy-1.9.2/tools/swig/test/testVector.py,shortTestCase,True,1,4,4.0,5,5,5,0,0,0
numpy-1.9.2,numpy-1.9.2/tools/swig/test/testVector.py,ushortTestCase,True,1,4,4.0,5,5,5,0,0,0
numpy-1.9.2,numpy-1.9.2/tools/swig/test/testVector.py,intTestCase,True,1,4,4.0,5,5,5,0,0,0
numpy-1.9.2,numpy-1.9.2/tools/swig/test/testVector.py,uintTestCase,True,1,4,4.0,5,5,5,0,0,0
numpy-1.9.2,numpy-1.9.2/tools/swig/test/testVector.py,longTestCase,True,1,4,4.0,5,5,5,0,0,0
numpy-1.9.2,numpy-1.9.2/tools/swig/test/testVector.py,ulongTestCase,True,1,4,4.0,5,5,5,0,0,0
numpy-1.9.2,numpy-1.9.2/tools/swig/test/testVector.py,longLongTestCase,True,1,4,4.0,5,5,5,0,0,0
numpy-1.9.2,numpy-1.9.2/tools/swig/test/testVector.py,ulongLongTestCase,True,1,4,4.0,5,5,5,0,0,0
numpy-1.9.2,numpy-1.9.2/tools/swig/test/testVector.py,floatTestCase,True,1,4,4.0,5,5,5,0,0,0
numpy-1.9.2,numpy-1.9.2/tools/swig/test/testVector.py,doubleTestCase,True,1,4,4.0,5,5,5,0,0,0
Django-1.8.2,Django-1.8.2/django/apps/config.py,AppConfig,False,9,192,19.88888888888889,193,89,93,43,26,30
Django-1.8.2,Django-1.8.2/django/apps/registry.py,Apps,False,27,428,14.518518518518519,429,202,219,37,103,72
Django-1.8.2,Django-1.8.2/django/conf/__init__.py,LazySettings,False,4,46,9.25,47,25,25,0,18,4
Django-1.8.2,Django-1.8.2/django/conf/__init__.py,BaseSettings,False,1,7,4.0,8,6,5,0,3,0
Django-1.8.2,Django-1.8.2/django/conf/__init__.py,Settings,False,2,56,27.5,57,28,43,6,0,8
Django-1.8.2,Django-1.8.2/django/conf/__init__.py,UserSettingsHolder,False,6,37,4.166666666666667,38,26,23,2,7,6
Django-1.8.2,Django-1.8.2/django/contrib/admin/apps.py,SimpleAdminConfig,False,1,7,2.0,8,6,5,0,0,2
Django-1.8.2,Django-1.8.2/django/contrib/admin/apps.py,AdminConfig,False,1,5,3.0,6,5,4,0,0,1
Django-1.8.2,Django-1.8.2/django/contrib/admin/checks.py,BaseModelAdminChecks,False,25,466,17.64,467,247,371,10,28,51
Django-1.8.2,Django-1.8.2/django/contrib/admin/checks.py,ModelAdminChecks,False,18,359,18.944444444444443,360,181,294,10,13,36
Django-1.8.2,Django-1.8.2/django/contrib/admin/checks.py,InlineModelAdminChecks,False,7,85,11.142857142857142,86,58,65,3,0,14
Django-1.8.2,Django-1.8.2/django/contrib/admin/exceptions.py,DisallowedModelAdminLookup,False,0,2,0.0,3,3,2,0,0,0
Django-1.8.2,Django-1.8.2/django/contrib/admin/exceptions.py,DisallowedModelAdminToField,False,0,2,0.0,3,3,2,0,0,0
Django-1.8.2,Django-1.8.2/django/contrib/admin/filters.py,ListFilter,False,5,36,5.8,37,19,17,3,13,5
Django-1.8.2,Django-1.8.2/django/contrib/admin/filters.py,SimpleListFilter,False,6,54,7.666666666666667,55,29,40,1,8,6
Django-1.8.2,Django-1.8.2/django/contrib/admin/filters.py,FieldListFilter,False,5,42,6.6,43,32,35,3,0,5
Django-1.8.2,Django-1.8.2/django/contrib/admin/filters.py,RelatedFieldListFilter,False,5,60,11.2,61,38,57,0,0,4
Django-1.8.2,Django-1.8.2/django/contrib/admin/filters.py,BooleanFieldListFilter,False,3,31,9.666666666666666,32,16,30,0,0,2
Django-1.8.2,Django-1.8.2/django/contrib/admin/filters.py,ChoicesFieldListFilter,False,3,22,6.666666666666667,23,13,21,0,0,2
Django-1.8.2,Django-1.8.2/django/contrib/admin/filters.py,DateFieldListFilter,False,3,57,18.333333333333332,58,29,51,3,0,5
Django-1.8.2,Django-1.8.2/django/contrib/admin/filters.py,AllValuesFieldListFilter,False,3,59,19.0,60,32,52,4,0,4
Django-1.8.2,Django-1.8.2/django/contrib/admin/filters.py,RelatedOnlyFieldListFilter,False,1,3,3.0,4,5,4,0,0,0
Django-1.8.2,Django-1.8.2/django/contrib/admin/forms.py,AdminAuthenticationForm,False,1,17,7.0,18,9,14,0,3,1
Django-1.8.2,Django-1.8.2/django/contrib/admin/forms.py,AdminPasswordChangeForm,False,0,1,0.0,2,2,2,0,0,0
Django-1.8.2,Django-1.8.2/django/contrib/admin/helpers.py,ActionForm,False,0,3,0.0,4,4,4,0,0,0
Django-1.8.2,Django-1.8.2/django/contrib/admin/helpers.py,AdminForm,False,3,26,7.666666666666667,27,18,25,0,0,2
Django-1.8.2,Django-1.8.2/django/contrib/admin/helpers.py,Fieldset,False,3,22,6.333333333333333,23,18,21,0,0,2
Django-1.8.2,Django-1.8.2/django/contrib/admin/helpers.py,Fieldline,False,3,27,8.333333333333334,28,20,26,1,0,2
Django-1.8.2,Django-1.8.2/django/contrib/admin/helpers.py,AdminField,False,3,23,7.0,24,19,19,4,0,3
Django-1.8.2,Django-1.8.2/django/contrib/admin/helpers.py,AdminReadonlyField,False,3,65,21.0,66,52,58,3,0,5
Django-1.8.2,Django-1.8.2/django/contrib/admin/helpers.py,InlineAdminFormSet,False,4,53,11.5,54,36,48,0,3,3
Django-1.8.2,Django-1.8.2/django/contrib/admin/helpers.py,InlineAdminForm,False,8,61,6.25,62,40,47,5,3,7
Django-1.8.2,Django-1.8.2/django/contrib/admin/helpers.py,InlineFieldset,False,2,11,5.0,12,10,11,0,0,1
Django-1.8.2,Django-1.8.2/django/contrib/admin/helpers.py,AdminErrorList,False,1,12,9.0,13,10,9,0,3,1
Django-1.8.2,Django-1.8.2/django/contrib/admin/models.py,LogEntryManager,False,1,8,6.0,9,6,8,0,0,1
Django-1.8.2,Django-1.8.2/django/contrib/admin/models.py,LogEntry,False,7,56,4.857142857142857,57,45,43,0,3,10
Django-1.8.2,Django-1.8.2/django/contrib/admin/options.py,IncorrectLookupParameters,False,0,1,0.0,2,2,2,0,0,0
Django-1.8.2,Django-1.8.2/django/contrib/admin/options.py,BaseModelAdmin,False,22,446,18.09090909090909,447,254,271,49,73,54
Django-1.8.2,Django-1.8.2/django/contrib/admin/options.py,ModelAdmin,False,54,1266,21.59259259259259,1267,721,883,78,144,161
Django-1.8.2,Django-1.8.2/django/contrib/admin/options.py,InlineModelAdmin,False,11,173,12.818181818181818,174,114,126,16,11,19
Django-1.8.2,Django-1.8.2/django/contrib/admin/options.py,StackedInline,False,0,1,0.0,2,2,2,0,0,0
Django-1.8.2,Django-1.8.2/django/contrib/admin/options.py,TabularInline,False,0,1,0.0,2,2,2,0,0,0
Django-1.8.2,Django-1.8.2/django/contrib/admin/sites.py,AlreadyRegistered,False,0,1,0.0,2,2,2,0,0,0
Django-1.8.2,Django-1.8.2/django/contrib/admin/sites.py,NotRegistered,False,0,1,0.0,2,2,2,0,0,0
Django-1.8.2,Django-1.8.2/django/contrib/admin/sites.py,AdminSite,False,21,493,20.952380952380953,494,244,299,46,88,62
Django-1.8.2,Django-1.8.2/django/contrib/admin/tests.py,AdminSeleniumWebDriverTestCase,True,13,147,9.461538461538462,148,77,87,5,42,14
Django-1.8.2,Django-1.8.2/django/contrib/admin/utils.py,NestedObjects,False,7,61,7.857142857142857,62,48,48,1,7,7
Django-1.8.2,Django-1.8.2/django/contrib/admin/utils.py,NotRelationField,False,0,1,0.0,2,2,2,0,0,0
Django-1.8.2,Django-1.8.2/django/contrib/admin/validation.py,BaseValidator,False,14,188,12.428571428571429,189,131,144,16,6,15
Django-1.8.2,Django-1.8.2/django/contrib/admin/validation.py,ModelAdminValidator,False,13,179,12.846153846153847,180,115,141,6,10,12
Django-1.8.2,Django-1.8.2/django/contrib/admin/validation.py,InlineValidator,False,4,21,4.5,22,17,15,1,0,3
Django-1.8.2,Django-1.8.2/django/contrib/admin/widgets.py,FilteredSelectMultiple,False,3,29,6.666666666666667,30,20,20,2,5,3
Django-1.8.2,Django-1.8.2/django/contrib/admin/widgets.py,AdminDateWidget,False,2,10,4.0,11,11,10,0,0,1
Django-1.8.2,Django-1.8.2/django/contrib/admin/widgets.py,AdminTimeWidget,False,2,10,4.0,11,11,10,0,0,1
Django-1.8.2,Django-1.8.2/django/contrib/admin/widgets.py,AdminSplitDateTime,False,2,13,4.5,14,7,8,2,3,1
Django-1.8.2,Django-1.8.2/django/contrib/admin/widgets.py,AdminRadioFieldRenderer,False,1,6,6.0,7,4,6,0,0,0
Django-1.8.2,Django-1.8.2/django/contrib/admin/widgets.py,AdminRadioSelect,False,0,1,0.0,2,2,2,0,0,0
Django-1.8.2,Django-1.8.2/django/contrib/admin/widgets.py,AdminFileWidget,False,0,4,0.0,5,3,5,0,0,0
Django-1.8.2,Django-1.8.2/django/contrib/admin/widgets.py,ForeignKeyRawIdWidget,False,5,60,10.4,61,45,49,4,4,5
Django-1.8.2,Django-1.8.2/django/contrib/admin/widgets.py,ManyToManyRawIdWidget,False,4,26,4.75,27,20,19,1,4,3
Django-1.8.2,Django-1.8.2/django/contrib/admin/widgets.py,RelatedFieldWidgetWrapper,False,9,92,8.444444444444445,93,58,74,5,4,9
Django-1.8.2,Django-1.8.2/django/contrib/admin/widgets.py,AdminTextareaWidget,False,1,5,5.0,6,7,6,0,0,0
Django-1.8.2,Django-1.8.2/django/contrib/admin/widgets.py,AdminTextInputWidget,False,1,5,5.0,6,7,6,0,0,0
Django-1.8.2,Django-1.8.2/django/contrib/admin/widgets.py,AdminEmailInputWidget,False,1,5,5.0,6,7,6,0,0,0
Django-1.8.2,Django-1.8.2/django/contrib/admin/widgets.py,AdminURLFieldWidget,False,2,17,8.0,18,15,17,0,0,1
Django-1.8.2,Django-1.8.2/django/contrib/admin/widgets.py,AdminIntegerFieldWidget,False,1,7,5.0,8,8,7,0,0,1
Django-1.8.2,Django-1.8.2/django/contrib/admin/widgets.py,AdminBigIntegerFieldWidget,False,0,1,0.0,2,2,2,0,0,0
Django-1.8.2,Django-1.8.2/django/contrib/admin/widgets.py,AdminCommaSeparatedIntegerFieldWidget,False,1,5,5.0,6,7,6,0,0,0
Django-1.8.2,Django-1.8.2/django/contrib/admin/migrations/0001_initial.py,Migration,False,0,31,0.0,32,4,30,0,0,2
Django-1.8.2,Django-1.8.2/django/contrib/admin/templatetags/admin_list.py,ResultList,False,1,7,3.0,8,4,4,4,0,0
Django-1.8.2,Django-1.8.2/django/contrib/admin/templatetags/log.py,AdminLogNode,False,3,17,5.0,18,16,16,0,0,2
Django-1.8.2,Django-1.8.2/django/contrib/admin/views/main.py,ChangeList,False,13,355,26.384615384615383,356,243,250,57,21,32
Django-1.8.2,Django-1.8.2/django/contrib/admindocs/apps.py,AdminDocsConfig,False,0,2,0.0,3,3,3,0,0,0
Django-1.8.2,Django-1.8.2/django/contrib/admindocs/middleware.py,XViewMiddleware,False,1,19,16.0,20,9,11,0,9,0
Django-1.8.2,Django-1.8.2/django/contrib/admindocs/views.py,BaseAdminDocsView,False,2,15,5.0,16,13,11,1,3,1
Django-1.8.2,Django-1.8.2/django/contrib/admindocs/views.py,BookmarkletsView,False,1,9,7.0,10,7,9,0,0,1
Django-1.8.2,Django-1.8.2/django/contrib/admindocs/views.py,TemplateTagIndexView,False,1,30,28.0,31,25,29,0,0,2
Django-1.8.2,Django-1.8.2/django/contrib/admindocs/views.py,TemplateFilterIndexView,False,1,30,28.0,31,25,29,0,0,2
Django-1.8.2,Django-1.8.2/django/contrib/admindocs/views.py,ViewIndexView,False,1,16,14.0,17,12,16,0,0,1
Django-1.8.2,Django-1.8.2/django/contrib/admindocs/views.py,ViewDetailView,False,1,24,22.0,25,20,24,0,0,1
Django-1.8.2,Django-1.8.2/django/contrib/admindocs/views.py,ModelIndexView,False,1,6,4.0,7,7,6,0,0,1
Django-1.8.2,Django-1.8.2/django/contrib/admindocs/views.py,ModelDetailView,False,1,108,106.0,109,63,95,7,0,7
Django-1.8.2,Django-1.8.2/django/contrib/admindocs/views.py,TemplateDetailView,False,1,25,23.0,26,17,23,2,0,1
Django-1.8.2,Django-1.8.2/django/contrib/admindocs/tests/test_fields.py,CustomField,True,0,1,0.0,2,2,2,0,0,0
Django-1.8.2,Django-1.8.2/django/contrib/admindocs/tests/test_fields.py,DescriptionLackingField,True,0,1,0.0,2,2,2,0,0,0
Django-1.8.2,Django-1.8.2/django/contrib/admindocs/tests/test_fields.py,TestFieldType,True,4,26,5.75,27,11,24,0,0,3
Django-1.8.2,Django-1.8.2/django/contrib/auth/admin.py,GroupAdmin,False,1,12,8.0,13,9,10,2,0,1
Django-1.8.2,Django-1.8.2/django/contrib/auth/admin.py,UserAdmin,False,7,148,16.285714285714285,149,80,116,14,8,11
Django-1.8.2,Django-1.8.2/django/contrib/auth/apps.py,AuthConfig,False,1,7,4.0,8,6,7,0,0,1
Django-1.8.2,Django-1.8.2/django/contrib/auth/backends.py,ModelBackend,False,10,88,7.5,89,63,57,2,19,11
Django-1.8.2,Django-1.8.2/django/contrib/auth/backends.py,RemoteUserBackend,False,3,62,15.333333333333334,63,27,24,4,25,10
Django-1.8.2,Django-1.8.2/django/contrib/auth/context_processors.py,PermLookupDict,False,6,19,2.3333333333333335,20,13,13,3,0,5
Django-1.8.2,Django-1.8.2/django/contrib/auth/context_processors.py,PermWrapper,False,4,19,4.0,20,13,12,2,3,3
Django-1.8.2,Django-1.8.2/django/contrib/auth/forms.py,ReadOnlyPasswordHashWidget,False,1,20,20.0,21,14,19,0,0,2
Django-1.8.2,Django-1.8.2/django/contrib/auth/forms.py,ReadOnlyPasswordHashField,False,3,13,3.0,14,9,9,2,0,3
Django-1.8.2,Django-1.8.2/django/contrib/auth/forms.py,UserCreationForm,False,2,33,7.5,34,21,27,0,4,3
Django-1.8.2,Django-1.8.2/django/contrib/auth/forms.py,UserChangeForm,False,2,20,5.0,21,12,15,3,0,3
Django-1.8.2,Django-1.8.2/django/contrib/auth/forms.py,AuthenticationForm,False,5,70,10.6,71,36,43,1,16,11
Django-1.8.2,Django-1.8.2/django/contrib/auth/forms.py,PasswordResetForm,False,3,61,19.0,62,29,41,1,12,8
Django-1.8.2,Django-1.8.2/django/contrib/auth/forms.py,SetPasswordForm,False,3,32,6.0,33,21,26,0,4,3
Django-1.8.2,Django-1.8.2/django/contrib/auth/forms.py,PasswordChangeForm,False,1,22,11.0,23,11,15,0,7,1
Django-1.8.2,Django-1.8.2/django/contrib/auth/forms.py,AdminPasswordChangeForm,False,4,48,6.75,49,30,39,0,6,4
Django-1.8.2,Django-1.8.2/django/contrib/auth/hashers.py,BasePasswordHasher,False,6,58,7.0,59,30,27,0,22,10
Django-1.8.2,Django-1.8.2/django/contrib/auth/hashers.py,PBKDF2PasswordHasher,False,4,39,6.25,40,25,29,0,6,5
Django-1.8.2,Django-1.8.2/django/contrib/auth/hashers.py,PBKDF2SHA1PasswordHasher,False,0,8,0.0,9,4,3,0,6,0
Django-1.8.2,Django-1.8.2/django/contrib/auth/hashers.py,BCryptSHA256PasswordHasher,False,4,65,12.25,66,34,37,12,7,10
Django-1.8.2,Django-1.8.2/django/contrib/auth/hashers.py,BCryptPasswordHasher,False,0,16,0.0,17,4,3,0,11,3
Django-1.8.2,Django-1.8.2/django/contrib/auth/hashers.py,SHA1PasswordHasher,False,3,25,6.0,26,17,20,0,3,3
Django-1.8.2,Django-1.8.2/django/contrib/auth/hashers.py,MD5PasswordHasher,False,3,25,6.0,26,17,20,0,3,3
Django-1.8.2,Django-1.8.2/django/contrib/auth/hashers.py,UnsaltedSHA1PasswordHasher,False,4,29,4.0,30,17,18,0,7,5
Django-1.8.2,Django-1.8.2/django/contrib/auth/hashers.py,UnsaltedMD5PasswordHasher,False,4,30,3.75,31,16,17,0,9,5
Django-1.8.2,Django-1.8.2/django/contrib/auth/hashers.py,CryptPasswordHasher,False,4,32,5.25,33,20,23,1,4,5
Django-1.8.2,Django-1.8.2/django/contrib/auth/middleware.py,AuthenticationMiddleware,False,1,8,8.0,9,5,9,0,0,0
Django-1.8.2,Django-1.8.2/django/contrib/auth/middleware.py,SessionAuthenticationMiddleware,False,1,10,2.0,11,4,3,0,7,1
Django-1.8.2,Django-1.8.2/django/contrib/auth/middleware.py,RemoteUserMiddleware,False,3,82,20.666666666666668,83,39,41,18,18,7
Django-1.8.2,Django-1.8.2/django/contrib/auth/models.py,PermissionManager,False,1,7,5.0,8,4,7,0,0,1
Django-1.8.2,Django-1.8.2/django/contrib/auth/models.py,Permission,False,2,43,3.5,44,16,19,0,18,7
Django-1.8.2,Django-1.8.2/django/contrib/auth/models.py,GroupManager,False,1,7,2.0,8,5,4,0,3,1
Django-1.8.2,Django-1.8.2/django/contrib/auth/models.py,Group,False,2,31,2.0,32,12,12,0,14,6
Django-1.8.2,Django-1.8.2/django/contrib/auth/models.py,BaseUserManager,False,3,30,8.666666666666666,31,18,18,0,10,3
Django-1.8.2,Django-1.8.2/django/contrib/auth/models.py,UserManager,False,3,26,7.333333333333333,27,16,21,0,3,3
Django-1.8.2,Django-1.8.2/django/contrib/auth/models.py,AbstractBaseUser,False,12,66,3.75,67,40,35,1,15,15
Django-1.8.2,Django-1.8.2/django/contrib/auth/models.py,PermissionsMixin,False,5,72,9.6,73,32,36,3,25,9
Django-1.8.2,Django-1.8.2/django/contrib/auth/models.py,AbstractUser,False,3,55,4.666666666666667,56,27,37,0,11,7
Django-1.8.2,Django-1.8.2/django/contrib/auth/models.py,User,False,0,8,0.0,9,4,3,0,5,1
Django-1.8.2,Django-1.8.2/django/contrib/auth/models.py,AnonymousUser,False,19,70,2.1578947368421053,71,52,52,1,0,19
Django-1.8.2,Django-1.8.2/django/contrib/auth/tokens.py,PasswordResetTokenGenerator,False,5,63,11.0,64,32,29,13,11,11
Django-1.8.2,Django-1.8.2/django/contrib/auth/management/commands/changepassword.py,Command,False,3,51,15.0,52,37,41,1,0,11
Django-1.8.2,Django-1.8.2/django/contrib/auth/management/commands/createsuperuser.py,NotRunningInTTYException,False,0,1,0.0,2,2,2,0,0,0
Django-1.8.2,Django-1.8.2/django/contrib/auth/management/commands/createsuperuser.py,Command,False,5,144,27.6,145,95,117,8,4,17
Django-1.8.2,Django-1.8.2/django/contrib/auth/migrations/0001_initial.py,Migration,False,0,66,0.0,67,4,65,0,0,2
Django-1.8.2,Django-1.8.2/django/contrib/auth/migrations/0002_alter_permission_name_max_length.py,Migration,False,0,12,0.0,13,3,11,0,0,2
Django-1.8.2,Django-1.8.2/django/contrib/auth/migrations/0003_alter_user_email_max_length.py,Migration,False,0,12,0.0,13,3,11,0,0,2
Django-1.8.2,Django-1.8.2/django/contrib/auth/migrations/0004_alter_user_username_opts.py,Migration,False,0,13,0.0,14,4,11,1,0,2
Django-1.8.2,Django-1.8.2/django/contrib/auth/migrations/0005_alter_user_last_login_null.py,Migration,False,0,12,0.0,13,3,11,0,0,2
Django-1.8.2,Django-1.8.2/django/contrib/auth/migrations/0006_require_contenttypes_0002.py,Migration,False,0,10,0.0,11,3,9,2,0,2
Django-1.8.2,Django-1.8.2/django/contrib/auth/tests/custom_user.py,CustomUserManager,True,2,21,10.0,22,14,16,0,3,3
Django-1.8.2,Django-1.8.2/django/contrib/auth/tests/custom_user.py,CustomUser,True,9,42,2.0,43,29,29,2,0,12
Django-1.8.2,Django-1.8.2/django/contrib/auth/tests/custom_user.py,RemoveGroupsAndPermissions,True,2,18,6.0,19,14,13,0,5,1
Django-1.8.2,Django-1.8.2/django/contrib/contenttypes/admin.py,GenericInlineModelAdminChecks,False,2,69,34.0,70,20,59,6,0,5
Django-1.8.2,Django-1.8.2/django/contrib/contenttypes/admin.py,GenericInlineModelAdmin,False,1,42,36.0,43,25,37,2,0,4
Django-1.8.2,Django-1.8.2/django/contrib/contenttypes/admin.py,GenericStackedInline,False,0,1,0.0,2,2,2,0,0,0
Django-1.8.2,Django-1.8.2/django/contrib/contenttypes/admin.py,GenericTabularInline,False,0,1,0.0,2,2,2,0,0,0
Django-1.8.2,Django-1.8.2/django/contrib/contenttypes/apps.py,ContentTypesConfig,False,1,6,3.0,7,6,6,0,0,1
Django-1.8.2,Django-1.8.2/django/contrib/contenttypes/fields.py,GenericForeignKey,False,13,237,15.846153846153847,238,137,190,13,10,25
Django-1.8.2,Django-1.8.2/django/contrib/contenttypes/fields.py,GenericRelation,False,14,126,7.428571428571429,127,70,90,12,6,18
Django-1.8.2,Django-1.8.2/django/contrib/contenttypes/fields.py,ReverseGenericRelatedObjectsDescriptor,False,3,51,13.666666666666666,52,24,33,4,8,7
Django-1.8.2,Django-1.8.2/django/contrib/contenttypes/fields.py,GenericRel,False,1,4,4.0,5,3,5,0,0,0
Django-1.8.2,Django-1.8.2/django/contrib/contenttypes/forms.py,BaseGenericInlineFormSet,False,3,42,11.666666666666666,43,22,37,0,3,3
Django-1.8.2,Django-1.8.2/django/contrib/contenttypes/models.py,ContentTypeManager,False,9,142,14.222222222222221,143,86,95,18,18,11
Django-1.8.2,Django-1.8.2/django/contrib/contenttypes/models.py,ContentType,False,6,44,4.666666666666667,45,31,28,0,9,7
Django-1.8.2,Django-1.8.2/django/contrib/contenttypes/migrations/0001_initial.py,Migration,False,0,29,0.0,30,4,28,0,0,2
Django-1.8.2,Django-1.8.2/django/contrib/contenttypes/migrations/0002_remove_content_type_name.py,Migration,False,0,25,0.0,26,4,24,0,0,2
Django-1.8.2,Django-1.8.2/django/contrib/flatpages/admin.py,FlatPageAdmin,False,0,9,0.0,10,7,10,0,0,0
Django-1.8.2,Django-1.8.2/django/contrib/flatpages/apps.py,FlatPagesConfig,False,0,2,0.0,3,3,3,0,0,0
Django-1.8.2,Django-1.8.2/django/contrib/flatpages/forms.py,FlatpageForm,False,2,47,16.5,48,25,42,0,0,6
Django-1.8.2,Django-1.8.2/django/contrib/flatpages/middleware.py,FlatpageFallbackMiddleware,False,1,13,13.0,14,12,12,3,0,0
Django-1.8.2,Django-1.8.2/django/contrib/flatpages/models.py,FlatPage,False,2,27,2.5,28,17,24,1,0,3
Django-1.8.2,Django-1.8.2/django/contrib/flatpages/sitemaps.py,FlatPageSitemap,False,1,6,6.0,7,7,7,0,0,0
Django-1.8.2,Django-1.8.2/django/contrib/flatpages/migrations/0001_initial.py,Migration,False,0,27,0.0,28,4,26,0,0,2
Django-1.8.2,Django-1.8.2/django/contrib/flatpages/templatetags/flatpages.py,FlatpageNode,False,2,33,16.0,34,27,28,3,0,3
Django-1.8.2,Django-1.8.2/django/contrib/gis/apps.py,GISConfig,False,1,6,3.0,7,6,6,0,0,1
Django-1.8.2,Django-1.8.2/django/contrib/gis/feeds.py,GeoFeedMixin,False,3,74,22.333333333333332,75,50,44,11,17,3
Django-1.8.2,Django-1.8.2/django/contrib/gis/feeds.py,GeoRSSFeed,False,3,12,3.3333333333333335,13,11,11,0,0,2
Django-1.8.2,Django-1.8.2/django/contrib/gis/feeds.py,GeoAtom1Feed,False,3,12,3.3333333333333335,13,11,11,0,0,2
Django-1.8.2,Django-1.8.2/django/contrib/gis/feeds.py,W3CGeoFeed,False,3,12,3.3333333333333335,13,11,11,0,0,2
Django-1.8.2,Django-1.8.2/django/contrib/gis/feeds.py,Feed,False,2,13,2.0,14,9,6,0,6,2
Django-1.8.2,Django-1.8.2/django/contrib/gis/measure.py,MeasureBase,False,23,167,5.782608695652174,168,140,131,5,9,26
Django-1.8.2,Django-1.8.2/django/contrib/gis/measure.py,Distance,False,1,87,11.0,88,18,85,1,0,2
Django-1.8.2,Django-1.8.2/django/contrib/gis/measure.py,Area,False,2,15,4.0,16,17,13,2,0,2
Django-1.8.2,Django-1.8.2/django/contrib/gis/admin/options.py,GeoModelAdmin,False,3,117,26.0,118,67,94,4,14,6
Django-1.8.2,Django-1.8.2/django/contrib/gis/admin/options.py,OSMGeoAdmin,False,1,12,4.0,13,12,12,0,0,1
Django-1.8.2,Django-1.8.2/django/contrib/gis/admin/widgets.py,OpenLayersWidget,False,2,107,51.5,108,58,71,20,3,13
Django-1.8.2,Django-1.8.2/django/contrib/gis/db/backends/utils.py,SpatialOperator,False,3,20,4.0,21,17,15,0,3,3
Django-1.8.2,Django-1.8.2/django/contrib/gis/db/backends/base/adapter.py,WKTAdapter,False,5,21,2.6,22,15,14,0,4,4
Django-1.8.2,Django-1.8.2/django/contrib/gis/db/backends/base/features.py,BaseSpatialFeatures,False,10,82,2.4,83,44,51,17,0,15
Django-1.8.2,Django-1.8.2/django/contrib/gis/db/backends/base/models.py,SpatialRefSysMixin,False,16,209,9.875,210,153,141,13,24,21
Django-1.8.2,Django-1.8.2/django/contrib/gis/db/backends/base/operations.py,BaseSpatialOperations,False,11,115,3.6363636363636362,116,69,67,12,19,18
Django-1.8.2,Django-1.8.2/django/contrib/gis/db/backends/mysql/base.py,DatabaseWrapper,False,1,8,6.0,9,8,8,0,0,1
Django-1.8.2,Django-1.8.2/django/contrib/gis/db/backends/mysql/creation.py,MySQLCreation,False,1,14,14.0,15,10,14,0,0,1
Django-1.8.2,Django-1.8.2/django/contrib/gis/db/backends/mysql/features.py,DatabaseFeatures,False,0,7,0.0,8,8,8,0,0,0
Django-1.8.2,Django-1.8.2/django/contrib/gis/db/backends/mysql/introspection.py,MySQLIntrospection,False,2,34,14.0,35,18,22,10,0,3
Django-1.8.2,Django-1.8.2/django/contrib/gis/db/backends/mysql/operations.py,MySQLOperations,False,2,41,6.5,42,20,31,4,5,6
Django-1.8.2,Django-1.8.2/django/contrib/gis/db/backends/mysql/schema.py,MySQLGISSchemaEditor,False,8,67,7.125,68,41,58,2,0,9
Django-1.8.2,Django-1.8.2/django/contrib/gis/db/backends/oracle/adapter.py,OracleSpatialAdapter,False,0,1,0.0,2,2,2,0,0,0
Django-1.8.2,Django-1.8.2/django/contrib/gis/db/backends/oracle/base.py,DatabaseWrapper,False,1,8,6.0,9,8,8,0,0,1
Django-1.8.2,Django-1.8.2/django/contrib/gis/db/backends/oracle/creation.py,OracleCreation,False,1,38,37.0,39,14,30,2,0,6
Django-1.8.2,Django-1.8.2/django/contrib/gis/db/backends/oracle/features.py,DatabaseFeatures,False,0,2,0.0,3,3,3,0,0,0
Django-1.8.2,Django-1.8.2/django/contrib/gis/db/backends/oracle/introspection.py,OracleIntrospection,False,1,41,35.0,42,23,30,8,0,4
Django-1.8.2,Django-1.8.2/django/contrib/gis/db/backends/oracle/models.py,OracleGeometryColumns,False,3,29,4.666666666666667,30,19,16,1,8,4
Django-1.8.2,Django-1.8.2/django/contrib/gis/db/backends/oracle/models.py,OracleSpatialRefSys,False,2,23,2.0,24,19,18,2,0,3
Django-1.8.2,Django-1.8.2/django/contrib/gis/db/backends/oracle/operations.py,SDOOperator,False,0,1,0.0,2,2,2,0,0,0
Django-1.8.2,Django-1.8.2/django/contrib/gis/db/backends/oracle/operations.py,SDODistance,False,0,1,0.0,2,2,2,0,0,0
Django-1.8.2,Django-1.8.2/django/contrib/gis/db/backends/oracle/operations.py,SDODWithin,False,0,1,0.0,2,2,2,0,0,0
Django-1.8.2,Django-1.8.2/django/contrib/gis/db/backends/oracle/operations.py,SDODisjoint,False,0,1,0.0,2,2,2,0,0,0
Django-1.8.2,Django-1.8.2/django/contrib/gis/db/backends/oracle/operations.py,SDORelate,False,2,11,4.0,12,10,10,0,0,2
Django-1.8.2,Django-1.8.2/django/contrib/gis/db/backends/oracle/operations.py,OracleOperations,False,12,194,10.583333333333334,195,121,136,18,22,22
Django-1.8.2,Django-1.8.2/django/contrib/gis/db/backends/oracle/schema.py,OracleGISSchemaEditor,False,9,88,6.666666666666667,89,45,78,2,0,9
Django-1.8.2,Django-1.8.2/django/contrib/gis/db/backends/postgis/adapter.py,PostGISAdapter,False,8,40,4.125,41,27,24,4,4,7
Django-1.8.2,Django-1.8.2/django/contrib/gis/db/backends/postgis/base.py,DatabaseWrapper,False,3,25,6.666666666666667,26,22,22,1,0,3
Django-1.8.2,Django-1.8.2/django/contrib/gis/db/backends/postgis/creation.py,PostGISCreation,False,2,68,31.5,69,34,50,11,0,7
Django-1.8.2,Django-1.8.2/django/contrib/gis/db/backends/postgis/features.py,DatabaseFeatures,False,0,2,0.0,3,3,3,0,0,0
Django-1.8.2,Django-1.8.2/django/contrib/gis/db/backends/postgis/introspection.py,GeoIntrospectionError,False,0,1,0.0,2,2,2,0,0,0
Django-1.8.2,Django-1.8.2/django/contrib/gis/db/backends/postgis/introspection.py,PostGISIntrospection,False,3,99,28.333333333333332,100,48,64,18,11,10
Django-1.8.2,Django-1.8.2/django/contrib/gis/db/backends/postgis/models.py,PostGISGeometryColumns,False,3,38,5.333333333333333,39,23,22,0,13,4
Django-1.8.2,Django-1.8.2/django/contrib/gis/db/backends/postgis/models.py,PostGISSpatialRefSys,False,2,22,2.0,23,17,16,0,4,3
Django-1.8.2,Django-1.8.2/django/contrib/gis/db/backends/postgis/operations.py,PostGISOperator,False,2,11,5.0,12,8,9,2,0,1
Django-1.8.2,Django-1.8.2/django/contrib/gis/db/backends/postgis/operations.py,PostGISDistanceOperator,False,1,12,10.0,13,14,12,0,0,1
Django-1.8.2,Django-1.8.2/django/contrib/gis/db/backends/postgis/operations.py,PostGISOperations,False,23,327,11.08695652173913,328,201,220,25,43,36
Django-1.8.2,Django-1.8.2/django/contrib/gis/db/backends/postgis/schema.py,PostGISSchemaEditor,False,7,108,13.142857142857142,109,61,86,12,0,11
Django-1.8.2,Django-1.8.2/django/contrib/gis/db/backends/spatialite/adapter.py,SpatiaLiteAdapter,False,1,4,3.0,5,5,4,0,0,0
Django-1.8.2,Django-1.8.2/django/contrib/gis/db/backends/spatialite/base.py,DatabaseWrapper,False,3,58,18.0,59,35,45,10,0,4
Django-1.8.2,Django-1.8.2/django/contrib/gis/db/backends/spatialite/client.py,SpatiaLiteClient,False,0,1,0.0,2,2,2,0,0,0
Django-1.8.2,Django-1.8.2/django/contrib/gis/db/backends/spatialite/creation.py,SpatiaLiteCreation,False,1,28,27.0,29,12,22,0,0,6
Django-1.8.2,Django-1.8.2/django/contrib/gis/db/backends/spatialite/features.py,DatabaseFeatures,False,1,10,5.0,11,6,6,4,0,1
Django-1.8.2,Django-1.8.2/django/contrib/gis/db/backends/spatialite/introspection.py,GeoFlexibleFieldLookupDict,False,0,14,0.0,15,5,11,0,4,0
Django-1.8.2,Django-1.8.2/django/contrib/gis/db/backends/spatialite/introspection.py,SpatiaLiteIntrospection,False,2,41,19.0,42,28,33,4,0,5
Django-1.8.2,Django-1.8.2/django/contrib/gis/db/backends/spatialite/models.py,SpatialiteGeometryColumns,False,3,34,5.333333333333333,35,21,20,0,11,4
Django-1.8.2,Django-1.8.2/django/contrib/gis/db/backends/spatialite/models.py,SpatialiteSpatialRefSys,False,1,20,5.0,21,17,16,0,3,2
Django-1.8.2,Django-1.8.2/django/contrib/gis/db/backends/spatialite/operations.py,SpatiaLiteOperations,False,21,252,7.9523809523809526,253,166,180,14,34,28
Django-1.8.2,Django-1.8.2/django/contrib/gis/db/backends/spatialite/schema.py,SpatialiteSchemaEditor,False,9,157,14.333333333333334,158,80,132,14,0,12
Django-1.8.2,Django-1.8.2/django/contrib/gis/db/models/aggregates.py,GeoAggregate,False,4,26,5.0,27,21,21,2,0,4
Django-1.8.2,Django-1.8.2/django/contrib/gis/db/models/aggregates.py,Collect,False,0,1,0.0,2,2,2,0,0,0
Django-1.8.2,Django-1.8.2/django/contrib/gis/db/models/aggregates.py,Extent,False,2,8,2.0,9,7,7,0,0,2
Django-1.8.2,Django-1.8.2/django/contrib/gis/db/models/aggregates.py,Extent3D,False,2,8,2.0,9,7,7,0,0,2
Django-1.8.2,Django-1.8.2/django/contrib/gis/db/models/aggregates.py,MakeLine,False,0,1,0.0,2,2,2,0,0,0
Django-1.8.2,Django-1.8.2/django/contrib/gis/db/models/aggregates.py,Union,False,0,1,0.0,2,2,2,0,0,0
Django-1.8.2,Django-1.8.2/django/contrib/gis/db/models/fields.py,GeoSelectFormatMixin,False,1,20,20.0,21,12,11,4,6,0
Django-1.8.2,Django-1.8.2/django/contrib/gis/db/models/fields.py,GeometryField,False,18,246,11.88888888888889,247,132,125,31,52,38
Django-1.8.2,Django-1.8.2/django/contrib/gis/db/models/fields.py,PointField,False,0,3,0.0,4,4,4,0,0,0
Django-1.8.2,Django-1.8.2/django/contrib/gis/db/models/fields.py,LineStringField,False,0,3,0.0,4,4,4,0,0,0
Django-1.8.2,Django-1.8.2/django/contrib/gis/db/models/fields.py,PolygonField,False,0,3,0.0,4,4,4,0,0,0
Django-1.8.2,Django-1.8.2/django/contrib/gis/db/models/fields.py,MultiPointField,False,0,3,0.0,4,4,4,0,0,0
Django-1.8.2,Django-1.8.2/django/contrib/gis/db/models/fields.py,MultiLineStringField,False,0,3,0.0,4,4,4,0,0,0
Django-1.8.2,Django-1.8.2/django/contrib/gis/db/models/fields.py,MultiPolygonField,False,0,3,0.0,4,4,4,0,0,0
Django-1.8.2,Django-1.8.2/django/contrib/gis/db/models/fields.py,GeometryCollectionField,False,0,3,0.0,4,4,4,0,0,0
Django-1.8.2,Django-1.8.2/django/contrib/gis/db/models/fields.py,ExtentField,False,1,6,2.0,7,5,4,0,0,2
Django-1.8.2,Django-1.8.2/django/contrib/gis/db/models/lookups.py,GISLookup,False,4,83,18.75,84,53,50,16,8,10
Django-1.8.2,Django-1.8.2/django/contrib/gis/db/models/lookups.py,OverlapsLeftLookup,False,0,5,0.0,6,3,2,0,4,0
Django-1.8.2,Django-1.8.2/django/contrib/gis/db/models/lookups.py,OverlapsRightLookup,False,0,5,0.0,6,3,2,0,4,0
Django-1.8.2,Django-1.8.2/django/contrib/gis/db/models/lookups.py,OverlapsBelowLookup,False,0,5,0.0,6,3,2,0,4,0
Django-1.8.2,Django-1.8.2/django/contrib/gis/db/models/lookups.py,OverlapsAboveLookup,False,0,5,0.0,6,3,2,0,4,0
Django-1.8.2,Django-1.8.2/django/contrib/gis/db/models/lookups.py,LeftLookup,False,0,5,0.0,6,3,2,0,4,0
Django-1.8.2,Django-1.8.2/django/contrib/gis/db/models/lookups.py,RightLookup,False,0,5,0.0,6,3,2,0,4,0
Django-1.8.2,Django-1.8.2/django/contrib/gis/db/models/lookups.py,StrictlyBelowLookup,False,0,5,0.0,6,3,2,0,4,0
Django-1.8.2,Django-1.8.2/django/contrib/gis/db/models/lookups.py,StrictlyAboveLookup,False,0,5,0.0,6,3,2,0,4,0
Django-1.8.2,Django-1.8.2/django/contrib/gis/db/models/lookups.py,SameAsLookup,False,0,6,0.0,7,3,2,0,5,0
Django-1.8.2,Django-1.8.2/django/contrib/gis/db/models/lookups.py,ExactLookup,False,0,2,0.0,3,2,2,1,0,0
Django-1.8.2,Django-1.8.2/django/contrib/gis/db/models/lookups.py,BBContainsLookup,False,0,5,0.0,6,3,2,0,4,0
Django-1.8.2,Django-1.8.2/django/contrib/gis/db/models/lookups.py,BBOverlapsLookup,False,0,4,0.0,5,3,2,0,3,0
Django-1.8.2,Django-1.8.2/django/contrib/gis/db/models/lookups.py,ContainedLookup,False,0,5,0.0,6,3,2,0,4,0
Django-1.8.2,Django-1.8.2/django/contrib/gis/db/models/lookups.py,ContainsLookup,False,0,1,0.0,2,2,2,0,0,0
Django-1.8.2,Django-1.8.2/django/contrib/gis/db/models/lookups.py,ContainsProperlyLookup,False,0,1,0.0,2,2,2,0,0,0
Django-1.8.2,Django-1.8.2/django/contrib/gis/db/models/lookups.py,CoveredByLookup,False,0,1,0.0,2,2,2,0,0,0
Django-1.8.2,Django-1.8.2/django/contrib/gis/db/models/lookups.py,CoversLookup,False,0,1,0.0,2,2,2,0,0,0
Django-1.8.2,Django-1.8.2/django/contrib/gis/db/models/lookups.py,CrossesLookup,False,0,1,0.0,2,2,2,0,0,0
Django-1.8.2,Django-1.8.2/django/contrib/gis/db/models/lookups.py,DisjointLookup,False,0,1,0.0,2,2,2,0,0,0
Django-1.8.2,Django-1.8.2/django/contrib/gis/db/models/lookups.py,EqualsLookup,False,0,1,0.0,2,2,2,0,0,0
Django-1.8.2,Django-1.8.2/django/contrib/gis/db/models/lookups.py,IntersectsLookup,False,0,1,0.0,2,2,2,0,0,0
Django-1.8.2,Django-1.8.2/django/contrib/gis/db/models/lookups.py,OverlapsLookup,False,0,1,0.0,2,2,2,0,0,0
Django-1.8.2,Django-1.8.2/django/contrib/gis/db/models/lookups.py,RelateLookup,False,1,16,12.0,17,15,15,1,0,1
Django-1.8.2,Django-1.8.2/django/contrib/gis/db/models/lookups.py,TouchesLookup,False,0,1,0.0,2,2,2,0,0,0
Django-1.8.2,Django-1.8.2/django/contrib/gis/db/models/lookups.py,WithinLookup,False,0,1,0.0,2,2,2,0,0,0
Django-1.8.2,Django-1.8.2/django/contrib/gis/db/models/lookups.py,DistanceLookupBase,False,1,13,10.0,14,13,12,1,0,1
Django-1.8.2,Django-1.8.2/django/contrib/gis/db/models/lookups.py,DWithinLookup,False,0,2,0.0,3,3,3,0,0,0
Django-1.8.2,Django-1.8.2/django/contrib/gis/db/models/lookups.py,DistanceGTLookup,False,0,1,0.0,2,2,2,0,0,0
Django-1.8.2,Django-1.8.2/django/contrib/gis/db/models/lookups.py,DistanceGTELookup,False,0,1,0.0,2,2,2,0,0,0
Django-1.8.2,Django-1.8.2/django/contrib/gis/db/models/lookups.py,DistanceLTLookup,False,0,1,0.0,2,2,2,0,0,0
Django-1.8.2,Django-1.8.2/django/contrib/gis/db/models/lookups.py,DistanceLTELookup,False,0,1,0.0,2,2,2,0,0,0
Django-1.8.2,Django-1.8.2/django/contrib/gis/db/models/manager.py,GeoManager,False,0,6,0.0,7,3,2,3,0,1
Django-1.8.2,Django-1.8.2/django/contrib/gis/db/models/proxy.py,GeometryProxy,False,3,57,18.333333333333332,58,30,28,10,14,6
Django-1.8.2,Django-1.8.2/django/contrib/gis/db/models/query.py,GeoQuerySet,False,39,794,19.256410256410255,795,389,407,91,212,85
Django-1.8.2,Django-1.8.2/django/contrib/gis/db/models/sql/conversion.py,BaseField,False,2,7,2.0,8,6,6,0,0,2
Django-1.8.2,Django-1.8.2/django/contrib/gis/db/models/sql/conversion.py,AreaField,False,3,11,2.6666666666666665,12,11,9,0,0,2
Django-1.8.2,Django-1.8.2/django/contrib/gis/db/models/sql/conversion.py,DistanceField,False,3,11,2.6666666666666665,12,11,9,0,0,2
Django-1.8.2,Django-1.8.2/django/contrib/gis/db/models/sql/conversion.py,GeomField,False,2,14,3.0,15,9,8,1,4,2
Django-1.8.2,Django-1.8.2/django/contrib/gis/db/models/sql/conversion.py,GMLField,False,2,9,2.0,10,6,5,0,3,2
Django-1.8.2,Django-1.8.2/django/contrib/gis/forms/fields.py,GeometryField,False,4,90,17.75,91,52,54,11,13,12
Django-1.8.2,Django-1.8.2/django/contrib/gis/forms/fields.py,GeometryCollectionField,False,0,1,0.0,2,2,2,0,0,0
Django-1.8.2,Django-1.8.2/django/contrib/gis/forms/fields.py,PointField,False,0,1,0.0,2,2,2,0,0,0
Django-1.8.2,Django-1.8.2/django/contrib/gis/forms/fields.py,MultiPointField,False,0,1,0.0,2,2,2,0,0,0
Django-1.8.2,Django-1.8.2/django/contrib/gis/forms/fields.py,LineStringField,False,0,1,0.0,2,2,2,0,0,0
Django-1.8.2,Django-1.8.2/django/contrib/gis/forms/fields.py,MultiLineStringField,False,0,1,0.0,2,2,2,0,0,0
Django-1.8.2,Django-1.8.2/django/contrib/gis/forms/fields.py,PolygonField,False,0,1,0.0,2,2,2,0,0,0
Django-1.8.2,Django-1.8.2/django/contrib/gis/forms/fields.py,MultiPolygonField,False,0,1,0.0,2,2,2,0,0,0
Django-1.8.2,Django-1.8.2/django/contrib/gis/forms/widgets.py,BaseGeometryWidget,False,4,62,11.5,63,36,49,5,4,7
Django-1.8.2,Django-1.8.2/django/contrib/gis/forms/widgets.py,OpenLayersWidget,False,0,7,0.0,8,4,7,0,0,1
Django-1.8.2,Django-1.8.2/django/contrib/gis/forms/widgets.py,OSMWidget,False,2,29,6.5,30,19,22,2,3,3
Django-1.8.2,Django-1.8.2/django/contrib/gis/gdal/base.py,GDALBase,False,2,31,8.5,32,17,16,8,4,4
Django-1.8.2,Django-1.8.2/django/contrib/gis/gdal/datasource.py,DataSource,False,8,77,8.25,78,60,52,7,0,11
Django-1.8.2,Django-1.8.2/django/contrib/gis/gdal/driver.py,Driver,False,5,87,11.2,88,45,51,13,17,9
Django-1.8.2,Django-1.8.2/django/contrib/gis/gdal/envelope.py,OGREnvelope,False,0,6,0.0,7,3,6,0,0,0
Django-1.8.2,Django-1.8.2/django/contrib/gis/gdal/envelope.py,Envelope,False,13,148,9.384615384615385,149,102,93,13,18,15
Django-1.8.2,Django-1.8.2/django/contrib/gis/gdal/error.py,GDALException,False,0,1,0.0,2,2,2,0,0,0
Django-1.8.2,Django-1.8.2/django/contrib/gis/gdal/error.py,SRSException,False,0,1,0.0,2,2,2,0,0,0
Django-1.8.2,Django-1.8.2/django/contrib/gis/gdal/error.py,OGRIndexError,False,0,7,0.0,8,3,2,0,6,0
Django-1.8.2,Django-1.8.2/django/contrib/gis/gdal/feature.py,Feature,False,16,106,4.8125,107,73,58,3,18,16
Django-1.8.2,Django-1.8.2/django/contrib/gis/gdal/field.py,Field,False,12,89,5.416666666666667,90,60,49,7,8,15
Django-1.8.2,Django-1.8.2/django/contrib/gis/gdal/field.py,OFTInteger,False,2,20,7.5,21,13,11,2,5,2
Django-1.8.2,Django-1.8.2/django/contrib/gis/gdal/field.py,OFTReal,False,1,4,3.0,5,5,4,0,0,0
Django-1.8.2,Django-1.8.2/django/contrib/gis/gdal/field.py,OFTString,False,0,1,0.0,2,2,2,0,0,0
Django-1.8.2,Django-1.8.2/django/contrib/gis/gdal/field.py,OFTWideString,False,0,1,0.0,2,2,2,0,0,0
Django-1.8.2,Django-1.8.2/django/contrib/gis/gdal/field.py,OFTBinary,False,0,1,0.0,2,2,2,0,0,0
Django-1.8.2,Django-1.8.2/django/contrib/gis/gdal/field.py,OFTDate,False,1,8,7.0,9,9,8,0,0,0
Django-1.8.2,Django-1.8.2/django/contrib/gis/gdal/field.py,OFTDateTime,False,1,12,11.0,13,9,8,4,0,0
Django-1.8.2,Django-1.8.2/django/contrib/gis/gdal/field.py,OFTTime,False,1,8,7.0,9,9,8,0,0,0
Django-1.8.2,Django-1.8.2/django/contrib/gis/gdal/field.py,OFTIntegerList,False,0,1,0.0,2,2,2,0,0,0
Django-1.8.2,Django-1.8.2/django/contrib/gis/gdal/field.py,OFTRealList,False,0,1,0.0,2,2,2,0,0,0
Django-1.8.2,Django-1.8.2/django/contrib/gis/gdal/field.py,OFTStringList,False,0,1,0.0,2,2,2,0,0,0
Django-1.8.2,Django-1.8.2/django/contrib/gis/gdal/field.py,OFTWideStringList,False,0,1,0.0,2,2,2,0,0,0
Django-1.8.2,Django-1.8.2/django/contrib/gis/gdal/geometries.py,OGRGeometry,False,57,430,5.754385964912281,431,291,239,42,38,69
Django-1.8.2,Django-1.8.2/django/contrib/gis/gdal/geometries.py,Point,False,4,25,4.0,26,22,18,0,0,4
Django-1.8.2,Django-1.8.2/django/contrib/gis/gdal/geometries.py,LineString,False,8,53,5.0,54,43,35,0,4,8
Django-1.8.2,Django-1.8.2/django/contrib/gis/gdal/geometries.py,LinearRing,False,0,1,0.0,2,2,2,0,0,0
Django-1.8.2,Django-1.8.2/django/contrib/gis/gdal/geometries.py,Polygon,False,7,43,4.142857142857143,44,34,27,4,0,7
Django-1.8.2,Django-1.8.2/django/contrib/gis/gdal/geometries.py,GeometryCollection,False,6,43,5.5,44,37,30,1,0,6
Django-1.8.2,Django-1.8.2/django/contrib/gis/gdal/geometries.py,MultiPoint,False,0,1,0.0,2,2,2,0,0,0
Django-1.8.2,Django-1.8.2/django/contrib/gis/gdal/geometries.py,MultiLineString,False,0,1,0.0,2,2,2,0,0,0
Django-1.8.2,Django-1.8.2/django/contrib/gis/gdal/geometries.py,MultiPolygon,False,0,1,0.0,2,2,2,0,0,0
Django-1.8.2,Django-1.8.2/django/contrib/gis/gdal/geomtype.py,OGRGeomType,False,6,82,8.166666666666666,83,53,62,3,4,9
Django-1.8.2,Django-1.8.2/django/contrib/gis/gdal/layer.py,Layer,False,21,194,7.523809523809524,195,124,109,14,37,22
Django-1.8.2,Django-1.8.2/django/contrib/gis/gdal/srs.py,SpatialReference,False,36,290,6.194444444444445,291,187,150,15,57,41
Django-1.8.2,Django-1.8.2/django/contrib/gis/gdal/srs.py,CoordTransform,False,3,17,4.333333333333333,18,15,12,0,0,3
Django-1.8.2,Django-1.8.2/django/contrib/gis/gdal/prototypes/generation.py,gdal_char_p,False,0,1,0.0,2,2,2,0,0,0
Django-1.8.2,Django-1.8.2/django/contrib/gis/gdal/raster/band.py,GDALBand,False,8,59,5.375,60,37,29,0,24,7
Django-1.8.2,Django-1.8.2/django/contrib/gis/gdal/raster/source.py,TransformPoint,False,3,20,3.3333333333333335,21,15,18,0,0,3
Django-1.8.2,Django-1.8.2/django/contrib/gis/gdal/raster/source.py,GDALRaster,False,15,114,5.733333333333333,115,77,71,5,23,16
Django-1.8.2,Django-1.8.2/django/contrib/gis/geoip/base.py,GeoIPException,False,0,1,0.0,2,2,2,0,0,0
Django-1.8.2,Django-1.8.2/django/contrib/gis/geoip/base.py,GeoIP,False,16,247,11.4375,248,154,142,41,29,27
Django-1.8.2,Django-1.8.2/django/contrib/gis/geoip/prototypes.py,GeoIPRecord,False,0,17,0.0,18,2,18,4,0,0
Django-1.8.2,Django-1.8.2/django/contrib/gis/geoip/prototypes.py,GeoIPTag,False,0,1,0.0,2,2,2,0,0,0
Django-1.8.2,Django-1.8.2/django/contrib/gis/geoip/prototypes.py,geoip_char_p,False,0,1,0.0,2,2,2,0,0,0
Django-1.8.2,Django-1.8.2/django/contrib/gis/geos/base.py,GEOSBase,False,2,32,7.5,33,15,14,11,4,4
Django-1.8.2,Django-1.8.2/django/contrib/gis/geos/collections.py,GeometryCollection,False,9,77,6.666666666666667,78,52,45,11,0,15
Django-1.8.2,Django-1.8.2/django/contrib/gis/geos/collections.py,MultiPoint,False,0,2,0.0,3,3,3,0,0,0
Django-1.8.2,Django-1.8.2/django/contrib/gis/geos/collections.py,MultiLineString,False,1,10,6.0,11,7,6,0,4,1
Django-1.8.2,Django-1.8.2/django/contrib/gis/geos/collections.py,MultiPolygon,False,1,7,3.0,8,7,6,0,0,1
Django-1.8.2,Django-1.8.2/django/contrib/gis/geos/coordseq.py,GEOSCoordSeq,False,22,148,5.181818181818182,149,113,91,9,4,23
Django-1.8.2,Django-1.8.2/django/contrib/gis/geos/error.py,GEOSException,False,0,2,0.0,3,3,2,0,0,0
Django-1.8.2,Django-1.8.2/django/contrib/gis/geos/error.py,GEOSIndexError,False,0,10,0.0,11,3,2,3,6,0
Django-1.8.2,Django-1.8.2/django/contrib/gis/geos/geometry.py,GEOSGeometry,False,78,645,6.487179487179487,646,388,315,44,155,91
Django-1.8.2,Django-1.8.2/django/contrib/gis/geos/io.py,WKBReader,False,1,3,3.0,4,4,3,0,0,0
Django-1.8.2,Django-1.8.2/django/contrib/gis/geos/io.py,WKTReader,False,1,3,3.0,4,4,3,0,0,0
Django-1.8.2,Django-1.8.2/django/contrib/gis/geos/libgeos.py,GEOSGeom_t,False,0,1,0.0,2,2,2,0,0,0
Django-1.8.2,Django-1.8.2/django/contrib/gis/geos/libgeos.py,GEOSPrepGeom_t,False,0,1,0.0,2,2,2,0,0,0
Django-1.8.2,Django-1.8.2/django/contrib/gis/geos/libgeos.py,GEOSCoordSeq_t,False,0,1,0.0,2,2,2,0,0,0
Django-1.8.2,Django-1.8.2/django/contrib/gis/geos/libgeos.py,GEOSContextHandle_t,False,0,1,0.0,2,2,2,0,0,0
Django-1.8.2,Django-1.8.2/django/contrib/gis/geos/linestring.py,LineString,False,14,152,9.0,153,107,96,15,14,23
Django-1.8.2,Django-1.8.2/django/contrib/gis/geos/linestring.py,LinearRing,False,0,2,0.0,3,3,3,0,0,0
Django-1.8.2,Django-1.8.2/django/contrib/gis/geos/mutable_list.py,ListMixin,False,30,316,7.733333333333333,317,215,189,14,33,58
Django-1.8.2,Django-1.8.2/django/contrib/gis/geos/point.py,Point,False,15,133,6.933333333333334,134,95,83,8,10,23
Django-1.8.2,Django-1.8.2/django/contrib/gis/geos/polygon.py,Polygon,False,15,166,9.066666666666666,167,104,95,13,24,26
Django-1.8.2,Django-1.8.2/django/contrib/gis/geos/prepared.py,PreparedGeometry,False,11,58,3.5454545454545454,59,39,38,4,5,12
Django-1.8.2,Django-1.8.2/django/contrib/gis/geos/prototypes/geom.py,geos_char_p,False,0,1,0.0,2,2,2,0,0,0
Django-1.8.2,Django-1.8.2/django/contrib/gis/geos/prototypes/io.py,WKTReader_st,False,0,1,0.0,2,2,2,0,0,0
Django-1.8.2,Django-1.8.2/django/contrib/gis/geos/prototypes/io.py,WKTWriter_st,False,0,1,0.0,2,2,2,0,0,0
Django-1.8.2,Django-1.8.2/django/contrib/gis/geos/prototypes/io.py,WKBReader_st,False,0,1,0.0,2,2,2,0,0,0
Django-1.8.2,Django-1.8.2/django/contrib/gis/geos/prototypes/io.py,WKBWriter_st,False,0,1,0.0,2,2,2,0,0,0
Django-1.8.2,Django-1.8.2/django/contrib/gis/geos/prototypes/io.py,IOBase,False,2,9,3.5,10,7,6,2,0,1
Django-1.8.2,Django-1.8.2/django/contrib/gis/geos/prototypes/io.py,_WKTReader,False,1,8,4.0,9,8,8,0,0,1
Django-1.8.2,Django-1.8.2/django/contrib/gis/geos/prototypes/io.py,_WKBReader,False,1,13,9.0,14,13,12,0,0,1
Django-1.8.2,Django-1.8.2/django/contrib/gis/geos/prototypes/io.py,WKTWriter,False,3,17,3.0,18,15,14,0,0,3
Django-1.8.2,Django-1.8.2/django/contrib/gis/geos/prototypes/io.py,WKBWriter,False,8,48,3.25,49,33,31,4,0,12
Django-1.8.2,Django-1.8.2/django/contrib/gis/geos/prototypes/io.py,ThreadLocalIO,False,0,5,0.0,6,6,6,0,0,0
Django-1.8.2,Django-1.8.2/django/contrib/gis/geos/prototypes/threadsafe.py,GEOSContextHandle,False,2,11,3.5,12,7,6,2,3,1
Django-1.8.2,Django-1.8.2/django/contrib/gis/geos/prototypes/threadsafe.py,GEOSContext,False,0,1,0.0,2,2,2,0,0,0
Django-1.8.2,Django-1.8.2/django/contrib/gis/geos/prototypes/threadsafe.py,GEOSFunc,False,9,63,4.666666666666667,64,39,38,11,4,11
Django-1.8.2,Django-1.8.2/django/contrib/gis/management/commands/inspectdb.py,Command,False,2,26,11.0,27,19,19,6,0,2
Django-1.8.2,Django-1.8.2/django/contrib/gis/management/commands/ogrinspect.py,LayerOptionAction,False,1,9,5.0,10,7,6,0,4,0
Django-1.8.2,Django-1.8.2/django/contrib/gis/management/commands/ogrinspect.py,ListOptionAction,False,1,10,5.0,11,7,6,0,5,0
Django-1.8.2,Django-1.8.2/django/contrib/gis/management/commands/ogrinspect.py,Command,False,2,81,37.0,82,38,68,8,0,6
Django-1.8.2,Django-1.8.2/django/contrib/gis/maps/google/gmap.py,GoogleMapException,False,0,1,0.0,2,2,2,0,0,0
Django-1.8.2,Django-1.8.2/django/contrib/gis/maps/google/gmap.py,GoogleMap,False,10,140,11.6,141,83,94,19,3,19
Django-1.8.2,Django-1.8.2/django/contrib/gis/maps/google/gmap.py,GoogleMapSet,False,5,79,14.4,80,39,37,16,15,10
Django-1.8.2,Django-1.8.2/django/contrib/gis/maps/google/overlays.py,GEvent,False,2,46,11.0,47,9,6,0,30,10
Django-1.8.2,Django-1.8.2/django/contrib/gis/maps/google/overlays.py,GOverlayBase,False,4,14,2.75,15,12,9,0,0,3
Django-1.8.2,Django-1.8.2/django/contrib/gis/maps/google/overlays.py,GPolygon,False,2,57,25.0,58,18,19,6,21,12
Django-1.8.2,Django-1.8.2/django/contrib/gis/maps/google/overlays.py,GPolyline,False,2,43,18.0,44,20,18,3,17,6
Django-1.8.2,Django-1.8.2/django/contrib/gis/maps/google/overlays.py,GIcon,False,4,74,4.5,75,16,17,2,40,16
Django-1.8.2,Django-1.8.2/django/contrib/gis/maps/google/overlays.py,GMarker,False,4,64,10.5,65,31,29,3,25,8
Django-1.8.2,Django-1.8.2/django/contrib/gis/maps/google/zoom.py,GoogleZoom,False,8,152,16.375,153,72,61,45,18,30
Django-1.8.2,Django-1.8.2/django/contrib/gis/serializers/geojson.py,Serializer,False,6,52,7.333333333333333,53,39,42,4,3,5
Django-1.8.2,Django-1.8.2/django/contrib/gis/serializers/geojson.py,Deserializer,False,1,2,2.0,3,3,3,0,0,0
Django-1.8.2,Django-1.8.2/django/contrib/gis/sitemaps/kml.py,KMLSitemap,False,5,56,9.4,57,33,36,2,13,6
Django-1.8.2,Django-1.8.2/django/contrib/gis/sitemaps/kml.py,KMZSitemap,False,0,1,0.0,2,2,2,0,0,0
Django-1.8.2,Django-1.8.2/django/contrib/gis/utils/layermapping.py,LayerMapError,False,0,1,0.0,2,2,2,0,0,0
Django-1.8.2,Django-1.8.2/django/contrib/gis/utils/layermapping.py,InvalidString,False,0,1,0.0,2,2,2,0,0,0
Django-1.8.2,Django-1.8.2/django/contrib/gis/utils/layermapping.py,InvalidDecimal,False,0,1,0.0,2,2,2,0,0,0
Django-1.8.2,Django-1.8.2/django/contrib/gis/utils/layermapping.py,InvalidInteger,False,0,1,0.0,2,2,2,0,0,0
Django-1.8.2,Django-1.8.2/django/contrib/gis/utils/layermapping.py,MissingForeignKey,False,0,1,0.0,2,2,2,0,0,0
Django-1.8.2,Django-1.8.2/django/contrib/gis/utils/layermapping.py,LayerMapping,False,14,580,38.0,581,310,333,104,71,70
Django-1.8.2,Django-1.8.2/django/contrib/humanize/apps.py,HumanizeConfig,False,0,2,0.0,3,3,3,0,0,0
Django-1.8.2,Django-1.8.2/django/contrib/messages/api.py,MessageFailure,False,0,1,0.0,2,2,2,0,0,0
Django-1.8.2,Django-1.8.2/django/contrib/messages/apps.py,MessagesConfig,False,0,2,0.0,3,3,3,0,0,0
Django-1.8.2,Django-1.8.2/django/contrib/messages/middleware.py,MessageMiddleware,False,2,21,8.0,22,11,9,2,8,3
Django-1.8.2,Django-1.8.2/django/contrib/messages/views.py,SuccessMessageMixin,False,2,14,4.0,15,11,10,0,3,2
Django-1.8.2,Django-1.8.2/django/contrib/messages/storage/base.py,Message,False,6,43,5.0,44,27,26,0,11,7
Django-1.8.2,Django-1.8.2/django/contrib/messages/storage/base.py,BaseStorage,False,12,128,8.916666666666666,129,65,56,2,49,22
Django-1.8.2,Django-1.8.2/django/contrib/messages/storage/cookie.py,MessageEncoder,False,1,14,9.0,15,11,10,1,3,1
Django-1.8.2,Django-1.8.2/django/contrib/messages/storage/cookie.py,MessageDecoder,False,2,22,8.5,23,20,17,1,3,2
Django-1.8.2,Django-1.8.2/django/contrib/messages/storage/cookie.py,CookieStorage,False,6,112,16.166666666666668,113,59,57,11,35,11
Django-1.8.2,Django-1.8.2/django/contrib/messages/storage/fallback.py,FallbackStorage,False,3,49,13.666666666666666,50,29,28,5,13,4
Django-1.8.2,Django-1.8.2/django/contrib/messages/storage/session.py,SessionStorage,False,5,38,5.8,39,23,23,0,11,5
Django-1.8.2,Django-1.8.2/django/contrib/postgres/apps.py,PostgresConfig,False,1,7,4.0,8,7,7,0,0,1
Django-1.8.2,Django-1.8.2/django/contrib/postgres/lookups.py,PostgresSimpleLookup,False,1,5,5.0,6,6,6,0,0,0
Django-1.8.2,Django-1.8.2/django/contrib/postgres/lookups.py,FunctionTransform,False,1,3,3.0,4,4,4,0,0,0
Django-1.8.2,Django-1.8.2/django/contrib/postgres/lookups.py,DataContains,False,0,2,0.0,3,3,3,0,0,0
Django-1.8.2,Django-1.8.2/django/contrib/postgres/lookups.py,ContainedBy,False,0,2,0.0,3,3,3,0,0,0
Django-1.8.2,Django-1.8.2/django/contrib/postgres/lookups.py,Overlap,False,0,2,0.0,3,3,3,0,0,0
Django-1.8.2,Django-1.8.2/django/contrib/postgres/lookups.py,Unaccent,False,0,3,0.0,4,4,4,0,0,0
Django-1.8.2,Django-1.8.2/django/contrib/postgres/operations.py,CreateExtension,False,5,16,2.0,17,12,12,0,0,5
Django-1.8.2,Django-1.8.2/django/contrib/postgres/operations.py,HStoreExtension,False,2,10,4.0,11,6,6,3,0,2
Django-1.8.2,Django-1.8.2/django/contrib/postgres/operations.py,UnaccentExtension,False,1,3,2.0,4,3,3,0,0,1
Django-1.8.2,Django-1.8.2/django/contrib/postgres/validators.py,ArrayMaxLengthValidator,False,0,4,0.0,5,2,5,0,0,0
Django-1.8.2,Django-1.8.2/django/contrib/postgres/validators.py,ArrayMinLengthValidator,False,0,4,0.0,5,2,5,0,0,0
Django-1.8.2,Django-1.8.2/django/contrib/postgres/validators.py,KeysValidator,False,4,41,7.5,42,26,36,0,0,5
Django-1.8.2,Django-1.8.2/django/contrib/postgres/validators.py,RangeMaxValueValidator,False,0,2,0.0,3,4,3,0,0,0
Django-1.8.2,Django-1.8.2/django/contrib/postgres/validators.py,RangeMinValueValidator,False,0,2,0.0,3,4,3,0,0,0
Django-1.8.2,Django-1.8.2/django/contrib/postgres/fields/array.py,AttributeSetter,False,1,2,2.0,3,3,3,0,0,0
Django-1.8.2,Django-1.8.2/django/contrib/postgres/fields/array.py,ArrayField,False,13,142,9.461538461538462,143,98,127,4,0,14
Django-1.8.2,Django-1.8.2/django/contrib/postgres/fields/array.py,ArrayContains,False,1,4,4.0,5,5,5,0,0,0
Django-1.8.2,Django-1.8.2/django/contrib/postgres/fields/array.py,ArrayContainedBy,False,1,4,4.0,5,5,5,0,0,0
Django-1.8.2,Django-1.8.2/django/contrib/postgres/fields/array.py,ArrayOverlap,False,1,4,4.0,5,5,5,0,0,0
Django-1.8.2,Django-1.8.2/django/contrib/postgres/fields/array.py,ArrayLenTransform,False,1,6,3.0,7,6,6,0,0,1
Django-1.8.2,Django-1.8.2/django/contrib/postgres/fields/array.py,IndexTransform,False,3,13,3.0,14,11,11,0,0,3
Django-1.8.2,Django-1.8.2/django/contrib/postgres/fields/array.py,IndexTransformFactory,False,2,7,2.5,8,6,6,0,0,2
Django-1.8.2,Django-1.8.2/django/contrib/postgres/fields/array.py,SliceTransform,False,2,9,3.5,10,8,8,0,0,2
Django-1.8.2,Django-1.8.2/django/contrib/postgres/fields/array.py,SliceTransformFactory,False,2,7,2.5,8,6,6,0,0,2
Django-1.8.2,Django-1.8.2/django/contrib/postgres/fields/hstore.py,HStoreField,False,6,40,4.833333333333333,41,30,35,0,0,6
Django-1.8.2,Django-1.8.2/django/contrib/postgres/fields/hstore.py,HasKeyLookup,False,0,2,0.0,3,3,3,0,0,0
Django-1.8.2,Django-1.8.2/django/contrib/postgres/fields/hstore.py,HasKeysLookup,False,0,2,0.0,3,3,3,0,0,0
Django-1.8.2,Django-1.8.2/django/contrib/postgres/fields/hstore.py,KeyTransform,False,2,9,3.0,10,8,8,0,0,2
Django-1.8.2,Django-1.8.2/django/contrib/postgres/fields/hstore.py,KeyTransformFactory,False,2,6,2.0,7,5,5,0,0,2
Django-1.8.2,Django-1.8.2/django/contrib/postgres/fields/hstore.py,KeysTransform,False,0,3,0.0,4,4,4,0,0,0
Django-1.8.2,Django-1.8.2/django/contrib/postgres/fields/hstore.py,ValuesTransform,False,0,3,0.0,4,4,4,0,0,0
Django-1.8.2,Django-1.8.2/django/contrib/postgres/fields/ranges.py,RangeField,False,4,33,7.0,34,28,30,0,0,4
Django-1.8.2,Django-1.8.2/django/contrib/postgres/fields/ranges.py,IntegerRangeField,False,1,6,2.0,7,6,6,0,0,1
Django-1.8.2,Django-1.8.2/django/contrib/postgres/fields/ranges.py,BigIntegerRangeField,False,1,6,2.0,7,6,6,0,0,1
Django-1.8.2,Django-1.8.2/django/contrib/postgres/fields/ranges.py,FloatRangeField,False,1,6,2.0,7,6,6,0,0,1
Django-1.8.2,Django-1.8.2/django/contrib/postgres/fields/ranges.py,DateTimeRangeField,False,1,6,2.0,7,6,6,0,0,1
Django-1.8.2,Django-1.8.2/django/contrib/postgres/fields/ranges.py,DateRangeField,False,1,6,2.0,7,6,6,0,0,1
Django-1.8.2,Django-1.8.2/django/contrib/postgres/fields/ranges.py,FullyLessThan,False,0,2,0.0,3,3,3,0,0,0
Django-1.8.2,Django-1.8.2/django/contrib/postgres/fields/ranges.py,FullGreaterThan,False,0,2,0.0,3,3,3,0,0,0
Django-1.8.2,Django-1.8.2/django/contrib/postgres/fields/ranges.py,NotLessThan,False,0,2,0.0,3,3,3,0,0,0
Django-1.8.2,Django-1.8.2/django/contrib/postgres/fields/ranges.py,NotGreaterThan,False,0,2,0.0,3,3,3,0,0,0
Django-1.8.2,Django-1.8.2/django/contrib/postgres/fields/ranges.py,AdjacentToLookup,False,0,2,0.0,3,3,3,0,0,0
Django-1.8.2,Django-1.8.2/django/contrib/postgres/fields/ranges.py,RangeStartsWith,False,1,6,2.0,7,6,6,0,0,1
Django-1.8.2,Django-1.8.2/django/contrib/postgres/fields/ranges.py,RangeEndsWith,False,1,6,2.0,7,6,6,0,0,1
Django-1.8.2,Django-1.8.2/django/contrib/postgres/fields/ranges.py,IsEmpty,False,0,3,0.0,4,4,4,0,0,0
Django-1.8.2,Django-1.8.2/django/contrib/postgres/forms/array.py,SimpleArrayField,False,5,72,12.8,73,58,68,0,0,5
Django-1.8.2,Django-1.8.2/django/contrib/postgres/forms/array.py,SplitArrayWidget,False,9,52,4.444444444444445,53,42,43,1,0,9
Django-1.8.2,Django-1.8.2/django/contrib/postgres/forms/array.py,SplitArrayField,False,2,44,19.5,45,41,43,0,0,2
Django-1.8.2,Django-1.8.2/django/contrib/postgres/forms/hstore.py,HStoreField,False,2,25,9.0,26,19,22,1,0,2
Django-1.8.2,Django-1.8.2/django/contrib/postgres/forms/ranges.py,BaseRangeField,False,3,37,10.0,38,27,35,0,0,3
Django-1.8.2,Django-1.8.2/django/contrib/postgres/forms/ranges.py,IntegerRangeField,False,0,3,0.0,4,5,4,0,0,0
Django-1.8.2,Django-1.8.2/django/contrib/postgres/forms/ranges.py,FloatRangeField,False,0,3,0.0,4,5,4,0,0,0
Django-1.8.2,Django-1.8.2/django/contrib/postgres/forms/ranges.py,DateTimeRangeField,False,0,3,0.0,4,5,4,0,0,0
Django-1.8.2,Django-1.8.2/django/contrib/postgres/forms/ranges.py,DateRangeField,False,0,3,0.0,4,5,4,0,0,0
Django-1.8.2,Django-1.8.2/django/contrib/postgres/forms/ranges.py,RangeWidget,False,2,8,3.5,9,8,8,0,0,1
Django-1.8.2,Django-1.8.2/django/contrib/redirects/admin.py,RedirectAdmin,False,0,4,0.0,5,6,5,0,0,0
Django-1.8.2,Django-1.8.2/django/contrib/redirects/apps.py,RedirectsConfig,False,0,2,0.0,3,3,3,0,0,0
Django-1.8.2,Django-1.8.2/django/contrib/redirects/middleware.py,RedirectFallbackMiddleware,False,2,40,17.0,41,29,31,4,0,6
Django-1.8.2,Django-1.8.2/django/contrib/redirects/models.py,Redirect,False,1,15,2.0,16,12,14,0,0,2
Django-1.8.2,Django-1.8.2/django/contrib/redirects/migrations/0001_initial.py,Migration,False,0,24,0.0,25,4,23,0,0,2
Django-1.8.2,Django-1.8.2/django/contrib/sessions/apps.py,SessionsConfig,False,0,2,0.0,3,3,3,0,0,0
Django-1.8.2,Django-1.8.2/django/contrib/sessions/exceptions.py,InvalidSessionKey,False,0,2,0.0,3,3,2,0,0,0
Django-1.8.2,Django-1.8.2/django/contrib/sessions/exceptions.py,SuspiciousSession,False,0,2,0.0,3,3,2,0,0,0
Django-1.8.2,Django-1.8.2/django/contrib/sessions/middleware.py,SessionMiddleware,False,3,48,15.333333333333334,49,33,38,4,5,2
Django-1.8.2,Django-1.8.2/django/contrib/sessions/models.py,SessionManager,False,2,15,6.0,16,12,11,1,3,2
Django-1.8.2,Django-1.8.2/django/contrib/sessions/models.py,Session,False,2,32,2.0,33,14,14,0,14,5
Django-1.8.2,Django-1.8.2/django/contrib/sessions/serializers.py,PickleSerializer,False,2,9,2.0,10,6,5,0,4,1
Django-1.8.2,Django-1.8.2/django/contrib/sessions/backends/base.py,CreateError,False,0,5,0.0,6,3,2,0,4,0
Django-1.8.2,Django-1.8.2/django/contrib/sessions/backends/base.py,SessionBase,False,40,304,6.3,305,190,174,14,65,51
Django-1.8.2,Django-1.8.2/django/contrib/sessions/backends/cache.py,SessionStore,False,8,65,6.625,66,46,49,7,3,7
Django-1.8.2,Django-1.8.2/django/contrib/sessions/backends/cached_db.py,SessionStore,False,7,65,7.714285714285714,66,44,47,4,7,8
Django-1.8.2,Django-1.8.2/django/contrib/sessions/backends/db.py,SessionStore,False,7,72,8.857142857142858,73,49,55,3,9,6
Django-1.8.2,Django-1.8.2/django/contrib/sessions/backends/file.py,SessionStore,False,11,186,15.545454545454545,187,120,123,32,9,23
Django-1.8.2,Django-1.8.2/django/contrib/sessions/backends/signed_cookies.py,SessionStore,False,8,74,8.125,75,33,32,1,35,8
Django-1.8.2,Django-1.8.2/django/contrib/sessions/management/commands/clearsessions.py,Command,False,1,12,7.0,13,8,12,0,0,1
Django-1.8.2,Django-1.8.2/django/contrib/sessions/migrations/0001_initial.py,Migration,False,0,23,0.0,24,4,22,0,0,2
Django-1.8.2,Django-1.8.2/django/contrib/sitemaps/apps.py,SiteMapsConfig,False,0,2,0.0,3,3,3,0,0,0
Django-1.8.2,Django-1.8.2/django/contrib/sitemaps/__init__.py,SitemapNotFound,False,0,1,0.0,2,2,2,0,0,0
Django-1.8.2,Django-1.8.2/django/contrib/sitemaps/__init__.py,Sitemap,False,6,85,11.833333333333334,86,61,70,7,0,10
Django-1.8.2,Django-1.8.2/django/contrib/sitemaps/__init__.py,FlatPageSitemap,False,2,18,6.5,19,9,14,3,0,2
Django-1.8.2,Django-1.8.2/django/contrib/sitemaps/__init__.py,GenericSitemap,False,3,17,4.0,18,14,14,1,0,3
Django-1.8.2,Django-1.8.2/django/contrib/sitemaps/management/commands/ping_google.py,Command,False,2,7,2.0,8,6,6,0,0,2
Django-1.8.2,Django-1.8.2/django/contrib/sites/admin.py,SiteAdmin,False,0,2,0.0,3,3,3,0,0,0
Django-1.8.2,Django-1.8.2/django/contrib/sites/apps.py,SitesConfig,False,1,5,2.0,6,5,5,0,0,1
Django-1.8.2,Django-1.8.2/django/contrib/sites/managers.py,CurrentSiteManager,False,5,56,9.6,57,32,46,0,0,9
Django-1.8.2,Django-1.8.2/django/contrib/sites/middleware.py,CurrentSiteMiddleware,False,1,6,2.0,7,4,3,0,3,1
Django-1.8.2,Django-1.8.2/django/contrib/sites/models.py,SiteManager,False,4,40,8.75,41,26,29,0,6,5
Django-1.8.2,Django-1.8.2/django/contrib/sites/models.py,Site,False,1,14,2.0,15,11,12,0,0,3
Django-1.8.2,Django-1.8.2/django/contrib/sites/models.py,RequestSite,False,1,5,5.0,6,4,6,0,0,0
Django-1.8.2,Django-1.8.2/django/contrib/sites/requests.py,RequestSite,False,4,18,2.0,19,10,9,0,6,4
Django-1.8.2,Django-1.8.2/django/contrib/sites/migrations/0001_initial.py,Migration,False,0,23,0.0,24,4,22,0,0,2
Django-1.8.2,Django-1.8.2/django/contrib/staticfiles/apps.py,StaticFilesConfig,False,0,2,0.0,3,3,3,0,0,0
Django-1.8.2,Django-1.8.2/django/contrib/staticfiles/finders.py,BaseFinder,False,2,22,8.5,23,8,5,0,15,3
Django-1.8.2,Django-1.8.2/django/contrib/staticfiles/finders.py,FileSystemFinder,False,4,68,15.25,69,50,49,2,15,3
Django-1.8.2,Django-1.8.2/django/contrib/staticfiles/finders.py,AppDirectoriesFinder,False,4,61,12.75,62,45,42,4,13,4
Django-1.8.2,Django-1.8.2/django/contrib/staticfiles/finders.py,BaseStorageFinder,False,3,42,11.333333333333334,43,30,29,1,10,3
Django-1.8.2,Django-1.8.2/django/contrib/staticfiles/finders.py,DefaultStorageFinder,False,1,12,7.0,13,8,9,0,3,1
Django-1.8.2,Django-1.8.2/django/contrib/staticfiles/handlers.py,StaticFilesHandler,False,7,55,5.857142857142857,56,35,30,2,15,9
Django-1.8.2,Django-1.8.2/django/contrib/staticfiles/storage.py,StaticFilesStorage,False,2,26,9.5,27,16,18,2,5,2
Django-1.8.2,Django-1.8.2/django/contrib/staticfiles/storage.py,HashedFilesMixin,False,9,230,23.77777777777778,231,158,153,28,24,28
Django-1.8.2,Django-1.8.2/django/contrib/staticfiles/storage.py,ManifestFilesMixin,False,5,43,7.2,44,38,39,1,0,5
Django-1.8.2,Django-1.8.2/django/contrib/staticfiles/storage.py,_MappingCache,False,6,26,3.0,27,20,19,0,3,5
Django-1.8.2,Django-1.8.2/django/contrib/staticfiles/storage.py,CachedFilesMixin,False,2,11,5.0,12,10,10,1,0,1
Django-1.8.2,Django-1.8.2/django/contrib/staticfiles/storage.py,CachedStaticFilesStorage,False,0,5,0.0,6,3,2,0,4,0
Django-1.8.2,Django-1.8.2/django/contrib/staticfiles/storage.py,ManifestStaticFilesStorage,False,0,5,0.0,6,3,2,0,4,0
Django-1.8.2,Django-1.8.2/django/contrib/staticfiles/storage.py,ConfiguredStorage,False,1,2,2.0,3,3,3,0,0,0
Django-1.8.2,Django-1.8.2/django/contrib/staticfiles/testing.py,StaticLiveServerTestCase,True,0,8,0.0,9,3,2,0,6,1
Django-1.8.2,Django-1.8.2/django/contrib/staticfiles/management/commands/collectstatic.py,Command,False,11,301,25.818181818181817,302,191,230,20,26,26
Django-1.8.2,Django-1.8.2/django/contrib/staticfiles/management/commands/findstatic.py,Command,False,2,35,15.5,36,29,34,0,0,2
Django-1.8.2,Django-1.8.2/django/contrib/staticfiles/management/commands/runserver.py,Command,False,2,22,9.5,23,14,15,0,5,3
Django-1.8.2,Django-1.8.2/django/contrib/staticfiles/templatetags/staticfiles.py,StaticFilesNode,False,1,4,3.0,5,4,4,0,0,1
Django-1.8.2,Django-1.8.2/django/contrib/syndication/apps.py,SyndicationConfig,False,0,2,0.0,3,3,3,0,0,0
Django-1.8.2,Django-1.8.2/django/contrib/syndication/views.py,FeedDoesNotExist,False,0,1,0.0,2,2,2,0,0,0
Django-1.8.2,Django-1.8.2/django/contrib/syndication/views.py,Feed,False,10,185,17.2,186,99,142,7,18,20
Django-1.8.2,Django-1.8.2/django/contrib/webdesign/apps.py,WebDesignConfig,False,0,2,0.0,3,3,3,0,0,0
Django-1.8.2,Django-1.8.2/django/core/exceptions.py,FieldDoesNotExist,False,0,2,0.0,3,3,2,0,0,0
Django-1.8.2,Django-1.8.2/django/core/exceptions.py,DjangoRuntimeWarning,False,0,1,0.0,2,2,2,0,0,0
Django-1.8.2,Django-1.8.2/django/core/exceptions.py,AppRegistryNotReady,False,0,2,0.0,3,3,2,0,0,0
Django-1.8.2,Django-1.8.2/django/core/exceptions.py,ObjectDoesNotExist,False,0,2,0.0,3,3,2,0,0,0
Django-1.8.2,Django-1.8.2/django/core/exceptions.py,MultipleObjectsReturned,False,0,2,0.0,3,3,2,0,0,0
Django-1.8.2,Django-1.8.2/django/core/exceptions.py,SuspiciousOperation,False,0,1,0.0,2,2,1,0,0,0
Django-1.8.2,Django-1.8.2/django/core/exceptions.py,SuspiciousMultipartForm,False,0,2,0.0,3,3,2,0,0,0
Django-1.8.2,Django-1.8.2/django/core/exceptions.py,SuspiciousFileOperation,False,0,2,0.0,3,3,2,0,0,0
Django-1.8.2,Django-1.8.2/django/core/exceptions.py,DisallowedHost,False,0,2,0.0,3,3,2,0,0,0
Django-1.8.2,Django-1.8.2/django/core/exceptions.py,DisallowedRedirect,False,0,2,0.0,3,3,2,0,0,0
Django-1.8.2,Django-1.8.2/django/core/exceptions.py,PermissionDenied,False,0,2,0.0,3,3,2,0,0,0
Django-1.8.2,Django-1.8.2/django/core/exceptions.py,ViewDoesNotExist,False,0,2,0.0,3,3,2,0,0,0
Django-1.8.2,Django-1.8.2/django/core/exceptions.py,MiddlewareNotUsed,False,0,2,0.0,3,3,2,0,0,0
Django-1.8.2,Django-1.8.2/django/core/exceptions.py,ImproperlyConfigured,False,0,2,0.0,3,3,2,0,0,0
Django-1.8.2,Django-1.8.2/django/core/exceptions.py,FieldError,False,0,2,0.0,3,3,2,0,0,0
Django-1.8.2,Django-1.8.2/django/core/exceptions.py,ValidationError,False,7,89,11.428571428571429,90,64,62,7,8,12
Django-1.8.2,Django-1.8.2/django/core/paginator.py,InvalidPage,False,0,1,0.0,2,2,2,0,0,0
Django-1.8.2,Django-1.8.2/django/core/paginator.py,PageNotAnInteger,False,0,1,0.0,2,2,2,0,0,0
Django-1.8.2,Django-1.8.2/django/core/paginator.py,EmptyPage,False,0,1,0.0,2,2,2,0,0,0
Django-1.8.2,Django-1.8.2/django/core/paginator.py,Paginator,False,7,81,10.142857142857142,82,56,50,3,21,8
Django-1.8.2,Django-1.8.2/django/core/paginator.py,Page,False,11,55,4.0,56,35,33,4,8,11
Django-1.8.2,Django-1.8.2/django/core/signing.py,BadSignature,False,0,4,0.0,5,3,2,0,3,0
Django-1.8.2,Django-1.8.2/django/core/signing.py,SignatureExpired,False,0,4,0.0,5,3,2,0,3,0
Django-1.8.2,Django-1.8.2/django/core/signing.py,JSONSerializer,False,2,9,2.0,10,6,5,0,4,1
Django-1.8.2,Django-1.8.2/django/core/signing.py,Signer,False,4,25,5.25,26,19,20,2,0,4
Django-1.8.2,Django-1.8.2/django/core/signing.py,TimestampSigner,False,3,26,7.666666666666667,27,19,19,1,4,3
Django-1.8.2,Django-1.8.2/django/core/urlresolvers.py,ResolverMatch,False,3,29,9.0,30,22,23,2,0,5
Django-1.8.2,Django-1.8.2/django/core/urlresolvers.py,Resolver404,False,0,1,0.0,2,2,2,0,0,0
Django-1.8.2,Django-1.8.2/django/core/urlresolvers.py,NoReverseMatch,False,0,1,0.0,2,2,2,0,0,0
Django-1.8.2,Django-1.8.2/django/core/urlresolvers.py,LocaleRegexProvider,False,2,33,13.0,34,20,20,3,8,3
Django-1.8.2,Django-1.8.2/django/core/urlresolvers.py,RegexURLPattern,False,5,47,8.4,48,33,32,7,3,6
Django-1.8.2,Django-1.8.2/django/core/urlresolvers.py,RegexURLResolver,False,13,245,17.53846153846154,246,191,212,18,0,17
Django-1.8.2,Django-1.8.2/django/core/urlresolvers.py,LocaleRegexURLResolver,False,2,17,4.5,18,11,11,0,5,2
Django-1.8.2,Django-1.8.2/django/core/validators.py,RegexValidator,False,4,45,9.0,46,29,36,1,4,5
Django-1.8.2,Django-1.8.2/django/core/validators.py,URLValidator,False,2,59,18.0,60,42,48,14,0,6
Django-1.8.2,Django-1.8.2/django/core/validators.py,EmailValidator,False,4,68,12.0,69,43,59,6,0,9
Django-1.8.2,Django-1.8.2/django/core/validators.py,BaseValidator,False,3,23,5.333333333333333,24,19,21,0,0,3
Django-1.8.2,Django-1.8.2/django/core/validators.py,MaxValueValidator,False,0,3,0.0,4,5,4,0,0,0
Django-1.8.2,Django-1.8.2/django/core/validators.py,MinValueValidator,False,0,3,0.0,4,5,4,0,0,0
Django-1.8.2,Django-1.8.2/django/core/validators.py,MinLengthValidator,False,0,7,0.0,8,7,8,0,0,0
Django-1.8.2,Django-1.8.2/django/core/validators.py,MaxLengthValidator,False,0,7,0.0,8,7,8,0,0,0
Django-1.8.2,Django-1.8.2/django/core/cache/__init__.py,CacheHandler,False,3,27,6.666666666666667,28,18,19,0,4,5
Django-1.8.2,Django-1.8.2/django/core/cache/__init__.py,DefaultCacheProxy,False,6,23,2.0,24,14,13,0,5,6
Django-1.8.2,Django-1.8.2/django/core/cache/backends/base.py,InvalidCacheBackendError,False,0,1,0.0,2,2,2,0,0,0
Django-1.8.2,Django-1.8.2/django/core/cache/backends/base.py,CacheKeyWarning,False,0,1,0.0,2,2,2,0,0,0
Django-1.8.2,Django-1.8.2/django/core/cache/backends/base.py,BaseCache,False,19,197,9.421052631578947,198,107,93,4,71,28
Django-1.8.2,Django-1.8.2/django/core/cache/backends/db.py,Options,False,1,15,11.0,16,13,12,0,3,1
Django-1.8.2,Django-1.8.2/django/core/cache/backends/db.py,BaseDatabaseCache,False,1,7,7.0,8,7,7,0,0,1
Django-1.8.2,Django-1.8.2/django/core/cache/backends/db.py,DatabaseCache,False,8,157,17.375,158,107,122,19,0,17
Django-1.8.2,Django-1.8.2/django/core/cache/backends/dummy.py,DummyCache,False,10,37,2.8,38,29,29,0,0,9
Django-1.8.2,Django-1.8.2/django/core/cache/backends/filebased.py,FileBasedCache,False,13,132,9.076923076923077,133,97,97,9,20,13
Django-1.8.2,Django-1.8.2/django/core/cache/backends/locmem.py,LocMemCache,False,12,109,8.166666666666666,110,97,97,0,0,13
Django-1.8.2,Django-1.8.2/django/core/cache/backends/memcached.py,BaseMemcachedCacheMethods,False,0,3,0.0,4,2,4,0,0,0
Django-1.8.2,Django-1.8.2/django/core/cache/backends/memcached.py,BaseMemcachedCache,False,15,140,8.333333333333334,141,91,88,26,7,21
Django-1.8.2,Django-1.8.2/django/core/cache/backends/memcached.py,MemcachedCache,False,2,12,4.5,13,10,11,0,0,1
Django-1.8.2,Django-1.8.2/django/core/cache/backends/memcached.py,PyLibMCCache,False,2,14,5.5,15,11,12,0,0,2
Django-1.8.2,Django-1.8.2/django/core/checks/messages.py,CheckMessage,False,7,43,5.142857142857143,44,32,34,2,0,8
Django-1.8.2,Django-1.8.2/django/core/checks/messages.py,Debug,False,1,2,2.0,3,3,3,0,0,0
Django-1.8.2,Django-1.8.2/django/core/checks/messages.py,Info,False,1,2,2.0,3,3,3,0,0,0
Django-1.8.2,Django-1.8.2/django/core/checks/messages.py,Warning,False,1,2,2.0,3,3,3,0,0,0
Django-1.8.2,Django-1.8.2/django/core/checks/messages.py,Error,False,1,2,2.0,3,3,3,0,0,0
Django-1.8.2,Django-1.8.2/django/core/checks/messages.py,Critical,False,1,2,2.0,3,3,3,0,0,0
Django-1.8.2,Django-1.8.2/django/core/checks/registry.py,Tags,False,0,8,0.0,9,7,6,0,3,0
Django-1.8.2,Django-1.8.2/django/core/checks/registry.py,CheckRegistry,False,6,69,10.5,70,41,42,0,15,13
Django-1.8.2,Django-1.8.2/django/core/files/base.py,File,False,17,130,6.411764705882353,131,92,90,9,10,23
Django-1.8.2,Django-1.8.2/django/core/files/base.py,ContentFile,False,6,26,3.0,27,20,19,1,3,5
Django-1.8.2,Django-1.8.2/django/core/files/images.py,ImageFile,False,3,18,3.3333333333333335,19,14,13,0,4,2
Django-1.8.2,Django-1.8.2/django/core/files/storage.py,Storage,False,13,148,9.461538461538462,149,65,59,15,55,20
Django-1.8.2,Django-1.8.2/django/core/files/storage.py,FileSystemStorage,False,12,149,11.166666666666666,150,100,107,22,3,18
Django-1.8.2,Django-1.8.2/django/core/files/storage.py,DefaultStorage,False,1,2,2.0,3,3,3,0,0,0
Django-1.8.2,Django-1.8.2/django/core/files/uploadedfile.py,UploadedFile,False,4,38,6.0,39,24,22,3,6,8
Django-1.8.2,Django-1.8.2/django/core/files/uploadedfile.py,TemporaryUploadedFile,False,3,26,7.0,27,17,16,3,6,2
Django-1.8.2,Django-1.8.2/django/core/files/uploadedfile.py,InMemoryUploadedFile,False,4,17,2.75,18,12,11,1,3,3
Django-1.8.2,Django-1.8.2/django/core/files/uploadedfile.py,SimpleUploadedFile,False,2,20,7.5,21,9,10,0,10,1
Django-1.8.2,Django-1.8.2/django/core/files/uploadhandler.py,UploadFileException,False,0,4,0.0,5,3,2,0,3,0
Django-1.8.2,Django-1.8.2/django/core/files/uploadhandler.py,StopUpload,False,2,16,6.0,17,10,8,0,8,1
Django-1.8.2,Django-1.8.2/django/core/files/uploadhandler.py,SkipFile,False,0,4,0.0,5,3,2,0,3,0
Django-1.8.2,Django-1.8.2/django/core/files/uploadhandler.py,StopFutureHandlers,False,0,5,0.0,6,3,2,0,4,0
Django-1.8.2,Django-1.8.2/django/core/files/uploadhandler.py,FileUploadHandler,False,6,67,9.5,68,30,24,1,34,10
Django-1.8.2,Django-1.8.2/django/core/files/uploadhandler.py,TemporaryFileUploadHandler,False,4,20,3.5,21,14,12,0,6,3
Django-1.8.2,Django-1.8.2/django/core/files/uploadhandler.py,MemoryFileUploadHandler,False,4,47,10.0,48,25,29,2,12,5
Django-1.8.2,Django-1.8.2/django/core/files/utils.py,FileProxyMixin,False,1,28,2.0,29,36,19,0,7,3
Django-1.8.2,Django-1.8.2/django/core/handlers/base.py,BaseHandler,False,7,255,34.714285714285715,256,152,180,29,17,33
Django-1.8.2,Django-1.8.2/django/core/handlers/wsgi.py,LimitedStream,False,4,49,10.5,50,44,42,2,4,3
Django-1.8.2,Django-1.8.2/django/core/handlers/wsgi.py,WSGIRequest,False,8,74,7.625,75,57,59,8,0,8
Django-1.8.2,Django-1.8.2/django/core/handlers/wsgi.py,WSGIHandler,False,1,42,39.0,43,31,35,4,0,4
Django-1.8.2,Django-1.8.2/django/core/mail/message.py,BadHeaderError,False,0,1,0.0,2,2,2,0,0,0
Django-1.8.2,Django-1.8.2/django/core/mail/message.py,MIMEMixin,False,1,31,15.0,32,19,17,0,12,3
Django-1.8.2,Django-1.8.2/django/core/mail/message.py,SafeMIMEMessage,False,1,5,4.0,6,4,4,1,0,1
Django-1.8.2,Django-1.8.2/django/core/mail/message.py,SafeMIMEText,False,2,26,12.0,27,20,20,5,0,2
Django-1.8.2,Django-1.8.2/django/core/mail/message.py,SafeMIMEMultipart,False,2,8,3.0,9,7,7,0,0,2
Django-1.8.2,Django-1.8.2/django/core/mail/message.py,EmailMessage,False,11,186,15.363636363636363,187,134,129,13,29,16
Django-1.8.2,Django-1.8.2/django/core/mail/message.py,EmailMultiAlternatives,False,4,43,8.25,44,24,26,0,12,5
Django-1.8.2,Django-1.8.2/django/core/mail/utils.py,CachedDnsName,False,2,7,3.0,8,7,7,0,0,1
Django-1.8.2,Django-1.8.2/django/core/mail/backends/base.py,BaseEmailBackend,False,6,50,5.5,51,18,14,0,24,12
Django-1.8.2,Django-1.8.2/django/core/mail/backends/console.py,EmailBackend,False,3,33,10.333333333333334,34,32,31,1,0,2
Django-1.8.2,Django-1.8.2/django/core/mail/backends/dummy.py,EmailBackend,False,1,2,2.0,3,3,3,0,0,0
Django-1.8.2,Django-1.8.2/django/core/mail/backends/filebased.py,EmailBackend,False,5,57,10.6,58,43,46,7,0,4
Django-1.8.2,Django-1.8.2/django/core/mail/backends/locmem.py,EmailBackend,False,2,20,6.0,21,14,12,1,5,3
Django-1.8.2,Django-1.8.2/django/core/mail/backends/smtp.py,EmailBackend,False,5,116,21.8,117,86,88,10,11,6
Django-1.8.2,Django-1.8.2/django/core/management/base.py,CommandError,False,0,13,0.0,14,3,2,0,10,2
Django-1.8.2,Django-1.8.2/django/core/management/base.py,SystemCheckError,False,0,4,0.0,5,3,2,0,3,0
Django-1.8.2,Django-1.8.2/django/core/management/base.py,CommandParser,False,3,21,4.666666666666667,22,14,14,1,5,2
Django-1.8.2,Django-1.8.2/django/core/management/base.py,OutputWrapper,False,5,28,3.8,29,24,22,0,3,4
Django-1.8.2,Django-1.8.2/django/core/management/base.py,BaseCommand,False,12,423,24.166666666666668,424,172,218,26,127,55
Django-1.8.2,Django-1.8.2/django/core/management/base.py,AppCommand,False,3,51,13.333333333333334,52,28,35,3,10,4
Django-1.8.2,Django-1.8.2/django/core/management/base.py,LabelCommand,False,3,33,5.333333333333333,34,16,14,0,13,7
Django-1.8.2,Django-1.8.2/django/core/management/base.py,NoArgsCommand,False,3,31,5.666666666666667,32,13,15,0,10,7
Django-1.8.2,Django-1.8.2/django/core/management/templates.py,TemplateCommand,False,9,293,29.444444444444443,294,192,212,19,31,32
Django-1.8.2,Django-1.8.2/django/core/management/__init__.py,ManagementUtility,False,5,207,39.4,208,125,130,27,33,21
Django-1.8.2,Django-1.8.2/django/core/management/commands/check.py,Command,False,2,42,18.5,43,26,36,1,0,6
Django-1.8.2,Django-1.8.2/django/core/management/commands/compilemessages.py,Command,False,3,92,27.333333333333332,93,62,72,4,3,14
Django-1.8.2,Django-1.8.2/django/core/management/commands/createcachetable.py,Command,False,3,78,24.0,79,55,70,2,0,8
Django-1.8.2,Django-1.8.2/django/core/management/commands/dbshell.py,Command,False,2,21,7.5,22,11,15,4,0,3
Django-1.8.2,Django-1.8.2/django/core/management/commands/diffsettings.py,Command,False,2,30,11.5,31,19,23,2,0,6
Django-1.8.2,Django-1.8.2/django/core/management/commands/dumpdata.py,Command,False,2,158,76.5,159,115,140,7,0,12
Django-1.8.2,Django-1.8.2/django/core/management/commands/flush.py,Command,False,3,89,27.333333333333332,90,51,72,7,0,11
Django-1.8.2,Django-1.8.2/django/core/management/commands/inspectdb.py,Command,False,6,252,40.166666666666664,253,180,192,19,13,34
Django-1.8.2,Django-1.8.2/django/core/management/commands/loaddata.py,Command,False,7,257,35.0,258,165,194,15,15,34
Django-1.8.2,Django-1.8.2/django/core/management/commands/loaddata.py,SingleZipReader,False,2,8,3.0,9,7,7,0,0,2
Django-1.8.2,Django-1.8.2/django/core/management/commands/makemessages.py,TranslatableFile,False,6,111,17.5,112,72,95,4,5,8
Django-1.8.2,Django-1.8.2/django/core/management/commands/makemessages.py,Command,False,8,330,38.5,331,245,272,8,20,31
Django-1.8.2,Django-1.8.2/django/core/management/commands/makemigrations.py,Command,False,4,232,56.75,233,140,175,32,7,19
Django-1.8.2,Django-1.8.2/django/core/management/commands/migrate.py,Command,False,4,340,83.75,341,190,285,29,0,27
Django-1.8.2,Django-1.8.2/django/core/management/commands/runfcgi.py,Command,False,3,24,6.666666666666667,25,17,20,1,0,4
Django-1.8.2,Django-1.8.2/django/core/management/commands/runserver.py,Command,False,7,143,18.857142857142858,144,93,111,9,10,14
Django-1.8.2,Django-1.8.2/django/core/management/commands/shell.py,Command,False,8,95,10.5,96,73,72,10,0,11
Django-1.8.2,Django-1.8.2/django/core/management/commands/showmigrations.py,Command,False,4,107,25.5,108,76,78,12,7,11
Django-1.8.2,Django-1.8.2/django/core/management/commands/sql.py,Command,False,2,16,5.5,17,12,14,0,0,3
Django-1.8.2,Django-1.8.2/django/core/management/commands/sqlall.py,Command,False,2,16,5.5,17,12,14,0,0,3
Django-1.8.2,Django-1.8.2/django/core/management/commands/sqlclear.py,Command,False,2,16,5.5,17,12,14,0,0,3
Django-1.8.2,Django-1.8.2/django/core/management/commands/sqlcustom.py,Command,False,2,16,5.5,17,12,14,0,0,3
Django-1.8.2,Django-1.8.2/django/core/management/commands/sqldropindexes.py,Command,False,2,16,5.5,17,12,14,0,0,3
Django-1.8.2,Django-1.8.2/django/core/management/commands/sqlflush.py,Command,False,2,15,3.5,16,8,13,0,0,3
Django-1.8.2,Django-1.8.2/django/core/management/commands/sqlindexes.py,Command,False,2,16,5.5,17,12,14,0,0,3
Django-1.8.2,Django-1.8.2/django/core/management/commands/sqlmigrate.py,Command,False,3,48,14.0,49,27,34,8,0,7
Django-1.8.2,Django-1.8.2/django/core/management/commands/sqlsequencereset.py,Command,False,2,17,6.0,18,13,15,0,0,3
Django-1.8.2,Django-1.8.2/django/core/management/commands/squashmigrations.py,Command,False,2,140,68.5,141,89,116,10,0,15
Django-1.8.2,Django-1.8.2/django/core/management/commands/startapp.py,Command,False,1,20,15.0,21,13,17,1,0,3
Django-1.8.2,Django-1.8.2/django/core/management/commands/startproject.py,Command,False,1,25,20.0,26,15,20,2,0,4
Django-1.8.2,Django-1.8.2/django/core/management/commands/syncdb.py,Command,False,2,33,15.0,34,24,29,0,0,5
Django-1.8.2,Django-1.8.2/django/core/management/commands/test.py,Command,False,5,83,15.0,84,45,59,8,5,12
Django-1.8.2,Django-1.8.2/django/core/management/commands/testserver.py,Command,False,2,40,17.5,41,17,30,5,0,6
Django-1.8.2,Django-1.8.2/django/core/management/commands/validate.py,Command,False,1,6,4.0,7,5,6,0,0,1
Django-1.8.2,Django-1.8.2/django/core/serializers/base.py,SerializerDoesNotExist,False,0,2,0.0,3,3,2,0,0,0
Django-1.8.2,Django-1.8.2/django/core/serializers/base.py,SerializationError,False,0,2,0.0,3,3,2,0,0,0
Django-1.8.2,Django-1.8.2/django/core/serializers/base.py,DeserializationError,False,0,2,0.0,3,3,2,0,0,0
Django-1.8.2,Django-1.8.2/django/core/serializers/base.py,Serializer,False,9,97,9.0,98,60,51,4,31,12
Django-1.8.2,Django-1.8.2/django/core/serializers/base.py,Deserializer,False,3,20,4.666666666666667,21,14,11,0,6,3
Django-1.8.2,Django-1.8.2/django/core/serializers/base.py,DeserializedObject,False,3,31,6.0,32,13,13,5,8,6
Django-1.8.2,Django-1.8.2/django/core/serializers/json.py,Serializer,False,5,44,7.0,45,34,33,4,3,5
Django-1.8.2,Django-1.8.2/django/core/serializers/json.py,DjangoJSONEncoder,False,1,25,22.0,26,26,22,1,3,0
Django-1.8.2,Django-1.8.2/django/core/serializers/python.py,Serializer,False,9,64,5.555555555555555,65,48,48,3,3,11
Django-1.8.2,Django-1.8.2/django/core/serializers/pyyaml.py,DjangoSafeDumper,False,1,2,2.0,3,3,3,0,0,0
Django-1.8.2,Django-1.8.2/django/core/serializers/pyyaml.py,Serializer,False,3,24,5.333333333333333,25,12,11,7,3,4
Django-1.8.2,Django-1.8.2/django/core/serializers/xml_serializer.py,Serializer,False,9,128,12.88888888888889,129,84,79,5,31,14
Django-1.8.2,Django-1.8.2/django/core/serializers/xml_serializer.py,Deserializer,False,7,135,17.857142857142858,136,87,85,20,16,14
Django-1.8.2,Django-1.8.2/django/core/serializers/xml_serializer.py,DefusedExpatParser,False,6,32,3.5,33,21,21,1,4,7
Django-1.8.2,Django-1.8.2/django/core/serializers/xml_serializer.py,DefusedXmlException,False,1,3,2.0,4,4,3,0,0,0
Django-1.8.2,Django-1.8.2/django/core/serializers/xml_serializer.py,DTDForbidden,False,2,10,4.0,11,10,9,0,0,1
Django-1.8.2,Django-1.8.2/django/core/serializers/xml_serializer.py,EntitiesForbidden,False,2,13,5.5,14,13,12,0,0,1
Django-1.8.2,Django-1.8.2/django/core/serializers/xml_serializer.py,ExternalReferenceForbidden,False,2,11,4.5,12,11,10,0,0,1
Django-1.8.2,Django-1.8.2/django/core/serializers/__init__.py,BadSerializer,False,2,14,2.0,15,7,6,0,6,3
Django-1.8.2,Django-1.8.2/django/core/servers/basehttp.py,WSGIServer,False,3,19,4.333333333333333,20,16,14,0,0,4
Django-1.8.2,Django-1.8.2/django/core/servers/basehttp.py,ServerHandler,False,1,4,4.0,5,4,4,1,0,0
Django-1.8.2,Django-1.8.2/django/core/servers/basehttp.py,WSGIRequestHandler,False,5,84,15.8,85,54,56,15,0,15
Django-1.8.2,Django-1.8.2/django/db/transaction.py,TransactionManagementError,False,0,4,0.0,5,3,2,0,3,0
Django-1.8.2,Django-1.8.2/django/db/transaction.py,Atomic,False,3,174,48.0,175,89,92,47,19,17
Django-1.8.2,Django-1.8.2/django/db/utils.py,Error,False,0,1,0.0,2,2,2,0,0,0
Django-1.8.2,Django-1.8.2/django/db/utils.py,InterfaceError,False,0,1,0.0,2,2,2,0,0,0
Django-1.8.2,Django-1.8.2/django/db/utils.py,DatabaseError,False,0,1,0.0,2,2,2,0,0,0
Django-1.8.2,Django-1.8.2/django/db/utils.py,DataError,False,0,1,0.0,2,2,2,0,0,0
Django-1.8.2,Django-1.8.2/django/db/utils.py,OperationalError,False,0,1,0.0,2,2,2,0,0,0
Django-1.8.2,Django-1.8.2/django/db/utils.py,IntegrityError,False,0,1,0.0,2,2,2,0,0,0
Django-1.8.2,Django-1.8.2/django/db/utils.py,InternalError,False,0,1,0.0,2,2,2,0,0,0
Django-1.8.2,Django-1.8.2/django/db/utils.py,ProgrammingError,False,0,1,0.0,2,2,2,0,0,0
Django-1.8.2,Django-1.8.2/django/db/utils.py,NotSupportedError,False,0,1,0.0,2,2,2,0,0,0
Django-1.8.2,Django-1.8.2/django/db/utils.py,DatabaseErrorWrapper,False,4,47,9.75,48,23,31,4,8,5
Django-1.8.2,Django-1.8.2/django/db/utils.py,ConnectionDoesNotExist,False,0,1,0.0,2,2,2,0,0,0
Django-1.8.2,Django-1.8.2/django/db/utils.py,ConnectionHandler,False,10,124,10.7,125,91,98,1,11,15
Django-1.8.2,Django-1.8.2/django/db/utils.py,ConnectionRouter,False,7,100,12.857142857142858,101,72,83,3,6,9
Django-1.8.2,Django-1.8.2/django/db/__init__.py,DefaultConnectionProxy,False,5,19,2.0,20,12,11,0,5,4
Django-1.8.2,Django-1.8.2/django/db/backends/utils.py,CursorWrapper,False,8,53,5.125,54,40,40,5,0,9
Django-1.8.2,Django-1.8.2/django/db/backends/utils.py,CursorDebugWrapper,False,2,37,16.5,38,28,34,2,0,3
Django-1.8.2,Django-1.8.2/django/db/backends/base/base.py,BaseDatabaseWrapper,False,47,485,8.382978723404255,486,260,245,46,116,74
Django-1.8.2,Django-1.8.2/django/db/backends/base/client.py,BaseDatabaseClient,False,2,14,2.5,15,7,6,3,4,2
Django-1.8.2,Django-1.8.2/django/db/backends/base/creation.py,BaseDatabaseCreation,False,23,520,21.304347826086957,521,301,353,43,76,50
Django-1.8.2,Django-1.8.2/django/db/backends/base/features.py,BaseDatabaseFeatures,False,4,245,9.25,246,99,96,77,11,60
Django-1.8.2,Django-1.8.2/django/db/backends/base/introspection.py,BaseDatabaseIntrospection,False,13,164,11.307692307692308,165,86,79,3,58,24
Django-1.8.2,Django-1.8.2/django/db/backends/base/operations.py,BaseDatabaseOperations,False,61,552,7.721311475409836,553,235,184,9,277,83
Django-1.8.2,Django-1.8.2/django/db/backends/base/schema.py,BaseDatabaseSchemaEditor,False,31,902,26.193548387096776,903,472,630,117,104,54
Django-1.8.2,Django-1.8.2/django/db/backends/base/validation.py,BaseDatabaseValidation,False,3,34,9.666666666666666,35,16,13,6,12,4
Django-1.8.2,Django-1.8.2/django/db/backends/dummy/base.py,DatabaseError,False,0,1,0.0,2,2,2,0,0,0
Django-1.8.2,Django-1.8.2/django/db/backends/dummy/base.py,IntegrityError,False,0,1,0.0,2,2,2,0,0,0
Django-1.8.2,Django-1.8.2/django/db/backends/dummy/base.py,DatabaseOperations,False,0,1,0.0,2,2,2,0,0,0
Django-1.8.2,Django-1.8.2/django/db/backends/dummy/base.py,DatabaseClient,False,0,1,0.0,2,2,2,0,0,0
Django-1.8.2,Django-1.8.2/django/db/backends/dummy/base.py,DatabaseCreation,False,0,2,0.0,3,3,3,0,0,0
Django-1.8.2,Django-1.8.2/django/db/backends/dummy/base.py,DatabaseIntrospection,False,0,5,0.0,6,6,6,0,0,0
Django-1.8.2,Django-1.8.2/django/db/backends/dummy/base.py,DatabaseWrapper,False,2,27,5.5,28,21,21,4,0,3
Django-1.8.2,Django-1.8.2/django/db/backends/mysql/base.py,CursorWrapper,False,7,49,4.857142857142857,50,30,29,7,6,8
Django-1.8.2,Django-1.8.2/django/db/backends/mysql/base.py,DatabaseWrapper,False,13,216,10.076923076923077,217,105,159,20,19,19
Django-1.8.2,Django-1.8.2/django/db/backends/mysql/client.py,DatabaseClient,False,2,36,16.0,37,33,33,1,0,3
Django-1.8.2,Django-1.8.2/django/db/backends/mysql/compiler.py,SQLCompiler,False,1,5,5.0,6,6,6,0,0,0
Django-1.8.2,Django-1.8.2/django/db/backends/mysql/compiler.py,SQLInsertCompiler,False,0,1,0.0,2,2,2,0,0,0
Django-1.8.2,Django-1.8.2/django/db/backends/mysql/compiler.py,SQLDeleteCompiler,False,0,1,0.0,2,2,2,0,0,0
Django-1.8.2,Django-1.8.2/django/db/backends/mysql/compiler.py,SQLUpdateCompiler,False,0,1,0.0,2,2,2,0,0,0
Django-1.8.2,Django-1.8.2/django/db/backends/mysql/compiler.py,SQLAggregateCompiler,False,0,1,0.0,2,2,2,0,0,0
Django-1.8.2,Django-1.8.2/django/db/backends/mysql/creation.py,DatabaseCreation,False,3,39,12.0,40,28,32,0,0,7
Django-1.8.2,Django-1.8.2/django/db/backends/mysql/features.py,DatabaseFeatures,False,5,58,5.6,59,45,43,8,0,6
Django-1.8.2,Django-1.8.2/django/db/backends/mysql/introspection.py,DatabaseIntrospection,False,8,192,20.25,193,95,150,13,21,9
Django-1.8.2,Django-1.8.2/django/db/backends/mysql/operations.py,DatabaseOperations,False,24,195,6.833333333333333,196,137,141,20,8,30
Django-1.8.2,Django-1.8.2/django/db/backends/mysql/schema.py,DatabaseSchemaEditor,False,6,84,9.166666666666666,85,47,54,5,12,14
Django-1.8.2,Django-1.8.2/django/db/backends/mysql/validation.py,DatabaseValidation,False,1,30,30.0,31,12,20,4,5,4
Django-1.8.2,Django-1.8.2/django/db/backends/oracle/base.py,_UninitializedOperatorsDescriptor,False,1,10,9.0,11,6,6,4,0,1
Django-1.8.2,Django-1.8.2/django/db/backends/oracle/base.py,DatabaseWrapper,False,13,238,9.615384615384615,239,109,174,40,4,21
Django-1.8.2,Django-1.8.2/django/db/backends/oracle/base.py,OracleParam,False,1,54,45.0,55,32,35,9,8,3
Django-1.8.2,Django-1.8.2/django/db/backends/oracle/base.py,VariableWrapper,False,4,21,2.75,22,13,12,0,6,4
Django-1.8.2,Django-1.8.2/django/db/backends/oracle/base.py,FormatStylePlaceholderCursor,False,15,134,7.333333333333333,135,98,94,18,7,16
Django-1.8.2,Django-1.8.2/django/db/backends/oracle/base.py,CursorIterator,False,3,12,2.3333333333333335,13,9,8,0,0,4
Django-1.8.2,Django-1.8.2/django/db/backends/oracle/client.py,DatabaseClient,False,1,6,4.0,7,6,6,0,0,1
Django-1.8.2,Django-1.8.2/django/db/backends/oracle/compiler.py,SQLCompiler,False,1,41,41.0,42,15,26,5,8,3
Django-1.8.2,Django-1.8.2/django/db/backends/oracle/compiler.py,SQLInsertCompiler,False,0,1,0.0,2,2,2,0,0,0
Django-1.8.2,Django-1.8.2/django/db/backends/oracle/compiler.py,SQLDeleteCompiler,False,0,1,0.0,2,2,2,0,0,0
Django-1.8.2,Django-1.8.2/django/db/backends/oracle/compiler.py,SQLUpdateCompiler,False,0,1,0.0,2,2,2,0,0,0
Django-1.8.2,Django-1.8.2/django/db/backends/oracle/compiler.py,SQLAggregateCompiler,False,0,1,0.0,2,2,2,0,0,0
Django-1.8.2,Django-1.8.2/django/db/backends/oracle/creation.py,DatabaseCreation,False,23,292,11.695652173913043,293,195,246,8,14,27
Django-1.8.2,Django-1.8.2/django/db/backends/oracle/features.py,DatabaseFeatures,False,1,46,14.0,47,36,35,1,9,2
Django-1.8.2,Django-1.8.2/django/db/backends/oracle/introspection.py,DatabaseIntrospection,False,9,278,27.333333333333332,279,95,235,17,14,14
Django-1.8.2,Django-1.8.2/django/db/backends/oracle/operations.py,DatabaseOperations,False,47,430,7.425531914893617,431,258,305,51,18,57
Django-1.8.2,Django-1.8.2/django/db/backends/oracle/schema.py,DatabaseSchemaEditor,False,7,98,11.714285714285714,99,55,63,11,17,8
Django-1.8.2,Django-1.8.2/django/db/backends/oracle/utils.py,InsertIdVar,False,1,10,4.0,11,6,5,0,5,1
Django-1.8.2,Django-1.8.2/django/db/backends/oracle/utils.py,Oracle_datetime,False,1,12,5.0,13,6,8,0,4,1
Django-1.8.2,Django-1.8.2/django/db/backends/postgresql_psycopg2/base.py,DatabaseWrapper,False,11,199,10.181818181818182,200,98,157,21,4,18
Django-1.8.2,Django-1.8.2/django/db/backends/postgresql_psycopg2/client.py,DatabaseClient,False,1,13,11.0,14,13,13,0,0,1
Django-1.8.2,Django-1.8.2/django/db/backends/postgresql_psycopg2/creation.py,DatabaseCreation,False,2,46,22.0,47,29,38,4,0,5
Django-1.8.2,Django-1.8.2/django/db/backends/postgresql_psycopg2/features.py,DatabaseFeatures,False,0,24,0.0,25,25,25,0,0,0
Django-1.8.2,Django-1.8.2/django/db/backends/postgresql_psycopg2/introspection.py,DatabaseIntrospection,False,7,214,26.428571428571427,215,69,178,19,10,8
Django-1.8.2,Django-1.8.2/django/db/backends/postgresql_psycopg2/operations.py,DatabaseOperations,False,26,231,7.923076923076923,232,124,161,33,8,32
Django-1.8.2,Django-1.8.2/django/db/backends/postgresql_psycopg2/schema.py,DatabaseSchemaEditor,False,3,82,24.333333333333332,83,29,71,4,3,5
Django-1.8.2,Django-1.8.2/django/db/backends/sqlite3/base.py,DatabaseWrapper,False,12,216,10.833333333333334,217,85,146,35,17,19
Django-1.8.2,Django-1.8.2/django/db/backends/sqlite3/base.py,SQLiteCursorWrapper,False,3,17,3.3333333333333335,18,12,11,0,5,2
Django-1.8.2,Django-1.8.2/django/db/backends/sqlite3/client.py,DatabaseClient,False,1,6,4.0,7,5,6,0,0,1
Django-1.8.2,Django-1.8.2/django/db/backends/sqlite3/creation.py,DatabaseCreation,False,6,66,10.0,67,46,49,2,6,8
Django-1.8.2,Django-1.8.2/django/db/backends/sqlite3/features.py,DatabaseFeatures,False,5,62,5.8,63,45,47,4,6,6
Django-1.8.2,Django-1.8.2/django/db/backends/sqlite3/introspection.py,FlexibleFieldLookupDict,False,1,32,9.0,33,13,29,3,0,1
Django-1.8.2,Django-1.8.2/django/db/backends/sqlite3/introspection.py,DatabaseIntrospection,False,9,206,21.77777777777778,207,122,130,32,23,24
Django-1.8.2,Django-1.8.2/django/db/backends/sqlite3/operations.py,DatabaseOperations,False,25,180,6.24,181,112,123,23,6,29
Django-1.8.2,Django-1.8.2/django/db/backends/sqlite3/schema.py,DatabaseSchemaEditor,False,9,247,26.11111111111111,248,122,158,50,25,16
Django-1.8.2,Django-1.8.2/django/db/migrations/autodetector.py,MigrationAutodetector,False,30,1106,35.43333333333333,1107,572,821,116,114,62
Django-1.8.2,Django-1.8.2/django/db/migrations/executor.py,MigrationExecutor,False,7,196,26.428571428571427,197,130,127,36,27,8
Django-1.8.2,Django-1.8.2/django/db/migrations/graph.py,Node,False,11,56,3.4545454545454546,57,36,35,8,4,10
Django-1.8.2,Django-1.8.2/django/db/migrations/graph.py,MigrationGraph,False,12,162,10.75,163,96,98,4,46,15
Django-1.8.2,Django-1.8.2/django/db/migrations/graph.py,CircularDependencyError,False,0,4,0.0,5,3,2,0,3,0
Django-1.8.2,Django-1.8.2/django/db/migrations/graph.py,NodeNotFoundError,False,3,13,2.3333333333333335,14,9,8,0,3,3
Django-1.8.2,Django-1.8.2/django/db/migrations/loader.py,MigrationLoader,False,9,310,30.77777777777778,311,195,197,53,43,17
Django-1.8.2,Django-1.8.2/django/db/migrations/loader.py,BadMigrationError,False,0,4,0.0,5,3,2,0,3,0
Django-1.8.2,Django-1.8.2/django/db/migrations/loader.py,AmbiguityError,False,0,4,0.0,5,3,2,0,3,0
Django-1.8.2,Django-1.8.2/django/db/migrations/migration.py,Migration,False,9,155,12.222222222222221,156,77,75,25,34,22
Django-1.8.2,Django-1.8.2/django/db/migrations/migration.py,SwappableTuple,False,1,9,4.0,10,6,5,0,4,1
Django-1.8.2,Django-1.8.2/django/db/migrations/optimizer.py,MigrationOptimizer,False,20,367,16.7,368,111,277,13,52,26
Django-1.8.2,Django-1.8.2/django/db/migrations/questioner.py,MigrationQuestioner,False,7,59,6.714285714285714,60,42,35,8,5,7
Django-1.8.2,Django-1.8.2/django/db/migrations/questioner.py,InteractiveMigrationQuestioner,False,8,105,12.125,106,69,91,3,0,8
Django-1.8.2,Django-1.8.2/django/db/migrations/recorder.py,MigrationRecorder,False,7,71,5.428571428571429,72,39,33,3,24,12
Django-1.8.2,Django-1.8.2/django/db/migrations/state.py,InvalidBasesError,False,0,1,0.0,2,2,2,0,0,0
Django-1.8.2,Django-1.8.2/django/db/migrations/state.py,ProjectState,False,10,125,10.7,126,85,84,21,5,17
Django-1.8.2,Django-1.8.2/django/db/migrations/state.py,AppConfigStub,False,2,15,4.0,16,8,7,4,3,2
Django-1.8.2,Django-1.8.2/django/db/migrations/state.py,StateApps,False,5,87,15.8,88,55,58,17,7,6
Django-1.8.2,Django-1.8.2/django/db/migrations/state.py,ModelState,False,12,270,20.5,271,162,204,30,11,22
Django-1.8.2,Django-1.8.2/django/db/migrations/writer.py,SettingsReference,False,2,11,2.0,12,6,5,0,5,2
Django-1.8.2,Django-1.8.2/django/db/migrations/writer.py,OperationWriter,False,6,98,15.5,99,81,82,5,0,12
Django-1.8.2,Django-1.8.2/django/db/migrations/writer.py,MigrationWriter,False,8,323,38.125,324,231,245,45,18,17
Django-1.8.2,Django-1.8.2/django/db/migrations/operations/base.py,Operation,False,10,113,7.6,114,38,37,6,50,21
Django-1.8.2,Django-1.8.2/django/db/migrations/operations/fields.py,AddField,False,10,69,5.4,70,47,56,1,3,10
Django-1.8.2,Django-1.8.2/django/db/migrations/operations/fields.py,RemoveField,False,10,54,3.9,55,37,42,0,3,10
Django-1.8.2,Django-1.8.2/django/db/migrations/operations/fields.py,AlterField,False,10,76,6.1,77,51,61,3,3,10
Django-1.8.2,Django-1.8.2/django/db/migrations/operations/fields.py,RenameField,False,11,80,5.7272727272727275,81,42,65,2,3,11
Django-1.8.2,Django-1.8.2/django/db/migrations/operations/models.py,CreateModel,False,8,73,7.375,74,47,59,3,3,9
Django-1.8.2,Django-1.8.2/django/db/migrations/operations/models.py,DeleteModel,False,8,39,3.375,40,25,29,0,3,8
Django-1.8.2,Django-1.8.2/django/db/migrations/operations/models.py,RenameModel,False,9,132,13.11111111111111,133,71,106,13,3,11
Django-1.8.2,Django-1.8.2/django/db/migrations/operations/models.py,AlterModelTable,False,8,53,5.125,54,29,42,1,3,8
Django-1.8.2,Django-1.8.2/django/db/migrations/operations/models.py,AlterUniqueTogether,False,8,49,4.375,50,29,38,0,4,8
Django-1.8.2,Django-1.8.2/django/db/migrations/operations/models.py,AlterIndexTogether,False,8,49,4.375,50,29,38,0,4,8
Django-1.8.2,Django-1.8.2/django/db/migrations/operations/models.py,AlterOrderWithRespectTo,False,8,54,5.25,55,33,41,3,3,8
Django-1.8.2,Django-1.8.2/django/db/migrations/operations/models.py,AlterModelOptions,False,8,57,3.875,58,29,43,1,5,9
Django-1.8.2,Django-1.8.2/django/db/migrations/operations/models.py,AlterModelManagers,False,8,36,2.75,37,22,25,0,3,9
Django-1.8.2,Django-1.8.2/django/db/migrations/operations/special.py,SeparateDatabaseAndState,False,6,50,6.0,51,33,36,2,6,7
Django-1.8.2,Django-1.8.2/django/db/migrations/operations/special.py,RunSQL,False,8,66,6.25,67,49,53,0,5,9
Django-1.8.2,Django-1.8.2/django/db/migrations/operations/special.py,RunPython,False,8,66,6.375,67,43,47,8,3,9
Django-1.8.2,Django-1.8.2/django/db/models/aggregates.py,Aggregate,False,5,57,9.6,58,32,32,2,15,10
Django-1.8.2,Django-1.8.2/django/db/models/aggregates.py,Avg,False,2,10,3.0,11,9,9,0,0,2
Django-1.8.2,Django-1.8.2/django/db/models/aggregates.py,Count,False,3,21,5.0,22,14,19,0,0,3
Django-1.8.2,Django-1.8.2/django/db/models/aggregates.py,Max,False,0,2,0.0,3,3,3,0,0,0
Django-1.8.2,Django-1.8.2/django/db/models/aggregates.py,Min,False,0,2,0.0,3,3,3,0,0,0
Django-1.8.2,Django-1.8.2/django/db/models/aggregates.py,StdDev,False,3,17,4.333333333333333,18,11,15,0,0,3
Django-1.8.2,Django-1.8.2/django/db/models/aggregates.py,Sum,False,0,2,0.0,3,3,3,0,0,0
Django-1.8.2,Django-1.8.2/django/db/models/aggregates.py,Variance,False,3,17,4.333333333333333,18,11,15,0,0,3
Django-1.8.2,Django-1.8.2/django/db/models/base.py,ModelBase,False,4,302,74.0,303,160,211,55,6,33
Django-1.8.2,Django-1.8.2/django/db/models/base.py,ModelState,False,1,9,6.0,10,5,4,3,3,0
Django-1.8.2,Django-1.8.2/django/db/models/base.py,Model,False,48,1256,24.6875,1257,673,885,122,94,150
Django-1.8.2,Django-1.8.2/django/db/models/deletion.py,ProtectedError,False,1,3,3.0,4,4,4,0,0,0
Django-1.8.2,Django-1.8.2/django/db/models/deletion.py,Collector,False,10,252,24.3,253,142,156,35,38,26
Django-1.8.2,Django-1.8.2/django/db/models/expressions.py,Combinable,False,21,104,2.8095238095238093,105,59,66,12,4,25
Django-1.8.2,Django-1.8.2/django/db/models/expressions.py,BaseExpression,False,24,219,7.708333333333333,220,107,106,1,79,34
Django-1.8.2,Django-1.8.2/django/db/models/expressions.py,Expression,False,0,4,0.0,5,3,2,0,3,0
Django-1.8.2,Django-1.8.2/django/db/models/expressions.py,CombinedExpression,False,7,51,6.285714285714286,52,42,44,1,0,7
Django-1.8.2,Django-1.8.2/django/db/models/expressions.py,DurationExpression,False,2,26,12.5,27,25,25,1,0,1
Django-1.8.2,Django-1.8.2/django/db/models/expressions.py,F,False,6,24,2.6666666666666665,25,15,13,0,7,5
Django-1.8.2,Django-1.8.2/django/db/models/expressions.py,Func,False,7,54,5.857142857142857,55,47,45,0,3,7
Django-1.8.2,Django-1.8.2/django/db/models/expressions.py,Value,False,5,41,6.8,42,25,23,4,10,5
Django-1.8.2,Django-1.8.2/django/db/models/expressions.py,DurationValue,False,1,6,6.0,7,6,7,0,0,0
Django-1.8.2,Django-1.8.2/django/db/models/expressions.py,RawSQL,False,4,14,2.75,15,12,12,0,0,3
Django-1.8.2,Django-1.8.2/django/db/models/expressions.py,Random,False,3,8,2.0,9,7,7,0,0,2
Django-1.8.2,Django-1.8.2/django/db/models/expressions.py,Col,False,6,25,3.3333333333333335,26,19,21,0,0,5
Django-1.8.2,Django-1.8.2/django/db/models/expressions.py,Ref,False,8,30,2.375,31,19,18,2,4,7
Django-1.8.2,Django-1.8.2/django/db/models/expressions.py,ExpressionWrapper,False,5,20,2.2,21,13,12,0,4,5
Django-1.8.2,Django-1.8.2/django/db/models/expressions.py,When,False,9,53,4.777777777777778,54,43,43,2,0,9
Django-1.8.2,Django-1.8.2/django/db/models/expressions.py,Case,False,8,69,6.0,70,54,51,0,10,9
Django-1.8.2,Django-1.8.2/django/db/models/expressions.py,Date,False,8,44,4.25,45,34,35,0,3,7
Django-1.8.2,Django-1.8.2/django/db/models/expressions.py,DateTime,False,8,55,5.625,56,41,46,0,3,7
Django-1.8.2,Django-1.8.2/django/db/models/expressions.py,OrderBy,False,9,40,3.3333333333333335,41,32,32,0,0,9
Django-1.8.2,Django-1.8.2/django/db/models/functions.py,Coalesce,False,2,21,7.5,22,14,14,2,3,3
Django-1.8.2,Django-1.8.2/django/db/models/functions.py,ConcatPair,False,4,25,3.75,26,16,16,1,5,4
Django-1.8.2,Django-1.8.2/django/db/models/functions.py,Concat,False,2,21,6.0,22,14,12,3,5,2
Django-1.8.2,Django-1.8.2/django/db/models/functions.py,Length,False,2,10,3.0,11,9,8,0,0,2
Django-1.8.2,Django-1.8.2/django/db/models/functions.py,Lower,False,1,4,2.0,5,4,4,0,0,1
Django-1.8.2,Django-1.8.2/django/db/models/functions.py,Substr,False,3,26,7.333333333333333,27,20,19,0,5,3
Django-1.8.2,Django-1.8.2/django/db/models/functions.py,Upper,False,1,4,2.0,5,4,4,0,0,1
Django-1.8.2,Django-1.8.2/django/db/models/lookups.py,RegisterLookupMixin,False,5,45,7.8,46,37,36,2,4,4
Django-1.8.2,Django-1.8.2/django/db/models/lookups.py,Transform,False,6,28,3.1666666666666665,29,23,22,0,0,7
Django-1.8.2,Django-1.8.2/django/db/models/lookups.py,Lookup,False,11,99,7.909090909090909,100,71,79,10,0,11
Django-1.8.2,Django-1.8.2/django/db/models/lookups.py,BuiltinLookup,False,3,19,5.666666666666667,20,16,18,0,0,2
Django-1.8.2,Django-1.8.2/django/db/models/lookups.py,Exact,False,0,1,0.0,2,2,2,0,0,0
Django-1.8.2,Django-1.8.2/django/db/models/lookups.py,IExact,False,1,7,5.0,8,7,7,0,0,1
Django-1.8.2,Django-1.8.2/django/db/models/lookups.py,GreaterThan,False,0,1,0.0,2,2,2,0,0,0
Django-1.8.2,Django-1.8.2/django/db/models/lookups.py,GreaterThanOrEqual,False,0,1,0.0,2,2,2,0,0,0
Django-1.8.2,Django-1.8.2/django/db/models/lookups.py,LessThan,False,0,1,0.0,2,2,2,0,0,0
Django-1.8.2,Django-1.8.2/django/db/models/lookups.py,LessThanOrEqual,False,0,1,0.0,2,2,2,0,0,0
Django-1.8.2,Django-1.8.2/django/db/models/lookups.py,In,False,3,44,13.333333333333334,45,39,38,4,0,3
Django-1.8.2,Django-1.8.2/django/db/models/lookups.py,PatternLookup,False,1,17,16.0,18,7,8,9,0,1
Django-1.8.2,Django-1.8.2/django/db/models/lookups.py,Contains,False,1,7,5.0,8,7,7,0,0,1
Django-1.8.2,Django-1.8.2/django/db/models/lookups.py,IContains,False,0,1,0.0,2,2,2,0,0,0
Django-1.8.2,Django-1.8.2/django/db/models/lookups.py,StartsWith,False,1,7,5.0,8,7,7,0,0,1
Django-1.8.2,Django-1.8.2/django/db/models/lookups.py,IStartsWith,False,1,7,5.0,8,7,7,0,0,1
Django-1.8.2,Django-1.8.2/django/db/models/lookups.py,EndsWith,False,1,7,5.0,8,7,7,0,0,1
Django-1.8.2,Django-1.8.2/django/db/models/lookups.py,IEndsWith,False,1,7,5.0,8,7,7,0,0,1
Django-1.8.2,Django-1.8.2/django/db/models/lookups.py,Between,False,1,2,2.0,3,3,3,0,0,0
Django-1.8.2,Django-1.8.2/django/db/models/lookups.py,Year,False,0,1,0.0,2,2,2,0,0,0
Django-1.8.2,Django-1.8.2/django/db/models/lookups.py,Range,False,2,12,4.5,13,9,9,2,0,2
Django-1.8.2,Django-1.8.2/django/db/models/lookups.py,DateLookup,False,2,12,5.5,13,12,12,0,0,1
Django-1.8.2,Django-1.8.2/django/db/models/lookups.py,Month,False,0,2,0.0,3,3,3,0,0,0
Django-1.8.2,Django-1.8.2/django/db/models/lookups.py,Day,False,0,2,0.0,3,3,3,0,0,0
Django-1.8.2,Django-1.8.2/django/db/models/lookups.py,WeekDay,False,0,2,0.0,3,3,3,0,0,0
Django-1.8.2,Django-1.8.2/django/db/models/lookups.py,Hour,False,0,2,0.0,3,3,3,0,0,0
Django-1.8.2,Django-1.8.2/django/db/models/lookups.py,Minute,False,0,2,0.0,3,3,3,0,0,0
Django-1.8.2,Django-1.8.2/django/db/models/lookups.py,Second,False,0,2,0.0,3,3,3,0,0,0
Django-1.8.2,Django-1.8.2/django/db/models/lookups.py,IsNull,False,1,8,6.0,9,8,8,0,0,1
Django-1.8.2,Django-1.8.2/django/db/models/lookups.py,Search,False,1,7,5.0,8,7,7,0,0,1
Django-1.8.2,Django-1.8.2/django/db/models/lookups.py,Regex,False,1,10,8.0,11,10,10,0,0,1
Django-1.8.2,Django-1.8.2/django/db/models/lookups.py,IRegex,False,0,1,0.0,2,2,2,0,0,0
Django-1.8.2,Django-1.8.2/django/db/models/manager.py,BaseManager,False,16,183,9.625,184,105,122,32,18,21
Django-1.8.2,Django-1.8.2/django/db/models/manager.py,Manager,False,0,1,0.0,2,2,2,0,0,0
Django-1.8.2,Django-1.8.2/django/db/models/manager.py,ManagerDescriptor,False,2,9,3.0,10,7,7,2,0,1
Django-1.8.2,Django-1.8.2/django/db/models/manager.py,AbstractManagerDescriptor,False,2,9,3.0,10,5,7,2,0,1
Django-1.8.2,Django-1.8.2/django/db/models/manager.py,SwappedManagerDescriptor,False,2,9,3.0,10,5,7,2,0,1
Django-1.8.2,Django-1.8.2/django/db/models/manager.py,EmptyManager,False,2,6,2.5,7,6,6,0,0,1
Django-1.8.2,Django-1.8.2/django/db/models/options.py,raise_deprecation,False,2,15,7.0,16,8,15,0,0,1
Django-1.8.2,Django-1.8.2/django/db/models/options.py,Options,False,41,742,16.414634146341463,743,386,438,125,96,84
Django-1.8.2,Django-1.8.2/django/db/models/query.py,QuerySet,False,74,996,11.864864864864865,997,597,594,59,236,111
Django-1.8.2,Django-1.8.2/django/db/models/query.py,InstanceCheckMeta,False,1,2,2.0,3,3,3,0,0,0
Django-1.8.2,Django-1.8.2/django/db/models/query.py,EmptyQuerySet,False,1,7,2.0,8,4,3,0,4,1
Django-1.8.2,Django-1.8.2/django/db/models/query.py,ValuesQuerySet,False,12,148,11.166666666666666,149,88,89,14,27,19
Django-1.8.2,Django-1.8.2/django/db/models/query.py,ValuesListQuerySet,False,2,35,17.0,36,26,26,6,0,4
Django-1.8.2,Django-1.8.2/django/db/models/query.py,RawQuerySet,False,9,119,11.555555555555555,120,79,83,6,17,13
Django-1.8.2,Django-1.8.2/django/db/models/query.py,Prefetch,False,8,39,4.0,40,33,30,2,0,8
Django-1.8.2,Django-1.8.2/django/db/models/query.py,RelatedPopulator,False,3,105,29.666666666666668,106,61,65,23,12,6
Django-1.8.2,Django-1.8.2/django/db/models/query_utils.py,InvalidQuery,False,0,4,0.0,5,3,2,0,3,0
Django-1.8.2,Django-1.8.2/django/db/models/query_utils.py,QueryWrapper,False,2,9,2.0,10,6,5,0,4,1
Django-1.8.2,Django-1.8.2/django/db/models/query_utils.py,Q,False,9,70,5.777777777777778,71,55,54,3,4,10
Django-1.8.2,Django-1.8.2/django/db/models/query_utils.py,DeferredAttribute,False,4,53,11.5,54,33,29,4,17,4
Django-1.8.2,Django-1.8.2/django/db/models/signals.py,ModelSignal,False,3,42,11.666666666666666,43,30,36,0,4,3
Django-1.8.2,Django-1.8.2/django/db/models/fields/files.py,FieldFile,False,17,134,5.882352941176471,135,86,90,18,0,27
Django-1.8.2,Django-1.8.2/django/db/models/fields/files.py,FileDescriptor,False,3,71,18.333333333333332,72,23,24,26,10,12
Django-1.8.2,Django-1.8.2/django/db/models/fields/files.py,FileField,False,15,123,6.6,124,75,86,16,0,20
Django-1.8.2,Django-1.8.2/django/db/models/fields/files.py,ImageFileDescriptor,False,1,19,15.0,20,7,6,9,4,1
Django-1.8.2,Django-1.8.2/django/db/models/fields/files.py,ImageFieldFile,False,1,5,5.0,6,5,5,1,0,0
Django-1.8.2,Django-1.8.2/django/db/models/fields/files.py,ImageField,False,7,107,13.857142857142858,108,55,65,20,10,14
Django-1.8.2,Django-1.8.2/django/db/models/fields/proxy.py,OrderWrt,False,2,14,4.0,15,10,9,0,4,2
Django-1.8.2,Django-1.8.2/django/db/models/fields/related.py,RelatedField,False,15,285,17.466666666666665,286,132,203,39,15,33
Django-1.8.2,Django-1.8.2/django/db/models/fields/related.py,SingleRelatedObjectDescriptor,False,7,127,16.428571428571427,128,75,96,20,0,12
Django-1.8.2,Django-1.8.2/django/db/models/fields/related.py,ReverseSingleRelatedObjectDescriptor,False,7,159,21.0,160,91,108,38,0,14
Django-1.8.2,Django-1.8.2/django/db/models/fields/related.py,ForeignRelatedObjectsDescriptor,False,4,37,7.0,38,18,22,12,0,5
Django-1.8.2,Django-1.8.2/django/db/models/fields/related.py,ManyRelatedObjectsDescriptor,False,4,55,11.25,56,22,38,11,0,8
Django-1.8.2,Django-1.8.2/django/db/models/fields/related.py,ReverseManyRelatedObjectsDescriptor,False,5,60,9.6,61,24,40,13,0,8
Django-1.8.2,Django-1.8.2/django/db/models/fields/related.py,ForeignObjectRel,False,19,133,5.105263157894737,134,80,87,15,11,20
Django-1.8.2,Django-1.8.2/django/db/models/fields/related.py,ManyToOneRel,False,3,20,6.0,21,12,15,0,4,2
Django-1.8.2,Django-1.8.2/django/db/models/fields/related.py,OneToOneRel,False,1,6,6.0,7,4,7,0,0,0
Django-1.8.2,Django-1.8.2/django/db/models/fields/related.py,ManyToManyRel,False,3,34,10.666666666666666,35,26,28,0,4,2
Django-1.8.2,Django-1.8.2/django/db/models/fields/related.py,ForeignObject,False,24,308,11.208333333333334,309,194,232,16,25,36
Django-1.8.2,Django-1.8.2/django/db/models/fields/related.py,ForeignKey,False,21,224,9.095238095238095,225,129,179,18,3,26
Django-1.8.2,Django-1.8.2/django/db/models/fields/related.py,OneToOneField,False,5,39,4.0,40,27,26,2,6,6
Django-1.8.2,Django-1.8.2/django/db/models/fields/related.py,ManyToManyField,False,22,497,21.272727272727273,498,244,388,49,3,55
Django-1.8.2,Django-1.8.2/django/db/models/fields/subclassing.py,SubfieldBase,False,1,13,9.0,14,7,9,0,4,1
Django-1.8.2,Django-1.8.2/django/db/models/fields/subclassing.py,Creator,False,3,13,2.6666666666666665,14,10,9,0,3,2
Django-1.8.2,Django-1.8.2/django/db/models/fields/__init__.py,Empty,False,0,1,0.0,2,2,2,0,0,0
Django-1.8.2,Django-1.8.2/django/db/models/fields/__init__.py,NOT_PROVIDED,False,0,1,0.0,2,2,2,0,0,0
Django-1.8.2,Django-1.8.2/django/db/models/fields/__init__.py,Field,False,57,826,12.736842105263158,827,451,577,65,110,80
Django-1.8.2,Django-1.8.2/django/db/models/fields/__init__.py,AutoField,False,11,74,5.181818181818182,75,51,63,0,0,12
Django-1.8.2,Django-1.8.2/django/db/models/fields/__init__.py,BooleanField,False,9,76,6.888888888888889,77,51,60,8,0,9
Django-1.8.2,Django-1.8.2/django/db/models/fields/__init__.py,CharField,False,7,56,6.857142857142857,57,34,47,3,0,7
Django-1.8.2,Django-1.8.2/django/db/models/fields/__init__.py,CommaSeparatedIntegerField,False,1,11,8.0,12,8,11,0,0,1
Django-1.8.2,Django-1.8.2/django/db/models/fields/__init__.py,DateTimeCheckMixin,False,3,31,9.333333333333334,32,15,26,3,0,3
Django-1.8.2,Django-1.8.2/django/db/models/fields/__init__.py,DateField,False,12,147,10.583333333333334,148,95,118,7,6,17
Django-1.8.2,Django-1.8.2/django/db/models/fields/__init__.py,DateTimeField,False,8,157,16.375,158,92,122,13,6,17
Django-1.8.2,Django-1.8.2/django/db/models/fields/__init__.py,DecimalField,False,13,145,9.76923076923077,146,79,122,6,4,14
Django-1.8.2,Django-1.8.2/django/db/models/fields/__init__.py,DurationField,False,6,57,6.666666666666667,58,41,46,0,4,8
Django-1.8.2,Django-1.8.2/django/db/models/fields/__init__.py,EmailField,False,3,22,5.666666666666667,23,14,15,5,0,3
Django-1.8.2,Django-1.8.2/django/db/models/fields/__init__.py,FilePathField,False,7,62,7.714285714285714,63,42,56,0,0,7
Django-1.8.2,Django-1.8.2/django/db/models/fields/__init__.py,FloatField,False,4,31,5.5,32,25,28,0,0,4
Django-1.8.2,Django-1.8.2/django/db/models/fields/__init__.py,IntegerField,False,8,67,6.625,68,47,58,2,0,8
Django-1.8.2,Django-1.8.2/django/db/models/fields/__init__.py,BigIntegerField,False,2,12,3.5,13,11,11,0,0,2
Django-1.8.2,Django-1.8.2/django/db/models/fields/__init__.py,IPAddressField,False,5,33,3.6,34,24,29,0,0,5
Django-1.8.2,Django-1.8.2/django/db/models/fields/__init__.py,GenericIPAddressField,False,9,75,7.0,76,53,67,0,0,9
Django-1.8.2,Django-1.8.2/django/db/models/fields/__init__.py,NullBooleanField,False,7,61,7.0,62,43,51,4,0,7
Django-1.8.2,Django-1.8.2/django/db/models/fields/__init__.py,PositiveIntegerField,False,2,9,3.0,10,9,8,0,0,2
Django-1.8.2,Django-1.8.2/django/db/models/fields/__init__.py,PositiveSmallIntegerField,False,2,9,3.0,10,9,8,0,0,2
Django-1.8.2,Django-1.8.2/django/db/models/fields/__init__.py,SlugField,False,4,27,5.25,28,24,23,1,0,4
Django-1.8.2,Django-1.8.2/django/db/models/fields/__init__.py,SmallIntegerField,False,1,4,2.0,5,4,4,0,0,1
Django-1.8.2,Django-1.8.2/django/db/models/fields/__init__.py,TextField,False,3,18,4.666666666666667,19,14,13,3,0,3
Django-1.8.2,Django-1.8.2/django/db/models/fields/__init__.py,TimeField,False,10,131,11.3,132,87,106,5,6,15
Django-1.8.2,Django-1.8.2/django/db/models/fields/__init__.py,URLField,False,3,21,5.333333333333333,22,16,17,2,0,3
Django-1.8.2,Django-1.8.2/django/db/models/fields/__init__.py,BinaryField,False,7,40,4.428571428571429,41,33,32,1,0,7
Django-1.8.2,Django-1.8.2/django/db/models/fields/__init__.py,UUIDField,False,6,45,5.666666666666667,46,35,40,0,0,6
Django-1.8.2,Django-1.8.2/django/db/models/sql/aggregates.py,Aggregate,False,7,93,10.857142857142858,94,49,48,5,24,16
Django-1.8.2,Django-1.8.2/django/db/models/sql/aggregates.py,Avg,False,0,2,0.0,3,3,3,0,0,0
Django-1.8.2,Django-1.8.2/django/db/models/sql/aggregates.py,Count,False,1,6,2.0,7,6,6,0,0,1
Django-1.8.2,Django-1.8.2/django/db/models/sql/aggregates.py,Max,False,0,1,0.0,2,2,2,0,0,0
Django-1.8.2,Django-1.8.2/django/db/models/sql/aggregates.py,Min,False,0,1,0.0,2,2,2,0,0,0
Django-1.8.2,Django-1.8.2/django/db/models/sql/aggregates.py,StdDev,False,1,5,3.0,6,5,5,0,0,1
Django-1.8.2,Django-1.8.2/django/db/models/sql/aggregates.py,Sum,False,0,1,0.0,2,2,2,0,0,0
Django-1.8.2,Django-1.8.2/django/db/models/sql/aggregates.py,Variance,False,1,5,3.0,6,5,5,0,0,1
Django-1.8.2,Django-1.8.2/django/db/models/sql/compiler.py,SQLCompiler,False,26,871,32.53846153846154,872,516,563,111,118,81
Django-1.8.2,Django-1.8.2/django/db/models/sql/compiler.py,SQLInsertCompiler,False,4,86,20.5,87,55,71,9,0,7
Django-1.8.2,Django-1.8.2/django/db/models/sql/compiler.py,SQLDeleteCompiler,False,1,13,13.0,14,10,10,0,4,0
Django-1.8.2,Django-1.8.2/django/db/models/sql/compiler.py,SQLUpdateCompiler,False,3,118,38.666666666666664,119,84,87,8,18,6
Django-1.8.2,Django-1.8.2/django/db/models/sql/compiler.py,SQLAggregateCompiler,False,1,22,22.0,23,16,15,3,4,1
Django-1.8.2,Django-1.8.2/django/db/models/sql/datastructures.py,EmptyResultSet,False,0,1,0.0,2,2,2,0,0,0
Django-1.8.2,Django-1.8.2/django/db/models/sql/datastructures.py,MultiJoin,False,1,9,4.0,10,5,4,1,5,0
Django-1.8.2,Django-1.8.2/django/db/models/sql/datastructures.py,Empty,False,0,1,0.0,2,2,2,0,0,0
Django-1.8.2,Django-1.8.2/django/db/models/sql/datastructures.py,Join,False,6,90,11.333333333333334,91,46,57,7,20,7
Django-1.8.2,Django-1.8.2/django/db/models/sql/datastructures.py,BaseTable,False,3,20,3.0,21,13,12,0,6,3
Django-1.8.2,Django-1.8.2/django/db/models/sql/query.py,RawQuery,False,7,49,5.571428571428571,50,33,33,7,3,8
Django-1.8.2,Django-1.8.2/django/db/models/sql/query.py,Query,False,83,1945,22.253012048192772,1946,1104,1136,284,357,172
Django-1.8.2,Django-1.8.2/django/db/models/sql/query.py,JoinPromoter,False,3,84,25.666666666666668,85,31,29,39,14,3
Django-1.8.2,Django-1.8.2/django/db/models/sql/subqueries.py,DeleteQuery,False,3,63,18.0,64,39,40,5,14,5
Django-1.8.2,Django-1.8.2/django/db/models/sql/subqueries.py,UpdateQuery,False,8,86,9.125,87,53,50,0,27,10
Django-1.8.2,Django-1.8.2/django/db/models/sql/subqueries.py,InsertQuery,False,3,29,8.333333333333334,30,16,18,0,8,4
Django-1.8.2,Django-1.8.2/django/db/models/sql/subqueries.py,AggregateQuery,False,1,12,5.0,13,5,7,0,4,2
Django-1.8.2,Django-1.8.2/django/db/models/sql/where.py,EmptyShortCircuit,False,0,5,0.0,6,3,2,0,4,0
Django-1.8.2,Django-1.8.2/django/db/models/sql/where.py,WhereNode,False,10,293,26.4,294,185,190,28,48,28
Django-1.8.2,Django-1.8.2/django/db/models/sql/where.py,EmptyWhere,False,2,5,2.0,6,5,5,0,0,1
Django-1.8.2,Django-1.8.2/django/db/models/sql/where.py,EverythingNode,False,1,6,2.0,7,4,3,0,3,1
Django-1.8.2,Django-1.8.2/django/db/models/sql/where.py,NothingNode,False,1,5,2.0,6,4,3,0,3,0
Django-1.8.2,Django-1.8.2/django/db/models/sql/where.py,ExtraWhere,False,2,7,3.0,8,7,7,0,0,1
Django-1.8.2,Django-1.8.2/django/db/models/sql/where.py,Constraint,False,4,47,10.0,48,30,32,4,8,4
Django-1.8.2,Django-1.8.2/django/db/models/sql/where.py,SubqueryConstraint,False,4,33,7.5,34,24,26,3,0,5
Django-1.8.2,Django-1.8.2/django/dispatch/dispatcher.py,Signal,False,9,280,29.333333333333332,281,133,127,25,85,44
Django-1.8.2,Django-1.8.2/django/dispatch/weakref_backports.py,WeakMethod,False,4,51,9.75,52,40,40,2,4,6
Django-1.8.2,Django-1.8.2/django/forms/fields.py,RenameFieldMethods,False,0,3,0.0,4,2,4,0,0,0
Django-1.8.2,Django-1.8.2/django/forms/fields.py,Field,False,10,151,12.9,152,83,81,34,20,20
Django-1.8.2,Django-1.8.2/django/forms/fields.py,CharField,False,3,20,6.0,21,19,17,1,0,2
Django-1.8.2,Django-1.8.2/django/forms/fields.py,IntegerField,False,3,41,11.333333333333334,42,33,33,1,4,4
Django-1.8.2,Django-1.8.2/django/forms/fields.py,FloatField,False,3,34,9.333333333333334,35,25,25,1,4,5
Django-1.8.2,Django-1.8.2/django/forms/fields.py,DecimalField,False,4,91,18.0,92,49,71,10,6,5
Django-1.8.2,Django-1.8.2/django/forms/fields.py,BaseTemporalField,False,3,22,6.333333333333333,23,18,18,2,0,3
Django-1.8.2,Django-1.8.2/django/forms/fields.py,DateField,False,2,21,7.0,22,16,16,0,4,2
Django-1.8.2,Django-1.8.2/django/forms/fields.py,TimeField,False,2,19,6.0,20,14,14,0,4,2
Django-1.8.2,Django-1.8.2/django/forms/fields.py,DateTimeField,False,3,40,10.666666666666666,41,29,32,2,4,3
Django-1.8.2,Django-1.8.2/django/forms/fields.py,DurationField,False,2,18,6.5,19,16,17,0,0,2
Django-1.8.2,Django-1.8.2/django/forms/fields.py,RegexField,False,3,32,9.333333333333334,33,21,24,1,5,3
Django-1.8.2,Django-1.8.2/django/forms/fields.py,EmailField,False,1,6,3.0,7,6,6,0,0,1
Django-1.8.2,Django-1.8.2/django/forms/fields.py,FileField,False,5,66,10.0,67,43,50,9,0,8
Django-1.8.2,Django-1.8.2/django/forms/fields.py,ImageField,False,1,47,40.0,48,26,32,7,4,5
Django-1.8.2,Django-1.8.2/django/forms/fields.py,URLField,False,2,40,16.5,41,26,26,7,4,4
Django-1.8.2,Django-1.8.2/django/forms/fields.py,BooleanField,False,3,25,7.0,26,16,15,7,0,3
Django-1.8.2,Django-1.8.2/django/forms/fields.py,NullBooleanField,False,3,32,8.0,33,19,17,1,12,3
Django-1.8.2,Django-1.8.2/django/forms/fields.py,CallableChoiceIterator,False,2,6,2.5,7,6,6,0,0,1
Django-1.8.2,Django-1.8.2/django/forms/fields.py,ChoiceField,False,7,63,7.142857142857143,64,43,46,4,3,9
Django-1.8.2,Django-1.8.2/django/forms/fields.py,TypedChoiceField,False,3,24,7.333333333333333,25,19,20,0,3,2
Django-1.8.2,Django-1.8.2/django/forms/fields.py,MultipleChoiceField,False,3,39,10.0,40,29,33,1,3,3
Django-1.8.2,Django-1.8.2/django/forms/fields.py,TypedMultipleChoiceField,False,4,33,7.5,34,26,27,0,4,3
Django-1.8.2,Django-1.8.2/django/forms/fields.py,ComboField,False,2,21,8.5,22,13,11,3,7,1
Django-1.8.2,Django-1.8.2/django/forms/fields.py,MultiValueField,False,6,119,15.5,120,70,70,11,27,12
Django-1.8.2,Django-1.8.2/django/forms/fields.py,FilePathField,False,1,45,45.0,46,36,42,0,0,4
Django-1.8.2,Django-1.8.2/django/forms/fields.py,SplitDateTimeField,False,2,33,12.5,34,22,30,2,0,2
Django-1.8.2,Django-1.8.2/django/forms/fields.py,IPAddressField,False,2,11,4.0,12,9,10,0,0,2
Django-1.8.2,Django-1.8.2/django/forms/fields.py,GenericIPAddressField,False,2,12,5.5,13,12,12,0,0,1
Django-1.8.2,Django-1.8.2/django/forms/fields.py,SlugField,False,1,5,3.0,6,5,5,0,0,1
Django-1.8.2,Django-1.8.2/django/forms/fields.py,UUIDField,False,2,19,7.0,20,17,18,0,0,2
Django-1.8.2,Django-1.8.2/django/forms/forms.py,DeclarativeFieldsMetaclass,False,1,32,29.0,33,22,21,4,3,5
Django-1.8.2,Django-1.8.2/django/forms/forms.py,BaseForm,False,28,396,12.928571428571429,397,228,246,39,68,42
Django-1.8.2,Django-1.8.2/django/forms/forms.py,Form,False,0,1,0.0,2,2,1,0,0,0
Django-1.8.2,Django-1.8.2/django/forms/forms.py,BoundField,False,17,202,10.588235294117647,203,137,124,7,46,22
Django-1.8.2,Django-1.8.2/django/forms/formsets.py,ManagementForm,False,1,14,9.0,15,8,7,3,5,0
Django-1.8.2,Django-1.8.2/django/forms/formsets.py,BaseFormSet,False,34,360,9.205882352941176,361,226,223,41,53,35
Django-1.8.2,Django-1.8.2/django/forms/models.py,ModelFormOptions,False,1,9,9.0,10,10,10,0,0,0
Django-1.8.2,Django-1.8.2/django/forms/models.py,ModelFormMetaclass,False,1,61,61.0,62,30,43,9,0,10
Django-1.8.2,Django-1.8.2/django/forms/models.py,BaseModelForm,False,7,158,21.428571428571427,159,87,91,35,15,18
Django-1.8.2,Django-1.8.2/django/forms/models.py,ModelForm,False,0,1,0.0,2,2,2,0,0,0
Django-1.8.2,Django-1.8.2/django/forms/models.py,BaseModelFormSet,False,17,263,14.117647058823529,264,183,186,39,10,25
Django-1.8.2,Django-1.8.2/django/forms/models.py,BaseInlineFormSet,False,7,93,12.142857142857142,94,66,66,16,0,11
Django-1.8.2,Django-1.8.2/django/forms/models.py,InlineForeignKeyField,False,3,38,9.0,39,30,30,2,4,3
Django-1.8.2,Django-1.8.2/django/forms/models.py,ModelChoiceIterator,False,4,24,5.25,25,19,22,0,0,3
Django-1.8.2,Django-1.8.2/django/forms/models.py,ModelChoiceField,False,11,111,7.909090909090909,112,65,69,17,10,16
Django-1.8.2,Django-1.8.2/django/forms/models.py,ModelMultipleChoiceField,False,6,89,12.333333333333334,90,58,73,5,5,6
Django-1.8.2,Django-1.8.2/django/forms/utils.py,ErrorDict,False,5,28,3.8,29,20,20,0,4,5
Django-1.8.2,Django-1.8.2/django/forms/utils.py,ErrorList,False,13,69,4.153846153846154,70,44,48,5,3,14
Django-1.8.2,Django-1.8.2/django/forms/widgets.py,Media,False,10,73,6.4,74,51,59,3,0,11
Django-1.8.2,Django-1.8.2/django/forms/widgets.py,MediaDefiningClass,False,1,11,8.0,12,7,7,0,3,2
Django-1.8.2,Django-1.8.2/django/forms/widgets.py,SubWidget,False,2,14,4.5,15,11,10,0,4,1
Django-1.8.2,Django-1.8.2/django/forms/widgets.py,Widget,False,8,63,6.375,64,35,30,1,22,11
Django-1.8.2,Django-1.8.2/django/forms/widgets.py,Input,False,2,19,6.0,20,14,13,2,4,2
Django-1.8.2,Django-1.8.2/django/forms/widgets.py,TextInput,False,1,6,4.0,7,6,6,0,0,1
Django-1.8.2,Django-1.8.2/django/forms/widgets.py,NumberInput,False,0,1,0.0,2,2,2,0,0,0
Django-1.8.2,Django-1.8.2/django/forms/widgets.py,EmailInput,False,0,1,0.0,2,2,2,0,0,0
Django-1.8.2,Django-1.8.2/django/forms/widgets.py,URLInput,False,0,1,0.0,2,2,2,0,0,0
Django-1.8.2,Django-1.8.2/django/forms/widgets.py,PasswordInput,False,2,10,3.5,11,9,9,0,0,2
Django-1.8.2,Django-1.8.2/django/forms/widgets.py,HiddenInput,False,0,1,0.0,2,2,2,0,0,0
Django-1.8.2,Django-1.8.2/django/forms/widgets.py,MultipleHiddenInput,False,3,28,7.333333333333333,29,21,20,3,4,2
Django-1.8.2,Django-1.8.2/django/forms/widgets.py,FileInput,False,2,9,2.5,10,8,7,0,0,2
Django-1.8.2,Django-1.8.2/django/forms/widgets.py,ClearableFileInput,False,6,75,9.833333333333334,76,43,48,4,13,11
Django-1.8.2,Django-1.8.2/django/forms/widgets.py,Textarea,False,2,14,6.5,15,12,13,1,0,1
Django-1.8.2,Django-1.8.2/django/forms/widgets.py,DateTimeBaseInput,False,2,10,3.0,11,8,9,0,0,2
Django-1.8.2,Django-1.8.2/django/forms/widgets.py,DateInput,False,0,1,0.0,2,2,2,0,0,0
Django-1.8.2,Django-1.8.2/django/forms/widgets.py,DateTimeInput,False,0,1,0.0,2,2,2,0,0,0
Django-1.8.2,Django-1.8.2/django/forms/widgets.py,TimeInput,False,0,1,0.0,2,2,2,0,0,0
Django-1.8.2,Django-1.8.2/django/forms/widgets.py,CheckboxInput,False,3,26,8.0,27,20,19,6,0,2
Django-1.8.2,Django-1.8.2/django/forms/widgets.py,Select,False,4,49,11.0,50,38,41,5,0,4
Django-1.8.2,Django-1.8.2/django/forms/widgets.py,NullBooleanSelect,False,3,24,6.333333333333333,25,16,20,0,3,2
Django-1.8.2,Django-1.8.2/django/forms/widgets.py,SelectMultiple,False,2,17,7.0,18,16,16,0,0,2
Django-1.8.2,Django-1.8.2/django/forms/widgets.py,ChoiceInput,False,6,42,5.0,43,32,33,1,4,6
Django-1.8.2,Django-1.8.2/django/forms/widgets.py,RadioChoiceInput,False,1,5,3.0,6,5,5,0,0,1
Django-1.8.2,Django-1.8.2/django/forms/widgets.py,CheckboxChoiceInput,False,2,8,2.5,9,7,7,0,0,2
Django-1.8.2,Django-1.8.2/django/forms/widgets.py,ChoiceFieldRenderer,False,4,50,9.75,51,32,38,1,8,5
Django-1.8.2,Django-1.8.2/django/forms/widgets.py,RadioFieldRenderer,False,0,1,0.0,2,2,2,0,0,0
Django-1.8.2,Django-1.8.2/django/forms/widgets.py,CheckboxFieldRenderer,False,0,1,0.0,2,2,2,0,0,0
Django-1.8.2,Django-1.8.2/django/forms/widgets.py,RendererMixin,False,5,34,5.4,35,24,23,7,0,5
Django-1.8.2,Django-1.8.2/django/forms/widgets.py,RadioSelect,False,0,2,0.0,3,3,3,0,0,0
Django-1.8.2,Django-1.8.2/django/forms/widgets.py,CheckboxSelectMultiple,False,0,2,0.0,3,3,3,0,0,0
Django-1.8.2,Django-1.8.2/django/forms/widgets.py,MultiWidget,False,10,98,6.0,99,52,48,3,31,16
Django-1.8.2,Django-1.8.2/django/forms/widgets.py,SplitDateTimeWidget,False,2,15,4.5,16,11,11,0,3,2
Django-1.8.2,Django-1.8.2/django/forms/widgets.py,SplitHiddenDateTimeWidget,False,1,7,4.0,8,6,5,0,3,0
Django-1.8.2,Django-1.8.2/django/forms/extras/widgets.py,SelectDateWidget,False,5,110,19.0,111,92,91,3,5,12
Django-1.8.2,Django-1.8.2/django/http/multipartparser.py,MultiPartParserError,False,0,1,0.0,2,2,2,0,0,0
Django-1.8.2,Django-1.8.2/django/http/multipartparser.py,InputStreamExhausted,False,0,4,0.0,5,3,2,0,3,0
Django-1.8.2,Django-1.8.2/django/http/multipartparser.py,MultiPartParser,False,5,242,46.4,243,139,143,37,25,37
Django-1.8.2,Django-1.8.2/django/http/multipartparser.py,LazyStream,False,8,109,11.875,110,59,55,4,34,17
Django-1.8.2,Django-1.8.2/django/http/multipartparser.py,ChunkIter,False,3,21,4.666666666666667,22,16,15,0,5,2
Django-1.8.2,Django-1.8.2/django/http/multipartparser.py,InterBoundaryIter,False,3,15,3.3333333333333335,16,12,11,0,3,2
Django-1.8.2,Django-1.8.2/django/http/multipartparser.py,BoundaryIter,False,4,94,20.0,95,64,58,9,15,14
Django-1.8.2,Django-1.8.2/django/http/multipartparser.py,Parser,False,2,9,4.0,10,8,8,1,0,1
Django-1.8.2,Django-1.8.2/django/http/request.py,UnreadablePostError,False,0,1,0.0,2,2,2,0,0,0
Django-1.8.2,Django-1.8.2/django/http/request.py,RawPostDataException,False,0,6,0.0,7,3,2,0,5,0
Django-1.8.2,Django-1.8.2/django/http/request.py,HttpRequest,False,24,271,9.416666666666666,272,176,184,33,19,32
Django-1.8.2,Django-1.8.2/django/http/request.py,QueryDict,False,17,148,6.529411764705882,149,99,99,4,21,24
Django-1.8.2,Django-1.8.2/django/http/response.py,BadHeaderError,False,0,1,0.0,2,2,2,0,0,0
Django-1.8.2,Django-1.8.2/django/http/response.py,HttpResponseBase,False,22,233,8.318181818181818,234,145,147,31,18,35
Django-1.8.2,Django-1.8.2/django/http/response.py,HttpResponse,False,10,56,3.2,57,38,36,3,4,13
Django-1.8.2,Django-1.8.2/django/http/response.py,StreamingHttpResponse,False,7,40,3.0,41,23,23,3,6,9
Django-1.8.2,Django-1.8.2/django/http/response.py,FileResponse,False,1,15,10.0,16,14,12,0,3,1
Django-1.8.2,Django-1.8.2/django/http/response.py,HttpResponseRedirectBase,False,1,10,6.0,11,10,9,0,0,2
Django-1.8.2,Django-1.8.2/django/http/response.py,HttpResponseRedirect,False,0,1,0.0,2,2,2,0,0,0
Django-1.8.2,Django-1.8.2/django/http/response.py,HttpResponsePermanentRedirect,False,0,1,0.0,2,2,2,0,0,0
Django-1.8.2,Django-1.8.2/django/http/response.py,HttpResponseNotModified,False,2,11,3.5,12,10,10,0,0,2
Django-1.8.2,Django-1.8.2/django/http/response.py,HttpResponseBadRequest,False,0,1,0.0,2,2,2,0,0,0
Django-1.8.2,Django-1.8.2/django/http/response.py,HttpResponseNotFound,False,0,1,0.0,2,2,2,0,0,0
Django-1.8.2,Django-1.8.2/django/http/response.py,HttpResponseForbidden,False,0,1,0.0,2,2,2,0,0,0
Django-1.8.2,Django-1.8.2/django/http/response.py,HttpResponseNotAllowed,False,1,5,3.0,6,5,5,0,0,1
Django-1.8.2,Django-1.8.2/django/http/response.py,HttpResponseGone,False,0,1,0.0,2,2,2,0,0,0
Django-1.8.2,Django-1.8.2/django/http/response.py,HttpResponseServerError,False,0,1,0.0,2,2,2,0,0,0
Django-1.8.2,Django-1.8.2/django/http/response.py,Http404,False,0,1,0.0,2,2,2,0,0,0
Django-1.8.2,Django-1.8.2/django/http/response.py,JsonResponse,False,1,19,7.0,20,8,8,0,10,2
Django-1.8.2,Django-1.8.2/django/middleware/cache.py,UpdateCacheMiddleware,False,3,50,13.333333333333334,51,31,30,7,7,6
Django-1.8.2,Django-1.8.2/django/middleware/cache.py,FetchFromCacheMiddleware,False,2,39,15.5,40,24,22,6,10,5
Django-1.8.2,Django-1.8.2/django/middleware/cache.py,CacheMiddleware,False,1,32,26.0,33,21,20,4,5,4
Django-1.8.2,Django-1.8.2/django/middleware/clickjacking.py,XFrameOptionsMiddleware,False,2,41,11.5,42,12,11,2,20,9
Django-1.8.2,Django-1.8.2/django/middleware/common.py,CommonMiddleware,False,2,113,43.5,114,55,66,10,24,14
Django-1.8.2,Django-1.8.2/django/middleware/common.py,BrokenLinkEmailsMiddleware,False,3,39,12.0,40,20,25,2,9,4
Django-1.8.2,Django-1.8.2/django/middleware/csrf.py,CsrfViewMiddleware,False,4,143,32.5,144,55,70,49,7,18
Django-1.8.2,Django-1.8.2/django/middleware/gzip.py,GZipMiddleware,False,1,38,33.0,39,24,23,5,5,6
Django-1.8.2,Django-1.8.2/django/middleware/http.py,ConditionalGetMiddleware,False,1,37,30.0,38,19,18,10,6,4
Django-1.8.2,Django-1.8.2/django/middleware/locale.py,LocaleMiddleware,False,4,63,12.75,64,35,47,2,11,6
Django-1.8.2,Django-1.8.2/django/middleware/security.py,SecurityMiddleware,False,3,36,11.333333333333334,37,25,30,0,0,7
Django-1.8.2,Django-1.8.2/django/template/base.py,TemplateSyntaxError,False,0,1,0.0,2,2,2,0,0,0
Django-1.8.2,Django-1.8.2/django/template/base.py,TemplateDoesNotExist,False,0,1,0.0,2,2,2,0,0,0
Django-1.8.2,Django-1.8.2/django/template/base.py,TemplateEncodingError,False,0,1,0.0,2,2,2,0,0,0
Django-1.8.2,Django-1.8.2/django/template/base.py,VariableDoesNotExist,False,2,7,2.5,8,6,6,0,0,2
Django-1.8.2,Django-1.8.2/django/template/base.py,InvalidTemplateLibrary,False,0,1,0.0,2,2,2,0,0,0
Django-1.8.2,Django-1.8.2/django/template/base.py,Origin,False,3,8,2.0,9,7,7,0,0,2
Django-1.8.2,Django-1.8.2/django/template/base.py,StringOrigin,False,2,6,2.5,7,6,6,0,0,1
Django-1.8.2,Django-1.8.2/django/template/base.py,Template,False,4,39,9.0,40,32,32,4,0,3
Django-1.8.2,Django-1.8.2/django/template/base.py,Token,False,3,25,7.666666666666667,26,21,21,3,0,2
Django-1.8.2,Django-1.8.2/django/template/base.py,Lexer,False,3,49,15.666666666666666,50,41,36,4,8,2
Django-1.8.2,Django-1.8.2/django/template/base.py,Parser,False,21,133,5.380952380952381,134,105,106,8,3,20
Django-1.8.2,Django-1.8.2/django/template/base.py,TokenParser,False,6,114,16.833333333333332,115,78,76,2,27,10
Django-1.8.2,Django-1.8.2/django/template/base.py,FilterExpression,False,4,115,24.5,116,92,95,3,12,6
Django-1.8.2,Django-1.8.2/django/template/base.py,Variable,False,5,144,24.4,145,83,88,33,22,13
Django-1.8.2,Django-1.8.2/django/template/base.py,Node,False,3,27,6.666666666666667,28,18,16,2,7,3
Django-1.8.2,Django-1.8.2/django/template/base.py,NodeList,False,3,23,5.666666666666667,24,19,18,2,0,3
Django-1.8.2,Django-1.8.2/django/template/base.py,TextNode,False,3,9,2.3333333333333335,10,8,8,0,0,2
Django-1.8.2,Django-1.8.2/django/template/base.py,VariableNode,False,3,15,4.333333333333333,16,11,11,3,0,2
Django-1.8.2,Django-1.8.2/django/template/base.py,TagHelperNode,False,2,17,5.0,18,13,11,0,5,2
Django-1.8.2,Django-1.8.2/django/template/base.py,Library,False,8,185,22.25,186,128,139,19,5,23
Django-1.8.2,Django-1.8.2/django/template/context.py,ContextPopException,False,0,2,0.0,3,3,2,0,0,0
Django-1.8.2,Django-1.8.2/django/template/context.py,ContextDict,False,3,11,3.0,12,9,9,0,0,3
Django-1.8.2,Django-1.8.2/django/template/context.py,BaseContext,False,16,88,4.5625,89,65,57,3,10,16
Django-1.8.2,Django-1.8.2/django/template/context.py,Context,False,5,44,7.4,45,34,37,2,0,4
Django-1.8.2,Django-1.8.2/django/template/context.py,RenderContext,False,4,26,2.25,27,11,10,0,12,5
Django-1.8.2,Django-1.8.2/django/template/context.py,RequestContext,False,3,52,14.333333333333334,53,31,37,7,6,4
Django-1.8.2,Django-1.8.2/django/template/debug.py,DebugLexer,False,2,19,9.0,20,22,18,0,0,1
Django-1.8.2,Django-1.8.2/django/template/debug.py,DebugParser,False,11,40,2.727272727272727,41,31,31,0,0,10
Django-1.8.2,Django-1.8.2/django/template/debug.py,DebugNodeList,False,1,7,7.0,8,8,8,0,0,0
Django-1.8.2,Django-1.8.2/django/template/debug.py,DebugVariableNode,False,1,16,16.0,17,17,17,0,0,0
Django-1.8.2,Django-1.8.2/django/template/defaulttags.py,AutoEscapeControlNode,False,2,13,5.5,14,13,12,0,0,1
Django-1.8.2,Django-1.8.2/django/template/defaulttags.py,CommentNode,False,1,2,2.0,3,3,3,0,0,0
Django-1.8.2,Django-1.8.2/django/template/defaulttags.py,CsrfTokenNode,False,1,17,17.0,18,12,16,2,0,0
Django-1.8.2,Django-1.8.2/django/template/defaulttags.py,CycleNode,False,2,16,7.5,17,15,15,1,0,1
Django-1.8.2,Django-1.8.2/django/template/defaulttags.py,DebugNode,False,1,6,6.0,7,7,7,0,0,0
Django-1.8.2,Django-1.8.2/django/template/defaulttags.py,FilterNode,False,2,8,3.5,9,7,7,1,0,1
Django-1.8.2,Django-1.8.2/django/template/defaulttags.py,FirstOfNode,False,2,9,4.0,10,9,9,0,0,1
Django-1.8.2,Django-1.8.2/django/template/defaulttags.py,ForNode,False,4,108,25.75,109,80,85,18,0,6
Django-1.8.2,Django-1.8.2/django/template/defaulttags.py,IfChangedNode,False,3,43,13.0,44,28,28,11,0,5
Django-1.8.2,Django-1.8.2/django/template/defaulttags.py,IfEqualNode,False,3,16,4.0,17,14,14,0,0,3
Django-1.8.2,Django-1.8.2/django/template/defaulttags.py,IfNode,False,5,31,5.0,32,24,24,2,0,8
Django-1.8.2,Django-1.8.2/django/template/defaulttags.py,LoremNode,False,2,15,7.0,16,15,15,0,0,1
Django-1.8.2,Django-1.8.2/django/template/defaulttags.py,RegroupNode,False,3,24,7.333333333333333,25,15,18,5,0,2
Django-1.8.2,Django-1.8.2/django/template/defaulttags.py,SsiNode,False,2,27,13.0,28,26,26,2,0,2
Django-1.8.2,Django-1.8.2/django/template/defaulttags.py,LoadNode,False,1,2,2.0,3,3,3,0,0,0
Django-1.8.2,Django-1.8.2/django/template/defaulttags.py,NowNode,False,2,13,6.0,14,12,12,0,0,2
Django-1.8.2,Django-1.8.2/django/template/defaulttags.py,SpacelessNode,False,2,6,2.5,7,6,6,0,0,1
Django-1.8.2,Django-1.8.2/django/template/defaulttags.py,TemplateTagNode,False,2,15,2.0,16,7,14,0,0,2
Django-1.8.2,Django-1.8.2/django/template/defaulttags.py,URLNode,False,2,51,25.0,52,35,38,9,0,5
Django-1.8.2,Django-1.8.2/django/template/defaulttags.py,VerbatimNode,False,2,5,2.0,6,5,5,0,0,1
Django-1.8.2,Django-1.8.2/django/template/defaulttags.py,WidthRatioNode,False,2,30,14.5,31,29,29,0,0,2
Django-1.8.2,Django-1.8.2/django/template/defaulttags.py,WithNode,False,3,16,4.666666666666667,17,13,13,2,0,2
Django-1.8.2,Django-1.8.2/django/template/defaulttags.py,TemplateLiteral,False,3,9,2.3333333333333335,10,8,8,1,0,2
Django-1.8.2,Django-1.8.2/django/template/defaulttags.py,TemplateIfParser,False,2,8,2.5,9,7,7,0,0,2
Django-1.8.2,Django-1.8.2/django/template/engine.py,Engine,False,13,252,17.615384615384617,253,157,181,20,25,27
Django-1.8.2,Django-1.8.2/django/template/loader.py,LoaderOrigin,False,2,6,2.5,7,6,6,0,0,1
Django-1.8.2,Django-1.8.2/django/template/loader.py,BaseLoader,False,1,8,6.0,9,5,8,0,0,1
Django-1.8.2,Django-1.8.2/django/template/loader_tags.py,ExtendsError,False,0,1,0.0,2,2,2,0,0,0
Django-1.8.2,Django-1.8.2/django/template/loader_tags.py,BlockContext,False,5,22,3.6,23,18,18,1,0,4
Django-1.8.2,Django-1.8.2/django/template/loader_tags.py,BlockNode,False,4,36,8.25,37,29,33,1,0,3
Django-1.8.2,Django-1.8.2/django/template/loader_tags.py,ExtendsNode,False,4,52,11.75,53,36,37,8,0,8
Django-1.8.2,Django-1.8.2/django/template/loader_tags.py,IncludeNode,False,2,25,12.0,26,21,23,2,0,1
Django-1.8.2,Django-1.8.2/django/template/response.py,ContentNotRenderedError,False,0,1,0.0,2,2,2,0,0,0
Django-1.8.2,Django-1.8.2/django/template/response.py,SimpleTemplateResponse,False,13,172,11.846153846153847,173,85,95,31,21,25
Django-1.8.2,Django-1.8.2/django/template/response.py,TemplateResponse,False,1,16,14.0,17,8,14,2,0,1
Django-1.8.2,Django-1.8.2/django/template/smartif.py,TokenBase,False,4,29,4.5,30,15,17,5,7,4
Django-1.8.2,Django-1.8.2/django/template/smartif.py,Literal,False,5,23,2.0,24,14,13,3,3,5
Django-1.8.2,Django-1.8.2/django/template/smartif.py,EndToken,False,1,4,2.0,5,4,4,0,0,1
Django-1.8.2,Django-1.8.2/django/template/smartif.py,IfParser,False,6,60,8.833333333333334,61,48,52,3,0,7
Django-1.8.2,Django-1.8.2/django/template/utils.py,InvalidTemplateEngineError,False,0,1,0.0,2,2,2,0,0,0
Django-1.8.2,Django-1.8.2/django/template/utils.py,EngineHandler,False,5,91,17.2,92,51,71,5,4,12
Django-1.8.2,Django-1.8.2/django/template/backends/base.py,BaseEngine,False,6,72,9.666666666666666,73,32,34,7,20,12
Django-1.8.2,Django-1.8.2/django/template/backends/django.py,DjangoTemplates,False,3,16,3.6666666666666665,17,13,13,0,0,4
Django-1.8.2,Django-1.8.2/django/template/backends/django.py,Template,False,3,41,12.333333333333334,42,16,24,12,0,6
Django-1.8.2,Django-1.8.2/django/template/backends/dummy.py,TemplateStrings,False,3,26,7.0,27,20,21,0,0,6
Django-1.8.2,Django-1.8.2/django/template/backends/dummy.py,Template,False,1,10,9.0,11,11,10,0,0,1
Django-1.8.2,Django-1.8.2/django/template/backends/jinja2.py,Jinja2,False,3,31,8.666666666666666,32,22,25,0,0,7
Django-1.8.2,Django-1.8.2/django/template/backends/jinja2.py,Template,False,2,12,5.0,13,11,11,0,0,2
Django-1.8.2,Django-1.8.2/django/template/loaders/app_directories.py,Loader,False,2,26,11.5,27,19,18,2,5,2
Django-1.8.2,Django-1.8.2/django/template/loaders/base.py,Loader,False,5,43,7.0,44,22,25,5,8,6
Django-1.8.2,Django-1.8.2/django/template/loaders/cached.py,Loader,False,5,64,11.6,65,52,50,6,3,5
Django-1.8.2,Django-1.8.2/django/template/loaders/eggs.py,Loader,False,1,19,17.0,20,15,14,0,4,2
Django-1.8.2,Django-1.8.2/django/template/loaders/filesystem.py,Loader,False,2,33,14.5,34,25,25,2,5,2
Django-1.8.2,Django-1.8.2/django/template/loaders/locmem.py,Loader,False,2,11,4.0,12,10,10,0,0,2
Django-1.8.2,Django-1.8.2/django/templatetags/cache.py,CacheNode,False,2,38,18.5,39,37,37,0,0,2
Django-1.8.2,Django-1.8.2/django/templatetags/i18n.py,GetAvailableLanguagesNode,False,2,6,2.5,7,6,6,0,0,1
Django-1.8.2,Django-1.8.2/django/templatetags/i18n.py,GetLanguageInfoNode,False,2,8,3.5,9,8,8,0,0,1
Django-1.8.2,Django-1.8.2/django/templatetags/i18n.py,GetLanguageInfoListNode,False,3,16,4.666666666666667,17,13,13,2,0,2
Django-1.8.2,Django-1.8.2/django/templatetags/i18n.py,GetCurrentLanguageNode,False,2,6,2.5,7,6,6,0,0,1
Django-1.8.2,Django-1.8.2/django/templatetags/i18n.py,GetCurrentLanguageBidiNode,False,2,6,2.5,7,6,6,0,0,1
Django-1.8.2,Django-1.8.2/django/templatetags/i18n.py,TranslateNode,False,2,22,10.5,23,19,22,0,0,1
Django-1.8.2,Django-1.8.2/django/templatetags/i18n.py,BlockTranslateNode,False,3,73,23.333333333333332,74,64,66,3,0,5
Django-1.8.2,Django-1.8.2/django/templatetags/i18n.py,LanguageNode,False,2,8,3.5,9,8,8,0,0,1
Django-1.8.2,Django-1.8.2/django/templatetags/l10n.py,LocalizeNode,False,3,13,3.6666666666666665,14,12,12,0,0,2
Django-1.8.2,Django-1.8.2/django/templatetags/static.py,PrefixNode,False,5,43,7.2,44,34,35,1,3,5
Django-1.8.2,Django-1.8.2/django/templatetags/static.py,StaticNode,False,5,41,7.0,42,30,31,0,3,8
Django-1.8.2,Django-1.8.2/django/templatetags/tz.py,datetimeobject,False,0,1,0.0,2,2,2,0,0,0
Django-1.8.2,Django-1.8.2/django/templatetags/tz.py,LocalTimeNode,False,2,13,4.5,14,11,10,0,3,1
Django-1.8.2,Django-1.8.2/django/templatetags/tz.py,TimezoneNode,False,2,11,3.5,12,9,8,0,3,1
Django-1.8.2,Django-1.8.2/django/templatetags/tz.py,GetCurrentTimezoneNode,False,2,9,2.5,10,7,6,0,3,1
Django-1.8.2,Django-1.8.2/django/test/client.py,RedirectCycleError,True,1,7,4.0,8,6,5,0,3,0
Django-1.8.2,Django-1.8.2/django/test/client.py,FakePayload,True,4,33,6.0,34,26,25,0,6,3
Django-1.8.2,Django-1.8.2/django/test/client.py,ClientHandler,True,2,42,18.0,43,22,22,12,5,5
Django-1.8.2,Django-1.8.2/django/test/client.py,RequestFactory,True,14,158,9.5,159,82,106,11,12,20
Django-1.8.2,Django-1.8.2/django/test/client.py,Client,True,15,292,17.333333333333332,293,157,165,28,60,39
Django-1.8.2,Django-1.8.2/django/test/html.py,Element,True,12,117,8.833333333333334,118,98,98,8,0,12
Django-1.8.2,Django-1.8.2/django/test/html.py,RootElement,True,2,5,2.0,6,5,5,0,0,1
Django-1.8.2,Django-1.8.2/django/test/html.py,Parser,True,10,67,5.4,68,48,56,2,0,10
Django-1.8.2,Django-1.8.2/django/test/runner.py,DebugSQLTextTestResult,True,6,37,5.333333333333333,38,33,33,0,0,5
Django-1.8.2,Django-1.8.2/django/test/runner.py,DiscoverRunner,True,11,159,12.636363636363637,160,87,103,15,14,28
Django-1.8.2,Django-1.8.2/django/test/testcases.py,_AssertNumQueriesContext,True,2,19,9.0,20,11,19,0,0,1
Django-1.8.2,Django-1.8.2/django/test/testcases.py,_AssertTemplateUsedContext,True,6,35,5.0,36,29,30,0,0,6
Django-1.8.2,Django-1.8.2/django/test/testcases.py,_AssertTemplateNotUsedContext,True,2,5,2.0,6,5,5,0,0,1
Django-1.8.2,Django-1.8.2/django/test/testcases.py,SimpleTestCase,True,27,602,21.0,603,309,403,22,105,72
Django-1.8.2,Django-1.8.2/django/test/testcases.py,TransactionTestCase,True,9,152,14.0,153,81,96,26,11,20
Django-1.8.2,Django-1.8.2/django/test/testcases.py,TestCase,True,8,80,7.0,81,56,55,2,10,11
Django-1.8.2,Django-1.8.2/django/test/testcases.py,CheckCondition,True,2,6,2.0,7,6,5,0,0,1
Django-1.8.2,Django-1.8.2/django/test/testcases.py,QuietWSGIRequestHandler,True,1,8,2.0,9,4,3,0,5,1
Django-1.8.2,Django-1.8.2/django/test/testcases.py,FSFilesHandler,True,6,48,6.5,49,31,27,3,12,7
Django-1.8.2,Django-1.8.2/django/test/testcases.py,_StaticFilesHandler,True,2,10,2.0,11,6,5,0,4,2
Django-1.8.2,Django-1.8.2/django/test/testcases.py,_MediaFilesHandler,True,2,10,2.0,11,6,5,0,4,2
Django-1.8.2,Django-1.8.2/django/test/testcases.py,LiveServerThread,True,3,62,18.666666666666668,63,39,39,12,7,5
Django-1.8.2,Django-1.8.2/django/test/testcases.py,LiveServerTestCase,True,4,86,16.5,87,48,51,17,10,9
Django-1.8.2,Django-1.8.2/django/test/utils.py,Approximate,True,3,11,3.0,12,10,10,0,0,2
Django-1.8.2,Django-1.8.2/django/test/utils.py,ContextList,True,3,28,7.666666666666667,29,23,21,0,6,2
Django-1.8.2,Django-1.8.2/django/test/utils.py,TestTemplateLoader,True,1,7,6.0,8,4,7,0,0,1
Django-1.8.2,Django-1.8.2/django/test/utils.py,override_settings,True,7,66,7.714285714285714,67,48,52,3,6,6
Django-1.8.2,Django-1.8.2/django/test/utils.py,modify_settings,True,3,44,12.666666666666666,45,34,34,5,4,2
Django-1.8.2,Django-1.8.2/django/test/utils.py,CaptureQueriesContext,True,7,33,3.2857142857142856,34,27,25,0,3,6
Django-1.8.2,Django-1.8.2/django/test/utils.py,ignore_warnings,True,2,33,16.0,34,29,29,1,0,4
Django-1.8.2,Django-1.8.2/django/utils/archive.py,ArchiveException,False,0,3,0.0,4,2,1,0,3,0
Django-1.8.2,Django-1.8.2/django/utils/archive.py,UnrecognizedArchiveFormat,False,0,3,0.0,4,2,1,0,3,0
Django-1.8.2,Django-1.8.2/django/utils/archive.py,Archive,False,7,41,4.428571428571429,42,32,33,0,3,6
Django-1.8.2,Django-1.8.2/django/utils/archive.py,BaseArchive,False,4,35,7.25,36,27,26,0,7,3
Django-1.8.2,Django-1.8.2/django/utils/archive.py,TarArchive,False,4,40,9.0,41,32,34,3,0,4
Django-1.8.2,Django-1.8.2/django/utils/archive.py,ZipArchive,False,4,28,6.0,29,24,24,1,0,4
Django-1.8.2,Django-1.8.2/django/utils/baseconv.py,BaseConverter,False,5,45,7.8,46,38,37,2,0,7
Django-1.8.2,Django-1.8.2/django/utils/datastructures.py,MergeDict,False,14,112,4.928571428571429,113,74,71,1,16,24
Django-1.8.2,Django-1.8.2/django/utils/datastructures.py,SortedDict,False,18,120,4.555555555555555,121,85,85,7,7,21
Django-1.8.2,Django-1.8.2/django/utils/datastructures.py,OrderedSet,False,8,31,2.375,32,21,20,1,4,8
Django-1.8.2,Django-1.8.2/django/utils/datastructures.py,MultiValueDictKeyError,False,0,1,0.0,2,2,2,0,0,0
Django-1.8.2,Django-1.8.2/django/utils/datastructures.py,MultiValueDict,False,20,185,6.35,186,120,111,4,42,25
Django-1.8.2,Django-1.8.2/django/utils/datastructures.py,ImmutableList,False,2,42,7.0,43,29,28,1,9,5
Django-1.8.2,Django-1.8.2/django/utils/datastructures.py,DictWrapper,False,2,28,9.5,29,18,15,0,12,2
Django-1.8.2,Django-1.8.2/django/utils/dateformat.py,Formatter,False,1,8,8.0,9,9,9,0,0,0
Django-1.8.2,Django-1.8.2/django/utils/dateformat.py,TimeFormat,False,17,153,8.0,154,91,75,9,34,26
Django-1.8.2,Django-1.8.2/django/utils/dateformat.py,DateFormat,False,24,140,4.791666666666667,141,114,89,2,4,24
Django-1.8.2,Django-1.8.2/django/utils/datetime_safe.py,date,False,1,2,2.0,3,3,3,0,0,0
Django-1.8.2,Django-1.8.2/django/utils/datetime_safe.py,datetime,False,3,11,2.6666666666666665,12,8,10,0,0,2
Django-1.8.2,Django-1.8.2/django/utils/datetime_safe.py,time,False,0,1,0.0,2,2,2,0,0,0
Django-1.8.2,Django-1.8.2/django/utils/decorators.py,classonlymethod,False,1,4,4.0,5,5,5,0,0,0
Django-1.8.2,Django-1.8.2/django/utils/deprecation.py,RemovedInDjango20Warning,False,0,1,0.0,2,2,2,0,0,0
Django-1.8.2,Django-1.8.2/django/utils/deprecation.py,RemovedInDjango19Warning,False,0,1,0.0,2,2,2,0,0,0
Django-1.8.2,Django-1.8.2/django/utils/deprecation.py,warn_about_renamed_method,False,2,14,6.5,15,11,14,0,0,1
Django-1.8.2,Django-1.8.2/django/utils/deprecation.py,RenameMethodsBase,False,1,40,27.0,41,21,23,2,8,8
Django-1.8.2,Django-1.8.2/django/utils/dictconfig.py,ConvertingDict,False,3,35,10.333333333333334,36,28,30,2,0,3
Django-1.8.2,Django-1.8.2/django/utils/dictconfig.py,ConvertingList,False,2,21,9.5,22,18,19,1,0,1
Django-1.8.2,Django-1.8.2/django/utils/dictconfig.py,ConvertingTuple,False,1,10,9.0,11,10,10,0,0,0
Django-1.8.2,Django-1.8.2/django/utils/dictconfig.py,BaseConfigurator,False,7,131,15.142857142857142,132,108,101,6,12,11
Django-1.8.2,Django-1.8.2/django/utils/dictconfig.py,DictConfigurator,False,9,281,29.77777777777778,282,208,212,41,7,16
Django-1.8.2,Django-1.8.2/django/utils/encoding.py,DjangoUnicodeDecodeError,False,2,8,3.5,9,7,8,0,0,1
Django-1.8.2,Django-1.8.2/django/utils/feedgenerator.py,SyndicationFeed,False,10,123,11.3,124,58,80,2,30,11
Django-1.8.2,Django-1.8.2/django/utils/feedgenerator.py,Enclosure,False,1,5,4.0,6,6,4,0,0,0
Django-1.8.2,Django-1.8.2/django/utils/feedgenerator.py,RssFeed,False,5,41,7.0,42,37,37,0,0,5
Django-1.8.2,Django-1.8.2/django/utils/feedgenerator.py,RssUserland091Feed,False,1,7,5.0,8,7,7,0,0,1
Django-1.8.2,Django-1.8.2/django/utils/feedgenerator.py,Rss201rev2Feed,False,1,41,38.0,42,30,33,4,0,5
Django-1.8.2,Django-1.8.2/django/utils/feedgenerator.py,Atom1Feed,False,5,92,16.8,93,78,73,7,0,13
Django-1.8.2,Django-1.8.2/django/utils/functional.py,cached_property,False,2,17,4.5,18,11,10,0,6,2
Django-1.8.2,Django-1.8.2/django/utils/functional.py,Promise,False,0,6,0.0,7,3,2,0,5,0
Django-1.8.2,Django-1.8.2/django/utils/functional.py,LazyObject,False,8,101,5.75,102,58,56,21,9,16
Django-1.8.2,Django-1.8.2/django/utils/functional.py,SimpleLazyObject,False,4,38,6.75,39,20,18,4,12,5
Django-1.8.2,Django-1.8.2/django/utils/functional.py,lazy_property,False,1,18,14.0,19,16,15,0,4,0
Django-1.8.2,Django-1.8.2/django/utils/html.py,MLStripper,False,5,21,3.4,22,16,16,2,0,4
Django-1.8.2,Django-1.8.2/django/utils/jslex.py,Tok,False,1,11,6.0,12,9,8,0,3,1
Django-1.8.2,Django-1.8.2/django/utils/jslex.py,Lexer,False,2,43,19.0,44,31,29,0,7,8
Django-1.8.2,Django-1.8.2/django/utils/jslex.py,JsLexer,False,1,106,2.0,107,8,80,12,7,10
Django-1.8.2,Django-1.8.2/django/utils/log.py,AdminEmailHandler,False,5,55,9.0,56,34,39,0,9,8
Django-1.8.2,Django-1.8.2/django/utils/log.py,CallbackFilter,False,2,13,3.0,14,8,7,0,5,2
Django-1.8.2,Django-1.8.2/django/utils/log.py,RequireDebugFalse,False,1,2,2.0,3,3,3,0,0,0
Django-1.8.2,Django-1.8.2/django/utils/log.py,RequireDebugTrue,False,1,2,2.0,3,3,3,0,0,0
Django-1.8.2,Django-1.8.2/django/utils/regex_helper.py,Choice,False,0,5,0.0,6,2,1,0,5,0
Django-1.8.2,Django-1.8.2/django/utils/regex_helper.py,Group,False,0,3,0.0,4,2,1,0,3,0
Django-1.8.2,Django-1.8.2/django/utils/regex_helper.py,NonCapture,False,0,3,0.0,4,2,1,0,3,0
Django-1.8.2,Django-1.8.2/django/utils/safestring.py,EscapeData,False,0,1,0.0,2,2,2,0,0,0
Django-1.8.2,Django-1.8.2/django/utils/safestring.py,EscapeBytes,False,0,4,0.0,5,3,2,0,3,0
Django-1.8.2,Django-1.8.2/django/utils/safestring.py,EscapeText,False,0,4,0.0,5,3,2,0,3,0
Django-1.8.2,Django-1.8.2/django/utils/safestring.py,SafeData,False,1,7,7.0,8,4,3,0,4,1
Django-1.8.2,Django-1.8.2/django/utils/safestring.py,SafeBytes,False,2,30,11.5,31,19,16,0,13,2
Django-1.8.2,Django-1.8.2/django/utils/safestring.py,SafeText,False,2,28,10.5,29,17,14,0,13,2
Django-1.8.2,Django-1.8.2/django/utils/six.py,_LazyDescr,False,2,14,6.0,15,11,11,3,0,2
Django-1.8.2,Django-1.8.2/django/utils/six.py,MovedModule,False,3,18,5.0,19,16,16,0,0,3
Django-1.8.2,Django-1.8.2/django/utils/six.py,_LazyModule,False,2,12,3.5,13,9,9,1,0,3
Django-1.8.2,Django-1.8.2/django/utils/six.py,MovedAttribute,False,2,22,10.0,23,21,21,0,0,2
Django-1.8.2,Django-1.8.2/django/utils/six.py,_SixMetaPathImporter,False,8,58,5.5,59,39,36,3,12,10
Django-1.8.2,Django-1.8.2/django/utils/six.py,_MovedItems,False,0,2,0.0,3,3,2,1,0,0
Django-1.8.2,Django-1.8.2/django/utils/six.py,Module_six_moves_urllib_parse,False,0,1,0.0,2,2,1,0,0,0
Django-1.8.2,Django-1.8.2/django/utils/six.py,Module_six_moves_urllib_error,False,0,1,0.0,2,2,1,0,0,0
Django-1.8.2,Django-1.8.2/django/utils/six.py,Module_six_moves_urllib_request,False,0,1,0.0,2,2,1,0,0,0
Django-1.8.2,Django-1.8.2/django/utils/six.py,Module_six_moves_urllib_response,False,0,1,0.0,2,2,1,0,0,0
Django-1.8.2,Django-1.8.2/django/utils/six.py,Module_six_moves_urllib_robotparser,False,0,1,0.0,2,2,1,0,0,0
Django-1.8.2,Django-1.8.2/django/utils/six.py,Module_six_moves_urllib,False,1,10,2.0,11,10,9,1,0,1
Django-1.8.2,Django-1.8.2/django/utils/synch.py,RWLock,False,7,77,8.142857142857142,78,61,60,0,10,8
Django-1.8.2,Django-1.8.2/django/utils/text.py,Truncator,False,7,163,21.714285714285715,164,105,99,21,28,16
Django-1.8.2,Django-1.8.2/django/utils/text.py,StreamingBuffer,False,5,18,2.8,19,15,15,0,0,4
Django-1.8.2,Django-1.8.2/django/utils/timezone.py,UTC,False,4,17,2.0,18,10,9,0,4,5
Django-1.8.2,Django-1.8.2/django/utils/timezone.py,FixedOffset,False,4,22,2.75,23,13,12,0,6,5
Django-1.8.2,Django-1.8.2/django/utils/timezone.py,ReferenceLocalTimezone,False,5,44,5.4,45,27,28,0,9,8
Django-1.8.2,Django-1.8.2/django/utils/timezone.py,LocalTimezone,False,2,20,6.0,21,13,13,0,5,3
Django-1.8.2,Django-1.8.2/django/utils/timezone.py,override,False,3,26,4.333333333333333,27,15,14,0,9,4
Django-1.8.2,Django-1.8.2/django/utils/tree.py,Node,False,12,131,9.0,132,64,57,14,47,15
Django-1.8.2,Django-1.8.2/django/utils/tzinfo.py,FixedOffset,False,6,29,3.8333333333333335,30,21,23,0,0,6
Django-1.8.2,Django-1.8.2/django/utils/tzinfo.py,LocalTimezone,False,7,56,7.0,57,37,40,10,0,6
Django-1.8.2,Django-1.8.2/django/utils/xmlutils.py,SimplerXMLGenerator,False,1,8,8.0,9,9,8,0,0,0
Django-1.8.2,Django-1.8.2/django/utils/translation/trans_real.py,DjangoTranslation,False,10,100,8.2,101,64,61,5,14,13
Django-1.8.2,Django-1.8.2/django/utils/translation/__init__.py,TranslatorCommentWarning,False,0,1,0.0,2,2,2,0,0,0
Django-1.8.2,Django-1.8.2/django/utils/translation/__init__.py,Trans,False,1,20,8.0,21,10,9,0,10,2
Django-1.8.2,Django-1.8.2/django/utils/translation/__init__.py,override,False,3,16,4.666666666666667,17,15,15,0,0,2
Django-1.8.2,Django-1.8.2/django/views/debug.py,CallableSettingWrapper,False,2,10,2.0,11,6,5,0,4,2
Django-1.8.2,Django-1.8.2/django/views/debug.py,ExceptionReporterFilter,False,3,19,4.0,20,14,13,0,4,3
Django-1.8.2,Django-1.8.2/django/views/debug.py,SafeExceptionReporterFilter,False,5,111,20.4,112,68,65,16,23,8
Django-1.8.2,Django-1.8.2/django/views/debug.py,ExceptionReporter,False,9,274,29.22222222222222,275,183,215,25,10,23
Django-1.8.2,Django-1.8.2/django/views/decorators/csrf.py,_EnsureCsrfToken,False,1,4,2.0,5,3,3,2,0,0
Django-1.8.2,Django-1.8.2/django/views/decorators/csrf.py,_EnsureCsrfCookie,False,2,8,3.5,9,7,7,1,0,1
Django-1.8.2,Django-1.8.2/django/views/generic/base.py,ContextMixin,False,1,9,4.0,10,6,5,0,4,1
Django-1.8.2,Django-1.8.2/django/views/generic/base.py,View,False,6,79,11.0,80,44,48,8,14,10
Django-1.8.2,Django-1.8.2/django/views/generic/base.py,TemplateResponseMixin,False,2,36,13.5,37,16,21,0,13,3
Django-1.8.2,Django-1.8.2/django/views/generic/base.py,TemplateView,False,1,7,3.0,8,5,4,0,4,0
Django-1.8.2,Django-1.8.2/django/views/generic/base.py,RedirectView,False,10,86,6.8,87,55,68,0,8,11
Django-1.8.2,Django-1.8.2/django/views/generic/dates.py,YearMixin,False,6,53,7.0,54,31,24,0,23,7
Django-1.8.2,Django-1.8.2/django/views/generic/dates.py,MonthMixin,False,6,56,7.5,57,34,27,0,23,7
Django-1.8.2,Django-1.8.2/django/views/generic/dates.py,DayMixin,False,6,53,7.0,54,31,24,0,23,7
Django-1.8.2,Django-1.8.2/django/views/generic/dates.py,WeekMixin,False,7,67,7.857142857142857,68,40,32,2,27,9
Django-1.8.2,Django-1.8.2/django/views/generic/dates.py,DateMixin,False,5,65,10.2,66,36,31,3,24,8
Django-1.8.2,Django-1.8.2/django/views/generic/dates.py,BaseDateListView,False,6,78,11.166666666666666,79,50,45,2,21,11
Django-1.8.2,Django-1.8.2/django/views/generic/dates.py,BaseArchiveIndexView,False,1,18,11.0,19,10,8,0,7,4
Django-1.8.2,Django-1.8.2/django/views/generic/dates.py,ArchiveIndexView,False,0,4,0.0,5,3,2,0,3,0
Django-1.8.2,Django-1.8.2/django/views/generic/dates.py,BaseYearArchiveView,False,2,42,17.5,43,22,24,2,10,7
Django-1.8.2,Django-1.8.2/django/views/generic/dates.py,YearArchiveView,False,0,4,0.0,5,3,2,0,3,0
Django-1.8.2,Django-1.8.2/django/views/generic/dates.py,BaseMonthArchiveView,False,1,31,26.0,32,17,21,0,6,5
Django-1.8.2,Django-1.8.2/django/views/generic/dates.py,MonthArchiveView,False,0,4,0.0,5,3,2,0,3,0
Django-1.8.2,Django-1.8.2/django/views/generic/dates.py,BaseWeekArchiveView,False,1,35,31.0,36,18,25,0,6,5
Django-1.8.2,Django-1.8.2/django/views/generic/dates.py,WeekArchiveView,False,0,4,0.0,5,3,2,0,3,0
Django-1.8.2,Django-1.8.2/django/views/generic/dates.py,BaseDayArchiveView,False,2,32,14.0,33,15,19,0,10,4
Django-1.8.2,Django-1.8.2/django/views/generic/dates.py,DayArchiveView,False,0,4,0.0,5,3,2,0,3,0
Django-1.8.2,Django-1.8.2/django/views/generic/dates.py,BaseTodayArchiveView,False,1,9,5.0,10,5,3,0,6,1
Django-1.8.2,Django-1.8.2/django/views/generic/dates.py,TodayArchiveView,False,0,4,0.0,5,3,2,0,3,0
Django-1.8.2,Django-1.8.2/django/views/generic/dates.py,BaseDateDetailView,False,1,34,30.0,35,15,20,4,7,4
Django-1.8.2,Django-1.8.2/django/views/generic/dates.py,DateDetailView,False,0,5,0.0,6,3,2,0,4,0
Django-1.8.2,Django-1.8.2/django/views/generic/detail.py,SingleObjectMixin,False,5,97,16.4,98,59,59,6,22,11
Django-1.8.2,Django-1.8.2/django/views/generic/detail.py,BaseDetailView,False,1,7,4.0,8,6,5,0,3,0
Django-1.8.2,Django-1.8.2/django/views/generic/detail.py,SingleObjectTemplateResponseMixin,False,1,49,46.0,50,20,27,9,8,6
Django-1.8.2,Django-1.8.2/django/views/generic/detail.py,DetailView,False,0,6,0.0,7,2,1,0,5,1
Django-1.8.2,Django-1.8.2/django/views/generic/edit.py,FormMixinBase,False,1,18,18.0,19,14,18,0,0,1
Django-1.8.2,Django-1.8.2/django/views/generic/edit.py,FormMixin,False,8,75,7.375,76,41,37,1,28,10
Django-1.8.2,Django-1.8.2/django/views/generic/edit.py,ModelFormMixin,False,4,76,17.0,77,45,50,6,15,6
Django-1.8.2,Django-1.8.2/django/views/generic/edit.py,ProcessFormView,False,3,25,6.0,26,15,12,2,10,2
Django-1.8.2,Django-1.8.2/django/views/generic/edit.py,BaseFormView,False,0,3,0.0,4,2,1,0,3,0
Django-1.8.2,Django-1.8.2/django/views/generic/edit.py,FormView,False,0,3,0.0,4,2,1,0,3,0
Django-1.8.2,Django-1.8.2/django/views/generic/edit.py,BaseCreateView,False,2,12,3.0,13,8,7,0,4,2
Django-1.8.2,Django-1.8.2/django/views/generic/edit.py,CreateView,False,0,5,0.0,6,3,2,0,4,0
Django-1.8.2,Django-1.8.2/django/views/generic/edit.py,BaseUpdateView,False,2,12,3.0,13,8,7,0,4,2
Django-1.8.2,Django-1.8.2/django/views/generic/edit.py,UpdateView,False,0,5,0.0,6,3,2,0,4,0
Django-1.8.2,Django-1.8.2/django/views/generic/edit.py,DeletionMixin,False,3,35,9.0,36,21,24,2,7,3
Django-1.8.2,Django-1.8.2/django/views/generic/edit.py,BaseDeleteView,False,0,5,0.0,6,2,1,0,4,1
Django-1.8.2,Django-1.8.2/django/views/generic/edit.py,DeleteView,False,0,5,0.0,6,3,2,0,4,0
Django-1.8.2,Django-1.8.2/django/views/generic/list.py,MultipleObjectMixin,False,9,139,13.11111111111111,140,85,95,0,34,11
Django-1.8.2,Django-1.8.2/django/views/generic/list.py,BaseListView,False,1,21,18.0,22,15,15,3,3,1
Django-1.8.2,Django-1.8.2/django/views/generic/list.py,MultipleObjectTemplateResponseMixin,False,1,26,21.0,27,13,11,6,7,3
Django-1.8.2,Django-1.8.2/django/views/generic/list.py,ListView,False,0,4,0.0,5,2,1,0,4,0
Django-1.8.2,Django-1.8.2/django/views/generic/__init__.py,GenericViewError,False,0,2,0.0,3,3,2,0,0,0
Django-1.8.2,Django-1.8.2/docs/_ext/djangodocs.py,snippet_with_filename,False,0,4,0.0,5,3,2,0,3,0
Django-1.8.2,Django-1.8.2/docs/_ext/djangodocs.py,SnippetWithFilename,False,1,17,9.0,18,14,12,0,4,2
Django-1.8.2,Django-1.8.2/docs/_ext/djangodocs.py,VersionDirective,False,1,28,22.0,29,23,25,0,0,4
Django-1.8.2,Django-1.8.2/docs/_ext/djangodocs.py,DjangoHTMLTranslator,False,7,74,5.142857142857143,75,41,48,16,3,10
Django-1.8.2,Django-1.8.2/docs/_ext/djangodocs.py,DjangoStandaloneHTMLBuilder,False,1,21,15.0,22,14,17,0,3,2
Django-1.8.2,Django-1.8.2/tests/absolute_url_overrides/tests.py,AbsoluteUrlOverrideTests,True,4,49,11.25,50,29,34,0,10,6
Django-1.8.2,Django-1.8.2/tests/admin_autodiscover/models.py,Story,True,0,1,0.0,2,2,2,0,0,0
Django-1.8.2,Django-1.8.2/tests/admin_autodiscover/tests.py,AdminAutoDiscoverTests,True,1,15,11.0,16,9,8,3,4,1
Django-1.8.2,Django-1.8.2/tests/admin_changelist/admin.py,CustomPaginator,True,1,3,3.0,4,3,4,0,0,0
Django-1.8.2,Django-1.8.2/tests/admin_changelist/admin.py,EventAdmin,True,1,4,2.0,5,4,4,0,0,1
Django-1.8.2,Django-1.8.2/tests/admin_changelist/admin.py,ParentAdmin,True,0,2,0.0,3,3,3,0,0,0
Django-1.8.2,Django-1.8.2/tests/admin_changelist/admin.py,ChildAdmin,True,1,6,2.0,7,6,6,0,0,1
Django-1.8.2,Django-1.8.2/tests/admin_changelist/admin.py,CustomPaginationAdmin,True,0,1,0.0,2,2,2,0,0,0
Django-1.8.2,Django-1.8.2/tests/admin_changelist/admin.py,FilteredChildAdmin,True,1,6,3.0,7,5,6,0,0,1
Django-1.8.2,Django-1.8.2/tests/admin_changelist/admin.py,BandAdmin,True,0,1,0.0,2,2,2,0,0,0
Django-1.8.2,Django-1.8.2/tests/admin_changelist/admin.py,GroupAdmin,True,0,1,0.0,2,2,2,0,0,0
Django-1.8.2,Django-1.8.2/tests/admin_changelist/admin.py,QuartetAdmin,True,0,1,0.0,2,2,2,0,0,0
Django-1.8.2,Django-1.8.2/tests/admin_changelist/admin.py,ChordsBandAdmin,True,0,1,0.0,2,2,2,0,0,0
Django-1.8.2,Django-1.8.2/tests/admin_changelist/admin.py,InvitationAdmin,True,0,2,0.0,3,3,3,0,0,0
Django-1.8.2,Django-1.8.2/tests/admin_changelist/admin.py,DynamicListDisplayChildAdmin,True,1,8,6.0,9,8,8,0,0,1
Django-1.8.2,Django-1.8.2/tests/admin_changelist/admin.py,DynamicListDisplayLinksChildAdmin,True,1,5,2.0,6,5,5,0,0,1
Django-1.8.2,Django-1.8.2/tests/admin_changelist/admin.py,NoListDisplayLinksParentAdmin,True,0,1,0.0,2,2,2,0,0,0
Django-1.8.2,Django-1.8.2/tests/admin_changelist/admin.py,SwallowAdmin,True,0,2,0.0,3,3,3,1,0,0
Django-1.8.2,Django-1.8.2/tests/admin_changelist/admin.py,DynamicListFilterChildAdmin,True,1,8,6.0,9,8,8,0,0,1
Django-1.8.2,Django-1.8.2/tests/admin_changelist/admin.py,DynamicSearchFieldsChildAdmin,True,1,6,4.0,7,6,6,0,0,1
Django-1.8.2,Django-1.8.2/tests/admin_changelist/models.py,Event,True,0,2,0.0,3,2,2,1,0,0
Django-1.8.2,Django-1.8.2/tests/admin_changelist/models.py,Parent,True,0,1,0.0,2,2,2,0,0,0
Django-1.8.2,Django-1.8.2/tests/admin_changelist/models.py,Child,True,0,3,0.0,4,4,4,0,0,0
Django-1.8.2,Django-1.8.2/tests/admin_changelist/models.py,Genre,True,0,1,0.0,2,2,2,0,0,0
Django-1.8.2,Django-1.8.2/tests/admin_changelist/models.py,Band,True,0,3,0.0,4,4,4,0,0,0
Django-1.8.2,Django-1.8.2/tests/admin_changelist/models.py,Musician,True,1,4,2.0,5,4,4,0,0,1
Django-1.8.2,Django-1.8.2/tests/admin_changelist/models.py,Group,True,1,5,2.0,6,5,5,0,0,1
Django-1.8.2,Django-1.8.2/tests/admin_changelist/models.py,Membership,True,0,3,0.0,4,4,4,0,0,0
Django-1.8.2,Django-1.8.2/tests/admin_changelist/models.py,Quartet,True,0,1,0.0,2,2,2,0,0,0
Django-1.8.2,Django-1.8.2/tests/admin_changelist/models.py,ChordsMusician,True,0,1,0.0,2,2,2,0,0,0
Django-1.8.2,Django-1.8.2/tests/admin_changelist/models.py,ChordsBand,True,0,2,0.0,3,3,3,0,0,0
Django-1.8.2,Django-1.8.2/tests/admin_changelist/models.py,Invitation,True,0,3,0.0,4,4,4,0,0,0
Django-1.8.2,Django-1.8.2/tests/admin_changelist/models.py,Swallow,True,0,6,0.0,7,6,6,0,0,1
Django-1.8.2,Django-1.8.2/tests/admin_changelist/models.py,UnorderedObject,True,0,5,0.0,6,3,2,0,4,0
Django-1.8.2,Django-1.8.2/tests/admin_changelist/models.py,OrderedObjectManager,True,1,2,2.0,3,3,3,0,0,0
Django-1.8.2,Django-1.8.2/tests/admin_changelist/models.py,OrderedObject,True,0,9,0.0,10,6,5,0,4,1
Django-1.8.2,Django-1.8.2/tests/admin_changelist/models.py,CustomIdUser,True,0,1,0.0,2,2,2,0,0,0
Django-1.8.2,Django-1.8.2/tests/admin_changelist/tests.py,ChangeListTests,True,29,614,20.17241379310345,615,368,400,37,86,92
Django-1.8.2,Django-1.8.2/tests/admin_changelist/tests.py,AdminLogNodeTestCase,True,1,17,16.0,18,8,6,2,6,4
Django-1.8.2,Django-1.8.2/tests/admin_changelist/tests.py,SeleniumFirefoxTests,True,1,30,25.0,31,16,19,3,3,6
Django-1.8.2,Django-1.8.2/tests/admin_changelist/tests.py,SeleniumChromeTests,True,0,1,0.0,2,2,2,0,0,0
Django-1.8.2,Django-1.8.2/tests/admin_changelist/tests.py,SeleniumIETests,True,0,1,0.0,2,2,2,0,0,0
Django-1.8.2,Django-1.8.2/tests/admin_checks/models.py,Album,True,0,1,0.0,2,2,2,0,0,0
Django-1.8.2,Django-1.8.2/tests/admin_checks/models.py,Song,True,2,13,2.5,14,10,10,1,0,3
Django-1.8.2,Django-1.8.2/tests/admin_checks/models.py,TwoAlbumFKAndAnE,True,0,3,0.0,4,4,4,0,0,0
Django-1.8.2,Django-1.8.2/tests/admin_checks/models.py,Author,True,0,1,0.0,2,2,2,0,0,0
Django-1.8.2,Django-1.8.2/tests/admin_checks/models.py,Book,True,0,4,0.0,5,5,5,0,0,0
Django-1.8.2,Django-1.8.2/tests/admin_checks/models.py,AuthorsBooks,True,0,3,0.0,4,4,4,0,0,0
Django-1.8.2,Django-1.8.2/tests/admin_checks/models.py,State,True,0,1,0.0,2,2,2,0,0,0
Django-1.8.2,Django-1.8.2/tests/admin_checks/models.py,City,True,0,1,0.0,2,2,2,0,0,0
Django-1.8.2,Django-1.8.2/tests/admin_checks/models.py,Influence,True,0,5,0.0,6,5,5,0,0,1
Django-1.8.2,Django-1.8.2/tests/admin_checks/tests.py,SongForm,True,0,1,0.0,2,2,2,0,0,0
Django-1.8.2,Django-1.8.2/tests/admin_checks/tests.py,ValidFields,True,0,2,0.0,3,3,3,0,0,0
Django-1.8.2,Django-1.8.2/tests/admin_checks/tests.py,ValidFormFieldsets,True,1,10,4.0,11,7,10,0,0,1
Django-1.8.2,Django-1.8.2/tests/admin_checks/tests.py,MyAdmin,True,1,3,2.0,4,4,4,0,0,0
Django-1.8.2,Django-1.8.2/tests/admin_checks/tests.py,SystemChecksTestCase,True,41,662,15.073170731707316,663,330,484,5,59,114
Django-1.8.2,Django-1.8.2/tests/admin_custom_urls/models.py,Action,True,1,5,2.0,6,5,5,0,0,1
Django-1.8.2,Django-1.8.2/tests/admin_custom_urls/models.py,ActionAdmin,True,2,32,11.5,33,15,15,2,9,7
Django-1.8.2,Django-1.8.2/tests/admin_custom_urls/models.py,Person,True,0,1,0.0,2,2,2,0,0,0
Django-1.8.2,Django-1.8.2/tests/admin_custom_urls/models.py,PersonAdmin,True,2,8,3.0,9,5,7,0,0,2
Django-1.8.2,Django-1.8.2/tests/admin_custom_urls/models.py,Car,True,0,1,0.0,2,2,2,0,0,0
Django-1.8.2,Django-1.8.2/tests/admin_custom_urls/models.py,CarAdmin,True,1,4,3.0,5,3,4,0,0,1
Django-1.8.2,Django-1.8.2/tests/admin_custom_urls/tests.py,AdminCustomUrlsTest,True,5,69,11.4,70,40,39,5,19,7
Django-1.8.2,Django-1.8.2/tests/admin_custom_urls/tests.py,CustomRedirects,True,4,50,11.25,51,31,31,0,16,4
Django-1.8.2,Django-1.8.2/tests/admin_docs/models.py,Company,True,0,1,0.0,2,2,2,0,0,0
Django-1.8.2,Django-1.8.2/tests/admin_docs/models.py,Group,True,0,1,0.0,2,2,2,0,0,0
Django-1.8.2,Django-1.8.2/tests/admin_docs/models.py,Family,True,0,1,0.0,2,2,2,0,0,0
Django-1.8.2,Django-1.8.2/tests/admin_docs/models.py,Person,True,8,50,2.375,51,24,22,0,14,15
Django-1.8.2,Django-1.8.2/tests/admin_docs/tests.py,AdminDocsTestCase,True,0,1,0.0,2,2,2,0,0,0
Django-1.8.2,Django-1.8.2/tests/admin_docs/tests.py,MiscTests,True,2,15,5.5,16,12,10,2,4,2
Django-1.8.2,Django-1.8.2/tests/admin_docs/tests.py,AdminDocViewTests,True,11,82,6.363636363636363,83,48,67,2,3,11
Django-1.8.2,Django-1.8.2/tests/admin_docs/tests.py,XViewMiddlewareTest,True,2,37,17.0,38,36,36,0,0,2
Django-1.8.2,Django-1.8.2/tests/admin_docs/tests.py,DefaultRoleTest,True,2,32,15.0,33,17,22,0,9,2
Django-1.8.2,Django-1.8.2/tests/admin_docs/tests.py,TestModelDetailView,True,7,130,16.857142857142858,131,60,89,6,19,17
Django-1.8.2,Django-1.8.2/tests/admin_docs/tests.py,TestUtils,True,5,84,11.8,85,27,58,0,12,15
Django-1.8.2,Django-1.8.2/tests/admin_docs/views.py,XViewClass,True,1,2,2.0,3,3,3,0,0,0
Django-1.8.2,Django-1.8.2/tests/admin_filters/models.py,Book,True,1,10,2.0,11,10,10,1,0,1
Django-1.8.2,Django-1.8.2/tests/admin_filters/models.py,Department,True,1,5,2.0,6,5,5,0,0,1
Django-1.8.2,Django-1.8.2/tests/admin_filters/models.py,Employee,True,1,5,2.0,6,5,5,0,0,1
Django-1.8.2,Django-1.8.2/tests/admin_filters/models.py,TaggedItem,True,1,7,2.0,8,7,7,0,0,1
Django-1.8.2,Django-1.8.2/tests/admin_filters/models.py,Bookmark,True,1,5,2.0,6,5,5,0,0,1
Django-1.8.2,Django-1.8.2/tests/admin_filters/tests.py,DecadeListFilter,True,2,17,7.5,18,11,16,0,0,2
Django-1.8.2,Django-1.8.2/tests/admin_filters/tests.py,DecadeListFilterWithTitleAndParameter,True,0,2,0.0,3,3,3,0,0,0
Django-1.8.2,Django-1.8.2/tests/admin_filters/tests.py,DecadeListFilterWithoutTitle,True,0,1,0.0,2,2,2,0,0,0
Django-1.8.2,Django-1.8.2/tests/admin_filters/tests.py,DecadeListFilterWithoutParameter,True,0,1,0.0,2,2,2,0,0,0
Django-1.8.2,Django-1.8.2/tests/admin_filters/tests.py,DecadeListFilterWithNoneReturningLookups,True,1,3,2.0,4,3,3,0,0,1
Django-1.8.2,Django-1.8.2/tests/admin_filters/tests.py,DecadeListFilterWithFailingQueryset,True,1,3,2.0,4,3,3,0,0,1
Django-1.8.2,Django-1.8.2/tests/admin_filters/tests.py,DecadeListFilterWithQuerysetBasedLookups,True,1,9,8.0,10,9,9,0,0,1
Django-1.8.2,Django-1.8.2/tests/admin_filters/tests.py,DecadeListFilterParameterEndsWith__In,True,0,2,0.0,3,3,3,1,0,0
Django-1.8.2,Django-1.8.2/tests/admin_filters/tests.py,DecadeListFilterParameterEndsWith__Isnull,True,0,2,0.0,3,3,3,1,0,0
Django-1.8.2,Django-1.8.2/tests/admin_filters/tests.py,DepartmentListFilterLookupWithNonStringValue,True,2,13,4.5,14,8,12,1,0,2
Django-1.8.2,Django-1.8.2/tests/admin_filters/tests.py,DepartmentListFilterLookupWithUnderscoredParameter,True,0,1,0.0,2,2,2,0,0,0
Django-1.8.2,Django-1.8.2/tests/admin_filters/tests.py,DepartmentListFilterLookupWithDynamicValue,True,1,8,7.0,9,8,8,0,0,1
Django-1.8.2,Django-1.8.2/tests/admin_filters/tests.py,CustomUserAdmin,True,0,1,0.0,2,2,2,0,0,0
Django-1.8.2,Django-1.8.2/tests/admin_filters/tests.py,BookAdmin,True,0,2,0.0,3,3,3,0,0,0
Django-1.8.2,Django-1.8.2/tests/admin_filters/tests.py,BookAdminWithTupleBooleanFilter,True,0,1,0.0,2,2,2,0,0,0
Django-1.8.2,Django-1.8.2/tests/admin_filters/tests.py,BookAdminWithUnderscoreLookupAndTuple,True,0,1,0.0,2,2,2,0,0,0
Django-1.8.2,Django-1.8.2/tests/admin_filters/tests.py,BookAdminWithCustomQueryset,True,2,9,2.5,10,7,7,0,0,3
Django-1.8.2,Django-1.8.2/tests/admin_filters/tests.py,BookAdminRelatedOnlyFilter,True,0,6,0.0,7,3,7,0,0,0
Django-1.8.2,Django-1.8.2/tests/admin_filters/tests.py,DecadeFilterBookAdmin,True,0,2,0.0,3,3,3,0,0,0
Django-1.8.2,Django-1.8.2/tests/admin_filters/tests.py,DecadeFilterBookAdminWithoutTitle,True,0,1,0.0,2,2,2,0,0,0
Django-1.8.2,Django-1.8.2/tests/admin_filters/tests.py,DecadeFilterBookAdminWithoutParameter,True,0,1,0.0,2,2,2,0,0,0
Django-1.8.2,Django-1.8.2/tests/admin_filters/tests.py,DecadeFilterBookAdminWithNoneReturningLookups,True,0,1,0.0,2,2,2,0,0,0
Django-1.8.2,Django-1.8.2/tests/admin_filters/tests.py,DecadeFilterBookAdminWithFailingQueryset,True,0,1,0.0,2,2,2,0,0,0
Django-1.8.2,Django-1.8.2/tests/admin_filters/tests.py,DecadeFilterBookAdminWithQuerysetBasedLookups,True,0,1,0.0,2,2,2,0,0,0
Django-1.8.2,Django-1.8.2/tests/admin_filters/tests.py,DecadeFilterBookAdminParameterEndsWith__In,True,0,1,0.0,2,2,2,0,0,0
Django-1.8.2,Django-1.8.2/tests/admin_filters/tests.py,DecadeFilterBookAdminParameterEndsWith__Isnull,True,0,1,0.0,2,2,2,0,0,0
Django-1.8.2,Django-1.8.2/tests/admin_filters/tests.py,EmployeeAdmin,True,0,2,0.0,3,3,3,0,0,0
Django-1.8.2,Django-1.8.2/tests/admin_filters/tests.py,DepartmentFilterEmployeeAdmin,True,0,1,0.0,2,2,2,0,0,0
Django-1.8.2,Django-1.8.2/tests/admin_filters/tests.py,DepartmentFilterUnderscoredEmployeeAdmin,True,0,1,0.0,2,2,2,0,0,0
Django-1.8.2,Django-1.8.2/tests/admin_filters/tests.py,DepartmentFilterDynamicValueBookAdmin,True,0,1,0.0,2,2,2,0,0,0
Django-1.8.2,Django-1.8.2/tests/admin_filters/tests.py,BookmarkAdminGenericRelation,True,0,1,0.0,2,2,2,0,0,0
Django-1.8.2,Django-1.8.2/tests/admin_filters/tests.py,ListFiltersTests,True,28,758,26.035714285714285,759,491,488,73,46,152
Django-1.8.2,Django-1.8.2/tests/admin_inlines/admin.py,BookInline,True,0,1,0.0,2,2,2,0,0,0
Django-1.8.2,Django-1.8.2/tests/admin_inlines/admin.py,NonAutoPKBookTabularInline,True,0,1,0.0,2,2,2,0,0,0
Django-1.8.2,Django-1.8.2/tests/admin_inlines/admin.py,NonAutoPKBookStackedInline,True,0,1,0.0,2,2,2,0,0,0
Django-1.8.2,Django-1.8.2/tests/admin_inlines/admin.py,EditablePKBookTabularInline,True,0,1,0.0,2,2,2,0,0,0
Django-1.8.2,Django-1.8.2/tests/admin_inlines/admin.py,EditablePKBookStackedInline,True,0,1,0.0,2,2,2,0,0,0
Django-1.8.2,Django-1.8.2/tests/admin_inlines/admin.py,AuthorAdmin,True,0,3,0.0,4,2,4,0,0,0
Django-1.8.2,Django-1.8.2/tests/admin_inlines/admin.py,InnerInline,True,0,3,0.0,4,4,4,1,0,0
Django-1.8.2,Django-1.8.2/tests/admin_inlines/admin.py,HolderAdmin,True,0,3,0.0,4,3,3,0,0,1
Django-1.8.2,Django-1.8.2/tests/admin_inlines/admin.py,ReadOnlyInlineInline,True,0,2,0.0,3,3,3,0,0,0
Django-1.8.2,Django-1.8.2/tests/admin_inlines/admin.py,InnerInline2,True,0,4,0.0,5,4,4,0,0,1
Django-1.8.2,Django-1.8.2/tests/admin_inlines/admin.py,InnerInline3,True,0,4,0.0,5,4,4,0,0,1
Django-1.8.2,Django-1.8.2/tests/admin_inlines/admin.py,TitleForm,True,1,8,7.0,9,8,8,0,0,1
Django-1.8.2,Django-1.8.2/tests/admin_inlines/admin.py,TitleInline,True,0,3,0.0,4,4,4,0,0,0
Django-1.8.2,Django-1.8.2/tests/admin_inlines/admin.py,Inner4StackedInline,True,0,2,0.0,3,3,3,0,0,0
Django-1.8.2,Django-1.8.2/tests/admin_inlines/admin.py,Inner4TabularInline,True,0,2,0.0,3,3,3,0,0,0
Django-1.8.2,Django-1.8.2/tests/admin_inlines/admin.py,Holder4Admin,True,0,1,0.0,2,2,2,0,0,0
Django-1.8.2,Django-1.8.2/tests/admin_inlines/admin.py,InlineWeakness,True,0,2,0.0,3,3,3,0,0,0
Django-1.8.2,Django-1.8.2/tests/admin_inlines/admin.py,QuestionInline,True,1,5,2.0,6,5,5,0,0,1
Django-1.8.2,Django-1.8.2/tests/admin_inlines/admin.py,PollAdmin,True,1,4,2.0,5,4,4,0,0,1
Django-1.8.2,Django-1.8.2/tests/admin_inlines/admin.py,ChapterInline,True,1,5,2.0,6,5,5,0,0,1
Django-1.8.2,Django-1.8.2/tests/admin_inlines/admin.py,NovelAdmin,True,0,1,0.0,2,2,2,0,0,0
Django-1.8.2,Django-1.8.2/tests/admin_inlines/admin.py,ConsigliereInline,True,0,1,0.0,2,2,2,0,0,0
Django-1.8.2,Django-1.8.2/tests/admin_inlines/admin.py,SottoCapoInline,True,0,1,0.0,2,2,2,0,0,0
Django-1.8.2,Django-1.8.2/tests/admin_inlines/admin.py,ProfileInline,True,0,2,0.0,3,3,3,0,0,0
Django-1.8.2,Django-1.8.2/tests/admin_inlines/admin.py,ChildModel1Inline,True,0,1,0.0,2,2,2,0,0,0
Django-1.8.2,Django-1.8.2/tests/admin_inlines/admin.py,ChildModel2Inline,True,0,1,0.0,2,2,2,0,0,0
Django-1.8.2,Django-1.8.2/tests/admin_inlines/admin.py,BinaryTreeAdmin,True,2,13,5.0,14,12,12,0,0,2
Django-1.8.2,Django-1.8.2/tests/admin_inlines/admin.py,SightingInline,True,0,1,0.0,2,2,2,0,0,0
Django-1.8.2,Django-1.8.2/tests/admin_inlines/admin.py,SomeChildModelForm,True,0,7,0.0,8,6,7,0,0,1
Django-1.8.2,Django-1.8.2/tests/admin_inlines/admin.py,SomeChildModelInline,True,0,2,0.0,3,3,3,0,0,0
Django-1.8.2,Django-1.8.2/tests/admin_inlines/models.py,Parent,True,1,4,2.0,5,4,4,0,0,1
Django-1.8.2,Django-1.8.2/tests/admin_inlines/models.py,Teacher,True,1,4,2.0,5,4,4,0,0,1
Django-1.8.2,Django-1.8.2/tests/admin_inlines/models.py,Child,True,1,9,2.0,10,8,8,0,0,2
Django-1.8.2,Django-1.8.2/tests/admin_inlines/models.py,Book,True,0,1,0.0,2,2,2,0,0,0
Django-1.8.2,Django-1.8.2/tests/admin_inlines/models.py,Author,True,0,2,0.0,3,3,3,0,0,0
Django-1.8.2,Django-1.8.2/tests/admin_inlines/models.py,NonAutoPKBook,True,1,10,6.0,11,10,10,0,0,1
Django-1.8.2,Django-1.8.2/tests/admin_inlines/models.py,EditablePKBook,True,0,3,0.0,4,4,4,0,0,0
Django-1.8.2,Django-1.8.2/tests/admin_inlines/models.py,Holder,True,0,1,0.0,2,2,2,0,0,0
Django-1.8.2,Django-1.8.2/tests/admin_inlines/models.py,Inner,True,1,6,2.0,7,6,6,0,0,1
Django-1.8.2,Django-1.8.2/tests/admin_inlines/models.py,Holder2,True,0,1,0.0,2,2,2,0,0,0
Django-1.8.2,Django-1.8.2/tests/admin_inlines/models.py,Inner2,True,0,2,0.0,3,3,3,0,0,0
Django-1.8.2,Django-1.8.2/tests/admin_inlines/models.py,Holder3,True,0,1,0.0,2,2,2,0,0,0
Django-1.8.2,Django-1.8.2/tests/admin_inlines/models.py,Inner3,True,0,2,0.0,3,3,3,0,0,0
Django-1.8.2,Django-1.8.2/tests/admin_inlines/models.py,Holder4,True,0,1,0.0,2,2,2,0,0,0
Django-1.8.2,Django-1.8.2/tests/admin_inlines/models.py,Inner4Stacked,True,0,2,0.0,3,3,3,0,0,0
Django-1.8.2,Django-1.8.2/tests/admin_inlines/models.py,Inner4Tabular,True,0,2,0.0,3,3,3,0,0,0
Django-1.8.2,Django-1.8.2/tests/admin_inlines/models.py,Person,True,0,1,0.0,2,2,2,0,0,0
Django-1.8.2,Django-1.8.2/tests/admin_inlines/models.py,OutfitItem,True,0,1,0.0,2,2,2,0,0,0
Django-1.8.2,Django-1.8.2/tests/admin_inlines/models.py,Fashionista,True,0,2,0.0,3,3,3,0,0,0
Django-1.8.2,Django-1.8.2/tests/admin_inlines/models.py,ShoppingWeakness,True,0,2,0.0,3,3,3,0,0,0
Django-1.8.2,Django-1.8.2/tests/admin_inlines/models.py,TitleCollection,True,0,1,0.0,2,2,2,0,0,0
Django-1.8.2,Django-1.8.2/tests/admin_inlines/models.py,Title,True,0,3,0.0,4,4,4,0,0,0
Django-1.8.2,Django-1.8.2/tests/admin_inlines/models.py,Poll,True,0,1,0.0,2,2,2,0,0,0
Django-1.8.2,Django-1.8.2/tests/admin_inlines/models.py,Question,True,0,1,0.0,2,2,2,0,0,0
Django-1.8.2,Django-1.8.2/tests/admin_inlines/models.py,Novel,True,0,1,0.0,2,2,2,0,0,0
Django-1.8.2,Django-1.8.2/tests/admin_inlines/models.py,Chapter,True,0,2,0.0,3,3,3,0,0,0
Django-1.8.2,Django-1.8.2/tests/admin_inlines/models.py,FootNote,True,0,5,0.0,6,4,3,0,3,0
Django-1.8.2,Django-1.8.2/tests/admin_inlines/models.py,CapoFamiglia,True,0,1,0.0,2,2,2,0,0,0
Django-1.8.2,Django-1.8.2/tests/admin_inlines/models.py,Consigliere,True,0,2,0.0,3,3,3,0,0,0
Django-1.8.2,Django-1.8.2/tests/admin_inlines/models.py,SottoCapo,True,0,2,0.0,3,3,3,0,0,0
Django-1.8.2,Django-1.8.2/tests/admin_inlines/models.py,ReadOnlyInline,True,0,2,0.0,3,3,3,0,0,0
Django-1.8.2,Django-1.8.2/tests/admin_inlines/models.py,ParentModelWithCustomPk,True,0,2,0.0,3,3,3,0,0,0
Django-1.8.2,Django-1.8.2/tests/admin_inlines/models.py,ChildModel1,True,1,6,2.0,7,6,6,0,0,1
Django-1.8.2,Django-1.8.2/tests/admin_inlines/models.py,ChildModel2,True,1,6,2.0,7,6,6,0,0,1
Django-1.8.2,Django-1.8.2/tests/admin_inlines/models.py,BinaryTree,True,0,2,0.0,3,3,3,0,0,0
Django-1.8.2,Django-1.8.2/tests/admin_inlines/models.py,LifeForm,True,0,1,0.0,2,2,2,0,0,0
Django-1.8.2,Django-1.8.2/tests/admin_inlines/models.py,ExtraTerrestrial,True,0,1,0.0,2,2,2,0,0,0
Django-1.8.2,Django-1.8.2/tests/admin_inlines/models.py,Sighting,True,0,2,0.0,3,3,3,0,0,0
Django-1.8.2,Django-1.8.2/tests/admin_inlines/models.py,SomeParentModel,True,0,1,0.0,2,2,2,0,0,0
Django-1.8.2,Django-1.8.2/tests/admin_inlines/models.py,SomeChildModel,True,0,3,0.0,4,4,4,0,0,0
Django-1.8.2,Django-1.8.2/tests/admin_inlines/models.py,ProfileCollection,True,0,1,0.0,2,2,2,0,0,0
Django-1.8.2,Django-1.8.2/tests/admin_inlines/models.py,Profile,True,0,3,0.0,4,4,4,0,0,0
Django-1.8.2,Django-1.8.2/tests/admin_inlines/tests.py,TestInline,True,23,323,12.956521739130435,324,194,229,15,34,38
Django-1.8.2,Django-1.8.2/tests/admin_inlines/tests.py,TestInlineMedia,True,4,31,6.5,32,27,27,0,0,5
Django-1.8.2,Django-1.8.2/tests/admin_inlines/tests.py,TestInlineAdminForm,True,2,37,17.5,38,22,25,0,9,4
Django-1.8.2,Django-1.8.2/tests/admin_inlines/tests.py,TestInlineProtectedOnDelete,True,2,29,13.0,30,16,27,0,0,3
Django-1.8.2,Django-1.8.2/tests/admin_inlines/tests.py,TestInlinePermissions,True,14,189,12.142857142857142,190,128,143,23,4,20
Django-1.8.2,Django-1.8.2/tests/admin_inlines/tests.py,SeleniumFirefoxTests,True,5,159,30.0,160,84,117,12,8,23
Django-1.8.2,Django-1.8.2/tests/admin_inlines/tests.py,SeleniumChromeTests,True,0,1,0.0,2,2,2,0,0,0
Django-1.8.2,Django-1.8.2/tests/admin_inlines/tests.py,SeleniumIETests,True,0,1,0.0,2,2,2,0,0,0
Django-1.8.2,Django-1.8.2/tests/admin_ordering/models.py,Band,True,0,6,0.0,7,6,6,0,0,1
Django-1.8.2,Django-1.8.2/tests/admin_ordering/models.py,Song,True,0,7,0.0,8,7,7,0,0,1
Django-1.8.2,Django-1.8.2/tests/admin_ordering/models.py,SongInlineDefaultOrdering,True,0,1,0.0,2,2,2,0,0,0
Django-1.8.2,Django-1.8.2/tests/admin_ordering/models.py,SongInlineNewOrdering,True,0,2,0.0,3,3,3,0,0,0
Django-1.8.2,Django-1.8.2/tests/admin_ordering/models.py,DynOrderingBandAdmin,True,1,6,5.0,7,6,6,0,0,1
Django-1.8.2,Django-1.8.2/tests/admin_ordering/tests.py,MockRequest,True,0,1,0.0,2,2,2,0,0,0
Django-1.8.2,Django-1.8.2/tests/admin_ordering/tests.py,MockSuperUser,True,2,5,2.0,6,5,5,0,0,1
Django-1.8.2,Django-1.8.2/tests/admin_ordering/tests.py,TestAdminOrdering,True,4,48,9.75,49,29,29,1,16,4
Django-1.8.2,Django-1.8.2/tests/admin_ordering/tests.py,TestInlineModelAdminOrdering,True,3,29,7.333333333333333,30,15,16,0,11,3
Django-1.8.2,Django-1.8.2/tests/admin_ordering/tests.py,TestRelatedFieldsAdminOrdering,True,7,65,8.428571428571429,66,45,44,7,0,14
Django-1.8.2,Django-1.8.2/tests/admin_registration/models.py,Person,True,0,1,0.0,2,2,2,0,0,0
Django-1.8.2,Django-1.8.2/tests/admin_registration/models.py,Traveler,True,0,1,0.0,2,2,2,0,0,0
Django-1.8.2,Django-1.8.2/tests/admin_registration/models.py,Location,True,0,2,0.0,3,3,3,0,0,0
Django-1.8.2,Django-1.8.2/tests/admin_registration/models.py,Place,True,0,1,0.0,2,2,2,0,0,0
Django-1.8.2,Django-1.8.2/tests/admin_registration/tests.py,NameAdmin,True,0,2,0.0,3,3,3,0,0,0
Django-1.8.2,Django-1.8.2/tests/admin_registration/tests.py,CustomSite,True,0,1,0.0,2,2,2,0,0,0
Django-1.8.2,Django-1.8.2/tests/admin_registration/tests.py,TestRegistration,True,10,59,5.0,60,36,45,0,4,9
Django-1.8.2,Django-1.8.2/tests/admin_registration/tests.py,TestRegistrationDecorator,True,6,49,5.166666666666667,50,19,32,0,9,9
Django-1.8.2,Django-1.8.2/tests/admin_scripts/tests.py,AdminScriptTestCase,True,9,157,16.555555555555557,158,110,116,16,3,22
Django-1.8.2,Django-1.8.2/tests/admin_scripts/tests.py,DjangoAdminNoSettings,True,3,22,6.0,23,20,16,0,0,3
Django-1.8.2,Django-1.8.2/tests/admin_scripts/tests.py,DjangoAdminDefaultSettings,True,10,64,5.2,65,54,45,0,3,9
Django-1.8.2,Django-1.8.2/tests/admin_scripts/tests.py,DjangoAdminFullPathDefaultSettings,True,11,72,5.363636363636363,73,60,51,0,3,10
Django-1.8.2,Django-1.8.2/tests/admin_scripts/tests.py,DjangoAdminMinimalSettings,True,10,64,5.2,65,54,45,0,3,9
Django-1.8.2,Django-1.8.2/tests/admin_scripts/tests.py,DjangoAdminAlternateSettings,True,10,64,5.2,65,54,45,0,3,9
Django-1.8.2,Django-1.8.2/tests/admin_scripts/tests.py,DjangoAdminMultipleSettings,True,10,67,5.3,68,55,46,0,5,9
Django-1.8.2,Django-1.8.2/tests/admin_scripts/tests.py,DjangoAdminSettingsDirectory,True,10,71,5.7,72,59,50,0,4,10
Django-1.8.2,Django-1.8.2/tests/admin_scripts/tests.py,ManageNoSettings,True,3,22,6.0,23,20,16,0,0,3
Django-1.8.2,Django-1.8.2/tests/admin_scripts/tests.py,ManageDefaultSettings,True,10,64,5.2,65,54,45,0,3,9
Django-1.8.2,Django-1.8.2/tests/admin_scripts/tests.py,ManageFullPathDefaultSettings,True,10,64,5.2,65,54,45,0,3,9
Django-1.8.2,Django-1.8.2/tests/admin_scripts/tests.py,ManageMinimalSettings,True,10,64,5.2,65,54,45,0,3,9
Django-1.8.2,Django-1.8.2/tests/admin_scripts/tests.py,ManageAlternateSettings,True,11,71,5.2727272727272725,72,60,50,0,3,10
Django-1.8.2,Django-1.8.2/tests/admin_scripts/tests.py,ManageMultipleSettings,True,10,68,5.4,69,56,47,0,5,9
Django-1.8.2,Django-1.8.2/tests/admin_scripts/tests.py,ManageSettingsWithSettingsErrors,True,6,53,7.333333333333333,54,40,33,0,16,5
Django-1.8.2,Django-1.8.2/tests/admin_scripts/tests.py,ManageCheck,True,7,118,16.0,119,54,90,1,14,14
Django-1.8.2,Django-1.8.2/tests/admin_scripts/tests.py,CustomTestRunner,True,2,7,2.5,8,6,6,0,0,2
Django-1.8.2,Django-1.8.2/tests/admin_scripts/tests.py,ManageTestCommand,True,2,32,15.5,33,17,17,4,5,7
Django-1.8.2,Django-1.8.2/tests/admin_scripts/tests.py,ManageRunserver,True,7,56,6.857142857142857,57,41,41,2,0,14
Django-1.8.2,Django-1.8.2/tests/admin_scripts/tests.py,ManageRunserverEmptyAllowedHosts,True,3,13,3.6666666666666665,14,10,12,0,0,2
Django-1.8.2,Django-1.8.2/tests/admin_scripts/tests.py,ManageTestserver,True,1,12,9.0,13,7,12,0,0,1
Django-1.8.2,Django-1.8.2/tests/admin_scripts/tests.py,CommandTypes,True,35,338,8.628571428571428,339,264,237,12,12,54
Django-1.8.2,Django-1.8.2/tests/admin_scripts/tests.py,Discovery,True,1,19,18.0,20,11,16,0,3,1
Django-1.8.2,Django-1.8.2/tests/admin_scripts/tests.py,ArgumentOrder,True,8,46,3.875,47,32,26,0,9,8
Django-1.8.2,Django-1.8.2/tests/admin_scripts/tests.py,StartProject,True,15,211,12.6,212,166,160,3,4,31
Django-1.8.2,Django-1.8.2/tests/admin_scripts/tests.py,DiffSettings,True,2,19,8.0,20,20,15,0,0,2
Django-1.8.2,Django-1.8.2/tests/admin_scripts/tests.py,Dumpdata,True,3,17,4.333333333333333,18,12,10,0,3,4
Django-1.8.2,Django-1.8.2/tests/admin_scripts/app_raising_messages/models.py,ModelRaisingMessages,True,1,19,18.0,20,4,20,0,0,0
Django-1.8.2,Django-1.8.2/tests/admin_scripts/app_raising_warning/models.py,ModelRaisingMessages,True,1,8,7.0,9,4,9,0,0,0
Django-1.8.2,Django-1.8.2/tests/admin_scripts/app_with_import/models.py,UserProfile,True,0,1,0.0,2,2,2,0,0,0
Django-1.8.2,Django-1.8.2/tests/admin_scripts/complex_app/management/commands/duplicate.py,Command,True,1,3,2.0,4,3,3,0,0,1
Django-1.8.2,Django-1.8.2/tests/admin_scripts/complex_app/models/bar.py,Bar,True,0,4,0.0,5,4,4,0,0,1
Django-1.8.2,Django-1.8.2/tests/admin_scripts/complex_app/models/foo.py,Foo,True,0,4,0.0,5,4,4,0,0,1
Django-1.8.2,Django-1.8.2/tests/admin_scripts/management/commands/app_command.py,Command,True,1,5,2.0,6,5,5,0,0,1
Django-1.8.2,Django-1.8.2/tests/admin_scripts/management/commands/base_command.py,Command,True,2,11,3.5,12,10,10,0,0,2
Django-1.8.2,Django-1.8.2/tests/admin_scripts/management/commands/custom_startproject.py,Command,True,1,4,4.0,5,4,5,0,0,0
Django-1.8.2,Django-1.8.2/tests/admin_scripts/management/commands/label_command.py,Command,True,1,5,2.0,6,5,5,0,0,1
Django-1.8.2,Django-1.8.2/tests/admin_scripts/management/commands/noargs_command.py,Command,True,1,5,2.0,6,5,5,0,0,1
Django-1.8.2,Django-1.8.2/tests/admin_scripts/management/commands/validation_command.py,InvalidCommand,True,1,7,2.0,8,6,7,0,0,1
Django-1.8.2,Django-1.8.2/tests/admin_scripts/simple_app/management/commands/duplicate.py,Command,True,1,3,2.0,4,3,3,0,0,1
Django-1.8.2,Django-1.8.2/tests/admin_utils/models.py,Site,True,1,4,2.0,5,4,4,0,0,1
Django-1.8.2,Django-1.8.2/tests/admin_utils/models.py,Article,True,2,14,2.0,15,11,10,0,3,2
Django-1.8.2,Django-1.8.2/tests/admin_utils/models.py,Count,True,1,5,2.0,6,5,5,0,0,1
Django-1.8.2,Django-1.8.2/tests/admin_utils/models.py,Event,True,0,1,0.0,2,2,2,0,0,0
Django-1.8.2,Django-1.8.2/tests/admin_utils/models.py,Location,True,0,1,0.0,2,2,2,0,0,0
Django-1.8.2,Django-1.8.2/tests/admin_utils/models.py,Guest,True,0,5,0.0,6,5,5,0,0,1
Django-1.8.2,Django-1.8.2/tests/admin_utils/models.py,EventGuide,True,0,1,0.0,2,2,2,0,0,0
Django-1.8.2,Django-1.8.2/tests/admin_utils/models.py,Vehicle,True,0,1,0.0,2,2,2,0,0,0
Django-1.8.2,Django-1.8.2/tests/admin_utils/models.py,VehicleMixin,True,0,4,0.0,5,4,4,0,0,1
Django-1.8.2,Django-1.8.2/tests/admin_utils/models.py,Car,True,0,1,0.0,2,2,2,0,0,0
Django-1.8.2,Django-1.8.2/tests/admin_utils/tests.py,NestedObjectsTests,True,11,69,5.090909090909091,70,49,45,4,11,10
Django-1.8.2,Django-1.8.2/tests/admin_utils/tests.py,UtilsTests,True,9,260,28.0,261,114,198,7,19,37
Django-1.8.2,Django-1.8.2/tests/admin_validation/models.py,Album,True,0,1,0.0,2,2,2,0,0,0
Django-1.8.2,Django-1.8.2/tests/admin_validation/models.py,Song,True,2,13,2.5,14,10,10,1,0,3
Django-1.8.2,Django-1.8.2/tests/admin_validation/models.py,TwoAlbumFKAndAnE,True,0,3,0.0,4,4,4,0,0,0
Django-1.8.2,Django-1.8.2/tests/admin_validation/models.py,Author,True,0,1,0.0,2,2,2,0,0,0
Django-1.8.2,Django-1.8.2/tests/admin_validation/models.py,Book,True,0,4,0.0,5,5,5,0,0,0
Django-1.8.2,Django-1.8.2/tests/admin_validation/models.py,AuthorsBooks,True,0,2,0.0,3,3,3,0,0,0
Django-1.8.2,Django-1.8.2/tests/admin_validation/models.py,State,True,0,1,0.0,2,2,2,0,0,0
Django-1.8.2,Django-1.8.2/tests/admin_validation/models.py,City,True,0,1,0.0,2,2,2,0,0,0
Django-1.8.2,Django-1.8.2/tests/admin_validation/tests.py,SongForm,True,0,1,0.0,2,2,2,0,0,0
Django-1.8.2,Django-1.8.2/tests/admin_validation/tests.py,ValidFields,True,0,2,0.0,3,3,3,0,0,0
Django-1.8.2,Django-1.8.2/tests/admin_validation/tests.py,ValidFormFieldsets,True,1,10,4.0,11,7,10,0,0,1
Django-1.8.2,Django-1.8.2/tests/admin_validation/tests.py,ValidationTestCase,True,26,283,9.884615384615385,284,152,178,3,41,63
Django-1.8.2,Django-1.8.2/tests/admin_views/admin.py,ArticleInline,True,0,15,0.0,16,7,16,0,0,0
Django-1.8.2,Django-1.8.2/tests/admin_views/admin.py,ChapterInline,True,0,1,0.0,2,2,2,0,0,0
Django-1.8.2,Django-1.8.2/tests/admin_views/admin.py,ChapterXtra1Admin,True,0,6,0.0,7,2,7,0,0,0
Django-1.8.2,Django-1.8.2/tests/admin_views/admin.py,ArticleAdmin,True,4,45,6.25,46,20,41,0,0,4
Django-1.8.2,Django-1.8.2/tests/admin_views/admin.py,ArticleAdmin2,True,1,3,2.0,4,3,3,0,0,1
Django-1.8.2,Django-1.8.2/tests/admin_views/admin.py,RowLevelChangePermissionModelAdmin,True,1,3,3.0,4,4,3,0,0,0
Django-1.8.2,Django-1.8.2/tests/admin_views/admin.py,CustomArticleAdmin,True,1,17,7.0,18,12,13,0,3,1
Django-1.8.2,Django-1.8.2/tests/admin_views/admin.py,ThingAdmin,True,0,1,0.0,2,2,2,0,0,0
Django-1.8.2,Django-1.8.2/tests/admin_views/admin.py,InquisitionAdmin,True,0,1,0.0,2,2,2,0,0,0
Django-1.8.2,Django-1.8.2/tests/admin_views/admin.py,SketchAdmin,True,0,1,0.0,2,2,2,0,0,0
Django-1.8.2,Django-1.8.2/tests/admin_views/admin.py,FabricAdmin,True,0,2,0.0,3,3,3,0,0,0
Django-1.8.2,Django-1.8.2/tests/admin_views/admin.py,BasePersonModelFormSet,True,1,6,6.0,7,7,7,0,0,0
Django-1.8.2,Django-1.8.2/tests/admin_views/admin.py,PersonAdmin,True,2,14,3.5,15,10,11,2,0,2
Django-1.8.2,Django-1.8.2/tests/admin_views/admin.py,FooAccountAdmin,True,0,2,0.0,3,3,3,0,0,0
Django-1.8.2,Django-1.8.2/tests/admin_views/admin.py,BarAccountAdmin,True,0,2,0.0,3,3,3,0,0,0
Django-1.8.2,Django-1.8.2/tests/admin_views/admin.py,PersonaAdmin,True,0,4,0.0,5,2,5,0,0,0
Django-1.8.2,Django-1.8.2/tests/admin_views/admin.py,SubscriberAdmin,True,1,9,7.0,10,4,9,0,0,1
Django-1.8.2,Django-1.8.2/tests/admin_views/admin.py,ExternalSubscriberAdmin,True,0,1,0.0,2,2,2,0,0,0
Django-1.8.2,Django-1.8.2/tests/admin_views/admin.py,PodcastAdmin,True,0,4,0.0,5,5,5,0,0,0
Django-1.8.2,Django-1.8.2/tests/admin_views/admin.py,VodcastAdmin,True,0,4,0.0,5,4,4,0,0,1
Django-1.8.2,Django-1.8.2/tests/admin_views/admin.py,ChildInline,True,0,1,0.0,2,2,2,0,0,0
Django-1.8.2,Django-1.8.2/tests/admin_views/admin.py,ParentAdmin,True,1,12,7.0,13,11,11,0,0,2
Django-1.8.2,Django-1.8.2/tests/admin_views/admin.py,EmptyModelAdmin,True,1,2,2.0,3,3,3,0,0,0
Django-1.8.2,Django-1.8.2/tests/admin_views/admin.py,OldSubscriberAdmin,True,0,1,0.0,2,2,2,0,0,0
Django-1.8.2,Django-1.8.2/tests/admin_views/admin.py,PictureInline,True,0,2,0.0,3,3,3,0,0,0
Django-1.8.2,Django-1.8.2/tests/admin_views/admin.py,GalleryAdmin,True,0,1,0.0,2,2,2,0,0,0
Django-1.8.2,Django-1.8.2/tests/admin_views/admin.py,PictureAdmin,True,0,1,0.0,2,2,2,0,0,0
Django-1.8.2,Django-1.8.2/tests/admin_views/admin.py,LanguageAdmin,True,0,2,0.0,3,3,3,0,0,0
Django-1.8.2,Django-1.8.2/tests/admin_views/admin.py,RecommendationAdmin,True,0,2,0.0,3,3,3,0,0,0
Django-1.8.2,Django-1.8.2/tests/admin_views/admin.py,WidgetInline,True,0,1,0.0,2,2,2,0,0,0
Django-1.8.2,Django-1.8.2/tests/admin_views/admin.py,DooHickeyInline,True,0,1,0.0,2,2,2,0,0,0
Django-1.8.2,Django-1.8.2/tests/admin_views/admin.py,GrommetInline,True,0,1,0.0,2,2,2,0,0,0
Django-1.8.2,Django-1.8.2/tests/admin_views/admin.py,WhatsitInline,True,0,1,0.0,2,2,2,0,0,0
Django-1.8.2,Django-1.8.2/tests/admin_views/admin.py,FancyDoodadInline,True,0,1,0.0,2,2,2,0,0,0
Django-1.8.2,Django-1.8.2/tests/admin_views/admin.py,CategoryAdmin,True,0,2,0.0,3,3,3,0,0,0
Django-1.8.2,Django-1.8.2/tests/admin_views/admin.py,CategoryInline,True,0,1,0.0,2,2,2,0,0,0
Django-1.8.2,Django-1.8.2/tests/admin_views/admin.py,CollectorAdmin,True,0,4,0.0,5,2,5,0,0,0
Django-1.8.2,Django-1.8.2/tests/admin_views/admin.py,LinkInline,True,1,7,2.0,8,6,6,0,0,2
Django-1.8.2,Django-1.8.2/tests/admin_views/admin.py,SubPostInline,True,2,15,4.0,16,12,13,0,0,3
Django-1.8.2,Django-1.8.2/tests/admin_views/admin.py,PrePopulatedPostAdmin,True,2,16,4.0,17,13,14,0,0,3
Django-1.8.2,Django-1.8.2/tests/admin_views/admin.py,PostAdmin,True,4,27,2.75,28,18,22,0,0,6
Django-1.8.2,Django-1.8.2/tests/admin_views/admin.py,FieldOverridePostForm,True,0,9,0.0,10,7,9,0,0,1
Django-1.8.2,Django-1.8.2/tests/admin_views/admin.py,FieldOverridePostAdmin,True,0,1,0.0,2,2,2,0,0,0
Django-1.8.2,Django-1.8.2/tests/admin_views/admin.py,CustomChangeList,True,1,2,2.0,3,3,3,1,0,0
Django-1.8.2,Django-1.8.2/tests/admin_views/admin.py,GadgetAdmin,True,1,2,2.0,3,3,3,0,0,0
Django-1.8.2,Django-1.8.2/tests/admin_views/admin.py,ToppingAdmin,True,0,1,0.0,2,2,2,0,0,0
Django-1.8.2,Django-1.8.2/tests/admin_views/admin.py,PizzaAdmin,True,0,1,0.0,2,2,2,0,0,0
Django-1.8.2,Django-1.8.2/tests/admin_views/admin.py,WorkHourAdmin,True,0,2,0.0,3,3,3,0,0,0
Django-1.8.2,Django-1.8.2/tests/admin_views/admin.py,FoodDeliveryAdmin,True,0,2,0.0,3,3,3,0,0,0
Django-1.8.2,Django-1.8.2/tests/admin_views/admin.py,CoverLetterAdmin,True,1,10,2.0,11,4,3,0,7,1
Django-1.8.2,Django-1.8.2/tests/admin_views/admin.py,PaperAdmin,True,1,9,2.0,10,4,3,0,6,1
Django-1.8.2,Django-1.8.2/tests/admin_views/admin.py,ShortMessageAdmin,True,1,9,2.0,10,4,3,0,6,1
Django-1.8.2,Django-1.8.2/tests/admin_views/admin.py,TelegramAdmin,True,1,10,2.0,11,4,3,0,7,1
Django-1.8.2,Django-1.8.2/tests/admin_views/admin.py,StoryForm,True,0,2,0.0,3,4,3,0,0,0
Django-1.8.2,Django-1.8.2/tests/admin_views/admin.py,StoryAdmin,True,0,5,0.0,6,6,6,1,0,0
Django-1.8.2,Django-1.8.2/tests/admin_views/admin.py,OtherStoryAdmin,True,0,4,0.0,5,5,5,1,0,0
Django-1.8.2,Django-1.8.2/tests/admin_views/admin.py,ComplexSortedPersonAdmin,True,1,7,2.0,8,7,7,0,0,1
Django-1.8.2,Django-1.8.2/tests/admin_views/admin.py,PluggableSearchPersonAdmin,True,1,11,8.0,12,11,11,0,0,1
Django-1.8.2,Django-1.8.2/tests/admin_views/admin.py,AlbumAdmin,True,0,1,0.0,2,2,2,0,0,0
Django-1.8.2,Django-1.8.2/tests/admin_views/admin.py,PrePopulatedPostLargeSlugAdmin,True,0,3,0.0,4,3,4,0,0,0
Django-1.8.2,Django-1.8.2/tests/admin_views/admin.py,AdminOrderedFieldAdmin,True,0,2,0.0,3,3,3,0,0,0
Django-1.8.2,Django-1.8.2/tests/admin_views/admin.py,AdminOrderedModelMethodAdmin,True,0,2,0.0,3,3,3,0,0,0
Django-1.8.2,Django-1.8.2/tests/admin_views/admin.py,AdminOrderedAdminMethodAdmin,True,1,5,2.0,6,6,6,0,0,0
Django-1.8.2,Django-1.8.2/tests/admin_views/admin.py,AdminOrderedCallableAdmin,True,0,2,0.0,3,3,3,0,0,0
Django-1.8.2,Django-1.8.2/tests/admin_views/admin.py,ReportAdmin,True,2,10,4.5,11,5,9,1,0,1
Django-1.8.2,Django-1.8.2/tests/admin_views/admin.py,CustomTemplateBooleanFieldListFilter,True,0,1,0.0,2,2,2,0,0,0
Django-1.8.2,Django-1.8.2/tests/admin_views/admin.py,CustomTemplateFilterColorAdmin,True,0,1,0.0,2,2,2,0,0,0
Django-1.8.2,Django-1.8.2/tests/admin_views/admin.py,RelatedPrepopulatedInline1,True,0,9,0.0,10,7,10,0,0,0
Django-1.8.2,Django-1.8.2/tests/admin_views/admin.py,RelatedPrepopulatedInline2,True,0,4,0.0,5,5,5,0,0,0
Django-1.8.2,Django-1.8.2/tests/admin_views/admin.py,MainPrepopulatedAdmin,True,0,8,0.0,9,6,9,0,0,0
Django-1.8.2,Django-1.8.2/tests/admin_views/admin.py,UnorderedObjectAdmin,True,0,3,0.0,4,4,4,0,0,0
Django-1.8.2,Django-1.8.2/tests/admin_views/admin.py,UndeletableObjectAdmin,True,1,3,3.0,4,5,4,0,0,0
Django-1.8.2,Django-1.8.2/tests/admin_views/admin.py,UnchangeableObjectAdmin,True,1,4,4.0,5,4,4,1,0,0
Django-1.8.2,Django-1.8.2/tests/admin_views/admin.py,AttributeErrorRaisingAdmin,True,0,1,0.0,2,2,2,0,0,0
Django-1.8.2,Django-1.8.2/tests/admin_views/admin.py,CustomManagerAdmin,True,1,2,2.0,3,3,3,0,0,0
Django-1.8.2,Django-1.8.2/tests/admin_views/admin.py,MessageTestingAdmin,True,6,20,2.0,21,14,15,0,0,6
Django-1.8.2,Django-1.8.2/tests/admin_views/admin.py,ChoiceList,True,0,3,0.0,4,4,4,0,0,0
Django-1.8.2,Django-1.8.2/tests/admin_views/admin.py,DependentChildAdminForm,True,1,10,6.0,11,7,7,0,4,0
Django-1.8.2,Django-1.8.2/tests/admin_views/admin.py,DependentChildInline,True,0,2,0.0,3,3,3,0,0,0
Django-1.8.2,Django-1.8.2/tests/admin_views/admin.py,ParentWithDependentChildrenAdmin,True,0,1,0.0,2,2,2,0,0,0
Django-1.8.2,Django-1.8.2/tests/admin_views/admin.py,FormWithoutHiddenField,True,0,2,0.0,3,3,3,0,0,0
Django-1.8.2,Django-1.8.2/tests/admin_views/admin.py,FormWithoutVisibleField,True,0,2,0.0,3,3,3,0,0,0
Django-1.8.2,Django-1.8.2/tests/admin_views/admin.py,FormWithVisibleAndHiddenField,True,0,2,0.0,3,3,3,0,0,0
Django-1.8.2,Django-1.8.2/tests/admin_views/admin.py,EmptyModelVisibleAdmin,True,0,6,0.0,7,4,7,0,0,0
Django-1.8.2,Django-1.8.2/tests/admin_views/admin.py,EmptyModelHiddenAdmin,True,0,2,0.0,3,3,3,0,0,0
Django-1.8.2,Django-1.8.2/tests/admin_views/admin.py,EmptyModelMixinAdmin,True,0,2,0.0,3,3,3,0,0,0
Django-1.8.2,Django-1.8.2/tests/admin_views/admin.py,CityInlineAdmin,True,0,2,0.0,3,3,3,0,0,0
Django-1.8.2,Django-1.8.2/tests/admin_views/admin.py,StateAdmin,True,0,1,0.0,2,2,2,0,0,0
Django-1.8.2,Django-1.8.2/tests/admin_views/admin.py,RestaurantInlineAdmin,True,0,2,0.0,3,3,3,0,0,0
Django-1.8.2,Django-1.8.2/tests/admin_views/admin.py,CityAdmin,True,0,2,0.0,3,3,3,0,0,0
Django-1.8.2,Django-1.8.2/tests/admin_views/admin.py,WorkerAdmin,True,1,2,2.0,3,3,3,0,0,0
Django-1.8.2,Django-1.8.2/tests/admin_views/admin.py,WorkerInlineAdmin,True,1,4,2.0,5,4,4,0,0,1
Django-1.8.2,Django-1.8.2/tests/admin_views/admin.py,RestaurantAdmin,True,1,5,2.0,6,6,5,0,0,1
Django-1.8.2,Django-1.8.2/tests/admin_views/admin.py,FunkyTagAdmin,True,0,1,0.0,2,2,2,0,0,0
Django-1.8.2,Django-1.8.2/tests/admin_views/admin.py,InlineReferenceInline,True,0,1,0.0,2,2,2,0,0,0
Django-1.8.2,Django-1.8.2/tests/admin_views/admin.py,InlineRefererAdmin,True,0,1,0.0,2,2,2,0,0,0
Django-1.8.2,Django-1.8.2/tests/admin_views/admin.py,GetFormsetsArgumentCheckingAdmin,True,3,16,4.0,17,14,14,0,0,3
Django-1.8.2,Django-1.8.2/tests/admin_views/customadmin.py,Admin2,True,4,22,2.5,23,18,18,2,0,4
Django-1.8.2,Django-1.8.2/tests/admin_views/customadmin.py,UserLimitedAdmin,True,1,4,3.0,5,4,4,1,0,0
Django-1.8.2,Django-1.8.2/tests/admin_views/customadmin.py,CustomPwdTemplateUserAdmin,True,0,1,0.0,2,2,2,1,0,0
Django-1.8.2,Django-1.8.2/tests/admin_views/custom_has_permission_admin.py,PermissionAdminAuthenticationForm,True,1,4,4.0,5,5,5,0,0,0
Django-1.8.2,Django-1.8.2/tests/admin_views/custom_has_permission_admin.py,HasPermissionAdmin,True,1,7,5.0,8,4,7,0,0,1
Django-1.8.2,Django-1.8.2/tests/admin_views/forms.py,CustomAdminAuthenticationForm,True,1,6,5.0,7,6,6,0,0,1
Django-1.8.2,Django-1.8.2/tests/admin_views/models.py,Section,True,1,12,5.0,13,7,5,0,7,1
Django-1.8.2,Django-1.8.2/tests/admin_views/models.py,Article,True,3,21,2.0,22,17,16,0,3,3
Django-1.8.2,Django-1.8.2/tests/admin_views/models.py,Book,True,1,7,2.0,8,5,4,0,3,1
Django-1.8.2,Django-1.8.2/tests/admin_views/models.py,Promo,True,1,5,2.0,6,5,5,0,0,1
Django-1.8.2,Django-1.8.2/tests/admin_views/models.py,Chapter,True,1,10,2.0,11,8,8,1,0,2
Django-1.8.2,Django-1.8.2/tests/admin_views/models.py,ChapterXtra1,True,1,5,2.0,6,5,5,0,0,1
Django-1.8.2,Django-1.8.2/tests/admin_views/models.py,ChapterXtra2,True,1,5,2.0,6,5,5,0,0,1
Django-1.8.2,Django-1.8.2/tests/admin_views/models.py,RowLevelChangePermissionModel,True,0,1,0.0,2,2,2,0,0,0
Django-1.8.2,Django-1.8.2/tests/admin_views/models.py,CustomArticle,True,0,2,0.0,3,3,3,0,0,0
Django-1.8.2,Django-1.8.2/tests/admin_views/models.py,ModelWithStringPrimaryKey,True,2,7,2.0,8,6,6,0,0,2
Django-1.8.2,Django-1.8.2/tests/admin_views/models.py,Color,True,1,5,2.0,6,5,5,0,0,1
Django-1.8.2,Django-1.8.2/tests/admin_views/models.py,Color2,True,0,2,0.0,3,3,3,0,0,0
Django-1.8.2,Django-1.8.2/tests/admin_views/models.py,Thing,True,1,6,2.0,7,7,6,0,0,1
Django-1.8.2,Django-1.8.2/tests/admin_views/models.py,Actor,True,1,6,2.0,7,6,6,0,0,1
Django-1.8.2,Django-1.8.2/tests/admin_views/models.py,Inquisition,True,1,6,2.0,7,6,6,0,0,1
Django-1.8.2,Django-1.8.2/tests/admin_views/models.py,Sketch,True,1,10,2.0,11,10,10,0,0,1
Django-1.8.2,Django-1.8.2/tests/admin_views/models.py,Character,True,1,5,2.0,6,5,5,0,0,1
Django-1.8.2,Django-1.8.2/tests/admin_views/models.py,StumpJoke,True,1,6,2.0,7,6,6,0,0,1
Django-1.8.2,Django-1.8.2/tests/admin_views/models.py,Fabric,True,0,8,0.0,9,3,9,0,0,0
Django-1.8.2,Django-1.8.2/tests/admin_views/models.py,Person,True,1,11,2.0,12,8,11,0,0,1
Django-1.8.2,Django-1.8.2/tests/admin_views/models.py,Persona,True,1,8,2.0,9,5,4,0,4,1
Django-1.8.2,Django-1.8.2/tests/admin_views/models.py,Account,True,1,10,2.0,11,7,6,0,4,1
Django-1.8.2,Django-1.8.2/tests/admin_views/models.py,FooAccount,True,0,2,0.0,3,3,2,0,0,0
Django-1.8.2,Django-1.8.2/tests/admin_views/models.py,BarAccount,True,0,2,0.0,3,3,2,0,0,0
Django-1.8.2,Django-1.8.2/tests/admin_views/models.py,Subscriber,True,1,5,2.0,6,5,5,0,0,1
Django-1.8.2,Django-1.8.2/tests/admin_views/models.py,ExternalSubscriber,True,0,1,0.0,2,2,2,0,0,0
Django-1.8.2,Django-1.8.2/tests/admin_views/models.py,OldSubscriber,True,0,1,0.0,2,2,2,0,0,0
Django-1.8.2,Django-1.8.2/tests/admin_views/models.py,Media,True,0,1,0.0,2,2,2,0,0,0
Django-1.8.2,Django-1.8.2/tests/admin_views/models.py,Podcast,True,0,4,0.0,5,4,4,1,0,1
Django-1.8.2,Django-1.8.2/tests/admin_views/models.py,Vodcast,True,0,2,0.0,3,3,3,0,0,0
Django-1.8.2,Django-1.8.2/tests/admin_views/models.py,Parent,True,0,1,0.0,2,2,2,0,0,0
Django-1.8.2,Django-1.8.2/tests/admin_views/models.py,Child,True,0,2,0.0,3,3,3,0,0,0
Django-1.8.2,Django-1.8.2/tests/admin_views/models.py,EmptyModel,True,1,2,2.0,3,3,3,0,0,0
Django-1.8.2,Django-1.8.2/tests/admin_views/models.py,Gallery,True,0,1,0.0,2,2,2,0,0,0
Django-1.8.2,Django-1.8.2/tests/admin_views/models.py,Picture,True,0,3,0.0,4,4,4,0,0,0
Django-1.8.2,Django-1.8.2/tests/admin_views/models.py,Language,True,0,7,0.0,8,7,7,0,0,1
Django-1.8.2,Django-1.8.2/tests/admin_views/models.py,Title,True,0,1,0.0,2,2,2,0,0,0
Django-1.8.2,Django-1.8.2/tests/admin_views/models.py,TitleTranslation,True,0,2,0.0,3,3,3,0,0,0
Django-1.8.2,Django-1.8.2/tests/admin_views/models.py,Recommender,True,0,1,0.0,2,2,2,0,0,0
Django-1.8.2,Django-1.8.2/tests/admin_views/models.py,Recommendation,True,0,1,0.0,2,2,2,0,0,0
Django-1.8.2,Django-1.8.2/tests/admin_views/models.py,Collector,True,0,1,0.0,2,2,2,0,0,0
Django-1.8.2,Django-1.8.2/tests/admin_views/models.py,Widget,True,0,2,0.0,3,3,3,0,0,0
Django-1.8.2,Django-1.8.2/tests/admin_views/models.py,DooHickey,True,0,3,0.0,4,4,4,0,0,0
Django-1.8.2,Django-1.8.2/tests/admin_views/models.py,Grommet,True,0,3,0.0,4,4,4,0,0,0
Django-1.8.2,Django-1.8.2/tests/admin_views/models.py,Whatsit,True,0,3,0.0,4,4,4,0,0,0
Django-1.8.2,Django-1.8.2/tests/admin_views/models.py,Doodad,True,0,1,0.0,2,2,2,0,0,0
Django-1.8.2,Django-1.8.2/tests/admin_views/models.py,FancyDoodad,True,0,2,0.0,3,3,3,0,0,0
Django-1.8.2,Django-1.8.2/tests/admin_views/models.py,Category,True,1,8,2.0,9,7,7,0,0,2
Django-1.8.2,Django-1.8.2/tests/admin_views/models.py,Link,True,0,5,0.0,6,5,6,0,0,0
Django-1.8.2,Django-1.8.2/tests/admin_views/models.py,PrePopulatedPost,True,0,3,0.0,4,4,4,0,0,0
Django-1.8.2,Django-1.8.2/tests/admin_views/models.py,PrePopulatedSubPost,True,0,3,0.0,4,4,4,0,0,0
Django-1.8.2,Django-1.8.2/tests/admin_views/models.py,Post,True,1,10,2.0,11,7,10,0,0,1
Django-1.8.2,Django-1.8.2/tests/admin_views/models.py,FieldOverridePost,True,0,2,0.0,3,3,3,0,0,0
Django-1.8.2,Django-1.8.2/tests/admin_views/models.py,Gadget,True,1,4,2.0,5,4,4,0,0,1
Django-1.8.2,Django-1.8.2/tests/admin_views/models.py,Villain,True,1,4,2.0,5,4,4,0,0,1
Django-1.8.2,Django-1.8.2/tests/admin_views/models.py,SuperVillain,True,0,1,0.0,2,2,2,0,0,0
Django-1.8.2,Django-1.8.2/tests/admin_views/models.py,FunkyTag,True,1,8,2.0,9,8,7,0,0,1
Django-1.8.2,Django-1.8.2/tests/admin_views/models.py,Plot,True,1,7,2.0,8,7,7,0,0,1
Django-1.8.2,Django-1.8.2/tests/admin_views/models.py,PlotDetails,True,1,5,2.0,6,5,5,0,0,1
Django-1.8.2,Django-1.8.2/tests/admin_views/models.py,SecretHideout,True,1,6,2.0,7,6,5,0,0,1
Django-1.8.2,Django-1.8.2/tests/admin_views/models.py,SuperSecretHideout,True,1,6,2.0,7,6,5,0,0,1
Django-1.8.2,Django-1.8.2/tests/admin_views/models.py,CyclicOne,True,1,5,2.0,6,5,5,0,0,1
Django-1.8.2,Django-1.8.2/tests/admin_views/models.py,CyclicTwo,True,1,5,2.0,6,5,5,0,0,1
Django-1.8.2,Django-1.8.2/tests/admin_views/models.py,Topping,True,0,1,0.0,2,2,2,0,0,0
Django-1.8.2,Django-1.8.2/tests/admin_views/models.py,Pizza,True,0,2,0.0,3,3,3,0,0,0
Django-1.8.2,Django-1.8.2/tests/admin_views/models.py,Album,True,0,2,0.0,3,3,3,0,0,0
Django-1.8.2,Django-1.8.2/tests/admin_views/models.py,Employee,True,0,1,0.0,2,2,2,0,0,0
Django-1.8.2,Django-1.8.2/tests/admin_views/models.py,WorkHour,True,0,2,0.0,3,3,3,0,0,0
Django-1.8.2,Django-1.8.2/tests/admin_views/models.py,Question,True,0,1,0.0,2,2,2,0,0,0
Django-1.8.2,Django-1.8.2/tests/admin_views/models.py,Answer,True,1,5,2.0,6,5,5,0,0,1
Django-1.8.2,Django-1.8.2/tests/admin_views/models.py,Reservation,True,0,2,0.0,3,3,3,0,0,0
Django-1.8.2,Django-1.8.2/tests/admin_views/models.py,FoodDelivery,True,0,6,0.0,7,6,6,0,0,1
Django-1.8.2,Django-1.8.2/tests/admin_views/models.py,CoverLetter,True,1,5,2.0,6,5,5,0,0,1
Django-1.8.2,Django-1.8.2/tests/admin_views/models.py,Paper,True,0,2,0.0,3,3,3,0,0,0
Django-1.8.2,Django-1.8.2/tests/admin_views/models.py,ShortMessage,True,0,2,0.0,3,3,3,0,0,0
Django-1.8.2,Django-1.8.2/tests/admin_views/models.py,Telegram,True,1,5,2.0,6,5,5,0,0,1
Django-1.8.2,Django-1.8.2/tests/admin_views/models.py,Story,True,0,2,0.0,3,3,3,0,0,0
Django-1.8.2,Django-1.8.2/tests/admin_views/models.py,OtherStory,True,0,2,0.0,3,3,3,0,0,0
Django-1.8.2,Django-1.8.2/tests/admin_views/models.py,ComplexSortedPerson,True,0,3,0.0,4,4,4,0,0,0
Django-1.8.2,Django-1.8.2/tests/admin_views/models.py,PluggableSearchPerson,True,0,2,0.0,3,3,3,0,0,0
Django-1.8.2,Django-1.8.2/tests/admin_views/models.py,PrePopulatedPostLargeSlug,True,0,9,0.0,10,5,4,1,5,0
Django-1.8.2,Django-1.8.2/tests/admin_views/models.py,AdminOrderedField,True,0,2,0.0,3,3,3,0,0,0
Django-1.8.2,Django-1.8.2/tests/admin_views/models.py,AdminOrderedModelMethod,True,1,6,2.0,7,6,6,0,0,1
Django-1.8.2,Django-1.8.2/tests/admin_views/models.py,AdminOrderedAdminMethod,True,0,2,0.0,3,3,3,0,0,0
Django-1.8.2,Django-1.8.2/tests/admin_views/models.py,AdminOrderedCallable,True,0,2,0.0,3,3,3,0,0,0
Django-1.8.2,Django-1.8.2/tests/admin_views/models.py,Report,True,1,4,2.0,5,4,4,0,0,1
Django-1.8.2,Django-1.8.2/tests/admin_views/models.py,MainPrepopulated,True,0,8,0.0,9,6,9,0,0,0
Django-1.8.2,Django-1.8.2/tests/admin_views/models.py,RelatedPrepopulated,True,0,9,0.0,10,7,10,0,0,0
Django-1.8.2,Django-1.8.2/tests/admin_views/models.py,UnorderedObject,True,0,6,0.0,7,4,3,0,4,0
Django-1.8.2,Django-1.8.2/tests/admin_views/models.py,UndeletableObject,True,0,5,0.0,6,3,2,0,4,0
Django-1.8.2,Django-1.8.2/tests/admin_views/models.py,UnchangeableObject,True,0,4,0.0,5,2,1,0,4,0
Django-1.8.2,Django-1.8.2/tests/admin_views/models.py,UserMessenger,True,0,3,0.0,4,2,1,0,3,0
Django-1.8.2,Django-1.8.2/tests/admin_views/models.py,Simple,True,0,3,0.0,4,2,1,0,3,0
Django-1.8.2,Django-1.8.2/tests/admin_views/models.py,Choice,True,0,2,0.0,3,2,3,0,0,0
Django-1.8.2,Django-1.8.2/tests/admin_views/models.py,ParentWithDependentChildren,True,0,7,0.0,8,4,3,0,5,0
Django-1.8.2,Django-1.8.2/tests/admin_views/models.py,DependentChild,True,0,7,0.0,8,4,3,0,5,0
Django-1.8.2,Django-1.8.2/tests/admin_views/models.py,_Manager,True,1,2,2.0,3,3,3,0,0,0
Django-1.8.2,Django-1.8.2/tests/admin_views/models.py,FilteredManager,True,1,5,2.0,6,5,5,0,0,1
Django-1.8.2,Django-1.8.2/tests/admin_views/models.py,EmptyModelVisible,True,0,1,0.0,2,2,1,0,0,0
Django-1.8.2,Django-1.8.2/tests/admin_views/models.py,EmptyModelHidden,True,0,1,0.0,2,2,1,0,0,0
Django-1.8.2,Django-1.8.2/tests/admin_views/models.py,EmptyModelMixin,True,0,1,0.0,2,2,1,0,0,0
Django-1.8.2,Django-1.8.2/tests/admin_views/models.py,State,True,0,1,0.0,2,2,2,0,0,0
Django-1.8.2,Django-1.8.2/tests/admin_views/models.py,City,True,1,5,2.0,6,5,5,0,0,1
Django-1.8.2,Django-1.8.2/tests/admin_views/models.py,Restaurant,True,1,5,2.0,6,5,5,0,0,1
Django-1.8.2,Django-1.8.2/tests/admin_views/models.py,Worker,True,0,3,0.0,4,4,4,0,0,0
Django-1.8.2,Django-1.8.2/tests/admin_views/models.py,ReferencedByParent,True,0,1,0.0,2,2,2,0,0,0
Django-1.8.2,Django-1.8.2/tests/admin_views/models.py,ParentWithFK,True,0,3,0.0,4,2,4,0,0,0
Django-1.8.2,Django-1.8.2/tests/admin_views/models.py,ChildOfReferer,True,0,1,0.0,2,2,2,0,0,0
Django-1.8.2,Django-1.8.2/tests/admin_views/models.py,ReferencedByInline,True,0,1,0.0,2,2,2,0,0,0
Django-1.8.2,Django-1.8.2/tests/admin_views/models.py,InlineReference,True,0,3,0.0,4,2,4,0,0,0
Django-1.8.2,Django-1.8.2/tests/admin_views/models.py,InlineReferer,True,0,1,0.0,2,2,2,0,0,0
Django-1.8.2,Django-1.8.2/tests/admin_views/models.py,Recipe,True,0,1,0.0,2,2,2,0,0,0
Django-1.8.2,Django-1.8.2/tests/admin_views/models.py,Ingredient,True,0,2,0.0,3,3,3,0,0,0
Django-1.8.2,Django-1.8.2/tests/admin_views/models.py,RecipeIngredient,True,0,2,0.0,3,3,3,0,0,0
Django-1.8.2,Django-1.8.2/tests/admin_views/models.py,NotReferenced,True,0,2,0.0,3,2,2,1,0,0
Django-1.8.2,Django-1.8.2/tests/admin_views/models.py,ExplicitlyProvidedPK,True,0,1,0.0,2,2,2,0,0,0
Django-1.8.2,Django-1.8.2/tests/admin_views/models.py,ImplicitlyGeneratedPK,True,0,1,0.0,2,2,2,0,0,0
Django-1.8.2,Django-1.8.2/tests/admin_views/tests.py,AdminViewBasicTestCase,True,3,17,4.0,18,10,11,0,4,3
Django-1.8.2,Django-1.8.2/tests/admin_views/tests.py,AdminViewBasicTest,True,44,692,13.818181818181818,693,400,432,49,131,85
Django-1.8.2,Django-1.8.2/tests/admin_views/tests.py,AdminCustomTemplateTests,True,8,74,8.375,75,40,36,0,32,7
Django-1.8.2,Django-1.8.2/tests/admin_views/tests.py,AdminViewFormUrlTest,True,3,31,8.666666666666666,32,16,18,2,8,4
Django-1.8.2,Django-1.8.2/tests/admin_views/tests.py,AdminJavaScriptTest,True,2,35,16.0,36,30,29,0,5,2
Django-1.8.2,Django-1.8.2/tests/admin_views/tests.py,SaveAsTests,True,3,24,6.666666666666667,25,20,16,0,5,3
Django-1.8.2,Django-1.8.2/tests/admin_views/tests.py,CustomModelAdminTest,True,10,76,6.6,77,62,67,0,0,10
Django-1.8.2,Django-1.8.2/tests/admin_views/tests.py,AdminViewPermissionsTest,True,20,699,33.8,700,468,501,68,35,89
Django-1.8.2,Django-1.8.2/tests/admin_views/tests.py,AdminViewsNoUrlTest,True,2,26,10.5,27,16,18,3,0,4
Django-1.8.2,Django-1.8.2/tests/admin_views/tests.py,AdminViewDeletedObjectsTest,True,10,129,11.8,130,64,84,0,27,19
Django-1.8.2,Django-1.8.2/tests/admin_views/tests.py,TestGenericRelations,True,2,10,3.5,11,9,9,0,0,2
Django-1.8.2,Django-1.8.2/tests/admin_views/tests.py,AdminViewStringPrimaryKeyTest,True,16,164,9.1875,165,109,117,10,10,21
Django-1.8.2,Django-1.8.2/tests/admin_views/tests.py,SecureViewTests,True,1,15,10.0,16,11,9,0,6,1
Django-1.8.2,Django-1.8.2/tests/admin_views/tests.py,AdminViewUnicodeTest,True,3,48,14.666666666666666,49,19,39,2,6,4
Django-1.8.2,Django-1.8.2/tests/admin_views/tests.py,AdminViewListEditable,True,17,381,21.352941176470587,382,131,273,31,20,67
Django-1.8.2,Django-1.8.2/tests/admin_views/tests.py,AdminSearchTest,True,8,81,8.875,82,45,46,12,11,12
Django-1.8.2,Django-1.8.2/tests/admin_views/tests.py,AdminInheritedInlinesTest,True,2,80,38.5,81,38,60,7,0,15
Django-1.8.2,Django-1.8.2/tests/admin_views/tests.py,AdminActionsTest,True,21,272,11.857142857142858,273,152,197,6,37,26
Django-1.8.2,Django-1.8.2/tests/admin_views/tests.py,TestCustomChangeList,True,2,20,8.5,21,15,13,4,3,2
Django-1.8.2,Django-1.8.2/tests/admin_views/tests.py,TestInlineNotEditable,True,2,12,4.5,13,9,8,0,3,2
Django-1.8.2,Django-1.8.2/tests/admin_views/tests.py,AdminCustomQuerysetTest,True,9,245,26.11111111111111,246,129,188,36,4,18
Django-1.8.2,Django-1.8.2/tests/admin_views/tests.py,AdminInlineFileUploadTest,True,2,39,18.0,40,18,31,3,3,3
Django-1.8.2,Django-1.8.2/tests/admin_views/tests.py,AdminInlineTests,True,7,313,43.57142857142857,314,149,244,24,2,39
Django-1.8.2,Django-1.8.2/tests/admin_views/tests.py,NeverCacheTests,True,13,66,4.0,67,54,42,0,0,13
Django-1.8.2,Django-1.8.2/tests/admin_views/tests.py,PrePopulatedTest,True,4,28,5.5,29,22,21,1,4,4
Django-1.8.2,Django-1.8.2/tests/admin_views/tests.py,SeleniumAdminViewsFirefoxTests,True,6,216,34.333333333333336,217,116,163,17,18,20
Django-1.8.2,Django-1.8.2/tests/admin_views/tests.py,SeleniumAdminViewsChromeTests,True,0,1,0.0,2,2,2,0,0,0
Django-1.8.2,Django-1.8.2/tests/admin_views/tests.py,SeleniumAdminViewsIETests,True,0,1,0.0,2,2,2,0,0,0
Django-1.8.2,Django-1.8.2/tests/admin_views/tests.py,ReadonlyTest,True,9,112,11.333333333333334,113,79,81,4,14,14
Django-1.8.2,Django-1.8.2/tests/admin_views/tests.py,LimitChoicesToInAdminTest,True,2,19,8.0,20,11,16,1,0,2
Django-1.8.2,Django-1.8.2/tests/admin_views/tests.py,RawIdFieldsTest,True,4,72,16.75,73,41,42,24,0,7
Django-1.8.2,Django-1.8.2/tests/admin_views/tests.py,UserAdminTest,True,10,139,12.5,140,94,121,1,3,12
Django-1.8.2,Django-1.8.2/tests/admin_views/tests.py,GroupAdminTest,True,3,27,6.666666666666667,28,18,18,1,3,6
Django-1.8.2,Django-1.8.2/tests/admin_views/tests.py,CSSTest,True,9,110,11.11111111111111,111,60,65,5,30,12
Django-1.8.2,Django-1.8.2/tests/admin_views/tests.py,AdminDocsTest,True,3,35,10.333333333333334,36,19,19,7,0,10
Django-1.8.2,Django-1.8.2/tests/admin_views/tests.py,ValidXHTMLTests,True,2,9,3.0,10,8,8,0,0,2
Django-1.8.2,Django-1.8.2/tests/admin_views/tests.py,DateHierarchyTests,True,11,117,9.545454545454545,118,73,84,3,18,13
Django-1.8.2,Django-1.8.2/tests/admin_views/tests.py,AdminCustomSaveRelatedTests,True,4,64,13.75,65,34,51,0,4,10
Django-1.8.2,Django-1.8.2/tests/admin_views/tests.py,AdminViewLogoutTest,True,2,21,9.0,22,16,16,3,0,4
Django-1.8.2,Django-1.8.2/tests/admin_views/tests.py,AdminUserMessageTest,True,8,50,5.0,51,26,37,1,4,10
Django-1.8.2,Django-1.8.2/tests/admin_views/tests.py,AdminKeepChangeListFiltersTests,True,17,275,15.058823529411764,276,126,214,19,4,39
Django-1.8.2,Django-1.8.2/tests/admin_views/tests.py,NamespacedAdminKeepChangeListFiltersTests,True,0,1,0.0,2,2,2,0,0,0
Django-1.8.2,Django-1.8.2/tests/admin_views/tests.py,TestLabelVisibility,True,8,36,3.125,37,28,27,0,0,9
Django-1.8.2,Django-1.8.2/tests/admin_views/tests.py,AdminViewOnSiteTests,True,8,108,12.375,109,54,69,13,10,12
Django-1.8.2,Django-1.8.2/tests/admin_views/tests.py,InlineAdminViewOnSiteTest,True,4,22,4.25,23,19,16,0,0,4
Django-1.8.2,Django-1.8.2/tests/admin_views/tests.py,AdminGenericRelationTests,True,1,14,14.0,15,10,9,0,5,1
Django-1.8.2,Django-1.8.2/tests/admin_views/tests.py,TestEtagWithAdminView,True,1,12,10.0,13,10,10,1,0,2
Django-1.8.2,Django-1.8.2/tests/admin_views/tests.py,GetFormsetsWithInlinesArgumentTest,True,3,29,6.0,30,23,18,0,7,5
Django-1.8.2,Django-1.8.2/tests/admin_widgets/models.py,MyFileField,True,0,1,0.0,2,2,2,0,0,0
Django-1.8.2,Django-1.8.2/tests/admin_widgets/models.py,Member,True,1,7,2.0,8,7,7,0,0,1
Django-1.8.2,Django-1.8.2/tests/admin_widgets/models.py,Band,True,1,6,2.0,7,6,6,0,0,1
Django-1.8.2,Django-1.8.2/tests/admin_widgets/models.py,Album,True,1,7,2.0,8,7,7,0,0,1
Django-1.8.2,Django-1.8.2/tests/admin_widgets/models.py,HiddenInventoryManager,True,1,2,2.0,3,3,3,0,0,0
Django-1.8.2,Django-1.8.2/tests/admin_widgets/models.py,Inventory,True,1,11,2.0,12,9,9,1,0,2
Django-1.8.2,Django-1.8.2/tests/admin_widgets/models.py,Event,True,0,7,0.0,8,8,8,0,0,0
Django-1.8.2,Django-1.8.2/tests/admin_widgets/models.py,Car,True,1,6,2.0,7,6,6,0,0,1
Django-1.8.2,Django-1.8.2/tests/admin_widgets/models.py,CarTire,True,0,4,0.0,5,3,2,0,3,0
Django-1.8.2,Django-1.8.2/tests/admin_widgets/models.py,Honeycomb,True,0,1,0.0,2,2,2,0,0,0
Django-1.8.2,Django-1.8.2/tests/admin_widgets/models.py,Bee,True,0,6,0.0,7,3,2,0,5,0
Django-1.8.2,Django-1.8.2/tests/admin_widgets/models.py,Individual,True,0,8,0.0,9,5,4,0,5,0
Django-1.8.2,Django-1.8.2/tests/admin_widgets/models.py,Company,True,0,1,0.0,2,2,2,0,0,0
Django-1.8.2,Django-1.8.2/tests/admin_widgets/models.py,Advisor,True,0,7,0.0,8,4,3,0,5,0
Django-1.8.2,Django-1.8.2/tests/admin_widgets/models.py,Student,True,1,7,2.0,8,6,6,0,0,2
Django-1.8.2,Django-1.8.2/tests/admin_widgets/models.py,School,True,1,6,2.0,7,6,6,0,0,1
Django-1.8.2,Django-1.8.2/tests/admin_widgets/models.py,Profile,True,1,4,2.0,5,4,4,0,0,1
Django-1.8.2,Django-1.8.2/tests/admin_widgets/tests.py,AdminFormfieldForDBFieldTests,True,22,130,4.7727272727272725,131,78,87,5,11,27
Django-1.8.2,Django-1.8.2/tests/admin_widgets/tests.py,AdminFormfieldForDBFieldWithRequestTests,True,1,10,8.0,11,8,7,0,3,1
Django-1.8.2,Django-1.8.2/tests/admin_widgets/tests.py,AdminForeignKeyWidgetChangeList,True,2,8,2.5,9,7,7,0,0,2
Django-1.8.2,Django-1.8.2/tests/admin_widgets/tests.py,AdminForeignKeyRawIdWidget,True,5,40,6.8,41,33,31,3,0,7
Django-1.8.2,Django-1.8.2/tests/admin_widgets/tests.py,FilteredSelectMultipleWidgetTest,True,2,13,6.0,14,7,13,0,0,1
Django-1.8.2,Django-1.8.2/tests/admin_widgets/tests.py,AdminDateWidgetTest,True,1,16,16.0,17,8,12,1,4,0
Django-1.8.2,Django-1.8.2/tests/admin_widgets/tests.py,AdminTimeWidgetTest,True,1,16,16.0,17,8,12,1,4,0
Django-1.8.2,Django-1.8.2/tests/admin_widgets/tests.py,AdminSplitDateTimeWidgetTest,True,2,16,7.5,17,9,15,0,0,2
Django-1.8.2,Django-1.8.2/tests/admin_widgets/tests.py,AdminURLWidgetTest,True,3,34,10.666666666666666,35,13,31,2,0,2
Django-1.8.2,Django-1.8.2/tests/admin_widgets/tests.py,AdminFileWidgetTests,True,3,49,15.0,50,19,44,0,3,3
Django-1.8.2,Django-1.8.2/tests/admin_widgets/tests.py,ForeignKeyRawIdWidgetTest,True,5,79,14.8,80,35,64,7,0,9
Django-1.8.2,Django-1.8.2/tests/admin_widgets/tests.py,ManyToManyRawIdWidgetTest,True,2,44,21.0,45,21,35,2,0,8
Django-1.8.2,Django-1.8.2/tests/admin_widgets/tests.py,RelatedFieldWidgetWrapperTests,True,3,32,10.0,33,20,30,1,0,2
Django-1.8.2,Django-1.8.2/tests/admin_widgets/tests.py,DateTimePickerSeleniumFirefoxTests,True,5,163,30.8,164,72,78,35,21,30
Django-1.8.2,Django-1.8.2/tests/admin_widgets/tests.py,DateTimePickerSeleniumChromeTests,True,0,1,0.0,2,2,2,0,0,0
Django-1.8.2,Django-1.8.2/tests/admin_widgets/tests.py,DateTimePickerSeleniumIETests,True,0,1,0.0,2,2,2,0,0,0
Django-1.8.2,Django-1.8.2/tests/admin_widgets/tests.py,DateTimePickerShortcutsSeleniumFirefoxTests,True,1,55,51.0,56,26,28,9,7,12
Django-1.8.2,Django-1.8.2/tests/admin_widgets/tests.py,DateTimePickerShortcutsSeleniumChromeTests,True,0,1,0.0,2,2,2,0,0,0
Django-1.8.2,Django-1.8.2/tests/admin_widgets/tests.py,DateTimePickerShortcutsSeleniumIETests,True,0,1,0.0,2,2,2,0,0,0
Django-1.8.2,Django-1.8.2/tests/admin_widgets/tests.py,HorizontalVerticalFilterSeleniumFirefoxTests,True,5,242,46.6,243,140,184,26,4,32
Django-1.8.2,Django-1.8.2/tests/admin_widgets/tests.py,HorizontalVerticalFilterSeleniumChromeTests,True,0,1,0.0,2,2,2,0,0,0
Django-1.8.2,Django-1.8.2/tests/admin_widgets/tests.py,HorizontalVerticalFilterSeleniumIETests,True,0,1,0.0,2,2,2,0,0,0
Django-1.8.2,Django-1.8.2/tests/admin_widgets/tests.py,AdminRawIdWidgetSeleniumFirefoxTests,True,3,78,24.0,79,50,56,10,0,13
Django-1.8.2,Django-1.8.2/tests/admin_widgets/tests.py,AdminRawIdWidgetSeleniumChromeTests,True,0,1,0.0,2,2,2,0,0,0
Django-1.8.2,Django-1.8.2/tests/admin_widgets/tests.py,AdminRawIdWidgetSeleniumIETests,True,0,1,0.0,2,2,2,0,0,0
Django-1.8.2,Django-1.8.2/tests/admin_widgets/tests.py,RelatedFieldWidgetSeleniumFirefoxTests,True,1,52,48.0,53,38,40,5,0,8
Django-1.8.2,Django-1.8.2/tests/admin_widgets/tests.py,RelatedFieldWidgetSeleniumChromeTests,True,0,1,0.0,2,2,2,0,0,0
Django-1.8.2,Django-1.8.2/tests/admin_widgets/tests.py,RelatedFieldWidgetSeleniumIETests,True,0,1,0.0,2,2,2,0,0,0
Django-1.8.2,Django-1.8.2/tests/admin_widgets/widgetadmin.py,WidgetAdmin,True,0,1,0.0,2,2,2,0,0,0
Django-1.8.2,Django-1.8.2/tests/admin_widgets/widgetadmin.py,CarAdmin,True,0,2,0.0,3,3,3,0,0,0
Django-1.8.2,Django-1.8.2/tests/admin_widgets/widgetadmin.py,CarTireAdmin,True,1,5,5.0,6,6,6,0,0,0
Django-1.8.2,Django-1.8.2/tests/admin_widgets/widgetadmin.py,EventAdmin,True,0,1,0.0,2,2,2,0,0,0
Django-1.8.2,Django-1.8.2/tests/admin_widgets/widgetadmin.py,AlbumAdmin,True,0,2,0.0,3,3,3,0,0,0
Django-1.8.2,Django-1.8.2/tests/admin_widgets/widgetadmin.py,SchoolAdmin,True,0,2,0.0,3,3,3,0,0,0
Django-1.8.2,Django-1.8.2/tests/aggregation/models.py,Author,True,1,6,2.0,7,6,6,0,0,1
Django-1.8.2,Django-1.8.2/tests/aggregation/models.py,Publisher,True,1,5,2.0,6,5,5,0,0,1
Django-1.8.2,Django-1.8.2/tests/aggregation/models.py,Book,True,1,12,2.0,13,12,12,0,0,1
Django-1.8.2,Django-1.8.2/tests/aggregation/models.py,Store,True,1,7,2.0,8,7,7,0,0,1
Django-1.8.2,Django-1.8.2/tests/aggregation/tests.py,BaseAggregateTestCase,True,29,677,22.310344827586206,678,245,580,7,19,72
Django-1.8.2,Django-1.8.2/tests/aggregation/tests.py,ComplexAggregateTestCase,True,17,269,14.705882352941176,270,155,218,5,0,47
Django-1.8.2,Django-1.8.2/tests/aggregation_regress/models.py,Author,True,1,6,2.0,7,6,6,0,0,1
Django-1.8.2,Django-1.8.2/tests/aggregation_regress/models.py,Publisher,True,1,5,2.0,6,5,5,0,0,1
Django-1.8.2,Django-1.8.2/tests/aggregation_regress/models.py,ItemTag,True,0,4,0.0,5,5,5,0,0,0
Django-1.8.2,Django-1.8.2/tests/aggregation_regress/models.py,Book,True,1,16,2.0,17,15,15,0,0,2
Django-1.8.2,Django-1.8.2/tests/aggregation_regress/models.py,Store,True,1,7,2.0,8,7,7,0,0,1
Django-1.8.2,Django-1.8.2/tests/aggregation_regress/models.py,Entries,True,0,3,0.0,4,4,4,0,0,0
Django-1.8.2,Django-1.8.2/tests/aggregation_regress/models.py,Clues,True,0,3,0.0,4,4,4,0,0,0
Django-1.8.2,Django-1.8.2/tests/aggregation_regress/models.py,WithManualPK,True,0,5,0.0,6,2,2,4,0,0
Django-1.8.2,Django-1.8.2/tests/aggregation_regress/models.py,HardbackBook,True,1,4,2.0,5,4,4,0,0,1
Django-1.8.2,Django-1.8.2/tests/aggregation_regress/models.py,Alfa,True,0,1,0.0,2,2,2,0,0,0
Django-1.8.2,Django-1.8.2/tests/aggregation_regress/models.py,Bravo,True,0,1,0.0,2,2,2,0,0,0
Django-1.8.2,Django-1.8.2/tests/aggregation_regress/models.py,Charlie,True,0,2,0.0,3,3,3,0,0,0
Django-1.8.2,Django-1.8.2/tests/aggregation_regress/models.py,SelfRefFK,True,0,2,0.0,3,3,3,0,0,0
Django-1.8.2,Django-1.8.2/tests/aggregation_regress/tests.py,AggregationTests,True,47,1117,22.638297872340427,1118,399,835,115,46,122
Django-1.8.2,Django-1.8.2/tests/aggregation_regress/tests.py,JoinPromotionTests,True,3,31,9.666666666666666,32,25,25,5,0,2
Django-1.8.2,Django-1.8.2/tests/aggregation_regress/tests.py,SelfReferentialFKTests,True,1,9,9.0,10,7,10,0,0,0
Django-1.8.2,Django-1.8.2/tests/annotations/models.py,Author,True,1,6,2.0,7,6,6,0,0,1
Django-1.8.2,Django-1.8.2/tests/annotations/models.py,Publisher,True,1,5,2.0,6,5,5,0,0,1
Django-1.8.2,Django-1.8.2/tests/annotations/models.py,Book,True,1,12,2.0,13,12,12,0,0,1
Django-1.8.2,Django-1.8.2/tests/annotations/models.py,Store,True,1,7,2.0,8,7,7,0,0,1
Django-1.8.2,Django-1.8.2/tests/annotations/models.py,DepartmentStore,True,1,4,2.0,5,4,4,0,0,1
Django-1.8.2,Django-1.8.2/tests/annotations/models.py,Employee,True,1,12,2.0,13,9,9,3,0,1
Django-1.8.2,Django-1.8.2/tests/annotations/models.py,Company,True,1,9,4.0,10,7,9,0,0,1
Django-1.8.2,Django-1.8.2/tests/annotations/models.py,Ticket,True,1,5,2.0,6,5,5,0,0,1
Django-1.8.2,Django-1.8.2/tests/annotations/tests.py,NonAggregateAnnotationTestCase,True,26,326,11.423076923076923,327,154,251,6,24,46
Django-1.8.2,Django-1.8.2/tests/apps/apps.py,MyAdmin,True,0,2,0.0,3,3,3,0,0,0
Django-1.8.2,Django-1.8.2/tests/apps/apps.py,MyAuth,True,0,3,0.0,4,4,4,0,0,0
Django-1.8.2,Django-1.8.2/tests/apps/apps.py,BadConfig,True,0,1,0.0,2,2,1,0,0,0
Django-1.8.2,Django-1.8.2/tests/apps/apps.py,NotAConfig,True,0,1,0.0,2,2,2,0,0,0
Django-1.8.2,Django-1.8.2/tests/apps/apps.py,NoSuchApp,True,0,1,0.0,2,2,2,0,0,0
Django-1.8.2,Django-1.8.2/tests/apps/apps.py,PlainAppsConfig,True,0,1,0.0,2,2,2,0,0,0
Django-1.8.2,Django-1.8.2/tests/apps/apps.py,RelabeledAppsConfig,True,0,2,0.0,3,3,3,0,0,0
Django-1.8.2,Django-1.8.2/tests/apps/models.py,TotallyNormal,True,0,1,0.0,2,2,2,0,0,0
Django-1.8.2,Django-1.8.2/tests/apps/models.py,SoAlternative,True,0,4,0.0,5,4,4,0,0,1
Django-1.8.2,Django-1.8.2/tests/apps/tests.py,AppsTests,True,18,207,10.222222222222221,208,132,128,11,43,26
Django-1.8.2,Django-1.8.2/tests/apps/tests.py,Stub,True,1,2,2.0,3,3,3,0,0,0
Django-1.8.2,Django-1.8.2/tests/apps/tests.py,AppConfigTests,True,9,57,5.333333333333333,58,42,32,0,0,16
Django-1.8.2,Django-1.8.2/tests/apps/tests.py,NamespacePackageAppTests,True,3,42,10.666666666666666,43,22,19,8,11,5
Django-1.8.2,Django-1.8.2/tests/apps/default_config_app/apps.py,CustomConfig,True,0,1,0.0,2,2,2,0,0,0
Django-1.8.2,Django-1.8.2/tests/apps/namespace_package_base/nsapp/apps.py,NSAppConfig,True,0,2,0.0,3,3,3,0,0,0
Django-1.8.2,Django-1.8.2/tests/app_loading/tests.py,EggLoadingTest,True,7,50,6.142857142857143,51,44,39,0,0,7
Django-1.8.2,Django-1.8.2/tests/app_loading/tests.py,GetModelsTest,True,4,36,8.25,37,21,30,0,0,7
Django-1.8.2,Django-1.8.2/tests/app_loading/not_installed/models.py,NotInstalledModel,True,0,3,0.0,4,3,3,0,0,1
Django-1.8.2,Django-1.8.2/tests/app_loading/not_installed/models.py,RelatedModel,True,0,5,0.0,6,4,4,0,0,2
Django-1.8.2,Django-1.8.2/tests/app_loading/not_installed/models.py,M2MRelatedModel,True,0,5,0.0,6,4,4,0,0,2
Django-1.8.2,Django-1.8.2/tests/auth_tests/test_auth_backends.py,CountingMD5PasswordHasher,True,1,7,3.0,8,6,5,0,0,2
Django-1.8.2,Django-1.8.2/tests/auth_tests/test_auth_backends.py,BaseModelBackendTest,True,9,162,16.11111111111111,163,119,112,5,14,29
Django-1.8.2,Django-1.8.2/tests/auth_tests/test_auth_backends.py,ModelBackendTest,True,1,16,11.0,17,6,13,0,3,1
Django-1.8.2,Django-1.8.2/tests/auth_tests/test_auth_backends.py,ExtensionUserModelBackendTest,True,1,31,13.0,32,6,15,0,13,4
Django-1.8.2,Django-1.8.2/tests/auth_tests/test_auth_backends.py,CustomPermissionsUserModelBackendTest,True,1,21,11.0,22,6,13,0,6,3
Django-1.8.2,Django-1.8.2/tests/auth_tests/test_auth_backends.py,CustomUserModelBackendAuthenticateTest,True,1,13,8.0,14,6,9,0,4,1
Django-1.8.2,Django-1.8.2/tests/auth_tests/test_auth_backends.py,UUIDUserTests,True,1,8,7.0,9,6,5,0,3,1
Django-1.8.2,Django-1.8.2/tests/auth_tests/test_auth_backends.py,TestObj,True,0,1,0.0,2,2,2,0,0,0
Django-1.8.2,Django-1.8.2/tests/auth_tests/test_auth_backends.py,SimpleRowlevelBackend,True,4,43,10.0,44,36,36,3,0,8
Django-1.8.2,Django-1.8.2/tests/auth_tests/test_auth_backends.py,RowlevelBackendTest,True,5,33,5.0,34,24,23,3,3,5
Django-1.8.2,Django-1.8.2/tests/auth_tests/test_auth_backends.py,AnonymousUserBackendTest,True,5,21,2.6,22,15,14,0,3,5
Django-1.8.2,Django-1.8.2/tests/auth_tests/test_auth_backends.py,NoBackendsTest,True,2,8,2.0,9,6,5,0,3,1
Django-1.8.2,Django-1.8.2/tests/auth_tests/test_auth_backends.py,InActiveUserBackendTest,True,3,16,3.3333333333333335,17,12,11,0,3,3
Django-1.8.2,Django-1.8.2/tests/auth_tests/test_auth_backends.py,PermissionDeniedBackend,True,3,15,2.0,16,11,10,0,3,3
Django-1.8.2,Django-1.8.2/tests/auth_tests/test_auth_backends.py,PermissionDeniedBackendTest,True,5,39,4.4,40,27,29,0,3,7
Django-1.8.2,Django-1.8.2/tests/auth_tests/test_auth_backends.py,NewModelBackend,True,0,1,0.0,2,2,2,0,0,0
Django-1.8.2,Django-1.8.2/tests/auth_tests/test_auth_backends.py,ChangedBackendSettingsTest,True,2,41,15.0,42,18,22,6,7,7
Django-1.8.2,Django-1.8.2/tests/auth_tests/test_auth_backends.py,TypeErrorBackend,True,1,9,2.0,10,7,6,0,3,1
Django-1.8.2,Django-1.8.2/tests/auth_tests/test_auth_backends.py,TypeErrorBackendTest,True,2,13,2.0,14,8,7,0,4,3
Django-1.8.2,Django-1.8.2/tests/auth_tests/test_auth_backends.py,ImproperlyConfiguredUserModelTest,True,2,20,6.0,21,10,12,1,5,3
Django-1.8.2,Django-1.8.2/tests/auth_tests/test_auth_backends.py,ImportedModelBackend,True,0,1,0.0,2,2,2,0,0,0
Django-1.8.2,Django-1.8.2/tests/auth_tests/test_auth_backends.py,ImportedBackendTests,True,1,16,8.0,17,12,11,0,4,2
Django-1.8.2,Django-1.8.2/tests/auth_tests/test_basic.py,BasicTestCase,True,9,92,9.0,93,75,66,4,0,14
Django-1.8.2,Django-1.8.2/tests/auth_tests/test_context_processors.py,MockUser,True,2,9,4.0,10,9,9,0,0,1
Django-1.8.2,Django-1.8.2/tests/auth_tests/test_context_processors.py,PermWrapperTests,True,2,34,8.5,35,23,19,1,12,3
Django-1.8.2,Django-1.8.2/tests/auth_tests/test_context_processors.py,AuthContextProcessorTests,True,6,90,13.0,91,45,47,22,14,8
Django-1.8.2,Django-1.8.2/tests/auth_tests/test_decorators.py,LoginRequiredTestCase,True,4,42,8.75,43,26,22,0,17,4
Django-1.8.2,Django-1.8.2/tests/auth_tests/test_decorators.py,PermissionsRequiredDecoratorTest,True,5,50,8.6,51,38,39,1,3,8
Django-1.8.2,Django-1.8.2/tests/auth_tests/test_forms.py,UserCreationFormTest,True,5,63,11.2,64,41,54,3,0,7
Django-1.8.2,Django-1.8.2/tests/auth_tests/test_forms.py,AuthenticationFormTest,True,8,108,12.25,109,65,81,7,0,21
Django-1.8.2,Django-1.8.2/tests/auth_tests/test_forms.py,SetPasswordFormTest,True,2,23,9.5,24,15,20,1,0,3
Django-1.8.2,Django-1.8.2/tests/auth_tests/test_forms.py,PasswordChangeFormTest,True,4,44,9.5,45,25,37,3,0,5
Django-1.8.2,Django-1.8.2/tests/auth_tests/test_forms.py,UserChangeFormTest,True,8,74,8.0,75,49,49,11,0,14
Django-1.8.2,Django-1.8.2/tests/auth_tests/test_forms.py,PasswordResetFormTest,True,12,161,12.166666666666666,162,117,113,9,25,15
Django-1.8.2,Django-1.8.2/tests/auth_tests/test_forms.py,ReadOnlyPasswordHashTest,True,2,11,4.5,12,8,8,2,0,2
Django-1.8.2,Django-1.8.2/tests/auth_tests/test_handlers.py,ModWsgiHandlerTestCase,True,3,64,17.333333333333332,65,27,26,8,16,15
Django-1.8.2,Django-1.8.2/tests/auth_tests/test_hashers.py,PBKDF2SingleIterationHasher,True,0,1,0.0,2,2,2,0,0,0
Django-1.8.2,Django-1.8.2/tests/auth_tests/test_hashers.py,TestUtilsHashPass,True,22,294,12.227272727272727,295,229,232,22,4,37
Django-1.8.2,Django-1.8.2/tests/auth_tests/test_management.py,MockTTY,True,1,6,2.0,7,4,3,0,4,0
Django-1.8.2,Django-1.8.2/tests/auth_tests/test_management.py,GetDefaultUsernameTestCase,True,6,25,3.1666666666666665,26,21,19,1,0,6
Django-1.8.2,Django-1.8.2/tests/auth_tests/test_management.py,ChangepasswordManagementCommandTestCase,True,5,48,8.6,49,32,29,1,8,10
Django-1.8.2,Django-1.8.2/tests/auth_tests/test_management.py,CreatesuperuserManagementCommandTestCase,True,11,255,21.363636363636363,256,121,198,15,13,27
Django-1.8.2,Django-1.8.2/tests/auth_tests/test_management.py,CustomUserModelValidationTestCase,True,4,68,13.5,69,29,60,0,3,3
Django-1.8.2,Django-1.8.2/tests/auth_tests/test_management.py,PermissionTestCase,True,5,78,14.6,79,36,56,5,4,14
Django-1.8.2,Django-1.8.2/tests/auth_tests/test_middleware.py,TestSessionAuthenticationMiddleware,True,3,42,13.333333333333334,43,28,32,3,4,4
Django-1.8.2,Django-1.8.2/tests/auth_tests/test_models.py,NaturalKeysTestCase,True,2,10,3.5,11,9,9,0,0,2
Django-1.8.2,Django-1.8.2/tests/auth_tests/test_models.py,LoadDataWithoutNaturalKeysTestCase,True,1,6,4.0,7,6,6,0,0,1
Django-1.8.2,Django-1.8.2/tests/auth_tests/test_models.py,LoadDataWithNaturalKeysTestCase,True,1,6,4.0,7,6,6,0,0,1
Django-1.8.2,Django-1.8.2/tests/auth_tests/test_models.py,LoadDataWithNaturalKeysAndMultipleDatabasesTestCase,True,1,51,49.0,52,11,45,2,0,5
Django-1.8.2,Django-1.8.2/tests/auth_tests/test_models.py,UserManagerTestCase,True,5,28,4.6,29,18,22,2,0,5
Django-1.8.2,Django-1.8.2/tests/auth_tests/test_models.py,AbstractUserTestCase,True,2,27,13.0,28,17,23,3,0,2
Django-1.8.2,Django-1.8.2/tests/auth_tests/test_models.py,IsActiveTestCase,True,2,29,11.5,30,19,17,5,6,2
Django-1.8.2,Django-1.8.2/tests/auth_tests/test_models.py,TestCreateSuperUserSignals,True,5,20,2.6,21,15,14,0,3,4
Django-1.8.2,Django-1.8.2/tests/auth_tests/test_remote_user.py,RemoteUserTest,True,8,134,14.75,135,92,81,14,23,16
Django-1.8.2,Django-1.8.2/tests/auth_tests/test_remote_user.py,RemoteUserNoCreateBackend,True,0,2,0.0,3,3,2,0,0,0
Django-1.8.2,Django-1.8.2/tests/auth_tests/test_remote_user.py,RemoteUserNoCreateTest,True,1,12,5.0,13,9,7,0,4,2
Django-1.8.2,Django-1.8.2/tests/auth_tests/test_remote_user.py,CustomRemoteUserBackend,True,2,17,6.0,18,10,7,0,9,2
Django-1.8.2,Django-1.8.2/tests/auth_tests/test_remote_user.py,RemoteUserCustomTest,True,2,27,7.5,28,15,12,2,11,3
Django-1.8.2,Django-1.8.2/tests/auth_tests/test_remote_user.py,CustomHeaderMiddleware,True,0,4,0.0,5,3,2,0,3,0
Django-1.8.2,Django-1.8.2/tests/auth_tests/test_remote_user.py,CustomHeaderRemoteUserTest,True,0,8,0.0,9,4,5,0,4,0
Django-1.8.2,Django-1.8.2/tests/auth_tests/test_signals.py,SignalTestCase,True,9,68,6.444444444444445,69,50,48,6,0,12
Django-1.8.2,Django-1.8.2/tests/auth_tests/test_templates.py,AuthTemplateTests,True,1,40,39.0,41,31,31,2,0,8
Django-1.8.2,Django-1.8.2/tests/auth_tests/test_tokens.py,TokenGeneratorTest,True,4,57,13.0,58,36,33,4,13,8
Django-1.8.2,Django-1.8.2/tests/auth_tests/test_views.py,AuthViewsTestCase,True,4,39,7.75,40,24,23,0,11,5
Django-1.8.2,Django-1.8.2/tests/auth_tests/test_views.py,AuthViewNamedURLTests,True,1,21,20.0,22,10,20,0,0,1
Django-1.8.2,Django-1.8.2/tests/auth_tests/test_views.py,PasswordResetTest,True,23,216,8.130434782608695,217,154,150,28,6,28
Django-1.8.2,Django-1.8.2/tests/auth_tests/test_views.py,CustomUserPasswordResetTest,True,3,26,7.0,27,20,21,3,0,3
Django-1.8.2,Django-1.8.2/tests/auth_tests/test_views.py,UUIDUserPasswordResetTest,True,1,10,8.0,11,5,9,1,0,1
Django-1.8.2,Django-1.8.2/tests/auth_tests/test_views.py,ChangePasswordTest,True,10,86,7.5,87,53,77,0,0,10
Django-1.8.2,Django-1.8.2/tests/auth_tests/test_views.py,SessionAuthenticationTests,True,1,13,13.0,14,7,9,1,4,0
Django-1.8.2,Django-1.8.2/tests/auth_tests/test_views.py,LoginTest,True,7,146,19.571428571428573,147,82,103,13,15,18
Django-1.8.2,Django-1.8.2/tests/auth_tests/test_views.py,LoginURLSettings,True,8,39,3.0,40,33,32,0,0,7
Django-1.8.2,Django-1.8.2/tests/auth_tests/test_views.py,LoginRedirectUrlTest,True,5,20,2.4,21,17,16,0,0,4
Django-1.8.2,Django-1.8.2/tests/auth_tests/test_views.py,RedirectToLoginTests,True,2,12,4.0,13,12,11,0,0,1
Django-1.8.2,Django-1.8.2/tests/auth_tests/test_views.py,LogoutTest,True,10,116,10.6,117,77,91,6,0,15
Django-1.8.2,Django-1.8.2/tests/auth_tests/test_views.py,ChangelistTests,True,8,78,8.5,79,45,67,4,0,8
Django-1.8.2,Django-1.8.2/tests/auth_tests/test_views.py,UUIDUserTests,True,1,24,23.0,25,18,20,2,0,4
Django-1.8.2,Django-1.8.2/tests/auth_tests/urls.py,CustomRequestAuthenticationForm,True,1,3,3.0,4,4,4,0,0,0
Django-1.8.2,Django-1.8.2/tests/auth_tests/urls_custom_user_admin.py,CustomUserAdmin,True,1,5,5.0,6,4,4,2,0,0
Django-1.8.2,Django-1.8.2/tests/auth_tests/models/custom_permissions.py,CustomPermissionsUserManager,True,1,5,5.0,6,6,6,0,0,0
Django-1.8.2,Django-1.8.2/tests/auth_tests/models/invalid_models.py,CustomUserNonUniqueUsername,True,0,7,0.0,8,6,5,0,0,2
Django-1.8.2,Django-1.8.2/tests/auth_tests/models/invalid_models.py,CustomUserNonListRequiredFields,True,0,9,0.0,10,8,7,0,0,2
Django-1.8.2,Django-1.8.2/tests/auth_tests/models/invalid_models.py,CustomUserBadRequiredFields,True,0,9,0.0,10,8,7,0,0,2
Django-1.8.2,Django-1.8.2/tests/auth_tests/models/is_active.py,IsActiveTestUser1,True,0,11,0.0,12,7,6,0,3,3
Django-1.8.2,Django-1.8.2/tests/auth_tests/models/with_foreign_key.py,Email,True,0,4,0.0,5,4,4,0,0,1
Django-1.8.2,Django-1.8.2/tests/auth_tests/models/with_foreign_key.py,CustomUserWithFKManager,True,1,5,5.0,6,6,6,0,0,0
Django-1.8.2,Django-1.8.2/tests/auth_tests/models/with_foreign_key.py,CustomUserWithFK,True,0,11,0.0,12,9,9,0,0,3
Django-1.8.2,Django-1.8.2/tests/backends/models.py,Square,True,1,5,2.0,6,5,5,0,0,1
Django-1.8.2,Django-1.8.2/tests/backends/models.py,Person,True,1,5,2.0,6,5,5,0,0,1
Django-1.8.2,Django-1.8.2/tests/backends/models.py,SchoolClass,True,0,3,0.0,4,4,4,0,0,0
Django-1.8.2,Django-1.8.2/tests/backends/models.py,VeryLongModelNameZZZZZZZZZZZZZZZZZZZZZZZZZZZZZZZZZZZZZZZZZZ,True,0,7,0.0,8,6,6,2,0,0
Django-1.8.2,Django-1.8.2/tests/backends/models.py,Tag,True,0,4,0.0,5,5,5,0,0,0
Django-1.8.2,Django-1.8.2/tests/backends/models.py,Post,True,0,6,0.0,7,6,6,0,0,1
Django-1.8.2,Django-1.8.2/tests/backends/models.py,Reporter,True,1,5,2.0,6,5,5,0,0,1
Django-1.8.2,Django-1.8.2/tests/backends/models.py,ReporterProxy,True,0,2,0.0,3,3,3,0,0,0
Django-1.8.2,Django-1.8.2/tests/backends/models.py,Article,True,1,8,2.0,9,7,8,0,0,1
Django-1.8.2,Django-1.8.2/tests/backends/models.py,Item,True,1,7,2.0,8,7,7,0,0,1
Django-1.8.2,Django-1.8.2/tests/backends/models.py,Object,True,1,4,2.0,5,4,4,0,0,1
Django-1.8.2,Django-1.8.2/tests/backends/models.py,ObjectReference,True,1,4,2.0,5,4,4,0,0,1
Django-1.8.2,Django-1.8.2/tests/backends/models.py,RawData,True,0,1,0.0,2,2,2,0,0,0
Django-1.8.2,Django-1.8.2/tests/backends/tests.py,DummyBackendTest,True,1,11,10.0,12,8,8,0,3,1
Django-1.8.2,Django-1.8.2/tests/backends/tests.py,OracleTests,True,6,54,8.0,55,33,34,13,0,8
Django-1.8.2,Django-1.8.2/tests/backends/tests.py,SQLiteTests,True,2,35,15.5,36,18,26,0,7,3
Django-1.8.2,Django-1.8.2/tests/backends/tests.py,PostgreSQLTests,True,12,175,13.583333333333334,176,115,112,17,15,28
Django-1.8.2,Django-1.8.2/tests/backends/tests.py,DateQuotingTest,True,2,27,12.5,28,13,11,0,11,6
Django-1.8.2,Django-1.8.2/tests/backends/tests.py,LastExecutedQueryTest,True,4,37,7.75,38,26,25,2,7,4
Django-1.8.2,Django-1.8.2/tests/backends/tests.py,ParameterHandlingTest,True,1,11,10.0,12,7,10,0,0,1
Django-1.8.2,Django-1.8.2/tests/backends/tests.py,LongNameTest,True,3,39,9.666666666666666,40,21,24,3,6,4
Django-1.8.2,Django-1.8.2/tests/backends/tests.py,SequenceResetTest,True,1,16,15.0,17,10,9,4,0,3
Django-1.8.2,Django-1.8.2/tests/backends/tests.py,ConnectionCreatedSignalTest,True,1,21,15.0,22,15,15,2,0,5
Django-1.8.2,Django-1.8.2/tests/backends/tests.py,EscapingChecks,True,3,26,5.0,27,17,17,2,4,4
Django-1.8.2,Django-1.8.2/tests/backends/tests.py,EscapingChecksDebug,True,0,1,0.0,2,2,2,0,0,0
Django-1.8.2,Django-1.8.2/tests/backends/tests.py,BackendTestCase,True,19,242,11.052631578947368,243,173,167,25,18,32
Django-1.8.2,Django-1.8.2/tests/backends/tests.py,FkConstraintsTests,True,6,104,16.0,105,67,66,15,17,7
Django-1.8.2,Django-1.8.2/tests/backends/tests.py,ThreadTests,True,4,152,36.5,153,95,93,28,18,14
Django-1.8.2,Django-1.8.2/tests/backends/tests.py,MySQLPKZeroTests,True,1,8,3.0,9,6,5,0,4,0
Django-1.8.2,Django-1.8.2/tests/backends/tests.py,DBConstraintTestCase,True,3,28,8.333333333333334,29,23,23,0,0,6
Django-1.8.2,Django-1.8.2/tests/backends/tests.py,BackendUtilTests,True,1,52,51.0,53,28,48,0,3,2
Django-1.8.2,Django-1.8.2/tests/backends/tests.py,DBTestSettingsRenamedTests,True,11,114,9.0,115,62,96,7,0,12
Django-1.8.2,Django-1.8.2/tests/backends/tests.py,TestSqliteThreadSharing,True,1,13,11.0,14,10,10,0,0,4
Django-1.8.2,Django-1.8.2/tests/base/models.py,CustomBaseModel,True,0,1,0.0,2,2,2,0,0,0
Django-1.8.2,Django-1.8.2/tests/base/models.py,MyModel,True,0,1,0.0,2,2,1,0,0,0
Django-1.8.2,Django-1.8.2/tests/bash_completion/tests.py,BashCompletionTests,True,12,96,6.583333333333333,97,67,59,2,16,14
Django-1.8.2,Django-1.8.2/tests/bash_completion/management/commands/test_command.py,Command,True,2,6,2.5,7,5,6,0,0,1
Django-1.8.2,Django-1.8.2/tests/basic/models.py,Article,True,1,8,2.0,9,7,7,0,0,2
Django-1.8.2,Django-1.8.2/tests/basic/models.py,ArticleSelectOnSave,True,0,3,0.0,4,4,4,0,0,0
Django-1.8.2,Django-1.8.2/tests/basic/models.py,SelfRef,True,1,7,4.0,8,4,5,2,0,1
Django-1.8.2,Django-1.8.2/tests/basic/tests.py,ModelInstanceCreationTests,True,11,120,9.909090909090908,121,67,90,5,8,17
Django-1.8.2,Django-1.8.2/tests/basic/tests.py,ModelTest,True,23,287,11.347826086956522,288,145,220,29,11,28
Django-1.8.2,Django-1.8.2/tests/basic/tests.py,ModelLookupTest,True,7,131,17.857142857142858,132,40,101,18,0,13
Django-1.8.2,Django-1.8.2/tests/basic/tests.py,ConcurrentSaveTests,True,1,26,22.0,27,20,19,1,4,3
Django-1.8.2,Django-1.8.2/tests/basic/tests.py,ManagerTest,True,1,53,13.0,54,5,45,0,7,2
Django-1.8.2,Django-1.8.2/tests/basic/tests.py,SelectOnSaveTests,True,2,55,27.0,56,38,37,9,5,5
Django-1.8.2,Django-1.8.2/tests/basic/tests.py,ModelRefreshTests,True,6,61,9.333333333333334,62,51,51,5,0,6
Django-1.8.2,Django-1.8.2/tests/basic/tests.py,TestRelatedObjectDeprecation,True,1,10,10.0,11,8,11,0,0,0
Django-1.8.2,Django-1.8.2/tests/builtin_server/tests.py,ServerHandler,True,3,37,10.333333333333334,38,27,26,5,0,7
Django-1.8.2,Django-1.8.2/tests/builtin_server/tests.py,DummyHandler,True,1,2,2.0,3,3,3,0,0,0
Django-1.8.2,Django-1.8.2/tests/builtin_server/tests.py,FileWrapperHandler,True,2,8,3.5,9,8,8,0,0,1
Django-1.8.2,Django-1.8.2/tests/builtin_server/tests.py,WSGIFileWrapperTests,True,2,23,7.0,24,18,15,0,6,3
Django-1.8.2,Django-1.8.2/tests/builtin_server/tests.py,WriteChunkCounterHandler,True,3,19,4.0,20,14,13,0,4,3
Django-1.8.2,Django-1.8.2/tests/builtin_server/tests.py,ServerHandlerChunksProperly,True,1,13,5.0,14,8,6,0,6,2
Django-1.8.2,Django-1.8.2/tests/bulk_create/models.py,Country,True,0,2,0.0,3,3,3,0,0,0
Django-1.8.2,Django-1.8.2/tests/bulk_create/models.py,Place,True,0,4,0.0,5,4,4,0,0,1
Django-1.8.2,Django-1.8.2/tests/bulk_create/models.py,Restaurant,True,0,1,0.0,2,2,2,0,0,0
Django-1.8.2,Django-1.8.2/tests/bulk_create/models.py,Pizzeria,True,0,1,0.0,2,2,2,0,0,0
Django-1.8.2,Django-1.8.2/tests/bulk_create/models.py,State,True,0,1,0.0,2,2,2,0,0,0
Django-1.8.2,Django-1.8.2/tests/bulk_create/models.py,TwoFields,True,0,2,0.0,3,3,3,0,0,0
Django-1.8.2,Django-1.8.2/tests/bulk_create/tests.py,BulkCreateTests,True,15,154,8.866666666666667,155,86,122,6,12,15
Django-1.8.2,Django-1.8.2/tests/cache/closeable_cache.py,CloseHookMixin,True,1,4,2.0,5,4,4,0,0,1
Django-1.8.2,Django-1.8.2/tests/cache/closeable_cache.py,CacheClass,True,0,1,0.0,2,2,2,0,0,0
Django-1.8.2,Django-1.8.2/tests/cache/liberal_backend.py,LiberalKeyValidationMixin,True,1,2,2.0,3,3,3,0,0,0
Django-1.8.2,Django-1.8.2/tests/cache/liberal_backend.py,CacheClass,True,0,1,0.0,2,2,2,0,0,0
Django-1.8.2,Django-1.8.2/tests/cache/models.py,Poll,True,0,3,0.0,4,4,4,0,0,0
Django-1.8.2,Django-1.8.2/tests/cache/tests.py,C,True,1,2,2.0,3,3,3,0,0,0
Django-1.8.2,Django-1.8.2/tests/cache/tests.py,Unpickable,True,1,2,2.0,3,3,3,0,0,0
Django-1.8.2,Django-1.8.2/tests/cache/tests.py,DummyCacheTests,True,17,125,6.235294117647059,126,96,88,2,0,19
Django-1.8.2,Django-1.8.2/tests/cache/tests.py,BaseCacheTests,True,44,655,13.863636363636363,656,481,474,55,17,109
Django-1.8.2,Django-1.8.2/tests/cache/tests.py,DBCacheTests,True,8,52,5.25,53,31,37,3,4,9
Django-1.8.2,Django-1.8.2/tests/cache/tests.py,DBCacheWithTimeZoneTests,True,0,1,0.0,2,2,2,0,0,0
Django-1.8.2,Django-1.8.2/tests/cache/tests.py,DBCacheRouter,True,3,16,4.0,17,14,13,0,0,3
Django-1.8.2,Django-1.8.2/tests/cache/tests.py,CreateCacheTableForDBCacheTests,True,1,21,18.0,22,9,13,8,0,1
Django-1.8.2,Django-1.8.2/tests/cache/tests.py,PicklingSideEffect,True,2,9,3.5,10,8,8,0,0,2
Django-1.8.2,Django-1.8.2/tests/cache/tests.py,LocMemCacheTests,True,4,50,9.75,51,35,37,2,0,9
Django-1.8.2,Django-1.8.2/tests/cache/tests.py,MemcachedCacheTests,True,7,64,7.285714285714286,65,30,32,15,7,11
Django-1.8.2,Django-1.8.2/tests/cache/tests.py,FileBasedCacheTests,True,5,37,5.8,38,26,26,4,3,5
Django-1.8.2,Django-1.8.2/tests/cache/tests.py,CustomCacheKeyValidationTests,True,1,12,6.0,13,7,6,1,5,1
Django-1.8.2,Django-1.8.2/tests/cache/tests.py,GetCacheTests,True,3,32,9.0,33,22,27,1,0,5
Django-1.8.2,Django-1.8.2/tests/cache/tests.py,DefaultNonExpiringCacheKeyTests,True,7,63,7.0,64,37,31,3,21,9
Django-1.8.2,Django-1.8.2/tests/cache/tests.py,CacheUtils,True,10,125,11.4,126,64,99,10,3,16
Django-1.8.2,Django-1.8.2/tests/cache/tests.py,PrefixedCacheUtils,True,0,1,0.0,2,2,2,0,0,0
Django-1.8.2,Django-1.8.2/tests/cache/tests.py,CacheHEADTest,True,5,37,6.4,38,29,29,0,0,9
Django-1.8.2,Django-1.8.2/tests/cache/tests.py,CacheI18nTest,True,11,230,18.363636363636363,231,146,191,22,0,20
Django-1.8.2,Django-1.8.2/tests/cache/tests.py,PrefixedCacheI18nTest,True,0,1,0.0,2,2,2,0,0,0
Django-1.8.2,Django-1.8.2/tests/cache/tests.py,CacheMiddlewareTest,True,6,168,27.0,169,92,90,30,9,42
Django-1.8.2,Django-1.8.2/tests/cache/tests.py,TestWithTemplateResponse,True,7,93,11.0,94,52,73,7,7,8
Django-1.8.2,Django-1.8.2/tests/cache/tests.py,TestMakeTemplateFragmentKey,True,4,18,3.75,19,13,16,0,0,3
Django-1.8.2,Django-1.8.2/tests/cache/tests.py,CacheHandlerTest,True,2,25,12.0,26,16,14,0,7,5
Django-1.8.2,Django-1.8.2/tests/check_framework/models.py,SimpleModel,True,0,2,0.0,3,3,3,0,0,0
Django-1.8.2,Django-1.8.2/tests/check_framework/tests.py,DummyObj,True,1,2,2.0,3,3,3,0,0,0
Django-1.8.2,Django-1.8.2/tests/check_framework/tests.py,SystemCheckFrameworkTests,True,1,43,42.0,44,31,31,3,0,10
Django-1.8.2,Django-1.8.2/tests/check_framework/tests.py,MessageTests,True,7,37,4.285714285714286,38,31,31,0,0,7
Django-1.8.2,Django-1.8.2/tests/check_framework/tests.py,Django_1_7_0_CompatibilityChecks,True,2,31,14.0,32,17,28,2,0,2
Django-1.8.2,Django-1.8.2/tests/check_framework/tests.py,CheckCommandTests,True,12,64,3.5,65,58,53,0,0,12
Django-1.8.2,Django-1.8.2/tests/check_framework/tests.py,SilencingCheckTests,True,4,39,7.75,40,29,35,0,0,5
Django-1.8.2,Django-1.8.2/tests/check_framework/tests.py,IsolateModelsMixin,True,2,8,3.5,9,8,8,0,0,1
Django-1.8.2,Django-1.8.2/tests/check_framework/tests.py,CheckFrameworkReservedNamesTests,True,1,43,39.0,44,15,40,1,0,4
Django-1.8.2,Django-1.8.2/tests/check_framework/test_model_field_deprecation.py,TestDeprecatedField,True,2,37,18.0,38,16,33,0,0,5
Django-1.8.2,Django-1.8.2/tests/check_framework/test_model_field_deprecation.py,TestRemovedField,True,2,37,18.0,38,16,33,0,0,5
Django-1.8.2,Django-1.8.2/tests/check_framework/test_security.py,CheckSessionCookieSecureTest,True,5,48,5.4,49,21,29,0,16,4
Django-1.8.2,Django-1.8.2/tests/check_framework/test_security.py,CheckSessionCookieHttpOnlyTest,True,5,48,5.4,49,21,29,0,16,4
Django-1.8.2,Django-1.8.2/tests/check_framework/test_security.py,CheckCSRFMiddlewareTest,True,3,16,3.3333333333333335,17,12,12,0,3,2
Django-1.8.2,Django-1.8.2/tests/check_framework/test_security.py,CheckCSRFCookieSecureTest,True,4,28,4.25,29,16,18,0,8,3
Django-1.8.2,Django-1.8.2/tests/check_framework/test_security.py,CheckCSRFCookieHttpOnlyTest,True,4,28,4.25,29,16,18,0,8,3
Django-1.8.2,Django-1.8.2/tests/check_framework/test_security.py,CheckSecurityMiddlewareTest,True,3,16,3.3333333333333335,17,12,12,0,3,2
Django-1.8.2,Django-1.8.2/tests/check_framework/test_security.py,CheckStrictTransportSecurityTest,True,4,29,4.0,30,16,20,0,7,3
Django-1.8.2,Django-1.8.2/tests/check_framework/test_security.py,CheckStrictTransportSecuritySubdomainsTest,True,5,41,4.0,42,20,29,0,9,4
Django-1.8.2,Django-1.8.2/tests/check_framework/test_security.py,CheckXFrameOptionsMiddlewareTest,True,3,15,3.3333333333333335,16,12,11,0,3,2
Django-1.8.2,Django-1.8.2/tests/check_framework/test_security.py,CheckXFrameOptionsDenyTest,True,4,30,4.25,31,16,20,0,8,3
Django-1.8.2,Django-1.8.2/tests/check_framework/test_security.py,CheckContentTypeNosniffTest,True,4,29,4.0,30,16,20,0,7,3
Django-1.8.2,Django-1.8.2/tests/check_framework/test_security.py,CheckXssFilterTest,True,4,29,4.0,30,16,20,0,7,3
Django-1.8.2,Django-1.8.2/tests/check_framework/test_security.py,CheckSSLRedirectTest,True,4,29,4.0,30,16,20,0,7,3
Django-1.8.2,Django-1.8.2/tests/check_framework/test_security.py,CheckSecretKeyTest,True,7,34,3.0,35,29,29,0,0,6
Django-1.8.2,Django-1.8.2/tests/check_framework/test_security.py,CheckDebugTest,True,3,15,3.3333333333333335,16,12,11,0,3,2
Django-1.8.2,Django-1.8.2/tests/choices/models.py,Person,True,1,5,2.0,6,5,5,0,0,1
Django-1.8.2,Django-1.8.2/tests/choices/tests.py,ChoicesTests,True,1,16,16.0,17,12,12,2,0,3
Django-1.8.2,Django-1.8.2/tests/commands_sql/models.py,Comment,True,0,1,0.0,2,2,2,0,0,0
Django-1.8.2,Django-1.8.2/tests/commands_sql/models.py,Book,True,0,3,0.0,4,4,4,0,0,0
Django-1.8.2,Django-1.8.2/tests/commands_sql/tests.py,SQLCommandsTestCase,True,7,71,8.714285714285714,72,53,55,6,0,9
Django-1.8.2,Django-1.8.2/tests/commands_sql/tests.py,TestRouter,True,1,2,2.0,3,3,3,0,0,0
Django-1.8.2,Django-1.8.2/tests/commands_sql/tests.py,SQLCommandsRouterTestCase,True,1,13,12.0,14,11,12,1,0,1
Django-1.8.2,Django-1.8.2/tests/commands_sql_migrations/models.py,Comment,True,0,1,0.0,2,2,2,0,0,0
Django-1.8.2,Django-1.8.2/tests/commands_sql_migrations/models.py,Book,True,0,2,0.0,3,3,3,0,0,0
Django-1.8.2,Django-1.8.2/tests/commands_sql_migrations/tests.py,SQLCommandsMigrationsTestCase,True,5,27,4.2,28,22,22,0,0,5
Django-1.8.2,Django-1.8.2/tests/commands_sql_migrations/migrations/0001_initial.py,Migration,True,0,26,0.0,27,3,25,0,0,2
Django-1.8.2,Django-1.8.2/tests/conditional_processing/tests.py,ConditionalGet,True,20,175,7.75,176,147,147,2,0,27
Django-1.8.2,Django-1.8.2/tests/contenttypes_tests/models.py,Author,True,2,7,2.0,8,6,6,0,0,2
Django-1.8.2,Django-1.8.2/tests/contenttypes_tests/models.py,Article,True,1,7,2.0,8,7,7,0,0,1
Django-1.8.2,Django-1.8.2/tests/contenttypes_tests/models.py,SchemeIncludedURL,True,2,7,2.0,8,6,6,0,0,2
Django-1.8.2,Django-1.8.2/tests/contenttypes_tests/models.py,ConcreteModel,True,0,1,0.0,2,2,2,0,0,0
Django-1.8.2,Django-1.8.2/tests/contenttypes_tests/models.py,ProxyModel,True,0,2,0.0,3,3,3,0,0,0
Django-1.8.2,Django-1.8.2/tests/contenttypes_tests/models.py,FooWithoutUrl,True,1,8,2.0,9,5,4,0,4,1
Django-1.8.2,Django-1.8.2/tests/contenttypes_tests/models.py,FooWithUrl,True,1,7,2.0,8,4,3,0,4,1
Django-1.8.2,Django-1.8.2/tests/contenttypes_tests/models.py,FooWithBrokenAbsoluteUrl,True,1,6,2.0,7,4,3,0,3,1
Django-1.8.2,Django-1.8.2/tests/contenttypes_tests/tests.py,ContentTypesViewsTests,True,8,70,7.625,71,50,49,0,9,11
Django-1.8.2,Django-1.8.2/tests/contenttypes_tests/tests.py,IsolatedModelsTestCase,True,2,9,4.0,10,7,7,2,0,1
Django-1.8.2,Django-1.8.2/tests/contenttypes_tests/tests.py,GenericForeignKeyTests,True,9,155,16.11111111111111,156,83,121,10,9,21
Django-1.8.2,Django-1.8.2/tests/contenttypes_tests/tests.py,GenericRelationshipTests,True,7,124,16.571428571428573,125,67,104,0,0,21
Django-1.8.2,Django-1.8.2/tests/contenttypes_tests/tests.py,UpdateContentTypesTests,True,3,25,7.666666666666667,26,19,16,0,8,2
Django-1.8.2,Django-1.8.2/tests/contenttypes_tests/tests.py,TestRouter,True,2,5,2.0,6,5,5,0,0,1
Django-1.8.2,Django-1.8.2/tests/contenttypes_tests/tests.py,ContentTypesMultidbTestCase,True,2,20,9.0,21,8,8,6,4,3
Django-1.8.2,Django-1.8.2/tests/contenttypes_tests/test_models.py,ContentTypesTests,True,14,271,18.142857142857142,272,131,176,14,40,42
Django-1.8.2,Django-1.8.2/tests/context_processors/models.py,DebugObject,True,0,1,0.0,2,2,2,0,0,0
Django-1.8.2,Django-1.8.2/tests/context_processors/tests.py,RequestContextProcessorTests,True,1,27,23.0,28,23,17,3,7,1
Django-1.8.2,Django-1.8.2/tests/context_processors/tests.py,DebugContextProcessorTests,True,2,26,10.5,27,16,14,3,7,3
Django-1.8.2,Django-1.8.2/tests/createsuperuser/tests.py,MultiDBChangepasswordManagementCommandTestCase,True,2,20,8.5,21,15,13,0,4,4
Django-1.8.2,Django-1.8.2/tests/createsuperuser/tests.py,MultiDBCreatesuperuserTestCase,True,1,22,20.0,23,11,17,0,0,5
Django-1.8.2,Django-1.8.2/tests/csrf_tests/tests.py,TestingHttpRequest,True,1,6,2.0,7,4,3,0,4,0
Django-1.8.2,Django-1.8.2/tests/csrf_tests/tests.py,CsrfViewMiddlewareTest,True,32,422,11.875,423,267,254,20,95,54
Django-1.8.2,Django-1.8.2/tests/custom_columns/models.py,Author,True,1,10,2.0,11,9,9,0,0,2
Django-1.8.2,Django-1.8.2/tests/custom_columns/models.py,Article,True,1,10,2.0,11,9,9,0,0,2
Django-1.8.2,Django-1.8.2/tests/custom_columns/tests.py,CustomColumnsTests,True,15,123,7.2,124,46,106,0,0,18
Django-1.8.2,Django-1.8.2/tests/custom_lookups/models.py,Author,True,1,7,2.0,8,7,7,0,0,1
Django-1.8.2,Django-1.8.2/tests/custom_lookups/models.py,MySQLUnixTimestamp,True,1,4,2.0,5,4,4,0,0,1
Django-1.8.2,Django-1.8.2/tests/custom_lookups/tests.py,Div3Lookup,True,2,13,5.0,14,12,12,0,0,2
Django-1.8.2,Django-1.8.2/tests/custom_lookups/tests.py,Div3Transform,True,2,9,3.0,10,8,8,0,0,2
Django-1.8.2,Django-1.8.2/tests/custom_lookups/tests.py,Div3BilateralTransform,True,0,1,0.0,2,2,2,0,0,0
Django-1.8.2,Django-1.8.2/tests/custom_lookups/tests.py,Mult3BilateralTransform,True,1,6,3.0,7,6,6,0,0,1
Django-1.8.2,Django-1.8.2/tests/custom_lookups/tests.py,UpperBilateralTransform,True,1,6,3.0,7,6,6,0,0,1
Django-1.8.2,Django-1.8.2/tests/custom_lookups/tests.py,YearTransform,True,2,9,2.5,10,8,8,0,0,2
Django-1.8.2,Django-1.8.2/tests/custom_lookups/tests.py,YearExact,True,1,15,13.0,16,8,9,6,0,1
Django-1.8.2,Django-1.8.2/tests/custom_lookups/tests.py,YearLte,True,1,16,12.0,17,8,7,6,3,1
Django-1.8.2,Django-1.8.2/tests/custom_lookups/tests.py,SQLFunc,True,3,10,2.3333333333333335,11,9,9,0,0,2
Django-1.8.2,Django-1.8.2/tests/custom_lookups/tests.py,SQLFuncFactory,True,2,6,2.0,7,5,5,0,0,2
Django-1.8.2,Django-1.8.2/tests/custom_lookups/tests.py,CustomField,True,2,12,5.0,13,11,11,0,0,2
Django-1.8.2,Django-1.8.2/tests/custom_lookups/tests.py,CustomModel,True,0,1,0.0,2,2,2,0,0,0
Django-1.8.2,Django-1.8.2/tests/custom_lookups/tests.py,InMonth,True,1,14,9.0,15,8,9,2,3,1
Django-1.8.2,Django-1.8.2/tests/custom_lookups/tests.py,DateTimeTransform,True,2,9,2.5,10,8,8,0,0,2
Django-1.8.2,Django-1.8.2/tests/custom_lookups/tests.py,LookupTests,True,3,85,27.333333333333332,86,60,84,0,0,2
Django-1.8.2,Django-1.8.2/tests/custom_lookups/tests.py,BilateralTransformTests,True,5,93,17.6,94,68,88,2,0,6
Django-1.8.2,Django-1.8.2/tests/custom_lookups/tests.py,DateTimeLookupTests,True,1,11,10.0,12,11,12,0,0,0
Django-1.8.2,Django-1.8.2/tests/custom_lookups/tests.py,YearLteTests,True,7,101,13.285714285714286,102,68,84,11,0,7
Django-1.8.2,Django-1.8.2/tests/custom_lookups/tests.py,TrackCallsYearTransform,True,4,18,2.75,19,15,15,0,0,4
Django-1.8.2,Django-1.8.2/tests/custom_lookups/tests.py,LookupTransformCallOrderTests,True,1,27,27.0,28,19,23,4,0,1
Django-1.8.2,Django-1.8.2/tests/custom_lookups/tests.py,CustomisedMethodsTests,True,4,16,3.0,17,13,13,0,0,4
Django-1.8.2,Django-1.8.2/tests/custom_managers/models.py,PersonManager,True,1,2,2.0,3,3,3,0,0,0
Django-1.8.2,Django-1.8.2/tests/custom_managers/models.py,PublishedBookManager,True,1,2,2.0,3,3,3,0,0,0
Django-1.8.2,Django-1.8.2/tests/custom_managers/models.py,CustomQuerySet,True,5,18,2.4,19,15,15,0,0,4
Django-1.8.2,Django-1.8.2/tests/custom_managers/models.py,BaseCustomManager,True,3,11,3.0,12,10,10,0,0,2
Django-1.8.2,Django-1.8.2/tests/custom_managers/models.py,DeconstructibleCustomManager,True,1,3,2.0,4,3,3,0,0,1
Django-1.8.2,Django-1.8.2/tests/custom_managers/models.py,FunPeopleManager,True,1,2,2.0,3,3,3,0,0,0
Django-1.8.2,Django-1.8.2/tests/custom_managers/models.py,BoringPeopleManager,True,1,2,2.0,3,3,3,0,0,0
Django-1.8.2,Django-1.8.2/tests/custom_managers/models.py,Person,True,1,18,2.0,19,15,15,0,0,4
Django-1.8.2,Django-1.8.2/tests/custom_managers/models.py,FunPerson,True,1,13,2.0,14,11,11,0,0,3
Django-1.8.2,Django-1.8.2/tests/custom_managers/models.py,Book,True,1,15,2.0,16,11,13,0,0,3
Django-1.8.2,Django-1.8.2/tests/custom_managers/models.py,FastCarManager,True,1,2,2.0,3,3,3,0,0,0
Django-1.8.2,Django-1.8.2/tests/custom_managers/models.py,Car,True,1,8,2.0,9,8,8,0,0,1
Django-1.8.2,Django-1.8.2/tests/custom_managers/models.py,RestrictedManager,True,1,2,2.0,3,3,3,0,0,0
Django-1.8.2,Django-1.8.2/tests/custom_managers/models.py,RelatedModel,True,1,4,2.0,5,4,4,0,0,1
Django-1.8.2,Django-1.8.2/tests/custom_managers/models.py,RestrictedModel,True,1,9,2.0,10,8,8,0,0,2
Django-1.8.2,Django-1.8.2/tests/custom_managers/models.py,OneToOneRestrictedModel,True,1,9,2.0,10,8,8,0,0,2
Django-1.8.2,Django-1.8.2/tests/custom_managers/tests.py,CustomManagerTests,True,28,499,16.642857142857142,500,233,404,14,30,52
Django-1.8.2,Django-1.8.2/tests/custom_managers/tests.py,TestCars,True,1,28,27.0,29,10,24,3,0,2
Django-1.8.2,Django-1.8.2/tests/custom_managers/tests.py,CustomManagersRegressTestCase,True,3,41,13.0,42,22,20,9,7,6
Django-1.8.2,Django-1.8.2/tests/custom_methods/models.py,Article,True,4,26,5.0,27,15,19,0,4,4
Django-1.8.2,Django-1.8.2/tests/custom_methods/tests.py,MethodsTests,True,1,34,34.0,35,13,33,0,0,2
Django-1.8.2,Django-1.8.2/tests/custom_migration_operations/more_operations.py,TestOperation,True,7,25,2.5714285714285716,26,16,20,0,0,6
Django-1.8.2,Django-1.8.2/tests/custom_migration_operations/operations.py,TestOperation,True,7,25,2.5714285714285716,26,16,20,0,0,6
Django-1.8.2,Django-1.8.2/tests/custom_migration_operations/operations.py,CreateModel,True,0,1,0.0,2,2,2,0,0,0
Django-1.8.2,Django-1.8.2/tests/custom_migration_operations/operations.py,ArgsOperation,True,2,9,4.0,10,5,9,0,0,1
Django-1.8.2,Django-1.8.2/tests/custom_migration_operations/operations.py,KwargsOperation,True,2,14,6.5,15,10,14,0,0,1
Django-1.8.2,Django-1.8.2/tests/custom_migration_operations/operations.py,ArgsKwargsOperation,True,2,15,7.0,16,11,15,0,0,1
Django-1.8.2,Django-1.8.2/tests/custom_migration_operations/operations.py,ExpandArgsOperation,True,2,11,4.0,12,6,10,0,0,2
Django-1.8.2,Django-1.8.2/tests/custom_pk/fields.py,MyWrapper,True,4,13,2.5,14,11,11,0,0,3
Django-1.8.2,Django-1.8.2/tests/custom_pk/fields.py,MyAutoField,True,6,37,5.166666666666667,38,32,32,0,0,6
Django-1.8.2,Django-1.8.2/tests/custom_pk/models.py,Employee,True,1,9,2.0,10,8,8,0,0,2
Django-1.8.2,Django-1.8.2/tests/custom_pk/models.py,Business,True,1,8,2.0,9,7,7,0,0,2
Django-1.8.2,Django-1.8.2/tests/custom_pk/models.py,Bar,True,1,4,2.0,5,4,4,0,0,1
Django-1.8.2,Django-1.8.2/tests/custom_pk/models.py,Foo,True,0,1,0.0,2,2,2,0,0,0
Django-1.8.2,Django-1.8.2/tests/custom_pk/tests.py,BasicCustomPKTests,True,8,170,20.25,171,58,127,4,22,18
Django-1.8.2,Django-1.8.2/tests/custom_pk/tests.py,CustomPKTests,True,6,53,7.333333333333333,54,32,35,9,3,7
Django-1.8.2,Django-1.8.2/tests/datatypes/models.py,Donut,True,1,13,2.0,14,12,12,0,0,2
Django-1.8.2,Django-1.8.2/tests/datatypes/models.py,RumBaba,True,0,2,0.0,3,3,3,0,0,0
Django-1.8.2,Django-1.8.2/tests/datatypes/tests.py,DataTypesTestCase,True,7,85,10.857142857142858,86,54,58,5,6,16
Django-1.8.2,Django-1.8.2/tests/dates/models.py,Article,True,1,7,2.0,8,6,6,0,0,2
Django-1.8.2,Django-1.8.2/tests/dates/models.py,Comment,True,1,7,2.0,8,7,7,0,0,1
Django-1.8.2,Django-1.8.2/tests/dates/models.py,Category,True,0,1,0.0,2,2,2,0,0,0
Django-1.8.2,Django-1.8.2/tests/dates/tests.py,DatesTests,True,5,111,21.4,112,30,105,0,0,7
Django-1.8.2,Django-1.8.2/tests/datetimes/models.py,Article,True,1,7,2.0,8,6,6,0,0,2
Django-1.8.2,Django-1.8.2/tests/datetimes/models.py,Comment,True,1,7,2.0,8,7,7,0,0,1
Django-1.8.2,Django-1.8.2/tests/datetimes/models.py,Category,True,0,1,0.0,2,2,2,0,0,0
Django-1.8.2,Django-1.8.2/tests/datetimes/tests.py,DateTimesTests,True,4,138,33.25,139,49,129,2,0,8
Django-1.8.2,Django-1.8.2/tests/dbshell/tests.py,MySqlDbshellCommandTestCase,True,6,68,10.333333333333334,69,21,63,0,0,6
Django-1.8.2,Django-1.8.2/tests/db_functions/models.py,Author,True,1,6,2.0,7,6,6,0,0,1
Django-1.8.2,Django-1.8.2/tests/db_functions/models.py,Article,True,1,10,2.0,11,10,10,0,0,1
Django-1.8.2,Django-1.8.2/tests/db_functions/tests.py,FunctionTests,True,14,295,20.071428571428573,296,124,247,5,0,44
Django-1.8.2,Django-1.8.2/tests/db_typecasts/tests.py,DBTypeCasts,True,1,5,5.0,6,6,6,0,0,0
Django-1.8.2,Django-1.8.2/tests/decorators/tests.py,DecoratorsTest,True,4,73,17.25,74,51,47,0,16,11
Django-1.8.2,Django-1.8.2/tests/decorators/tests.py,ClsDec,True,2,8,3.5,9,7,7,0,0,2
Django-1.8.2,Django-1.8.2/tests/decorators/tests.py,MethodDecoratorTests,True,4,83,19.0,84,59,57,3,3,20
Django-1.8.2,Django-1.8.2/tests/decorators/tests.py,XFrameOptionsDecoratorsTests,True,3,41,12.0,42,27,23,2,14,3
Django-1.8.2,Django-1.8.2/tests/defer/models.py,Secondary,True,0,2,0.0,3,3,3,0,0,0
Django-1.8.2,Django-1.8.2/tests/defer/models.py,Primary,True,1,6,2.0,7,6,6,0,0,1
Django-1.8.2,Django-1.8.2/tests/defer/models.py,Child,True,0,1,0.0,2,2,2,0,0,0
Django-1.8.2,Django-1.8.2/tests/defer/models.py,BigChild,True,0,1,0.0,2,2,2,0,0,0
Django-1.8.2,Django-1.8.2/tests/defer/models.py,ChildProxy,True,0,2,0.0,3,3,3,0,0,0
Django-1.8.2,Django-1.8.2/tests/defer/models.py,RefreshPrimaryProxy,True,1,11,8.0,12,10,10,1,0,1
Django-1.8.2,Django-1.8.2/tests/defer/tests.py,AssertionMixin,True,1,11,11.0,12,8,7,0,5,0
Django-1.8.2,Django-1.8.2/tests/defer/tests.py,DeferTests,True,19,139,6.315789473684211,140,94,105,17,0,18
Django-1.8.2,Django-1.8.2/tests/defer/tests.py,BigChildDeferTests,True,5,37,6.4,38,29,29,5,0,4
Django-1.8.2,Django-1.8.2/tests/defer/tests.py,TestDefer2,True,5,60,11.2,61,46,45,2,10,4
Django-1.8.2,Django-1.8.2/tests/defer_regress/models.py,Item,True,1,7,2.0,8,7,7,0,0,1
Django-1.8.2,Django-1.8.2/tests/defer_regress/models.py,RelatedItem,True,0,1,0.0,2,2,2,0,0,0
Django-1.8.2,Django-1.8.2/tests/defer_regress/models.py,ProxyRelated,True,0,2,0.0,3,3,3,0,0,0
Django-1.8.2,Django-1.8.2/tests/defer_regress/models.py,Child,True,0,2,0.0,3,3,3,0,0,0
Django-1.8.2,Django-1.8.2/tests/defer_regress/models.py,Leaf,True,1,7,2.0,8,7,7,0,0,1
Django-1.8.2,Django-1.8.2/tests/defer_regress/models.py,ResolveThis,True,0,2,0.0,3,3,3,0,0,0
Django-1.8.2,Django-1.8.2/tests/defer_regress/models.py,Proxy,True,0,2,0.0,3,3,3,0,0,0
Django-1.8.2,Django-1.8.2/tests/defer_regress/models.py,SimpleItem,True,1,5,2.0,6,5,5,0,0,1
Django-1.8.2,Django-1.8.2/tests/defer_regress/models.py,Feature,True,0,1,0.0,2,2,2,0,0,0
Django-1.8.2,Django-1.8.2/tests/defer_regress/models.py,SpecialFeature,True,0,1,0.0,2,2,2,0,0,0
Django-1.8.2,Django-1.8.2/tests/defer_regress/models.py,OneToOneItem,True,0,2,0.0,3,3,3,0,0,0
Django-1.8.2,Django-1.8.2/tests/defer_regress/models.py,ItemAndSimpleItem,True,0,2,0.0,3,3,3,0,0,0
Django-1.8.2,Django-1.8.2/tests/defer_regress/models.py,Profile,True,0,1,0.0,2,2,2,0,0,0
Django-1.8.2,Django-1.8.2/tests/defer_regress/models.py,Location,True,0,1,0.0,2,2,2,0,0,0
Django-1.8.2,Django-1.8.2/tests/defer_regress/models.py,Request,True,0,8,0.0,9,8,8,0,0,1
Django-1.8.2,Django-1.8.2/tests/defer_regress/models.py,Base,True,0,1,0.0,2,2,2,0,0,0
Django-1.8.2,Django-1.8.2/tests/defer_regress/models.py,Derived,True,0,1,0.0,2,2,2,0,0,0
Django-1.8.2,Django-1.8.2/tests/defer_regress/tests.py,DeferRegressionTest,True,14,243,16.357142857142858,244,157,178,29,0,37
Django-1.8.2,Django-1.8.2/tests/defer_regress/tests.py,DeferAnnotateSelectRelatedTest,True,1,12,12.0,13,7,13,0,0,0
Django-1.8.2,Django-1.8.2/tests/delete/models.py,R,True,1,4,2.0,5,4,4,0,0,1
Django-1.8.2,Django-1.8.2/tests/delete/models.py,S,True,0,1,0.0,2,2,2,0,0,0
Django-1.8.2,Django-1.8.2/tests/delete/models.py,T,True,0,1,0.0,2,2,2,0,0,0
Django-1.8.2,Django-1.8.2/tests/delete/models.py,U,True,0,1,0.0,2,2,2,0,0,0
Django-1.8.2,Django-1.8.2/tests/delete/models.py,RChild,True,0,1,0.0,2,2,2,0,0,0
Django-1.8.2,Django-1.8.2/tests/delete/models.py,A,True,0,29,0.0,30,15,25,3,0,2
Django-1.8.2,Django-1.8.2/tests/delete/models.py,M,True,0,5,0.0,6,4,6,0,0,0
Django-1.8.2,Django-1.8.2/tests/delete/models.py,MR,True,0,2,0.0,3,3,3,0,0,0
Django-1.8.2,Django-1.8.2/tests/delete/models.py,MRNull,True,0,2,0.0,3,3,3,0,0,0
Django-1.8.2,Django-1.8.2/tests/delete/models.py,Avatar,True,0,1,0.0,2,2,2,0,0,0
Django-1.8.2,Django-1.8.2/tests/delete/models.py,User,True,0,1,0.0,2,2,2,0,0,0
Django-1.8.2,Django-1.8.2/tests/delete/models.py,HiddenUser,True,0,1,0.0,2,2,2,0,0,0
Django-1.8.2,Django-1.8.2/tests/delete/models.py,HiddenUserProfile,True,0,1,0.0,2,2,2,0,0,0
Django-1.8.2,Django-1.8.2/tests/delete/models.py,M2MTo,True,0,1,0.0,2,2,2,0,0,0
Django-1.8.2,Django-1.8.2/tests/delete/models.py,M2MFrom,True,0,1,0.0,2,2,2,0,0,0
Django-1.8.2,Django-1.8.2/tests/delete/models.py,Parent,True,0,1,0.0,2,2,2,0,0,0
Django-1.8.2,Django-1.8.2/tests/delete/models.py,Child,True,0,1,0.0,2,2,2,0,0,0
Django-1.8.2,Django-1.8.2/tests/delete/models.py,Base,True,0,1,0.0,2,2,2,0,0,0
Django-1.8.2,Django-1.8.2/tests/delete/models.py,RelToBase,True,0,1,0.0,2,2,2,0,0,0
Django-1.8.2,Django-1.8.2/tests/delete/tests.py,OnDeleteTests,True,19,120,5.368421052631579,121,95,94,3,3,21
Django-1.8.2,Django-1.8.2/tests/delete/tests.py,DeletionTests,True,10,211,20.0,212,138,147,27,0,38
Django-1.8.2,Django-1.8.2/tests/delete/tests.py,FastDeleteTests,True,7,76,9.857142857142858,77,52,55,15,0,7
Django-1.8.2,Django-1.8.2/tests/delete_regress/models.py,Award,True,0,4,0.0,5,5,5,0,0,0
Django-1.8.2,Django-1.8.2/tests/delete_regress/models.py,AwardNote,True,0,2,0.0,3,3,3,0,0,0
Django-1.8.2,Django-1.8.2/tests/delete_regress/models.py,Person,True,0,2,0.0,3,3,3,0,0,0
Django-1.8.2,Django-1.8.2/tests/delete_regress/models.py,Book,True,0,1,0.0,2,2,2,0,0,0
Django-1.8.2,Django-1.8.2/tests/delete_regress/models.py,Toy,True,0,1,0.0,2,2,2,0,0,0
Django-1.8.2,Django-1.8.2/tests/delete_regress/models.py,Child,True,0,2,0.0,3,3,3,0,0,0
Django-1.8.2,Django-1.8.2/tests/delete_regress/models.py,PlayedWith,True,0,3,0.0,4,4,4,0,0,0
Django-1.8.2,Django-1.8.2/tests/delete_regress/models.py,PlayedWithNote,True,0,2,0.0,3,3,3,0,0,0
Django-1.8.2,Django-1.8.2/tests/delete_regress/models.py,Contact,True,0,1,0.0,2,2,2,0,0,0
Django-1.8.2,Django-1.8.2/tests/delete_regress/models.py,Email,True,0,1,0.0,2,2,2,0,0,0
Django-1.8.2,Django-1.8.2/tests/delete_regress/models.py,Researcher,True,0,1,0.0,2,2,2,0,0,0
Django-1.8.2,Django-1.8.2/tests/delete_regress/models.py,Food,True,0,1,0.0,2,2,2,0,0,0
Django-1.8.2,Django-1.8.2/tests/delete_regress/models.py,Eaten,True,0,2,0.0,3,3,3,0,0,0
Django-1.8.2,Django-1.8.2/tests/delete_regress/models.py,Policy,True,0,1,0.0,2,2,2,0,0,0
Django-1.8.2,Django-1.8.2/tests/delete_regress/models.py,Version,True,0,1,0.0,2,2,2,0,0,0
Django-1.8.2,Django-1.8.2/tests/delete_regress/models.py,Location,True,0,1,0.0,2,2,2,0,0,0
Django-1.8.2,Django-1.8.2/tests/delete_regress/models.py,Item,True,0,2,0.0,3,3,3,0,0,0
Django-1.8.2,Django-1.8.2/tests/delete_regress/models.py,File,True,0,1,0.0,2,2,2,0,0,0
Django-1.8.2,Django-1.8.2/tests/delete_regress/models.py,Image,True,0,2,0.0,3,3,3,0,0,0
Django-1.8.2,Django-1.8.2/tests/delete_regress/models.py,Photo,True,0,2,0.0,3,3,3,0,0,0
Django-1.8.2,Django-1.8.2/tests/delete_regress/models.py,FooImage,True,0,1,0.0,2,2,2,0,0,0
Django-1.8.2,Django-1.8.2/tests/delete_regress/models.py,FooFile,True,0,1,0.0,2,2,2,0,0,0
Django-1.8.2,Django-1.8.2/tests/delete_regress/models.py,FooPhoto,True,0,1,0.0,2,2,2,0,0,0
Django-1.8.2,Django-1.8.2/tests/delete_regress/models.py,FooFileProxy,True,0,2,0.0,3,3,3,0,0,0
Django-1.8.2,Django-1.8.2/tests/delete_regress/models.py,OrgUnit,True,0,1,0.0,2,2,2,0,0,0
Django-1.8.2,Django-1.8.2/tests/delete_regress/models.py,Login,True,0,2,0.0,3,3,3,0,0,0
Django-1.8.2,Django-1.8.2/tests/delete_regress/models.py,House,True,0,1,0.0,2,2,2,0,0,0
Django-1.8.2,Django-1.8.2/tests/delete_regress/models.py,OrderedPerson,True,0,5,0.0,6,5,5,0,0,1
Django-1.8.2,Django-1.8.2/tests/delete_regress/tests.py,DeleteLockingTest,True,3,37,10.666666666666666,38,22,21,8,0,8
Django-1.8.2,Django-1.8.2/tests/delete_regress/tests.py,DeleteCascadeTests,True,3,42,13.333333333333334,43,26,27,2,10,4
Django-1.8.2,Django-1.8.2/tests/delete_regress/tests.py,DeleteCascadeTransactionTests,True,2,30,13.0,31,15,15,0,9,7
Django-1.8.2,Django-1.8.2/tests/delete_regress/tests.py,LargeDeleteTests,True,1,12,12.0,13,11,10,1,0,1
Django-1.8.2,Django-1.8.2/tests/delete_regress/tests.py,ProxyDeleteTest,True,6,109,16.333333333333332,110,53,47,13,23,26
Django-1.8.2,Django-1.8.2/tests/delete_regress/tests.py,Ticket19102Tests,True,6,80,10.0,81,40,64,3,8,6
Django-1.8.2,Django-1.8.2/tests/delete_regress/tests.py,OrderedDeleteTests,True,1,9,9.0,10,7,7,3,0,0
Django-1.8.2,Django-1.8.2/tests/deprecation/tests.py,RenameManagerMethods,True,0,3,0.0,4,2,4,0,0,0
Django-1.8.2,Django-1.8.2/tests/deprecation/tests.py,RenameMethodsTests,True,6,155,24.166666666666668,156,108,112,0,27,17
Django-1.8.2,Django-1.8.2/tests/deprecation/tests.py,DeprecatingRequestMergeDictTest,True,1,17,17.0,18,10,13,1,4,1
Django-1.8.2,Django-1.8.2/tests/deprecation/tests.py,DeprecatedChineseLanguageCodes,True,1,14,14.0,15,10,15,0,0,0
Django-1.8.2,Django-1.8.2/tests/deprecation/tests.py,DeprecatingMemoizeTest,True,1,11,11.0,12,9,9,0,3,0
Django-1.8.2,Django-1.8.2/tests/deprecation/tests.py,DeprecatingSimpleTestCaseUrls,True,1,21,20.0,22,14,16,0,3,3
Django-1.8.2,Django-1.8.2/tests/dispatch/tests.py,Callable,True,2,5,2.0,6,5,5,0,0,1
Django-1.8.2,Django-1.8.2/tests/dispatch/tests.py,DispatcherTests,True,11,130,10.727272727272727,131,111,107,4,4,13
Django-1.8.2,Django-1.8.2/tests/dispatch/tests.py,ReceiverTestCase,True,2,22,9.0,23,20,19,0,3,1
Django-1.8.2,Django-1.8.2/tests/distinct_on_fields/models.py,Tag,True,1,9,2.0,10,7,8,0,0,2
Django-1.8.2,Django-1.8.2/tests/distinct_on_fields/models.py,Celebrity,True,1,5,2.0,6,5,5,0,0,1
Django-1.8.2,Django-1.8.2/tests/distinct_on_fields/models.py,Fan,True,0,1,0.0,2,2,2,0,0,0
Django-1.8.2,Django-1.8.2/tests/distinct_on_fields/models.py,Staff,True,1,8,2.0,9,8,8,0,0,1
Django-1.8.2,Django-1.8.2/tests/distinct_on_fields/models.py,StaffTag,True,1,5,2.0,6,5,5,0,0,1
Django-1.8.2,Django-1.8.2/tests/distinct_on_fields/tests.py,DistinctOnTests,True,4,119,29.0,120,49,103,9,0,9
Django-1.8.2,Django-1.8.2/tests/empty/models.py,Empty,True,0,1,0.0,2,2,2,0,0,0
Django-1.8.2,Django-1.8.2/tests/empty/tests.py,EmptyModelTests,True,1,9,9.0,10,10,10,0,0,0
Django-1.8.2,Django-1.8.2/tests/expressions/models.py,Employee,True,1,6,2.0,7,6,6,0,0,1
Django-1.8.2,Django-1.8.2/tests/expressions/models.py,Company,True,1,13,2.0,14,8,13,0,0,1
Django-1.8.2,Django-1.8.2/tests/expressions/models.py,Number,True,1,5,2.0,6,5,5,0,0,1
Django-1.8.2,Django-1.8.2/tests/expressions/models.py,Experiment,True,1,12,2.0,13,11,11,0,0,2
Django-1.8.2,Django-1.8.2/tests/expressions/models.py,Time,True,1,4,2.0,5,4,4,0,0,1
Django-1.8.2,Django-1.8.2/tests/expressions/models.py,UUID,True,1,4,2.0,5,4,4,0,0,1
Django-1.8.2,Django-1.8.2/tests/expressions/tests.py,BasicExpressionsTests,True,20,305,14.2,306,99,252,29,0,25
Django-1.8.2,Django-1.8.2/tests/expressions/tests.py,ExpressionsTests,True,4,87,20.75,88,27,63,2,13,10
Django-1.8.2,Django-1.8.2/tests/expressions/tests.py,ExpressionsNumericTests,True,6,73,11.166666666666666,74,26,52,0,14,8
Django-1.8.2,Django-1.8.2/tests/expressions/tests.py,ExpressionOperatorTests,True,15,112,6.466666666666667,113,60,72,15,0,26
Django-1.8.2,Django-1.8.2/tests/expressions/tests.py,FTimeDeltaTests,True,14,214,14.142857142857142,215,148,167,16,0,32
Django-1.8.2,Django-1.8.2/tests/expressions/tests.py,ValueTests,True,2,9,4.0,10,9,9,0,0,1
Django-1.8.2,Django-1.8.2/tests/expressions/tests.py,ReprTests,True,3,38,11.666666666666666,39,30,36,0,0,3
Django-1.8.2,Django-1.8.2/tests/expressions_case/models.py,CaseTestModel,True,1,33,2.0,34,32,32,0,0,2
Django-1.8.2,Django-1.8.2/tests/expressions_case/models.py,O2OCaseTestModel,True,1,5,2.0,6,5,5,0,0,1
Django-1.8.2,Django-1.8.2/tests/expressions_case/models.py,FKCaseTestModel,True,1,5,2.0,6,5,5,0,0,1
Django-1.8.2,Django-1.8.2/tests/expressions_case/models.py,Client,True,1,18,2.0,19,10,18,0,0,1
Django-1.8.2,Django-1.8.2/tests/expressions_case/tests.py,CaseExpressionTests,True,73,1082,13.726027397260275,1083,230,983,29,0,81
Django-1.8.2,Django-1.8.2/tests/expressions_case/tests.py,CaseDocumentationExamples,True,5,97,18.4,98,23,94,0,0,4
Django-1.8.2,Django-1.8.2/tests/extra_regress/models.py,RevisionableModel,True,3,19,4.333333333333333,20,17,17,0,0,3
Django-1.8.2,Django-1.8.2/tests/extra_regress/models.py,Order,True,0,2,0.0,3,3,3,0,0,0
Django-1.8.2,Django-1.8.2/tests/extra_regress/models.py,TestObject,True,1,6,2.0,7,6,6,0,0,1
Django-1.8.2,Django-1.8.2/tests/extra_regress/tests.py,ExtraRegressTests,True,13,358,26.53846153846154,359,130,241,27,46,45
Django-1.8.2,Django-1.8.2/tests/field_deconstruction/tests.py,FieldDeconstructionTests,True,32,382,10.78125,383,360,321,19,9,34
Django-1.8.2,Django-1.8.2/tests/field_defaults/models.py,Article,True,1,5,2.0,6,5,5,0,0,1
Django-1.8.2,Django-1.8.2/tests/field_defaults/tests.py,DefaultTests,True,1,8,8.0,9,8,8,0,0,1
Django-1.8.2,Django-1.8.2/tests/field_subclassing/fields.py,Small,True,3,14,2.6666666666666665,15,10,9,0,4,2
Django-1.8.2,Django-1.8.2/tests/field_subclassing/fields.py,SmallField,True,5,29,3.8,30,21,20,0,5,5
Django-1.8.2,Django-1.8.2/tests/field_subclassing/fields.py,SmallerField,True,0,1,0.0,2,2,2,0,0,0
Django-1.8.2,Django-1.8.2/tests/field_subclassing/fields.py,JSONField,True,2,16,5.5,17,12,13,0,0,4
Django-1.8.2,Django-1.8.2/tests/field_subclassing/fields.py,CustomTypedField,True,1,2,2.0,3,3,3,0,0,0
Django-1.8.2,Django-1.8.2/tests/field_subclassing/models.py,MyModel,True,1,5,2.0,6,5,5,0,0,1
Django-1.8.2,Django-1.8.2/tests/field_subclassing/models.py,OtherModel,True,0,1,0.0,2,2,2,0,0,0
Django-1.8.2,Django-1.8.2/tests/field_subclassing/models.py,ChoicesModel,True,0,7,0.0,8,5,8,0,0,0
Django-1.8.2,Django-1.8.2/tests/field_subclassing/models.py,DataModel,True,0,1,0.0,2,2,2,0,0,0
Django-1.8.2,Django-1.8.2/tests/field_subclassing/tests.py,CustomField,True,6,110,17.5,111,61,72,15,4,20
Django-1.8.2,Django-1.8.2/tests/field_subclassing/tests.py,TestDbType,True,1,4,3.0,5,4,4,0,0,1
Django-1.8.2,Django-1.8.2/tests/files/tests.py,FileTests,True,13,93,6.230769230769231,94,56,52,11,18,13
Django-1.8.2,Django-1.8.2/tests/files/tests.py,NoNameFileTestCase,True,2,9,2.0,10,6,5,0,4,1
Django-1.8.2,Django-1.8.2/tests/files/tests.py,ContentFileTestCase,True,3,20,6.0,21,14,12,0,7,2
Django-1.8.2,Django-1.8.2/tests/files/tests.py,DimensionClosingBug,True,2,47,20.5,48,30,27,5,9,7
Django-1.8.2,Django-1.8.2/tests/files/tests.py,InconsistentGetImageDimensionsBug,True,2,31,12.0,32,23,20,0,11,1
Django-1.8.2,Django-1.8.2/tests/files/tests.py,FileMoveSafeTests,True,1,12,12.0,13,9,8,2,0,3
Django-1.8.2,Django-1.8.2/tests/files/tests.py,SpooledTempTests,True,2,11,5.0,12,11,11,0,0,1
Django-1.8.2,Django-1.8.2/tests/file_storage/models.py,OldStyleFSStorage,True,2,10,2.0,11,6,5,0,5,1
Django-1.8.2,Django-1.8.2/tests/file_storage/models.py,Storage,True,2,19,3.0,20,13,16,2,0,2
Django-1.8.2,Django-1.8.2/tests/file_storage/tests.py,GetStorageClassTests,True,4,32,7.0,33,15,16,1,12,4
Django-1.8.2,Django-1.8.2/tests/file_storage/tests.py,FileStorageDeconstructionTests,True,1,14,13.0,15,12,13,0,0,2
Django-1.8.2,Django-1.8.2/tests/file_storage/tests.py,FileStorageTests,True,19,318,15.68421052631579,319,189,193,15,51,59
Django-1.8.2,Django-1.8.2/tests/file_storage/tests.py,CustomStorage,True,1,12,12.0,13,11,9,0,3,1
Django-1.8.2,Django-1.8.2/tests/file_storage/tests.py,CustomStorageTests,True,1,9,7.0,10,9,9,0,0,1
Django-1.8.2,Django-1.8.2/tests/file_storage/tests.py,FileFieldStorageTests,True,13,198,14.0,199,127,142,35,0,23
Django-1.8.2,Django-1.8.2/tests/file_storage/tests.py,SlowFile,True,1,3,3.0,4,4,4,0,0,0
Django-1.8.2,Django-1.8.2/tests/file_storage/tests.py,FileSaveRaceConditionTest,True,4,18,3.75,19,16,16,0,0,3
Django-1.8.2,Django-1.8.2/tests/file_storage/tests.py,FileStoragePermissions,True,6,36,4.5,37,32,32,0,0,5
Django-1.8.2,Django-1.8.2/tests/file_storage/tests.py,FileStoragePathParsing,True,4,34,7.75,35,22,20,0,8,7
Django-1.8.2,Django-1.8.2/tests/file_storage/tests.py,ContentFileStorageTestCase,True,3,14,3.6666666666666665,15,10,9,0,3,3
Django-1.8.2,Django-1.8.2/tests/file_storage/tests.py,FileLikeObjectTestCase,True,3,24,5.333333333333333,25,16,14,0,6,5
Django-1.8.2,Django-1.8.2/tests/file_uploads/models.py,FileModel,True,0,1,0.0,2,2,2,0,0,0
Django-1.8.2,Django-1.8.2/tests/file_uploads/tests.py,FileUploadTests,True,24,478,18.833333333333332,479,238,363,40,27,60
Django-1.8.2,Django-1.8.2/tests/file_uploads/tests.py,DirectoryCreationTests,True,5,41,6.2,42,31,29,3,4,4
Django-1.8.2,Django-1.8.2/tests/file_uploads/tests.py,MultiParserTests,True,3,38,11.666666666666666,39,15,30,2,4,3
Django-1.8.2,Django-1.8.2/tests/file_uploads/uploadhandler.py,QuotaUploadHandler,True,3,19,3.3333333333333335,20,13,12,1,4,4
Django-1.8.2,Django-1.8.2/tests/file_uploads/uploadhandler.py,CustomUploadError,True,0,1,0.0,2,2,2,0,0,0
Django-1.8.2,Django-1.8.2/tests/file_uploads/uploadhandler.py,ErroringUploadHandler,True,1,3,2.0,4,4,3,0,0,0
Django-1.8.2,Django-1.8.2/tests/fixtures/models.py,Category,True,1,8,2.0,9,7,7,0,0,2
Django-1.8.2,Django-1.8.2/tests/fixtures/models.py,Article,True,1,8,2.0,9,7,7,0,0,2
Django-1.8.2,Django-1.8.2/tests/fixtures/models.py,Blog,True,1,7,2.0,8,6,7,0,0,1
Django-1.8.2,Django-1.8.2/tests/fixtures/models.py,Tag,True,1,8,3.0,9,7,8,0,0,1
Django-1.8.2,Django-1.8.2/tests/fixtures/models.py,PersonManager,True,1,2,2.0,3,3,3,0,0,0
Django-1.8.2,Django-1.8.2/tests/fixtures/models.py,Person,True,2,11,2.0,12,9,9,0,0,3
Django-1.8.2,Django-1.8.2/tests/fixtures/models.py,SpyManager,True,1,2,2.0,3,3,3,0,0,0
Django-1.8.2,Django-1.8.2/tests/fixtures/models.py,Spy,True,0,2,0.0,3,3,3,0,0,0
Django-1.8.2,Django-1.8.2/tests/fixtures/models.py,Visa,True,1,6,3.0,7,5,6,0,0,1
Django-1.8.2,Django-1.8.2/tests/fixtures/models.py,Book,True,1,9,3.0,10,8,8,0,0,2
Django-1.8.2,Django-1.8.2/tests/fixtures/tests.py,TestCaseFixtureLoadingTests,True,1,10,8.0,11,6,9,0,0,1
Django-1.8.2,Django-1.8.2/tests/fixtures/tests.py,SubclassTestCaseFixtureLoadingTests,True,1,8,3.0,9,6,4,0,3,1
Django-1.8.2,Django-1.8.2/tests/fixtures/tests.py,DumpDataAssertMixin,True,1,28,27.0,29,19,28,0,0,1
Django-1.8.2,Django-1.8.2/tests/fixtures/tests.py,FixtureLoadingTests,True,16,314,18.5,315,113,207,49,8,51
Django-1.8.2,Django-1.8.2/tests/fixtures/tests.py,NonExistentFixtureTests,True,1,26,21.0,27,14,20,2,3,2
Django-1.8.2,Django-1.8.2/tests/fixtures/tests.py,FixtureTransactionTests,True,1,39,30.0,40,13,28,6,0,6
Django-1.8.2,Django-1.8.2/tests/fixtures_migration/models.py,Book,True,0,1,0.0,2,2,2,0,0,0
Django-1.8.2,Django-1.8.2/tests/fixtures_migration/tests.py,TestNoInitialDataLoading,True,2,24,8.0,25,11,18,0,5,2
Django-1.8.2,Django-1.8.2/tests/fixtures_migration/migrations/0001_initial.py,Migration,True,0,9,0.0,10,2,9,0,0,1
Django-1.8.2,Django-1.8.2/tests/fixtures_model_package/tests.py,SampleTestCase,True,1,13,11.0,14,7,12,0,0,1
Django-1.8.2,Django-1.8.2/tests/fixtures_model_package/tests.py,TestNoInitialDataLoading,True,2,31,13.5,32,13,26,1,0,5
Django-1.8.2,Django-1.8.2/tests/fixtures_model_package/tests.py,FixtureTestCase,True,2,50,24.5,51,20,39,6,0,4
Django-1.8.2,Django-1.8.2/tests/fixtures_model_package/tests.py,InitialSQLTests,True,1,12,11.0,13,8,7,1,4,1
Django-1.8.2,Django-1.8.2/tests/fixtures_model_package/models/__init__.py,Article,True,1,9,2.0,10,8,8,0,0,2
Django-1.8.2,Django-1.8.2/tests/fixtures_model_package/models/__init__.py,Book,True,0,4,0.0,5,4,4,0,0,1
Django-1.8.2,Django-1.8.2/tests/fixtures_regress/models.py,Animal,True,1,10,2.0,11,8,8,1,0,2
Django-1.8.2,Django-1.8.2/tests/fixtures_regress/models.py,Plant,True,0,5,0.0,6,4,4,1,0,1
Django-1.8.2,Django-1.8.2/tests/fixtures_regress/models.py,Stuff,True,1,5,2.0,6,5,5,0,0,1
Django-1.8.2,Django-1.8.2/tests/fixtures_regress/models.py,Absolute,True,0,1,0.0,2,2,2,0,0,0
Django-1.8.2,Django-1.8.2/tests/fixtures_regress/models.py,Parent,True,0,4,0.0,5,4,4,0,0,1
Django-1.8.2,Django-1.8.2/tests/fixtures_regress/models.py,Child,True,0,1,0.0,2,2,2,0,0,0
Django-1.8.2,Django-1.8.2/tests/fixtures_regress/models.py,Channel,True,0,1,0.0,2,2,2,0,0,0
Django-1.8.2,Django-1.8.2/tests/fixtures_regress/models.py,Article,True,0,5,0.0,6,5,5,0,0,1
Django-1.8.2,Django-1.8.2/tests/fixtures_regress/models.py,SpecialArticle,True,0,1,0.0,2,2,2,0,0,0
Django-1.8.2,Django-1.8.2/tests/fixtures_regress/models.py,CommonFeature,True,0,3,0.0,4,3,3,0,0,1
Django-1.8.2,Django-1.8.2/tests/fixtures_regress/models.py,Feature,True,0,1,0.0,2,2,2,0,0,0
Django-1.8.2,Django-1.8.2/tests/fixtures_regress/models.py,Widget,True,1,7,2.0,8,6,6,0,0,2
Django-1.8.2,Django-1.8.2/tests/fixtures_regress/models.py,WidgetProxy,True,0,2,0.0,3,3,3,0,0,0
Django-1.8.2,Django-1.8.2/tests/fixtures_regress/models.py,TestManager,True,1,2,2.0,3,3,3,0,0,0
Django-1.8.2,Django-1.8.2/tests/fixtures_regress/models.py,Store,True,2,12,2.0,13,10,10,0,0,3
Django-1.8.2,Django-1.8.2/tests/fixtures_regress/models.py,Person,True,2,14,2.0,15,10,10,2,0,3
Django-1.8.2,Django-1.8.2/tests/fixtures_regress/models.py,Book,True,1,13,6.0,14,8,12,0,0,2
Django-1.8.2,Django-1.8.2/tests/fixtures_regress/models.py,NKManager,True,1,2,2.0,3,3,3,0,0,0
Django-1.8.2,Django-1.8.2/tests/fixtures_regress/models.py,NKChild,True,2,8,2.0,9,7,7,0,0,2
Django-1.8.2,Django-1.8.2/tests/fixtures_regress/models.py,RefToNKChild,True,1,10,6.0,11,6,10,0,0,1
Django-1.8.2,Django-1.8.2/tests/fixtures_regress/models.py,Circle1,True,1,5,2.0,6,5,5,0,0,1
Django-1.8.2,Django-1.8.2/tests/fixtures_regress/models.py,Circle2,True,1,5,2.0,6,5,5,0,0,1
Django-1.8.2,Django-1.8.2/tests/fixtures_regress/models.py,Circle3,True,1,5,2.0,6,5,5,0,0,1
Django-1.8.2,Django-1.8.2/tests/fixtures_regress/models.py,Circle4,True,1,5,2.0,6,5,5,0,0,1
Django-1.8.2,Django-1.8.2/tests/fixtures_regress/models.py,Circle5,True,1,5,2.0,6,5,5,0,0,1
Django-1.8.2,Django-1.8.2/tests/fixtures_regress/models.py,Circle6,True,1,5,2.0,6,5,5,0,0,1
Django-1.8.2,Django-1.8.2/tests/fixtures_regress/models.py,ExternalDependency,True,1,5,2.0,6,5,5,0,0,1
Django-1.8.2,Django-1.8.2/tests/fixtures_regress/models.py,Thingy,True,0,1,0.0,2,2,2,0,0,0
Django-1.8.2,Django-1.8.2/tests/fixtures_regress/models.py,M2MToSelf,True,0,1,0.0,2,2,2,0,0,0
Django-1.8.2,Django-1.8.2/tests/fixtures_regress/models.py,BaseNKModel,True,2,14,2.0,15,10,9,0,3,3
Django-1.8.2,Django-1.8.2/tests/fixtures_regress/models.py,M2MSimpleA,True,0,1,0.0,2,2,2,0,0,0
Django-1.8.2,Django-1.8.2/tests/fixtures_regress/models.py,M2MSimpleB,True,0,1,0.0,2,2,2,0,0,0
Django-1.8.2,Django-1.8.2/tests/fixtures_regress/models.py,M2MSimpleCircularA,True,0,1,0.0,2,2,2,0,0,0
Django-1.8.2,Django-1.8.2/tests/fixtures_regress/models.py,M2MSimpleCircularB,True,0,1,0.0,2,2,2,0,0,0
Django-1.8.2,Django-1.8.2/tests/fixtures_regress/models.py,M2MComplexA,True,0,1,0.0,2,2,2,0,0,0
Django-1.8.2,Django-1.8.2/tests/fixtures_regress/models.py,M2MComplexB,True,0,1,0.0,2,2,2,0,0,0
Django-1.8.2,Django-1.8.2/tests/fixtures_regress/models.py,M2MThroughAB,True,0,2,0.0,3,3,3,0,0,0
Django-1.8.2,Django-1.8.2/tests/fixtures_regress/models.py,M2MComplexCircular1A,True,0,2,0.0,3,2,3,0,0,0
Django-1.8.2,Django-1.8.2/tests/fixtures_regress/models.py,M2MComplexCircular1B,True,0,2,0.0,3,2,3,0,0,0
Django-1.8.2,Django-1.8.2/tests/fixtures_regress/models.py,M2MComplexCircular1C,True,0,2,0.0,3,2,3,0,0,0
Django-1.8.2,Django-1.8.2/tests/fixtures_regress/models.py,M2MCircular1ThroughAB,True,0,2,0.0,3,3,3,0,0,0
Django-1.8.2,Django-1.8.2/tests/fixtures_regress/models.py,M2MCircular1ThroughBC,True,0,2,0.0,3,3,3,0,0,0
Django-1.8.2,Django-1.8.2/tests/fixtures_regress/models.py,M2MCircular1ThroughCA,True,0,2,0.0,3,3,3,0,0,0
Django-1.8.2,Django-1.8.2/tests/fixtures_regress/models.py,M2MComplexCircular2A,True,0,2,0.0,3,2,3,0,0,0
Django-1.8.2,Django-1.8.2/tests/fixtures_regress/models.py,M2MComplexCircular2B,True,1,4,2.0,5,4,4,1,0,0
Django-1.8.2,Django-1.8.2/tests/fixtures_regress/models.py,M2MCircular2ThroughAB,True,0,2,0.0,3,3,3,0,0,0
Django-1.8.2,Django-1.8.2/tests/fixtures_regress/tests.py,TestFixtures,True,32,506,14.34375,507,180,340,12,115,40
Django-1.8.2,Django-1.8.2/tests/fixtures_regress/tests.py,NaturalKeyFixtureTests,True,16,218,12.625,219,60,179,0,22,18
Django-1.8.2,Django-1.8.2/tests/fixtures_regress/tests.py,M2MNaturalKeyFixtureTests,True,6,112,17.5,113,50,71,5,24,12
Django-1.8.2,Django-1.8.2/tests/fixtures_regress/tests.py,TestTicket11101,True,1,19,11.0,20,10,17,0,0,2
Django-1.8.2,Django-1.8.2/tests/fixtures_regress/tests.py,TestLoadFixtureFromOtherAppDirectory,True,1,15,3.0,16,8,7,4,4,1
Django-1.8.2,Django-1.8.2/tests/flatpages_tests/test_csrf.py,FlatpageCSRFTests,True,9,51,4.555555555555555,52,43,35,0,0,9
Django-1.8.2,Django-1.8.2/tests/flatpages_tests/test_forms.py,FlatpageAdminFormTests,True,8,90,9.625,91,57,61,2,4,22
Django-1.8.2,Django-1.8.2/tests/flatpages_tests/test_middleware.py,FlatpageMiddlewareTests,True,7,58,7.142857142857143,59,45,44,0,0,8
Django-1.8.2,Django-1.8.2/tests/flatpages_tests/test_middleware.py,FlatpageMiddlewareAppendSlashTests,True,6,50,7.166666666666667,51,31,37,0,0,8
Django-1.8.2,Django-1.8.2/tests/flatpages_tests/test_models.py,FlatpageModelTests,True,2,12,5.0,13,11,11,0,0,2
Django-1.8.2,Django-1.8.2/tests/flatpages_tests/test_sitemaps.py,FlatpagesSitemapTests,True,3,19,4.666666666666667,20,15,15,2,0,3
Django-1.8.2,Django-1.8.2/tests/flatpages_tests/test_templatetags.py,FlatpageTemplateTagTests,True,8,109,12.5,110,48,93,0,0,9
Django-1.8.2,Django-1.8.2/tests/flatpages_tests/test_views.py,FlatpageViewTests,True,6,47,6.666666666666667,48,35,35,0,0,7
Django-1.8.2,Django-1.8.2/tests/flatpages_tests/test_views.py,FlatpageViewAppendSlashTests,True,5,35,5.8,36,24,25,0,0,6
Django-1.8.2,Django-1.8.2/tests/force_insert_update/models.py,Counter,True,0,2,0.0,3,3,3,0,0,0
Django-1.8.2,Django-1.8.2/tests/force_insert_update/models.py,InheritedCounter,True,0,1,0.0,2,2,2,0,0,0
Django-1.8.2,Django-1.8.2/tests/force_insert_update/models.py,ProxyCounter,True,0,2,0.0,3,3,3,0,0,0
Django-1.8.2,Django-1.8.2/tests/force_insert_update/models.py,SubCounter,True,0,1,0.0,2,2,2,0,0,0
Django-1.8.2,Django-1.8.2/tests/force_insert_update/models.py,WithCustomPK,True,0,2,0.0,3,3,3,0,0,0
Django-1.8.2,Django-1.8.2/tests/force_insert_update/tests.py,ForceTests,True,1,36,36.0,37,23,23,9,0,5
Django-1.8.2,Django-1.8.2/tests/force_insert_update/tests.py,InheritanceTests,True,3,19,5.666666666666667,20,15,14,0,4,2
Django-1.8.2,Django-1.8.2/tests/foreign_object/models.py,Country,True,1,5,2.0,6,4,4,1,0,1
Django-1.8.2,Django-1.8.2/tests/foreign_object/models.py,Person,True,1,14,2.0,15,9,10,2,0,3
Django-1.8.2,Django-1.8.2/tests/foreign_object/models.py,Group,True,1,10,2.0,11,8,8,1,0,2
Django-1.8.2,Django-1.8.2/tests/foreign_object/models.py,Membership,True,1,22,2.0,23,12,18,2,0,3
Django-1.8.2,Django-1.8.2/tests/foreign_object/models.py,Friendship,True,0,24,0.0,25,8,20,2,0,3
Django-1.8.2,Django-1.8.2/tests/foreign_object/models.py,ArticleTranslationDescriptor,True,1,9,6.0,10,8,7,0,3,0
Django-1.8.2,Django-1.8.2/tests/foreign_object/models.py,ColConstraint,True,2,7,2.5,8,6,6,1,0,1
Django-1.8.2,Django-1.8.2/tests/foreign_object/models.py,ActiveTranslationField,True,3,15,2.3333333333333335,16,11,9,0,4,3
Django-1.8.2,Django-1.8.2/tests/foreign_object/models.py,Article,True,1,13,5.0,14,8,13,0,0,1
Django-1.8.2,Django-1.8.2/tests/foreign_object/models.py,NewsArticle,True,0,1,0.0,2,2,2,0,0,0
Django-1.8.2,Django-1.8.2/tests/foreign_object/models.py,ArticleTranslation,True,0,9,0.0,10,9,9,0,0,1
Django-1.8.2,Django-1.8.2/tests/foreign_object/models.py,ArticleTag,True,0,2,0.0,3,3,3,0,0,0
Django-1.8.2,Django-1.8.2/tests/foreign_object/models.py,ArticleIdea,True,0,3,0.0,4,3,4,0,0,0
Django-1.8.2,Django-1.8.2/tests/foreign_object/tests.py,MultiColumnFKTests,True,25,372,13.8,373,170,283,27,0,62
Django-1.8.2,Django-1.8.2/tests/foreign_object/tests.py,FormsTests,True,1,20,13.0,21,19,17,3,0,1
Django-1.8.2,Django-1.8.2/tests/forms_tests/models.py,BoundaryModel,True,0,1,0.0,2,2,2,0,0,0
Django-1.8.2,Django-1.8.2/tests/forms_tests/models.py,Defaults,True,0,4,0.0,5,5,5,0,0,0
Django-1.8.2,Django-1.8.2/tests/forms_tests/models.py,ChoiceModel,True,0,25,0.0,26,9,22,0,0,3
Django-1.8.2,Django-1.8.2/tests/forms_tests/models.py,ChoiceOptionModel,True,1,9,2.0,10,7,6,0,2,2
Django-1.8.2,Django-1.8.2/tests/forms_tests/models.py,ChoiceFieldModel,True,0,11,0.0,12,10,9,0,2,1
Django-1.8.2,Django-1.8.2/tests/forms_tests/models.py,OptionalMultiChoiceModel,True,0,4,0.0,5,4,5,0,0,0
Django-1.8.2,Django-1.8.2/tests/forms_tests/models.py,FileModel,True,0,1,0.0,2,2,2,0,0,0
Django-1.8.2,Django-1.8.2/tests/forms_tests/models.py,Group,True,1,4,2.0,5,4,4,0,0,1
Django-1.8.2,Django-1.8.2/tests/forms_tests/models.py,Cheese,True,0,1,0.0,2,2,2,0,0,0
Django-1.8.2,Django-1.8.2/tests/forms_tests/models.py,Article,True,0,1,0.0,2,2,2,0,0,0
Django-1.8.2,Django-1.8.2/tests/forms_tests/views.py,ArticleFormView,True,0,3,0.0,4,4,4,0,0,0
Django-1.8.2,Django-1.8.2/tests/forms_tests/tests/tests.py,ChoiceFieldForm,True,0,3,0.0,4,4,4,0,0,0
Django-1.8.2,Django-1.8.2/tests/forms_tests/tests/tests.py,OptionalMultiChoiceModelForm,True,0,3,0.0,4,4,4,0,0,0
Django-1.8.2,Django-1.8.2/tests/forms_tests/tests/tests.py,ChoiceFieldExclusionForm,True,0,5,0.0,6,5,5,0,0,1
Django-1.8.2,Django-1.8.2/tests/forms_tests/tests/tests.py,EmptyCharLabelChoiceForm,True,0,3,0.0,4,4,4,0,0,0
Django-1.8.2,Django-1.8.2/tests/forms_tests/tests/tests.py,EmptyIntegerLabelChoiceForm,True,0,3,0.0,4,4,4,0,0,0
Django-1.8.2,Django-1.8.2/tests/forms_tests/tests/tests.py,EmptyCharLabelNoneChoiceForm,True,0,3,0.0,4,4,4,0,0,0
Django-1.8.2,Django-1.8.2/tests/forms_tests/tests/tests.py,FileForm,True,0,1,0.0,2,2,2,0,0,0
Django-1.8.2,Django-1.8.2/tests/forms_tests/tests/tests.py,TestTicket12510,True,2,9,3.5,10,8,7,1,0,1
Django-1.8.2,Django-1.8.2/tests/forms_tests/tests/tests.py,TestTicket14567,True,1,12,9.0,13,10,7,2,3,0
Django-1.8.2,Django-1.8.2/tests/forms_tests/tests/tests.py,ModelFormCallableModelDefault,True,3,66,21.333333333333332,67,20,61,0,0,3
Django-1.8.2,Django-1.8.2/tests/forms_tests/tests/tests.py,FormsModelTestCase,True,3,63,20.333333333333332,64,53,48,7,0,9
Django-1.8.2,Django-1.8.2/tests/forms_tests/tests/tests.py,RelatedModelFormTests,True,2,31,15.0,32,23,19,0,6,7
Django-1.8.2,Django-1.8.2/tests/forms_tests/tests/tests.py,ManyToManyExclusionTestCase,True,1,25,25.0,26,19,25,1,0,0
Django-1.8.2,Django-1.8.2/tests/forms_tests/tests/tests.py,EmptyLabelTestCase,True,6,72,11.166666666666666,73,30,64,2,0,7
Django-1.8.2,Django-1.8.2/tests/forms_tests/tests/test_error_messages.py,AssertFormErrorsMixin,True,1,6,6.0,7,7,7,0,0,0
Django-1.8.2,Django-1.8.2/tests/forms_tests/tests/test_error_messages.py,FormsErrorMessagesTestCase,True,18,219,11.166666666666666,220,145,195,2,0,23
Django-1.8.2,Django-1.8.2/tests/forms_tests/tests/test_error_messages.py,ModelChoiceFieldErrorMessagesTestCase,True,1,26,26.0,27,17,22,3,0,2
Django-1.8.2,Django-1.8.2/tests/forms_tests/tests/test_extra.py,GetDate,True,0,1,0.0,2,2,2,0,0,0
Django-1.8.2,Django-1.8.2/tests/forms_tests/tests/test_extra.py,GetDateShowHiddenInitial,True,0,1,0.0,2,2,2,0,0,0
Django-1.8.2,Django-1.8.2/tests/forms_tests/tests/test_extra.py,FormsExtraTestCase,True,19,685,34.78947368421053,686,258,575,33,0,78
Django-1.8.2,Django-1.8.2/tests/forms_tests/tests/test_extra.py,FormsExtraL10NTestCase,True,6,144,23.166666666666668,145,45,122,6,5,12
Django-1.8.2,Django-1.8.2/tests/forms_tests/tests/test_fields.py,FieldsTests,True,127,1348,9.196850393700787,1349,1013,1063,74,41,173
Django-1.8.2,Django-1.8.2/tests/forms_tests/tests/test_forms.py,Person,True,0,3,0.0,4,4,4,0,0,0
Django-1.8.2,Django-1.8.2/tests/forms_tests/tests/test_forms.py,PersonNew,True,0,3,0.0,4,5,4,0,0,0
Django-1.8.2,Django-1.8.2/tests/forms_tests/tests/test_forms.py,FormsTestCase,True,78,2414,29.897435897435898,2415,1383,1779,259,46,338
Django-1.8.2,Django-1.8.2/tests/forms_tests/tests/test_formsets.py,Choice,True,0,2,0.0,3,3,3,0,0,0
Django-1.8.2,Django-1.8.2/tests/forms_tests/tests/test_formsets.py,FavoriteDrinkForm,True,0,1,0.0,2,2,2,0,0,0
Django-1.8.2,Django-1.8.2/tests/forms_tests/tests/test_formsets.py,BaseFavoriteDrinksFormSet,True,1,8,8.0,9,7,7,0,0,2
Django-1.8.2,Django-1.8.2/tests/forms_tests/tests/test_formsets.py,EmptyFsetWontValidate,True,1,2,2.0,3,3,3,0,0,0
Django-1.8.2,Django-1.8.2/tests/forms_tests/tests/test_formsets.py,SplitDateTimeForm,True,0,1,0.0,2,2,2,0,0,0
Django-1.8.2,Django-1.8.2/tests/forms_tests/tests/test_formsets.py,FormsFormsetTestCase,True,40,1040,25.0,1041,435,720,195,12,180
Django-1.8.2,Django-1.8.2/tests/forms_tests/tests/test_formsets.py,Choice,True,0,2,0.0,3,3,3,0,0,0
Django-1.8.2,Django-1.8.2/tests/forms_tests/tests/test_formsets.py,FormsetAsFooTests,True,3,17,5.0,18,10,16,0,0,2
Django-1.8.2,Django-1.8.2/tests/forms_tests/tests/test_formsets.py,ArticleForm,True,0,2,0.0,3,3,3,0,0,0
Django-1.8.2,Django-1.8.2/tests/forms_tests/tests/test_formsets.py,TestIsBoundBehavior,True,4,52,12.25,53,33,44,3,0,7
Django-1.8.2,Django-1.8.2/tests/forms_tests/tests/test_formsets.py,TestEmptyFormSet,True,3,20,6.0,21,21,16,0,0,2
Django-1.8.2,Django-1.8.2/tests/forms_tests/tests/test_input_formats.py,LocalizedTimeTests,True,6,101,16.0,102,57,53,23,0,22
Django-1.8.2,Django-1.8.2/tests/forms_tests/tests/test_input_formats.py,CustomTimeInputFormatsTests,True,4,89,21.5,90,51,47,20,0,19
Django-1.8.2,Django-1.8.2/tests/forms_tests/tests/test_input_formats.py,SimpleTimeFormatTests,True,4,87,21.0,88,49,45,20,0,19
Django-1.8.2,Django-1.8.2/tests/forms_tests/tests/test_input_formats.py,LocalizedDateTests,True,6,100,15.833333333333334,101,58,54,21,0,22
Django-1.8.2,Django-1.8.2/tests/forms_tests/tests/test_input_formats.py,CustomDateInputFormatsTests,True,4,89,21.5,90,51,47,20,0,19
Django-1.8.2,Django-1.8.2/tests/forms_tests/tests/test_input_formats.py,SimpleDateFormatTests,True,4,87,21.0,88,49,45,20,0,19
Django-1.8.2,Django-1.8.2/tests/forms_tests/tests/test_input_formats.py,LocalizedDateTimeTests,True,6,100,15.833333333333334,101,58,54,21,0,22
Django-1.8.2,Django-1.8.2/tests/forms_tests/tests/test_input_formats.py,CustomDateTimeInputFormatsTests,True,4,89,21.5,90,51,47,20,0,19
Django-1.8.2,Django-1.8.2/tests/forms_tests/tests/test_input_formats.py,SimpleDateTimeFormatTests,True,4,87,21.0,88,49,45,20,0,19
Django-1.8.2,Django-1.8.2/tests/forms_tests/tests/test_media.py,FormsMediaTestCase,True,13,450,33.53846153846154,451,224,340,48,0,62
Django-1.8.2,Django-1.8.2/tests/forms_tests/tests/test_media.py,StaticFormsMediaTestCase,True,12,445,36.0,446,219,336,48,0,61
Django-1.8.2,Django-1.8.2/tests/forms_tests/tests/test_regressions.py,FormsRegressionsTestCase,True,7,136,18.428571428571427,137,89,80,20,4,33
Django-1.8.2,Django-1.8.2/tests/forms_tests/tests/test_utils.py,FormsUtilsTestCase,True,6,129,20.333333333333332,130,65,91,15,3,21
Django-1.8.2,Django-1.8.2/tests/forms_tests/tests/test_validators.py,UserForm,True,0,27,0.0,28,4,27,0,0,1
Django-1.8.2,Django-1.8.2/tests/forms_tests/tests/test_validators.py,TestFieldWithValidators,True,1,12,12.0,13,12,11,0,0,2
Django-1.8.2,Django-1.8.2/tests/forms_tests/tests/test_widgets.py,FormsWidgetTestCase,True,24,1011,41.041666666666664,1012,437,773,106,0,134
Django-1.8.2,Django-1.8.2/tests/forms_tests/tests/test_widgets.py,NullBooleanSelectLazyForm,True,0,2,0.0,3,3,2,0,0,0
Django-1.8.2,Django-1.8.2/tests/forms_tests/tests/test_widgets.py,FormsI18NWidgetsTestCase,True,8,45,4.75,46,34,33,0,5,8
Django-1.8.2,Django-1.8.2/tests/forms_tests/tests/test_widgets.py,SelectAndTextWidget,True,3,22,5.333333333333333,23,12,12,0,9,2
Django-1.8.2,Django-1.8.2/tests/forms_tests/tests/test_widgets.py,WidgetTests,True,2,27,12.5,28,24,20,4,0,4
Django-1.8.2,Django-1.8.2/tests/forms_tests/tests/test_widgets.py,LiveWidgetTests,True,1,14,11.0,15,9,9,1,3,2
Django-1.8.2,Django-1.8.2/tests/forms_tests/tests/test_widgets.py,FakeFieldFile,True,1,9,2.0,10,5,4,0,4,2
Django-1.8.2,Django-1.8.2/tests/forms_tests/tests/test_widgets.py,ClearableFileInputTests,True,7,95,12.714285714285714,96,49,58,0,24,14
Django-1.8.2,Django-1.8.2/tests/from_db_value/models.py,Cash,True,1,5,3.0,6,5,5,0,0,1
Django-1.8.2,Django-1.8.2/tests/from_db_value/models.py,CashField,True,2,9,4.0,10,9,9,0,0,1
Django-1.8.2,Django-1.8.2/tests/from_db_value/models.py,CashModel,True,1,4,2.0,5,4,4,0,0,1
Django-1.8.2,Django-1.8.2/tests/from_db_value/tests.py,FromDBValueTest,True,6,22,2.8333333333333335,23,18,18,0,0,5
Django-1.8.2,Django-1.8.2/tests/generic_inline_admin/admin.py,MediaInline,True,0,1,0.0,2,2,2,0,0,0
Django-1.8.2,Django-1.8.2/tests/generic_inline_admin/admin.py,EpisodeAdmin,True,0,3,0.0,4,2,4,0,0,0
Django-1.8.2,Django-1.8.2/tests/generic_inline_admin/admin.py,PhoneNumberInline,True,0,1,0.0,2,2,2,0,0,0
Django-1.8.2,Django-1.8.2/tests/generic_inline_admin/admin.py,MediaPermanentInline,True,0,2,0.0,3,3,3,0,0,0
Django-1.8.2,Django-1.8.2/tests/generic_inline_admin/models.py,Episode,True,0,3,0.0,4,4,4,0,0,0
Django-1.8.2,Django-1.8.2/tests/generic_inline_admin/models.py,Media,True,1,12,2.0,13,10,9,0,3,1
Django-1.8.2,Django-1.8.2/tests/generic_inline_admin/models.py,Category,True,0,1,0.0,2,2,2,0,0,0
Django-1.8.2,Django-1.8.2/tests/generic_inline_admin/models.py,PhoneNumber,True,0,8,0.0,9,8,8,0,0,1
Django-1.8.2,Django-1.8.2/tests/generic_inline_admin/models.py,Contact,True,0,2,0.0,3,3,3,0,0,0
Django-1.8.2,Django-1.8.2/tests/generic_inline_admin/models.py,EpisodePermanent,True,0,1,0.0,2,2,2,0,0,0
Django-1.8.2,Django-1.8.2/tests/generic_inline_admin/tests.py,GenericAdminViewTest,True,7,100,13.142857142857142,101,55,68,12,12,13
Django-1.8.2,Django-1.8.2/tests/generic_inline_admin/tests.py,GenericInlineAdminParametersTest,True,9,142,14.666666666666666,143,103,98,0,18,27
Django-1.8.2,Django-1.8.2/tests/generic_inline_admin/tests.py,GenericInlineAdminWithUniqueTogetherTest,True,2,21,9.0,22,12,20,2,0,2
Django-1.8.2,Django-1.8.2/tests/generic_inline_admin/tests.py,NoInlineDeletionTest,True,1,6,5.0,7,6,6,0,0,1
Django-1.8.2,Django-1.8.2/tests/generic_inline_admin/tests.py,MockRequest,True,0,1,0.0,2,2,2,0,0,0
Django-1.8.2,Django-1.8.2/tests/generic_inline_admin/tests.py,MockSuperUser,True,1,2,2.0,3,3,3,0,0,0
Django-1.8.2,Django-1.8.2/tests/generic_inline_admin/tests.py,GenericInlineModelAdminTest,True,7,194,26.571428571428573,195,115,130,11,18,36
Django-1.8.2,Django-1.8.2/tests/generic_relations/models.py,TaggedItem,True,1,12,2.0,13,10,9,0,0,3
Django-1.8.2,Django-1.8.2/tests/generic_relations/models.py,ValuableTaggedItem,True,0,1,0.0,2,2,2,0,0,0
Django-1.8.2,Django-1.8.2/tests/generic_relations/models.py,AbstractComparison,True,0,6,0.0,7,5,5,0,0,2
Django-1.8.2,Django-1.8.2/tests/generic_relations/models.py,Comparison,True,1,11,2.0,12,7,6,0,4,2
Django-1.8.2,Django-1.8.2/tests/generic_relations/models.py,Animal,True,1,10,2.0,11,7,9,0,0,2
Django-1.8.2,Django-1.8.2/tests/generic_relations/models.py,Vegetable,True,1,7,2.0,8,6,6,0,0,2
Django-1.8.2,Django-1.8.2/tests/generic_relations/models.py,Mineral,True,1,7,2.0,8,5,5,1,0,2
Django-1.8.2,Django-1.8.2/tests/generic_relations/models.py,GeckoManager,True,1,2,2.0,3,3,3,0,0,0
Django-1.8.2,Django-1.8.2/tests/generic_relations/models.py,Gecko,True,0,2,0.0,3,3,3,0,0,0
Django-1.8.2,Django-1.8.2/tests/generic_relations/models.py,Rock,True,0,1,0.0,2,2,2,0,0,0
Django-1.8.2,Django-1.8.2/tests/generic_relations/models.py,ManualPK,True,0,2,0.0,3,3,3,0,0,0
Django-1.8.2,Django-1.8.2/tests/generic_relations/models.py,ForProxyModelModel,True,0,4,0.0,5,5,5,0,0,0
Django-1.8.2,Django-1.8.2/tests/generic_relations/models.py,ForConcreteModelModel,True,0,3,0.0,4,4,4,0,0,0
Django-1.8.2,Django-1.8.2/tests/generic_relations/models.py,ConcreteRelatedModel,True,0,1,0.0,2,2,2,0,0,0
Django-1.8.2,Django-1.8.2/tests/generic_relations/models.py,ProxyRelatedModel,True,0,2,0.0,3,3,3,0,0,0
Django-1.8.2,Django-1.8.2/tests/generic_relations/models.py,AllowsNullGFK,True,0,3,0.0,4,4,4,0,0,0
Django-1.8.2,Django-1.8.2/tests/generic_relations/tests.py,GenericRelationsTests,True,27,391,13.518518518518519,392,194,258,26,60,48
Django-1.8.2,Django-1.8.2/tests/generic_relations/tests.py,CustomWidget,True,0,1,0.0,2,2,2,0,0,0
Django-1.8.2,Django-1.8.2/tests/generic_relations/tests.py,TaggedItemForm,True,0,4,0.0,5,6,5,0,0,0
Django-1.8.2,Django-1.8.2/tests/generic_relations/tests.py,GenericInlineFormsetTest,True,4,72,17.25,73,38,51,0,7,15
Django-1.8.2,Django-1.8.2/tests/generic_relations/tests.py,ProxyRelatedModelTest,True,7,68,8.857142857142858,69,48,45,0,11,13
Django-1.8.2,Django-1.8.2/tests/generic_relations/tests.py,TestInitWithNoneArgument,True,2,11,5.0,12,6,7,4,0,1
Django-1.8.2,Django-1.8.2/tests/generic_relations_regress/models.py,Link,True,1,6,2.0,7,6,6,0,0,1
Django-1.8.2,Django-1.8.2/tests/generic_relations_regress/models.py,Place,True,1,5,2.0,6,5,5,0,0,1
Django-1.8.2,Django-1.8.2/tests/generic_relations_regress/models.py,Restaurant,True,1,2,2.0,3,3,3,0,0,0
Django-1.8.2,Django-1.8.2/tests/generic_relations_regress/models.py,Address,True,1,10,2.0,11,10,10,0,0,1
Django-1.8.2,Django-1.8.2/tests/generic_relations_regress/models.py,Person,True,1,6,2.0,7,6,6,0,0,1
Django-1.8.2,Django-1.8.2/tests/generic_relations_regress/models.py,CharLink,True,0,3,0.0,4,4,4,0,0,0
Django-1.8.2,Django-1.8.2/tests/generic_relations_regress/models.py,TextLink,True,0,3,0.0,4,4,4,0,0,0
Django-1.8.2,Django-1.8.2/tests/generic_relations_regress/models.py,OddRelation1,True,0,2,0.0,3,3,3,0,0,0
Django-1.8.2,Django-1.8.2/tests/generic_relations_regress/models.py,OddRelation2,True,0,2,0.0,3,3,3,0,0,0
Django-1.8.2,Django-1.8.2/tests/generic_relations_regress/models.py,Note,True,0,4,0.0,5,5,5,0,0,0
Django-1.8.2,Django-1.8.2/tests/generic_relations_regress/models.py,Contact,True,0,1,0.0,2,2,2,0,0,0
Django-1.8.2,Django-1.8.2/tests/generic_relations_regress/models.py,Organization,True,0,2,0.0,3,3,3,0,0,0
Django-1.8.2,Django-1.8.2/tests/generic_relations_regress/models.py,Company,True,1,5,2.0,6,5,5,0,0,1
Django-1.8.2,Django-1.8.2/tests/generic_relations_regress/models.py,Developer,True,0,1,0.0,2,2,2,0,0,0
Django-1.8.2,Django-1.8.2/tests/generic_relations_regress/models.py,Team,True,2,8,2.0,9,7,7,0,0,2
Django-1.8.2,Django-1.8.2/tests/generic_relations_regress/models.py,Guild,True,1,6,3.0,7,5,5,0,0,2
Django-1.8.2,Django-1.8.2/tests/generic_relations_regress/models.py,Tag,True,0,4,0.0,5,5,5,0,0,0
Django-1.8.2,Django-1.8.2/tests/generic_relations_regress/models.py,Board,True,0,1,0.0,2,2,2,0,0,0
Django-1.8.2,Django-1.8.2/tests/generic_relations_regress/models.py,SpecialGenericRelation,True,2,7,3.0,8,7,7,0,0,1
Django-1.8.2,Django-1.8.2/tests/generic_relations_regress/models.py,HasLinks,True,0,4,0.0,5,4,4,0,0,1
Django-1.8.2,Django-1.8.2/tests/generic_relations_regress/models.py,HasLinkThing,True,0,1,0.0,2,2,2,0,0,0
Django-1.8.2,Django-1.8.2/tests/generic_relations_regress/models.py,A,True,0,4,0.0,5,5,5,0,0,0
Django-1.8.2,Django-1.8.2/tests/generic_relations_regress/models.py,B,True,0,4,0.0,5,4,4,0,0,1
Django-1.8.2,Django-1.8.2/tests/generic_relations_regress/models.py,C,True,0,4,0.0,5,4,4,0,0,1
Django-1.8.2,Django-1.8.2/tests/generic_relations_regress/models.py,D,True,0,4,0.0,5,4,4,0,0,1
Django-1.8.2,Django-1.8.2/tests/generic_relations_regress/models.py,Node,True,0,3,0.0,4,4,4,0,0,0
Django-1.8.2,Django-1.8.2/tests/generic_relations_regress/models.py,Content,True,0,2,0.0,3,3,3,0,0,0
Django-1.8.2,Django-1.8.2/tests/generic_relations_regress/models.py,Related,True,0,1,0.0,2,2,2,0,0,0
Django-1.8.2,Django-1.8.2/tests/generic_relations_regress/tests.py,GenericRelationTests,True,20,263,12.1,264,169,188,22,21,29
Django-1.8.2,Django-1.8.2/tests/generic_views/models.py,Artist,True,2,12,2.0,13,11,10,0,0,3
Django-1.8.2,Django-1.8.2/tests/generic_views/models.py,Author,True,1,8,2.0,9,7,7,0,0,2
Django-1.8.2,Django-1.8.2/tests/generic_views/models.py,DoesNotExistQuerySet,True,1,2,2.0,3,3,3,0,0,0
Django-1.8.2,Django-1.8.2/tests/generic_views/models.py,Book,True,1,14,2.0,15,12,12,0,0,3
Django-1.8.2,Django-1.8.2/tests/generic_views/models.py,Page,True,0,2,0.0,3,3,3,0,0,0
Django-1.8.2,Django-1.8.2/tests/generic_views/models.py,BookSigning,True,0,1,0.0,2,2,2,0,0,0
Django-1.8.2,Django-1.8.2/tests/generic_views/test_base.py,SimpleView,True,1,5,2.0,6,4,3,0,3,0
Django-1.8.2,Django-1.8.2/tests/generic_views/test_base.py,SimplePostView,True,0,1,0.0,2,2,2,0,0,0
Django-1.8.2,Django-1.8.2/tests/generic_views/test_base.py,PostOnlyView,True,1,2,2.0,3,3,3,0,0,0
Django-1.8.2,Django-1.8.2/tests/generic_views/test_base.py,CustomizableView,True,0,1,0.0,2,2,2,0,0,0
Django-1.8.2,Django-1.8.2/tests/generic_views/test_base.py,DecoratedDispatchView,True,1,4,2.0,5,4,4,0,0,1
Django-1.8.2,Django-1.8.2/tests/generic_views/test_base.py,AboutTemplateView,True,2,5,2.0,6,5,5,0,0,1
Django-1.8.2,Django-1.8.2/tests/generic_views/test_base.py,AboutTemplateAttributeView,True,1,4,2.0,5,4,4,0,0,1
Django-1.8.2,Django-1.8.2/tests/generic_views/test_base.py,InstanceView,True,1,3,2.0,4,3,3,0,0,1
Django-1.8.2,Django-1.8.2/tests/generic_views/test_base.py,ViewTest,True,19,170,7.894736842105263,171,102,90,3,57,20
Django-1.8.2,Django-1.8.2/tests/generic_views/test_base.py,TemplateViewTest,True,11,98,7.636363636363637,99,60,51,1,29,18
Django-1.8.2,Django-1.8.2/tests/generic_views/test_base.py,RedirectViewTest,True,17,109,5.294117647058823,110,86,71,1,4,19
Django-1.8.2,Django-1.8.2/tests/generic_views/test_base.py,RedirectViewDeprecationTest,True,4,59,13.25,60,36,46,0,0,14
Django-1.8.2,Django-1.8.2/tests/generic_views/test_base.py,GetContextDataTest,True,3,26,7.666666666666667,27,18,18,4,0,5
Django-1.8.2,Django-1.8.2/tests/generic_views/test_base.py,UseMultipleObjectMixinTest,True,2,17,7.0,18,15,14,2,0,2
Django-1.8.2,Django-1.8.2/tests/generic_views/test_base.py,SingleObjectTemplateResponseMixinTest,True,1,9,8.0,10,5,4,0,5,1
Django-1.8.2,Django-1.8.2/tests/generic_views/test_dates.py,ArchiveIndexViewTests,True,16,114,5.875,115,96,93,4,0,17
Django-1.8.2,Django-1.8.2/tests/generic_views/test_dates.py,YearArchiveViewTests,True,12,101,7.166666666666667,102,81,80,5,0,16
Django-1.8.2,Django-1.8.2/tests/generic_views/test_dates.py,MonthArchiveViewTests,True,10,123,11.0,124,88,90,13,0,19
Django-1.8.2,Django-1.8.2/tests/generic_views/test_dates.py,WeekArchiveViewTests,True,8,93,10.375,94,66,66,11,0,17
Django-1.8.2,Django-1.8.2/tests/generic_views/test_dates.py,DayArchiveViewTests,True,10,114,10.1,115,82,84,12,0,19
Django-1.8.2,Django-1.8.2/tests/generic_views/test_dates.py,DateDetailViewTests,True,9,77,7.222222222222222,78,58,59,2,5,12
Django-1.8.2,Django-1.8.2/tests/generic_views/test_detail.py,DetailViewTest,True,20,125,5.2,126,107,106,0,0,20
Django-1.8.2,Django-1.8.2/tests/generic_views/test_edit.py,FormMixinTests,True,4,63,15.0,64,39,49,0,0,13
Django-1.8.2,Django-1.8.2/tests/generic_views/test_edit.py,BasicFormTests,True,1,4,3.0,5,5,4,0,0,1
Django-1.8.2,Django-1.8.2/tests/generic_views/test_edit.py,ModelFormMixinTests,True,2,9,4.0,10,9,9,0,0,1
Django-1.8.2,Django-1.8.2/tests/generic_views/test_edit.py,CreateViewTests,True,12,124,9.25,125,97,105,1,0,19
Django-1.8.2,Django-1.8.2/tests/generic_views/test_edit.py,UpdateViewTests,True,8,124,14.375,125,83,109,5,0,11
Django-1.8.2,Django-1.8.2/tests/generic_views/test_edit.py,DeleteViewTests,True,6,66,9.833333333333334,67,57,54,5,0,8
Django-1.8.2,Django-1.8.2/tests/generic_views/test_forms.py,AuthorForm,True,0,6,0.0,7,6,6,0,0,1
Django-1.8.2,Django-1.8.2/tests/generic_views/test_forms.py,ContactForm,True,0,2,0.0,3,3,3,0,0,0
Django-1.8.2,Django-1.8.2/tests/generic_views/test_list.py,ListViewTests,True,25,218,7.64,219,186,184,8,0,27
Django-1.8.2,Django-1.8.2/tests/generic_views/views.py,CustomTemplateView,True,1,6,4.0,7,7,6,0,0,1
Django-1.8.2,Django-1.8.2/tests/generic_views/views.py,ObjectDetail,True,1,4,2.0,5,5,4,0,0,1
Django-1.8.2,Django-1.8.2/tests/generic_views/views.py,ArtistDetail,True,0,1,0.0,2,2,2,0,0,0
Django-1.8.2,Django-1.8.2/tests/generic_views/views.py,AuthorDetail,True,0,1,0.0,2,2,2,0,0,0
Django-1.8.2,Django-1.8.2/tests/generic_views/views.py,PageDetail,True,0,2,0.0,3,3,3,0,0,0
Django-1.8.2,Django-1.8.2/tests/generic_views/views.py,DictList,True,0,6,0.0,7,5,6,0,0,0
Django-1.8.2,Django-1.8.2/tests/generic_views/views.py,ArtistList,True,0,2,0.0,3,3,3,0,0,0
Django-1.8.2,Django-1.8.2/tests/generic_views/views.py,AuthorList,True,0,1,0.0,2,2,2,0,0,0
Django-1.8.2,Django-1.8.2/tests/generic_views/views.py,BookList,True,0,1,0.0,2,2,2,0,0,0
Django-1.8.2,Django-1.8.2/tests/generic_views/views.py,CustomPaginator,True,1,6,6.0,7,3,7,0,0,0
Django-1.8.2,Django-1.8.2/tests/generic_views/views.py,AuthorListCustomPaginator,True,1,8,6.0,9,4,8,0,0,1
Django-1.8.2,Django-1.8.2/tests/generic_views/views.py,ContactView,True,0,3,0.0,4,4,4,0,0,0
Django-1.8.2,Django-1.8.2/tests/generic_views/views.py,ArtistCreate,True,0,2,0.0,3,3,3,0,0,0
Django-1.8.2,Django-1.8.2/tests/generic_views/views.py,NaiveAuthorCreate,True,0,2,0.0,3,3,3,0,0,0
Django-1.8.2,Django-1.8.2/tests/generic_views/views.py,TemplateResponseWithoutTemplate,True,1,5,3.0,6,3,3,2,0,1
Django-1.8.2,Django-1.8.2/tests/generic_views/views.py,AuthorCreate,True,0,3,0.0,4,4,4,0,0,0
Django-1.8.2,Django-1.8.2/tests/generic_views/views.py,SpecializedAuthorCreate,True,1,7,2.0,8,7,7,0,0,1
Django-1.8.2,Django-1.8.2/tests/generic_views/views.py,AuthorCreateRestricted,True,0,1,0.0,2,2,2,0,0,0
Django-1.8.2,Django-1.8.2/tests/generic_views/views.py,ArtistUpdate,True,0,2,0.0,3,3,3,0,0,0
Django-1.8.2,Django-1.8.2/tests/generic_views/views.py,NaiveAuthorUpdate,True,0,2,0.0,3,3,3,0,0,0
Django-1.8.2,Django-1.8.2/tests/generic_views/views.py,AuthorUpdate,True,0,3,0.0,4,4,4,0,0,0
Django-1.8.2,Django-1.8.2/tests/generic_views/views.py,OneAuthorUpdate,True,1,5,2.0,6,5,5,0,0,1
Django-1.8.2,Django-1.8.2/tests/generic_views/views.py,SpecializedAuthorUpdate,True,1,7,2.0,8,7,7,0,0,1
Django-1.8.2,Django-1.8.2/tests/generic_views/views.py,NaiveAuthorDelete,True,0,1,0.0,2,2,2,0,0,0
Django-1.8.2,Django-1.8.2/tests/generic_views/views.py,AuthorDelete,True,0,2,0.0,3,3,3,0,0,0
Django-1.8.2,Django-1.8.2/tests/generic_views/views.py,SpecializedAuthorDelete,True,0,4,0.0,5,5,5,0,0,0
Django-1.8.2,Django-1.8.2/tests/generic_views/views.py,BookConfig,True,0,2,0.0,3,3,3,0,0,0
Django-1.8.2,Django-1.8.2/tests/generic_views/views.py,BookArchive,True,0,1,0.0,2,2,2,0,0,0
Django-1.8.2,Django-1.8.2/tests/generic_views/views.py,BookYearArchive,True,0,1,0.0,2,2,2,0,0,0
Django-1.8.2,Django-1.8.2/tests/generic_views/views.py,BookMonthArchive,True,0,1,0.0,2,2,2,0,0,0
Django-1.8.2,Django-1.8.2/tests/generic_views/views.py,BookWeekArchive,True,0,1,0.0,2,2,2,0,0,0
Django-1.8.2,Django-1.8.2/tests/generic_views/views.py,BookDayArchive,True,0,1,0.0,2,2,2,0,0,0
Django-1.8.2,Django-1.8.2/tests/generic_views/views.py,BookTodayArchive,True,0,1,0.0,2,2,2,0,0,0
Django-1.8.2,Django-1.8.2/tests/generic_views/views.py,BookDetail,True,0,1,0.0,2,2,2,0,0,0
Django-1.8.2,Django-1.8.2/tests/generic_views/views.py,AuthorGetQuerySetFormView,True,1,4,2.0,5,4,4,0,0,1
Django-1.8.2,Django-1.8.2/tests/generic_views/views.py,BookDetailGetObjectCustomQueryset,True,1,3,3.0,4,3,4,0,0,0
Django-1.8.2,Django-1.8.2/tests/generic_views/views.py,CustomMultipleObjectMixinView,True,1,7,2.0,8,5,7,0,0,1
Django-1.8.2,Django-1.8.2/tests/generic_views/views.py,CustomContextView,True,3,13,2.6666666666666665,14,12,11,0,0,3
Django-1.8.2,Django-1.8.2/tests/generic_views/views.py,CustomSingleObjectView,True,0,2,0.0,3,3,3,0,0,0
Django-1.8.2,Django-1.8.2/tests/generic_views/views.py,BookSigningConfig,True,1,6,2.0,7,5,5,1,0,1
Django-1.8.2,Django-1.8.2/tests/generic_views/views.py,BookSigningArchive,True,0,1,0.0,2,2,2,0,0,0
Django-1.8.2,Django-1.8.2/tests/generic_views/views.py,BookSigningYearArchive,True,0,1,0.0,2,2,2,0,0,0
Django-1.8.2,Django-1.8.2/tests/generic_views/views.py,BookSigningMonthArchive,True,0,1,0.0,2,2,2,0,0,0
Django-1.8.2,Django-1.8.2/tests/generic_views/views.py,BookSigningWeekArchive,True,0,1,0.0,2,2,2,0,0,0
Django-1.8.2,Django-1.8.2/tests/generic_views/views.py,BookSigningDayArchive,True,0,1,0.0,2,2,2,0,0,0
Django-1.8.2,Django-1.8.2/tests/generic_views/views.py,BookSigningTodayArchive,True,0,1,0.0,2,2,2,0,0,0
Django-1.8.2,Django-1.8.2/tests/generic_views/views.py,BookSigningDetail,True,0,1,0.0,2,2,2,0,0,0
Django-1.8.2,Django-1.8.2/tests/generic_views/views.py,NonModel,True,0,3,0.0,4,3,3,0,0,1
Django-1.8.2,Django-1.8.2/tests/generic_views/views.py,NonModelDetail,True,1,6,2.0,7,5,5,0,0,2
Django-1.8.2,Django-1.8.2/tests/generic_views/views.py,ObjectDoesNotExistDetail,True,1,2,2.0,3,3,3,0,0,0
Django-1.8.2,Django-1.8.2/tests/get_earliest_or_latest/models.py,Article,True,0,6,0.0,7,6,6,0,0,1
Django-1.8.2,Django-1.8.2/tests/get_earliest_or_latest/models.py,Person,True,0,2,0.0,3,3,3,0,0,0
Django-1.8.2,Django-1.8.2/tests/get_earliest_or_latest/models.py,IndexErrorQuerySet,True,1,6,2.0,7,4,3,0,4,0
Django-1.8.2,Django-1.8.2/tests/get_earliest_or_latest/models.py,IndexErrorArticle,True,0,1,0.0,2,2,2,0,0,0
Django-1.8.2,Django-1.8.2/tests/get_earliest_or_latest/tests.py,EarliestOrLatestTests,True,4,113,27.0,114,39,79,19,0,14
Django-1.8.2,Django-1.8.2/tests/get_earliest_or_latest/tests.py,TestFirstLast,True,3,52,16.333333333333332,53,25,40,4,4,5
Django-1.8.2,Django-1.8.2/tests/get_object_or_404/models.py,Author,True,1,4,2.0,5,4,4,0,0,1
Django-1.8.2,Django-1.8.2/tests/get_object_or_404/models.py,ArticleManager,True,1,2,2.0,3,3,3,0,0,0
Django-1.8.2,Django-1.8.2/tests/get_object_or_404/models.py,Article,True,1,7,2.0,8,7,7,0,0,1
Django-1.8.2,Django-1.8.2/tests/get_object_or_404/tests.py,GetObjectOr404Tests,True,2,104,51.5,105,24,72,16,0,17
Django-1.8.2,Django-1.8.2/tests/get_or_create/models.py,Person,True,1,6,2.0,7,6,6,0,0,1
Django-1.8.2,Django-1.8.2/tests/get_or_create/models.py,DefaultPerson,True,0,1,0.0,2,2,2,0,0,0
Django-1.8.2,Django-1.8.2/tests/get_or_create/models.py,ManualPrimaryKeyTest,True,0,2,0.0,3,3,3,0,0,0
Django-1.8.2,Django-1.8.2/tests/get_or_create/models.py,Profile,True,0,1,0.0,2,2,2,0,0,0
Django-1.8.2,Django-1.8.2/tests/get_or_create/models.py,Tag,True,0,1,0.0,2,2,2,0,0,0
Django-1.8.2,Django-1.8.2/tests/get_or_create/models.py,Thing,True,0,2,0.0,3,3,3,0,0,0
Django-1.8.2,Django-1.8.2/tests/get_or_create/models.py,Publisher,True,0,1,0.0,2,2,2,0,0,0
Django-1.8.2,Django-1.8.2/tests/get_or_create/models.py,Author,True,0,1,0.0,2,2,2,0,0,0
Django-1.8.2,Django-1.8.2/tests/get_or_create/models.py,Book,True,0,3,0.0,4,4,4,0,0,0
Django-1.8.2,Django-1.8.2/tests/get_or_create/tests.py,GetOrCreateTests,True,6,111,17.5,112,53,68,17,8,19
Django-1.8.2,Django-1.8.2/tests/get_or_create/tests.py,GetOrCreateTestsWithManualPKs,True,5,54,9.4,55,30,32,1,17,5
Django-1.8.2,Django-1.8.2/tests/get_or_create/tests.py,GetOrCreateTransactionTests,True,1,15,12.0,16,10,9,0,5,2
Django-1.8.2,Django-1.8.2/tests/get_or_create/tests.py,GetOrCreateThroughManyToMany,True,3,22,6.333333333333333,23,18,18,0,0,5
Django-1.8.2,Django-1.8.2/tests/get_or_create/tests.py,UpdateOrCreateTests,True,10,120,11.0,121,74,80,1,30,10
Django-1.8.2,Django-1.8.2/tests/gis_tests/tests.py,TestPostgisVersionCheck,True,6,44,5.833333333333333,45,34,34,0,3,8
Django-1.8.2,Django-1.8.2/tests/gis_tests/test_data.py,TestObj,True,1,6,3.0,7,5,4,0,3,0
Django-1.8.2,Django-1.8.2/tests/gis_tests/test_data.py,TestDS,True,1,8,5.0,9,6,5,1,3,0
Django-1.8.2,Django-1.8.2/tests/gis_tests/test_data.py,TestGeom,True,1,22,18.0,23,14,13,3,4,3
Django-1.8.2,Django-1.8.2/tests/gis_tests/test_data.py,TestGeomSet,True,1,6,3.0,7,5,4,0,3,0
Django-1.8.2,Django-1.8.2/tests/gis_tests/test_data.py,TestDataMixin,True,1,10,5.0,11,7,6,1,4,0
Django-1.8.2,Django-1.8.2/tests/gis_tests/test_geoforms.py,GeometryFieldTest,True,6,74,11.333333333333334,75,50,45,12,4,10
Django-1.8.2,Django-1.8.2/tests/gis_tests/test_geoforms.py,SpecializedFieldTest,True,10,163,15.4,164,103,135,0,4,24
Django-1.8.2,Django-1.8.2/tests/gis_tests/test_geoforms.py,OSMWidgetTest,True,3,37,11.666666666666666,38,25,32,0,0,6
Django-1.8.2,Django-1.8.2/tests/gis_tests/test_geoforms.py,CustomGeometryWidgetTest,True,1,30,29.0,31,24,22,2,0,7
Django-1.8.2,Django-1.8.2/tests/gis_tests/test_geoip.py,GeoIPTest,True,5,94,17.6,95,76,71,9,0,13
Django-1.8.2,Django-1.8.2/tests/gis_tests/test_measure.py,DistanceTest,True,10,134,12.3,135,106,96,0,0,28
Django-1.8.2,Django-1.8.2/tests/gis_tests/test_measure.py,AreaTest,True,9,117,11.88888888888889,118,92,82,0,0,26
Django-1.8.2,Django-1.8.2/tests/gis_tests/test_spatialrefsys.py,SpatialRefSysTest,True,4,78,18.25,79,44,44,10,13,12
Django-1.8.2,Django-1.8.2/tests/gis_tests/distapp/models.py,NamedModel,True,1,9,2.0,10,7,7,0,0,3
Django-1.8.2,Django-1.8.2/tests/gis_tests/distapp/models.py,SouthTexasCity,True,0,2,0.0,3,3,2,0,0,0
Django-1.8.2,Django-1.8.2/tests/gis_tests/distapp/models.py,SouthTexasCityFt,True,0,2,0.0,3,3,2,0,0,0
Django-1.8.2,Django-1.8.2/tests/gis_tests/distapp/models.py,AustraliaCity,True,0,2,0.0,3,3,2,0,0,0
Django-1.8.2,Django-1.8.2/tests/gis_tests/distapp/models.py,CensusZipcode,True,0,2,0.0,3,3,2,0,0,0
Django-1.8.2,Django-1.8.2/tests/gis_tests/distapp/models.py,SouthTexasZipcode,True,0,2,0.0,3,3,2,0,0,0
Django-1.8.2,Django-1.8.2/tests/gis_tests/distapp/models.py,Interstate,True,0,2,0.0,3,3,2,0,0,0
Django-1.8.2,Django-1.8.2/tests/gis_tests/distapp/models.py,SouthTexasInterstate,True,0,2,0.0,3,3,2,0,0,0
Django-1.8.2,Django-1.8.2/tests/gis_tests/distapp/tests.py,DistanceTest,True,13,373,26.0,374,192,208,93,33,44
Django-1.8.2,Django-1.8.2/tests/gis_tests/gdal_tests/test_driver.py,DriverTest,True,3,17,4.666666666666667,18,15,12,0,0,3
Django-1.8.2,Django-1.8.2/tests/gis_tests/gdal_tests/test_ds.py,DataSourceTest,True,9,212,22.555555555555557,213,117,115,50,3,38
Django-1.8.2,Django-1.8.2/tests/gis_tests/gdal_tests/test_envelope.py,TestPoint,True,1,3,3.0,4,4,4,0,0,0
Django-1.8.2,Django-1.8.2/tests/gis_tests/gdal_tests/test_envelope.py,EnvelopeTest,True,10,77,6.7,78,68,59,1,0,10
Django-1.8.2,Django-1.8.2/tests/gis_tests/gdal_tests/test_geom.py,OGRGeomTest,True,29,466,15.03448275862069,467,365,335,64,0,57
Django-1.8.2,Django-1.8.2/tests/gis_tests/gdal_tests/test_raster.py,GDALRasterTests,True,8,43,4.125,44,32,34,0,3,7
Django-1.8.2,Django-1.8.2/tests/gis_tests/gdal_tests/test_raster.py,GDALBandTests,True,2,15,7.0,16,14,15,0,0,1
Django-1.8.2,Django-1.8.2/tests/gis_tests/gdal_tests/test_srs.py,TestSRS,True,1,4,4.0,5,5,5,0,0,0
Django-1.8.2,Django-1.8.2/tests/gis_tests/gdal_tests/test_srs.py,SpatialRefTest,True,12,108,8.0,109,98,85,2,0,12
Django-1.8.2,Django-1.8.2/tests/gis_tests/geo3d/models.py,NamedModel,True,1,9,2.0,10,7,7,0,0,3
Django-1.8.2,Django-1.8.2/tests/gis_tests/geo3d/models.py,City3D,True,0,1,0.0,2,2,2,0,0,0
Django-1.8.2,Django-1.8.2/tests/gis_tests/geo3d/models.py,Interstate2D,True,0,1,0.0,2,2,2,0,0,0
Django-1.8.2,Django-1.8.2/tests/gis_tests/geo3d/models.py,Interstate3D,True,0,1,0.0,2,2,2,0,0,0
Django-1.8.2,Django-1.8.2/tests/gis_tests/geo3d/models.py,InterstateProj2D,True,0,1,0.0,2,2,2,0,0,0
Django-1.8.2,Django-1.8.2/tests/gis_tests/geo3d/models.py,InterstateProj3D,True,0,1,0.0,2,2,2,0,0,0
Django-1.8.2,Django-1.8.2/tests/gis_tests/geo3d/models.py,Polygon2D,True,0,1,0.0,2,2,2,0,0,0
Django-1.8.2,Django-1.8.2/tests/gis_tests/geo3d/models.py,Polygon3D,True,0,1,0.0,2,2,2,0,0,0
Django-1.8.2,Django-1.8.2/tests/gis_tests/geo3d/models.py,SimpleModel,True,0,5,0.0,6,4,4,0,0,2
Django-1.8.2,Django-1.8.2/tests/gis_tests/geo3d/models.py,Point2D,True,0,1,0.0,2,2,2,0,0,0
Django-1.8.2,Django-1.8.2/tests/gis_tests/geo3d/models.py,Point3D,True,0,1,0.0,2,2,2,0,0,0
Django-1.8.2,Django-1.8.2/tests/gis_tests/geo3d/models.py,MultiPoint3D,True,0,1,0.0,2,2,2,0,0,0
Django-1.8.2,Django-1.8.2/tests/gis_tests/geo3d/tests.py,Geo3DTest,True,14,220,14.071428571428571,221,126,128,28,41,24
Django-1.8.2,Django-1.8.2/tests/gis_tests/geoadmin/admin.py,UnmodifiableAdmin,True,0,1,0.0,2,2,2,0,0,0
Django-1.8.2,Django-1.8.2/tests/gis_tests/geoadmin/models.py,City,True,1,10,2.0,11,8,8,0,0,3
Django-1.8.2,Django-1.8.2/tests/gis_tests/geoadmin/tests.py,GeoAdminTest,True,4,60,14.0,61,41,48,0,3,10
Django-1.8.2,Django-1.8.2/tests/gis_tests/geoapp/feeds.py,TestGeoRSS1,True,3,11,2.0,12,9,9,0,0,3
Django-1.8.2,Django-1.8.2/tests/gis_tests/geoapp/feeds.py,TestGeoRSS2,True,2,10,4.5,11,5,5,5,0,1
Django-1.8.2,Django-1.8.2/tests/gis_tests/geoapp/feeds.py,TestGeoAtom1,True,0,1,0.0,2,2,2,0,0,0
Django-1.8.2,Django-1.8.2/tests/gis_tests/geoapp/feeds.py,TestGeoAtom2,True,1,5,3.0,6,4,4,1,0,1
Django-1.8.2,Django-1.8.2/tests/gis_tests/geoapp/feeds.py,TestW3CGeo1,True,0,1,0.0,2,2,2,0,0,0
Django-1.8.2,Django-1.8.2/tests/gis_tests/geoapp/feeds.py,TestW3CGeo2,True,0,1,0.0,2,2,2,0,0,0
Django-1.8.2,Django-1.8.2/tests/gis_tests/geoapp/feeds.py,TestW3CGeo3,True,1,5,3.0,6,5,5,0,0,1
Django-1.8.2,Django-1.8.2/tests/gis_tests/geoapp/models.py,NamedModel,True,1,9,2.0,10,7,7,0,0,3
Django-1.8.2,Django-1.8.2/tests/gis_tests/geoapp/models.py,Country,True,0,1,0.0,2,2,2,1,0,0
Django-1.8.2,Django-1.8.2/tests/gis_tests/geoapp/models.py,City,True,0,4,0.0,5,4,4,0,0,1
Django-1.8.2,Django-1.8.2/tests/gis_tests/geoapp/models.py,PennsylvaniaCity,True,0,9,0.0,10,6,6,1,0,3
Django-1.8.2,Django-1.8.2/tests/gis_tests/geoapp/models.py,State,True,0,4,0.0,5,4,4,1,0,1
Django-1.8.2,Django-1.8.2/tests/gis_tests/geoapp/models.py,Track,True,0,1,0.0,2,2,2,0,0,0
Django-1.8.2,Django-1.8.2/tests/gis_tests/geoapp/models.py,MultiFields,True,0,3,0.0,4,4,4,0,0,0
Django-1.8.2,Django-1.8.2/tests/gis_tests/geoapp/models.py,Truth,True,0,3,0.0,4,3,3,0,0,1
Django-1.8.2,Django-1.8.2/tests/gis_tests/geoapp/models.py,Feature,True,0,1,0.0,2,2,2,0,0,0
Django-1.8.2,Django-1.8.2/tests/gis_tests/geoapp/models.py,MinusOneSRID,True,0,3,0.0,4,3,3,1,0,1
Django-1.8.2,Django-1.8.2/tests/gis_tests/geoapp/models.py,NonConcreteField,True,2,7,2.5,8,6,6,0,0,2
Django-1.8.2,Django-1.8.2/tests/gis_tests/geoapp/models.py,NonConcreteModel,True,0,2,0.0,3,3,3,0,0,0
Django-1.8.2,Django-1.8.2/tests/gis_tests/geoapp/tests.py,GeoModelTest,True,8,197,23.25,198,125,121,41,3,28
Django-1.8.2,Django-1.8.2/tests/gis_tests/geoapp/tests.py,GeoLookupTest,True,7,200,26.857142857142858,201,118,123,44,0,32
Django-1.8.2,Django-1.8.2/tests/gis_tests/geoapp/tests.py,GeoQuerySetTest,True,23,477,18.391304347826086,478,271,313,80,19,51
Django-1.8.2,Django-1.8.2/tests/gis_tests/geoapp/test_feeds.py,GeoFeedTest,True,5,73,13.4,74,46,45,14,0,13
Django-1.8.2,Django-1.8.2/tests/gis_tests/geoapp/test_regress.py,GeoRegressionTests,True,7,73,8.571428571428571,74,54,50,7,0,10
Django-1.8.2,Django-1.8.2/tests/gis_tests/geoapp/test_serializers.py,GeoJSONSerializerTests,True,6,65,9.666666666666666,66,41,43,0,14,9
Django-1.8.2,Django-1.8.2/tests/gis_tests/geoapp/test_sitemaps.py,GeoSitemapTest,True,3,52,16.0,53,34,32,12,0,8
Django-1.8.2,Django-1.8.2/tests/gis_tests/geogapp/models.py,NamedModel,True,1,9,2.0,10,7,7,0,0,3
Django-1.8.2,Django-1.8.2/tests/gis_tests/geogapp/models.py,City,True,0,4,0.0,5,4,4,0,0,1
Django-1.8.2,Django-1.8.2/tests/gis_tests/geogapp/models.py,Zipcode,True,0,2,0.0,3,3,3,0,0,0
Django-1.8.2,Django-1.8.2/tests/gis_tests/geogapp/models.py,County,True,1,8,2.0,9,7,7,0,0,2
Django-1.8.2,Django-1.8.2/tests/gis_tests/geogapp/tests.py,GeographyTest,True,6,81,11.5,82,51,53,13,0,11
Django-1.8.2,Django-1.8.2/tests/gis_tests/geos_tests/test_geos.py,GEOSTest,True,52,1056,18.98076923076923,1057,751,711,166,0,163
Django-1.8.2,Django-1.8.2/tests/gis_tests/geos_tests/test_geos_mutation.py,GEOSMutationTest,True,7,94,11.857142857142858,95,59,63,5,4,16
Django-1.8.2,Django-1.8.2/tests/gis_tests/geos_tests/test_io.py,GEOSIOTest,True,4,97,23.25,98,58,58,18,0,22
Django-1.8.2,Django-1.8.2/tests/gis_tests/geos_tests/test_mutable_list.py,UserListA,True,6,27,3.3333333333333335,28,18,18,3,0,7
Django-1.8.2,Django-1.8.2/tests/gis_tests/geos_tests/test_mutable_list.py,UserListB,True,1,4,2.0,5,4,4,0,0,1
Django-1.8.2,Django-1.8.2/tests/gis_tests/geos_tests/test_mutable_list.py,ListMixinTest,True,15,364,22.866666666666667,365,387,290,4,4,58
Django-1.8.2,Django-1.8.2/tests/gis_tests/geos_tests/test_mutable_list.py,ListMixinTestSingle,True,0,1,0.0,2,2,2,0,0,0
Django-1.8.2,Django-1.8.2/tests/gis_tests/gis_migrations/test_commands.py,MigrateTests,True,4,52,11.0,53,29,30,6,12,5
Django-1.8.2,Django-1.8.2/tests/gis_tests/gis_migrations/test_operations.py,OperationTests,True,12,133,9.916666666666666,134,86,102,4,9,19
Django-1.8.2,Django-1.8.2/tests/gis_tests/gis_migrations/migrations/0001_initial.py,Migration,True,0,45,0.0,46,3,43,0,3,0
Django-1.8.2,Django-1.8.2/tests/gis_tests/inspectapp/models.py,AllOGRFields,True,0,12,0.0,13,11,11,0,0,2
Django-1.8.2,Django-1.8.2/tests/gis_tests/inspectapp/tests.py,InspectDbTests,True,1,16,16.0,17,14,14,0,3,0
Django-1.8.2,Django-1.8.2/tests/gis_tests/inspectapp/tests.py,OGRInspectTest,True,4,81,19.0,82,35,65,6,0,12
Django-1.8.2,Django-1.8.2/tests/gis_tests/layermap/models.py,NamedModel,True,1,9,2.0,10,7,7,0,0,3
Django-1.8.2,Django-1.8.2/tests/gis_tests/layermap/models.py,State,True,0,1,0.0,2,2,2,0,0,0
Django-1.8.2,Django-1.8.2/tests/gis_tests/layermap/models.py,County,True,0,2,0.0,3,3,3,1,0,0
Django-1.8.2,Django-1.8.2/tests/gis_tests/layermap/models.py,CountyFeat,True,0,1,0.0,2,2,2,0,0,0
Django-1.8.2,Django-1.8.2/tests/gis_tests/layermap/models.py,City,True,0,9,0.0,10,9,9,0,0,1
Django-1.8.2,Django-1.8.2/tests/gis_tests/layermap/models.py,Interstate,True,0,5,0.0,6,5,5,0,0,1
Django-1.8.2,Django-1.8.2/tests/gis_tests/layermap/models.py,CityBase,True,0,3,0.0,4,4,4,0,0,0
Django-1.8.2,Django-1.8.2/tests/gis_tests/layermap/models.py,ICity1,True,0,4,0.0,5,4,4,0,0,1
Django-1.8.2,Django-1.8.2/tests/gis_tests/layermap/models.py,ICity2,True,0,4,0.0,5,4,4,0,0,1
Django-1.8.2,Django-1.8.2/tests/gis_tests/layermap/models.py,Invalid,True,0,1,0.0,2,2,2,0,0,0
Django-1.8.2,Django-1.8.2/tests/gis_tests/layermap/tests.py,LayerMapTest,True,11,272,23.727272727272727,273,155,151,69,0,47
Django-1.8.2,Django-1.8.2/tests/gis_tests/layermap/tests.py,OtherRouter,True,4,11,2.0,12,9,9,0,0,3
Django-1.8.2,Django-1.8.2/tests/gis_tests/layermap/tests.py,LayerMapRouterTest,True,1,5,3.0,6,5,5,0,0,1
Django-1.8.2,Django-1.8.2/tests/gis_tests/maps/tests.py,GoogleMapsTest,True,4,39,8.25,40,29,28,0,6,6
Django-1.8.2,Django-1.8.2/tests/gis_tests/relatedapp/models.py,SimpleModel,True,0,5,0.0,6,4,4,0,0,2
Django-1.8.2,Django-1.8.2/tests/gis_tests/relatedapp/models.py,Location,True,1,4,2.0,5,4,4,0,0,1
Django-1.8.2,Django-1.8.2/tests/gis_tests/relatedapp/models.py,City,True,1,6,2.0,7,6,6,0,0,1
Django-1.8.2,Django-1.8.2/tests/gis_tests/relatedapp/models.py,AugmentedLocation,True,0,3,0.0,4,3,3,0,0,1
Django-1.8.2,Django-1.8.2/tests/gis_tests/relatedapp/models.py,DirectoryEntry,True,0,2,0.0,3,3,3,0,0,0
Django-1.8.2,Django-1.8.2/tests/gis_tests/relatedapp/models.py,Parcel,True,1,10,2.0,11,9,9,1,0,1
Django-1.8.2,Django-1.8.2/tests/gis_tests/relatedapp/models.py,Author,True,0,2,0.0,3,3,3,0,0,0
Django-1.8.2,Django-1.8.2/tests/gis_tests/relatedapp/models.py,Article,True,0,2,0.0,3,3,3,0,0,0
Django-1.8.2,Django-1.8.2/tests/gis_tests/relatedapp/models.py,Book,True,0,2,0.0,3,3,3,0,0,0
Django-1.8.2,Django-1.8.2/tests/gis_tests/relatedapp/models.py,Event,True,0,2,0.0,3,3,3,0,0,0
Django-1.8.2,Django-1.8.2/tests/gis_tests/relatedapp/tests.py,RelatedGeoModelTest,True,19,313,14.31578947368421,314,181,183,67,7,40
Django-1.8.2,Django-1.8.2/tests/handlers/tests.py,HandlerTests,True,8,93,10.25,94,61,58,15,15,8
Django-1.8.2,Django-1.8.2/tests/handlers/tests.py,TransactionsPerRequestTests,True,3,24,6.333333333333333,25,21,21,0,0,4
Django-1.8.2,Django-1.8.2/tests/handlers/tests.py,SignalsTests,True,6,29,3.8333333333333335,30,24,24,0,0,6
Django-1.8.2,Django-1.8.2/tests/handlers/tests.py,HandlerSuspiciousOpsTest,True,1,4,3.0,5,4,4,0,0,1
Django-1.8.2,Django-1.8.2/tests/handlers/tests.py,HandlerNotFoundTest,True,2,21,9.5,22,17,17,0,0,5
Django-1.8.2,Django-1.8.2/tests/httpwrappers/tests.py,QueryDictTests,True,14,216,13.571428571428571,217,179,173,0,6,33
Django-1.8.2,Django-1.8.2/tests/httpwrappers/tests.py,HttpResponseTests,True,11,177,15.090909090909092,178,118,123,24,3,28
Django-1.8.2,Django-1.8.2/tests/httpwrappers/tests.py,HttpResponseSubclassesTests,True,4,32,7.25,33,22,25,4,0,3
Django-1.8.2,Django-1.8.2/tests/httpwrappers/tests.py,JsonResponseTests,True,5,26,4.4,27,23,22,0,0,5
Django-1.8.2,Django-1.8.2/tests/httpwrappers/tests.py,StreamingHttpResponseTests,True,1,62,62.0,63,33,34,16,0,13
Django-1.8.2,Django-1.8.2/tests/httpwrappers/tests.py,FileCloseTests,True,4,61,14.25,62,44,44,9,0,9
Django-1.8.2,Django-1.8.2/tests/httpwrappers/tests.py,CookieTests,True,9,75,7.333333333333333,76,55,45,2,21,10
Django-1.8.2,Django-1.8.2/tests/http_utils/tests.py,HttpUtilTests,True,2,61,29.5,62,40,38,4,8,12
Django-1.8.2,Django-1.8.2/tests/humanize_tests/tests.py,MockDateTime,True,1,7,6.0,8,7,7,1,0,0
Django-1.8.2,Django-1.8.2/tests/humanize_tests/tests.py,HumanizeTests,True,15,251,15.666666666666666,252,123,212,9,3,27
Django-1.8.2,Django-1.8.2/tests/i18n/forms.py,I18nForm,True,0,6,0.0,7,7,7,0,0,0
Django-1.8.2,Django-1.8.2/tests/i18n/forms.py,SelectDateForm,True,0,1,0.0,2,2,2,0,0,0
Django-1.8.2,Django-1.8.2/tests/i18n/forms.py,CompanyForm,True,0,7,0.0,8,7,7,0,0,1
Django-1.8.2,Django-1.8.2/tests/i18n/models.py,TestModel,True,0,1,0.0,2,2,2,0,0,0
Django-1.8.2,Django-1.8.2/tests/i18n/models.py,Company,True,0,7,0.0,8,7,7,0,0,1
Django-1.8.2,Django-1.8.2/tests/i18n/tests.py,TranslationTests,True,20,374,17.3,375,298,261,22,48,44
Django-1.8.2,Django-1.8.2/tests/i18n/tests.py,TranslationThreadSafetyTests,True,3,28,8.333333333333334,29,21,20,3,0,6
Django-1.8.2,Django-1.8.2/tests/i18n/tests.py,FormattingTests,True,14,444,30.642857142857142,445,280,345,24,35,42
Django-1.8.2,Django-1.8.2/tests/i18n/tests.py,MiscTests,True,13,253,17.0,254,186,160,19,42,33
Django-1.8.2,Django-1.8.2/tests/i18n/tests.py,ResolutionOrderI18NTests,True,3,13,3.3333333333333335,14,10,11,0,0,3
Django-1.8.2,Django-1.8.2/tests/i18n/tests.py,AppResolutionOrderI18NTests,True,1,20,18.0,21,10,10,6,0,5
Django-1.8.2,Django-1.8.2/tests/i18n/tests.py,LocalePathsResolutionOrderI18NTests,True,2,7,2.5,8,6,6,0,0,2
Django-1.8.2,Django-1.8.2/tests/i18n/tests.py,DjangoFallbackResolutionOrderI18NTests,True,1,3,2.0,4,3,3,0,0,1
Django-1.8.2,Django-1.8.2/tests/i18n/tests.py,TestModels,True,2,10,4.5,11,10,10,0,0,1
Django-1.8.2,Django-1.8.2/tests/i18n/tests.py,TestLanguageInfo,True,5,29,5.0,30,23,22,0,4,4
Django-1.8.2,Django-1.8.2/tests/i18n/tests.py,MultipleLocaleActivationTests,True,18,120,4.944444444444445,121,89,87,5,7,22
Django-1.8.2,Django-1.8.2/tests/i18n/tests.py,LocaleMiddlewareTests,True,2,21,6.0,22,11,16,2,2,2
Django-1.8.2,Django-1.8.2/tests/i18n/tests.py,CountrySpecificLanguageTests,True,4,38,8.5,39,37,33,2,0,4
Django-1.8.2,Django-1.8.2/tests/i18n/tests.py,TranslationFilesMissing,True,4,20,4.0,21,15,13,0,4,4
Django-1.8.2,Django-1.8.2/tests/i18n/test_compilation.py,MessageCompilationTests,True,3,16,3.6666666666666665,17,13,13,0,0,4
Django-1.8.2,Django-1.8.2/tests/i18n/test_compilation.py,PoFileTests,True,2,22,8.5,23,19,19,1,0,3
Django-1.8.2,Django-1.8.2/tests/i18n/test_compilation.py,PoFileContentsTests,True,2,12,3.0,13,9,9,1,0,3
Django-1.8.2,Django-1.8.2/tests/i18n/test_compilation.py,PercentRenderingTests,True,2,22,7.5,23,17,17,2,0,4
Django-1.8.2,Django-1.8.2/tests/i18n/test_compilation.py,MultipleLocaleCompilationTests,True,3,24,6.0,25,19,19,0,0,6
Django-1.8.2,Django-1.8.2/tests/i18n/test_compilation.py,ExcludedLocaleCompilationTests,True,6,42,5.333333333333333,43,30,31,3,0,9
Django-1.8.2,Django-1.8.2/tests/i18n/test_compilation.py,CompilationErrorHandling,True,2,11,3.0,12,9,9,0,0,3
Django-1.8.2,Django-1.8.2/tests/i18n/test_compilation.py,FuzzyTranslationTest,True,3,22,5.333333333333333,23,19,19,1,0,4
Django-1.8.2,Django-1.8.2/tests/i18n/test_extraction.py,ExtractorTests,True,14,108,6.428571428571429,109,76,73,2,13,20
Django-1.8.2,Django-1.8.2/tests/i18n/test_extraction.py,BasicExtractorTests,True,14,267,18.0,268,192,207,17,8,32
Django-1.8.2,Django-1.8.2/tests/i18n/test_extraction.py,JavascriptExtractorTests,True,3,39,10.0,40,30,30,0,6,4
Django-1.8.2,Django-1.8.2/tests/i18n/test_extraction.py,IgnoredExtractorTests,True,4,31,6.0,32,19,28,0,0,4
Django-1.8.2,Django-1.8.2/tests/i18n/test_extraction.py,SymlinkExtractorTests,True,3,36,11.0,37,28,28,6,0,3
Django-1.8.2,Django-1.8.2/tests/i18n/test_extraction.py,CopyPluralFormsExtractorTests,True,3,29,8.0,30,26,25,0,0,4
Django-1.8.2,Django-1.8.2/tests/i18n/test_extraction.py,NoWrapExtractorTests,True,2,16,7.0,17,15,15,0,0,2
Django-1.8.2,Django-1.8.2/tests/i18n/test_extraction.py,LocationCommentsTests,True,2,18,8.0,19,14,12,2,0,3
Django-1.8.2,Django-1.8.2/tests/i18n/test_extraction.py,KeepPotFileExtractorTests,True,5,31,4.8,32,24,26,0,0,6
Django-1.8.2,Django-1.8.2/tests/i18n/test_extraction.py,MultipleLocaleExtractionTests,True,2,18,6.5,19,17,17,0,0,2
Django-1.8.2,Django-1.8.2/tests/i18n/test_extraction.py,ExcludedLocaleExtractionTests,True,7,52,5.714285714285714,53,37,37,4,3,10
Django-1.8.2,Django-1.8.2/tests/i18n/test_extraction.py,CustomLayoutExtractionTests,True,3,42,11.666666666666666,43,26,33,0,5,5
Django-1.8.2,Django-1.8.2/tests/i18n/contenttypes/tests.py,ContentTypeTests,True,1,6,6.0,7,7,7,0,0,0
Django-1.8.2,Django-1.8.2/tests/i18n/patterns/tests.py,PermanentRedirectLocaleMiddleWare,True,0,1,0.0,2,2,2,0,0,0
Django-1.8.2,Django-1.8.2/tests/i18n/patterns/tests.py,URLTestCaseBase,True,2,11,3.0,12,6,5,2,3,2
Django-1.8.2,Django-1.8.2/tests/i18n/patterns/tests.py,URLPrefixTests,True,3,20,4.666666666666667,21,18,16,0,3,2
Django-1.8.2,Django-1.8.2/tests/i18n/patterns/tests.py,URLDisabledTests,True,1,7,5.0,8,7,7,0,0,1
Django-1.8.2,Django-1.8.2/tests/i18n/patterns/tests.py,PathUnusedTests,True,1,10,5.0,11,7,6,0,4,1
Django-1.8.2,Django-1.8.2/tests/i18n/patterns/tests.py,URLTranslationTests,True,2,27,11.0,28,23,19,0,4,5
Django-1.8.2,Django-1.8.2/tests/i18n/patterns/tests.py,URLNamespaceTests,True,1,9,6.0,10,7,6,0,3,1
Django-1.8.2,Django-1.8.2/tests/i18n/patterns/tests.py,URLRedirectTests,True,8,54,4.625,55,35,39,1,4,11
Django-1.8.2,Django-1.8.2/tests/i18n/patterns/tests.py,URLVaryAcceptLanguageTests,True,2,17,6.0,18,13,12,0,4,2
Django-1.8.2,Django-1.8.2/tests/i18n/patterns/tests.py,URLRedirectWithoutTrailingSlashTests,True,2,16,5.5,17,11,10,1,4,2
Django-1.8.2,Django-1.8.2/tests/i18n/patterns/tests.py,URLRedirectWithoutTrailingSlashSettingTests,True,2,16,4.5,17,12,11,0,4,2
Django-1.8.2,Django-1.8.2/tests/i18n/patterns/tests.py,URLResponseTests,True,6,32,4.0,33,26,25,0,3,5
Django-1.8.2,Django-1.8.2/tests/i18n/patterns/tests.py,URLRedirectWithScriptAliasTests,True,3,16,3.6666666666666665,17,12,11,1,3,2
Django-1.8.2,Django-1.8.2/tests/i18n/patterns/tests.py,URLTagTests,True,4,31,6.25,32,16,26,0,3,3
Django-1.8.2,Django-1.8.2/tests/indexes/models.py,CurrentTranslation,True,1,12,6.0,13,7,6,3,3,1
Django-1.8.2,Django-1.8.2/tests/indexes/models.py,ArticleTranslation,True,0,4,0.0,5,4,4,0,0,1
Django-1.8.2,Django-1.8.2/tests/indexes/models.py,Article,True,0,10,0.0,11,6,8,1,0,2
Django-1.8.2,Django-1.8.2/tests/indexes/models.py,IndexTogetherSingleList,True,0,5,0.0,6,5,5,0,0,1
Django-1.8.2,Django-1.8.2/tests/indexes/tests.py,CreationIndexesTests,True,4,31,5.25,32,22,21,3,3,3
Django-1.8.2,Django-1.8.2/tests/indexes/tests.py,SchemaIndexesTests,True,5,53,8.2,54,32,37,4,7,4
Django-1.8.2,Django-1.8.2/tests/initial_sql_regress/models.py,Simple,True,0,1,0.0,2,2,2,0,0,0
Django-1.8.2,Django-1.8.2/tests/initial_sql_regress/tests.py,InitialSQLTests,True,3,36,9.333333333333334,37,18,17,0,17,3
Django-1.8.2,Django-1.8.2/tests/inline_formsets/models.py,School,True,0,1,0.0,2,2,2,0,0,0
Django-1.8.2,Django-1.8.2/tests/inline_formsets/models.py,Parent,True,0,1,0.0,2,2,2,0,0,0
Django-1.8.2,Django-1.8.2/tests/inline_formsets/models.py,Child,True,0,4,0.0,5,5,5,0,0,0
Django-1.8.2,Django-1.8.2/tests/inline_formsets/models.py,Poet,True,1,4,2.0,5,4,4,0,0,1
Django-1.8.2,Django-1.8.2/tests/inline_formsets/models.py,Poem,True,1,5,2.0,6,5,5,0,0,1
Django-1.8.2,Django-1.8.2/tests/inline_formsets/tests.py,DeletionTests,True,4,100,24.0,101,56,76,7,12,6
Django-1.8.2,Django-1.8.2/tests/inline_formsets/tests.py,InlineFormsetFactoryTest,True,6,59,8.833333333333334,60,24,37,2,15,6
Django-1.8.2,Django-1.8.2/tests/inspectdb/models.py,People,True,0,2,0.0,3,3,3,0,0,0
Django-1.8.2,Django-1.8.2/tests/inspectdb/models.py,Message,True,0,1,0.0,2,2,2,0,0,0
Django-1.8.2,Django-1.8.2/tests/inspectdb/models.py,PeopleData,True,0,2,0.0,3,3,3,0,0,0
Django-1.8.2,Django-1.8.2/tests/inspectdb/models.py,PeopleMoreData,True,0,2,0.0,3,3,3,0,0,0
Django-1.8.2,Django-1.8.2/tests/inspectdb/models.py,DigitsInColumnName,True,0,3,0.0,4,4,4,0,0,0
Django-1.8.2,Django-1.8.2/tests/inspectdb/models.py,SpecialName,True,0,11,0.0,12,9,9,2,0,1
Django-1.8.2,Django-1.8.2/tests/inspectdb/models.py,ColumnTypes,True,0,24,0.0,25,25,25,0,0,0
Django-1.8.2,Django-1.8.2/tests/inspectdb/models.py,UniqueTogether,True,0,5,0.0,6,5,5,0,0,1
Django-1.8.2,Django-1.8.2/tests/inspectdb/tests.py,InspectDBTestCase,True,11,236,20.181818181818183,237,167,181,16,11,25
Django-1.8.2,Django-1.8.2/tests/introspection/models.py,Reporter,True,1,12,2.0,13,11,11,0,0,2
Django-1.8.2,Django-1.8.2/tests/introspection/models.py,Article,True,1,14,2.0,15,11,13,0,0,2
Django-1.8.2,Django-1.8.2/tests/introspection/tests.py,IntrospectionTests,True,17,162,7.882352941176471,163,107,131,6,4,21
Django-1.8.2,Django-1.8.2/tests/invalid_models_tests/base.py,IsolatedModelsTestCase,True,2,10,4.0,11,7,7,2,0,2
Django-1.8.2,Django-1.8.2/tests/invalid_models_tests/test_backend_specific.py,BackendSpecificChecksTests,True,2,56,27.0,57,33,37,4,2,13
Django-1.8.2,Django-1.8.2/tests/invalid_models_tests/test_custom_fields.py,CustomFieldTest,True,1,14,13.0,15,11,11,1,0,3
Django-1.8.2,Django-1.8.2/tests/invalid_models_tests/test_models.py,IndexTogetherTests,True,6,111,17.5,112,47,97,0,0,15
Django-1.8.2,Django-1.8.2/tests/invalid_models_tests/test_models.py,UniqueTogetherTests,True,6,102,16.0,103,47,87,1,0,15
Django-1.8.2,Django-1.8.2/tests/invalid_models_tests/test_models.py,FieldNamesTests,True,5,170,31.8,171,57,128,11,8,24
Django-1.8.2,Django-1.8.2/tests/invalid_models_tests/test_models.py,ShadowingFieldsTests,True,4,102,24.5,103,42,83,4,0,16
Django-1.8.2,Django-1.8.2/tests/invalid_models_tests/test_models.py,OtherModelTests,True,9,167,17.333333333333332,168,76,138,2,0,28
Django-1.8.2,Django-1.8.2/tests/invalid_models_tests/test_ordinary_fields.py,AutoFieldTests,True,2,31,14.5,32,16,23,4,0,5
Django-1.8.2,Django-1.8.2/tests/invalid_models_tests/test_ordinary_fields.py,BooleanFieldTests,True,1,16,15.0,17,8,15,0,0,2
Django-1.8.2,Django-1.8.2/tests/invalid_models_tests/test_ordinary_fields.py,CharFieldTests,True,8,132,15.25,133,60,116,0,0,17
Django-1.8.2,Django-1.8.2/tests/invalid_models_tests/test_ordinary_fields.py,DateFieldTests,True,3,63,19.666666666666668,64,33,59,1,0,5
Django-1.8.2,Django-1.8.2/tests/invalid_models_tests/test_ordinary_fields.py,DateTimeFieldTests,True,2,41,19.0,42,20,39,1,0,3
Django-1.8.2,Django-1.8.2/tests/invalid_models_tests/test_ordinary_fields.py,DecimalFieldTests,True,5,91,17.2,92,36,82,0,0,10
Django-1.8.2,Django-1.8.2/tests/invalid_models_tests/test_ordinary_fields.py,FileFieldTests,True,3,41,12.666666666666666,42,22,36,0,0,6
Django-1.8.2,Django-1.8.2/tests/invalid_models_tests/test_ordinary_fields.py,FilePathFieldTests,True,1,16,15.0,17,8,15,0,0,2
Django-1.8.2,Django-1.8.2/tests/invalid_models_tests/test_ordinary_fields.py,GenericIPAddressFieldTests,True,1,17,16.0,18,8,16,0,0,2
Django-1.8.2,Django-1.8.2/tests/invalid_models_tests/test_ordinary_fields.py,ImageFieldTests,True,1,24,23.0,25,14,22,1,0,3
Django-1.8.2,Django-1.8.2/tests/invalid_models_tests/test_ordinary_fields.py,IntegerFieldTests,True,1,16,15.0,17,8,15,0,0,2
Django-1.8.2,Django-1.8.2/tests/invalid_models_tests/test_ordinary_fields.py,TimeFieldTests,True,2,41,19.0,42,20,39,1,0,3
Django-1.8.2,Django-1.8.2/tests/invalid_models_tests/test_relative_fields.py,RelativeFieldTests,True,25,602,23.0,603,269,499,15,0,90
Django-1.8.2,Django-1.8.2/tests/invalid_models_tests/test_relative_fields.py,AccessorClashTests,True,9,109,11.11111111111111,110,45,90,0,0,19
Django-1.8.2,Django-1.8.2/tests/invalid_models_tests/test_relative_fields.py,ReverseQueryNameClashTests,True,7,53,6.571428571428571,54,23,44,0,0,10
Django-1.8.2,Django-1.8.2/tests/invalid_models_tests/test_relative_fields.py,ExplicitRelatedNameClashTests,True,7,61,7.714285714285714,62,23,52,0,0,10
Django-1.8.2,Django-1.8.2/tests/invalid_models_tests/test_relative_fields.py,ExplicitRelatedQueryNameClashTests,True,7,58,7.285714285714286,59,23,49,0,0,10
Django-1.8.2,Django-1.8.2/tests/invalid_models_tests/test_relative_fields.py,SelfReferentialM2MClashTests,True,5,92,17.4,93,33,83,0,0,10
Django-1.8.2,Django-1.8.2/tests/invalid_models_tests/test_relative_fields.py,SelfReferentialFKClashTests,True,3,60,19.0,61,20,55,0,0,6
Django-1.8.2,Django-1.8.2/tests/invalid_models_tests/test_relative_fields.py,ComplexClashTests,True,1,111,108.0,112,16,101,2,0,9
Django-1.8.2,Django-1.8.2/tests/invalid_models_tests/test_relative_fields.py,M2mThroughFieldsTests,True,4,104,25.25,105,48,76,0,16,13
Django-1.8.2,Django-1.8.2/tests/known_related_objects/models.py,Tournament,True,0,1,0.0,2,2,2,0,0,0
Django-1.8.2,Django-1.8.2/tests/known_related_objects/models.py,Organiser,True,0,1,0.0,2,2,2,0,0,0
Django-1.8.2,Django-1.8.2/tests/known_related_objects/models.py,Pool,True,0,3,0.0,4,4,4,0,0,0
Django-1.8.2,Django-1.8.2/tests/known_related_objects/models.py,PoolStyle,True,0,2,0.0,3,3,3,0,0,0
Django-1.8.2,Django-1.8.2/tests/known_related_objects/tests.py,ExistingRelatedInstancesTests,True,17,121,6.0588235294117645,122,103,103,2,0,17
Django-1.8.2,Django-1.8.2/tests/logging_tests/logconfig.py,MyHandler,True,1,3,3.0,4,4,4,0,0,0
Django-1.8.2,Django-1.8.2/tests/logging_tests/logconfig.py,MyEmailBackend,True,1,2,2.0,3,3,3,0,0,0
Django-1.8.2,Django-1.8.2/tests/logging_tests/tests.py,LoggingFiltersTest,True,2,23,11.0,24,15,13,0,6,5
Django-1.8.2,Django-1.8.2/tests/logging_tests/tests.py,DefaultLoggingTest,True,3,19,5.666666666666667,20,15,14,0,3,3
Django-1.8.2,Django-1.8.2/tests/logging_tests/tests.py,WarningLoggerTests,True,5,55,9.0,56,35,37,9,4,6
Django-1.8.2,Django-1.8.2/tests/logging_tests/tests.py,CallbackFilterTest,True,2,18,8.5,19,16,14,0,0,5
Django-1.8.2,Django-1.8.2/tests/logging_tests/tests.py,AdminEmailHandlerTest,True,9,193,17.0,194,109,135,9,27,23
Django-1.8.2,Django-1.8.2/tests/logging_tests/tests.py,SettingsConfigTest,True,3,24,6.0,25,12,18,1,4,2
Django-1.8.2,Django-1.8.2/tests/logging_tests/tests.py,SetupConfigureLogging,True,1,9,4.0,10,7,7,0,3,0
Django-1.8.2,Django-1.8.2/tests/logging_tests/tests.py,SecurityLoggerTest,True,3,21,4.666666666666667,22,16,19,0,0,3
Django-1.8.2,Django-1.8.2/tests/logging_tests/tests.py,SettingsCustomLoggingTest,True,3,36,10.0,37,17,31,0,4,2
Django-1.8.2,Django-1.8.2/tests/lookup/models.py,Author,True,0,4,0.0,5,4,4,0,0,1
Django-1.8.2,Django-1.8.2/tests/lookup/models.py,Article,True,1,9,2.0,10,8,8,0,0,2
Django-1.8.2,Django-1.8.2/tests/lookup/models.py,Tag,True,0,5,0.0,6,5,5,0,0,1
Django-1.8.2,Django-1.8.2/tests/lookup/models.py,Season,True,1,5,2.0,6,5,5,0,0,1
Django-1.8.2,Django-1.8.2/tests/lookup/models.py,Game,True,1,6,2.0,7,6,6,0,0,1
Django-1.8.2,Django-1.8.2/tests/lookup/models.py,Player,True,1,5,2.0,6,5,5,0,0,1
Django-1.8.2,Django-1.8.2/tests/lookup/models.py,MyISAMArticle,True,0,5,0.0,6,5,5,0,0,1
Django-1.8.2,Django-1.8.2/tests/lookup/tests.py,LookupTests,True,22,700,30.727272727272727,701,306,591,56,18,36
Django-1.8.2,Django-1.8.2/tests/lookup/tests.py,LookupTransactionTests,True,1,21,18.0,22,11,17,4,0,1
Django-1.8.2,Django-1.8.2/tests/m2m_and_m2o/models.py,User,True,0,1,0.0,2,2,2,0,0,0
Django-1.8.2,Django-1.8.2/tests/m2m_and_m2o/models.py,Issue,True,1,9,2.0,10,8,8,0,0,2
Django-1.8.2,Django-1.8.2/tests/m2m_and_m2o/models.py,UnicodeReferenceModel,True,0,1,0.0,2,2,2,0,0,0
Django-1.8.2,Django-1.8.2/tests/m2m_and_m2o/tests.py,RelatedObjectTests,True,2,74,36.0,75,32,66,2,0,7
Django-1.8.2,Django-1.8.2/tests/m2m_and_m2o/tests.py,RelatedObjectUnicodeTests,True,1,10,10.0,11,8,7,2,4,0
Django-1.8.2,Django-1.8.2/tests/m2m_intermediary/models.py,Reporter,True,1,5,2.0,6,5,5,0,0,1
Django-1.8.2,Django-1.8.2/tests/m2m_intermediary/models.py,Article,True,1,5,2.0,6,5,5,0,0,1
Django-1.8.2,Django-1.8.2/tests/m2m_intermediary/models.py,Writer,True,1,6,2.0,7,6,6,0,0,1
Django-1.8.2,Django-1.8.2/tests/m2m_intermediary/tests.py,M2MIntermediaryTests,True,1,30,30.0,31,15,26,0,0,5
Django-1.8.2,Django-1.8.2/tests/m2m_multiple/models.py,Category,True,1,7,2.0,8,6,6,0,0,2
Django-1.8.2,Django-1.8.2/tests/m2m_multiple/models.py,Article,True,1,10,2.0,11,9,9,0,0,2
Django-1.8.2,Django-1.8.2/tests/m2m_multiple/tests.py,M2MMultipleTests,True,1,76,76.0,77,27,74,0,0,3
Django-1.8.2,Django-1.8.2/tests/m2m_recursive/models.py,Person,True,1,6,2.0,7,6,6,0,0,1
Django-1.8.2,Django-1.8.2/tests/m2m_recursive/tests.py,RecursiveM2MTests,True,8,185,22.25,186,43,126,29,0,24
Django-1.8.2,Django-1.8.2/tests/m2m_regress/models.py,SelfRefer,True,1,6,2.0,7,6,6,0,0,1
Django-1.8.2,Django-1.8.2/tests/m2m_regress/models.py,Tag,True,1,4,2.0,5,4,4,0,0,1
Django-1.8.2,Django-1.8.2/tests/m2m_regress/models.py,TagCollection,True,1,4,2.0,5,4,4,0,0,1
Django-1.8.2,Django-1.8.2/tests/m2m_regress/models.py,Entry,True,1,6,2.0,7,6,6,0,0,1
Django-1.8.2,Django-1.8.2/tests/m2m_regress/models.py,SelfReferChild,True,0,1,0.0,2,2,2,0,0,0
Django-1.8.2,Django-1.8.2/tests/m2m_regress/models.py,SelfReferChildSibling,True,0,1,0.0,2,2,2,0,0,0
Django-1.8.2,Django-1.8.2/tests/m2m_regress/models.py,Line,True,0,1,0.0,2,2,2,0,0,0
Django-1.8.2,Django-1.8.2/tests/m2m_regress/models.py,Worksheet,True,0,2,0.0,3,3,3,0,0,0
Django-1.8.2,Django-1.8.2/tests/m2m_regress/models.py,User,True,0,2,0.0,3,3,3,0,0,0
Django-1.8.2,Django-1.8.2/tests/m2m_regress/models.py,BadModelWithSplit,True,1,7,2.0,8,6,6,0,0,2
Django-1.8.2,Django-1.8.2/tests/m2m_regress/models.py,RegressionModelSplit,True,0,4,0.0,5,3,2,0,3,0
Django-1.8.2,Django-1.8.2/tests/m2m_regress/tests.py,M2MRegressionTests,True,8,100,11.625,101,60,63,14,0,24
Django-1.8.2,Django-1.8.2/tests/m2m_signals/models.py,Part,True,1,7,2.0,8,6,6,0,0,2
Django-1.8.2,Django-1.8.2/tests/m2m_signals/models.py,Car,True,1,9,2.0,10,8,8,0,0,2
Django-1.8.2,Django-1.8.2/tests/m2m_signals/models.py,SportsCar,True,0,1,0.0,2,2,2,0,0,0
Django-1.8.2,Django-1.8.2/tests/m2m_signals/models.py,Person,True,1,9,2.0,10,8,8,0,0,2
Django-1.8.2,Django-1.8.2/tests/m2m_signals/tests.py,ManyToManySignalsTest,True,5,416,82.4,417,154,370,20,0,27
Django-1.8.2,Django-1.8.2/tests/m2m_through/models.py,Person,True,1,7,2.0,8,6,6,0,0,2
Django-1.8.2,Django-1.8.2/tests/m2m_through/models.py,Group,True,1,10,2.0,11,9,9,0,0,2
Django-1.8.2,Django-1.8.2/tests/m2m_through/models.py,Membership,True,1,10,2.0,11,9,9,0,0,2
Django-1.8.2,Django-1.8.2/tests/m2m_through/models.py,CustomMembership,True,1,10,2.0,11,9,9,0,0,2
Django-1.8.2,Django-1.8.2/tests/m2m_through/models.py,TestNoDefaultsOrNulls,True,0,3,0.0,4,4,4,0,0,0
Django-1.8.2,Django-1.8.2/tests/m2m_through/models.py,PersonSelfRefM2M,True,1,5,2.0,6,5,5,0,0,1
Django-1.8.2,Django-1.8.2/tests/m2m_through/models.py,Friendship,True,0,3,0.0,4,4,4,0,0,0
Django-1.8.2,Django-1.8.2/tests/m2m_through/models.py,Event,True,1,5,2.0,6,5,5,0,0,1
Django-1.8.2,Django-1.8.2/tests/m2m_through/models.py,Invitation,True,0,4,0.0,5,4,4,1,0,0
Django-1.8.2,Django-1.8.2/tests/m2m_through/models.py,Employee,True,1,8,2.0,9,7,7,0,0,2
Django-1.8.2,Django-1.8.2/tests/m2m_through/models.py,Relationship,True,0,4,0.0,5,4,4,1,0,0
Django-1.8.2,Django-1.8.2/tests/m2m_through/models.py,Ingredient,True,0,4,0.0,5,4,4,0,0,1
Django-1.8.2,Django-1.8.2/tests/m2m_through/models.py,Recipe,True,0,7,0.0,8,5,7,0,0,1
Django-1.8.2,Django-1.8.2/tests/m2m_through/models.py,RecipeIngredient,True,0,2,0.0,3,3,3,0,0,0
Django-1.8.2,Django-1.8.2/tests/m2m_through/tests.py,M2mThroughTests,True,27,323,11.0,324,140,258,0,4,62
Django-1.8.2,Django-1.8.2/tests/m2m_through/tests.py,M2mThroughReferentialTests,True,6,90,14.166666666666666,91,37,76,1,0,14
Django-1.8.2,Django-1.8.2/tests/m2m_through/tests.py,M2mThroughToFieldsTests,True,3,24,7.333333333333333,25,16,21,2,0,2
Django-1.8.2,Django-1.8.2/tests/m2m_through_regress/models.py,Membership,True,1,6,2.0,7,6,6,0,0,1
Django-1.8.2,Django-1.8.2/tests/m2m_through_regress/models.py,UserMembership,True,1,7,2.0,8,7,7,0,0,1
Django-1.8.2,Django-1.8.2/tests/m2m_through_regress/models.py,Person,True,1,4,2.0,5,4,4,0,0,1
Django-1.8.2,Django-1.8.2/tests/m2m_through_regress/models.py,Group,True,1,7,2.0,8,6,6,1,0,1
Django-1.8.2,Django-1.8.2/tests/m2m_through_regress/models.py,A,True,0,1,0.0,2,2,2,0,0,0
Django-1.8.2,Django-1.8.2/tests/m2m_through_regress/models.py,ThroughBase,True,0,2,0.0,3,3,3,0,0,0
Django-1.8.2,Django-1.8.2/tests/m2m_through_regress/models.py,Through,True,0,1,0.0,2,2,2,0,0,0
Django-1.8.2,Django-1.8.2/tests/m2m_through_regress/models.py,B,True,0,2,0.0,3,3,3,0,0,0
Django-1.8.2,Django-1.8.2/tests/m2m_through_regress/models.py,Car,True,1,5,2.0,6,5,5,0,0,1
Django-1.8.2,Django-1.8.2/tests/m2m_through_regress/models.py,Driver,True,1,7,2.0,8,6,6,0,0,2
Django-1.8.2,Django-1.8.2/tests/m2m_through_regress/models.py,CarDriver,True,1,5,2.0,6,5,5,0,0,1
Django-1.8.2,Django-1.8.2/tests/m2m_through_regress/tests.py,M2MThroughTestCase,True,3,109,35.333333333333336,110,46,87,0,0,21
Django-1.8.2,Django-1.8.2/tests/m2m_through_regress/tests.py,ToFieldThroughTests,True,13,102,6.538461538461538,103,51,80,11,0,12
Django-1.8.2,Django-1.8.2/tests/m2m_through_regress/tests.py,ThroughLoadDataTestCase,True,1,7,5.0,8,7,6,0,0,1
Django-1.8.2,Django-1.8.2/tests/m2o_recursive/models.py,Category,True,1,5,2.0,6,5,5,0,0,1
Django-1.8.2,Django-1.8.2/tests/m2o_recursive/models.py,Person,True,1,6,2.0,7,6,6,0,0,1
Django-1.8.2,Django-1.8.2/tests/m2o_recursive/tests.py,ManyToOneRecursiveTests,True,2,14,6.0,15,12,13,0,0,2
Django-1.8.2,Django-1.8.2/tests/m2o_recursive/tests.py,MultipleManyToOneRecursiveTests,True,2,18,8.0,19,15,17,0,0,2
Django-1.8.2,Django-1.8.2/tests/mail/custombackend.py,EmailBackend,True,2,9,3.5,10,7,7,1,0,2
Django-1.8.2,Django-1.8.2/tests/mail/tests.py,HeadersCheckMixin,True,1,14,13.0,15,7,7,0,6,2
Django-1.8.2,Django-1.8.2/tests/mail/tests.py,MailTests,True,27,390,13.185185185185185,391,268,271,24,43,47
Django-1.8.2,Django-1.8.2/tests/mail/tests.py,PythonGlobalState,True,4,21,3.0,22,14,13,0,5,4
Django-1.8.2,Django-1.8.2/tests/mail/tests.py,BaseEmailBackendTests,True,21,227,9.476190476190476,228,168,169,0,27,29
Django-1.8.2,Django-1.8.2/tests/mail/tests.py,LocmemBackendTests,True,5,27,4.2,28,21,19,1,3,5
Django-1.8.2,Django-1.8.2/tests/mail/tests.py,FileBackendTests,True,5,54,9.6,55,46,44,0,0,10
Django-1.8.2,Django-1.8.2/tests/mail/tests.py,ConsoleBackendTests,True,5,36,6.0,37,24,29,0,3,5
Django-1.8.2,Django-1.8.2/tests/mail/tests.py,FakeSMTPChannel,True,1,8,7.0,9,6,6,2,0,1
Django-1.8.2,Django-1.8.2/tests/mail/tests.py,FakeSMTPServer,True,7,50,5.428571428571429,51,43,40,0,4,7
Django-1.8.2,Django-1.8.2/tests/mail/tests.py,SMTPBackendTestsBase,True,2,16,6.0,17,13,15,0,0,2
Django-1.8.2,Django-1.8.2/tests/mail/tests.py,SMTPBackendTests,True,27,194,5.407407407407407,195,144,148,2,7,35
Django-1.8.2,Django-1.8.2/tests/mail/tests.py,SMTPBackendStoppedServerTest,True,1,18,12.0,19,11,9,0,9,1
Django-1.8.2,Django-1.8.2/tests/managers_regress/models.py,OnlyFred,True,1,2,2.0,3,3,3,0,0,0
Django-1.8.2,Django-1.8.2/tests/managers_regress/models.py,OnlyBarney,True,1,2,2.0,3,3,3,0,0,0
Django-1.8.2,Django-1.8.2/tests/managers_regress/models.py,Value42,True,1,2,2.0,3,3,3,0,0,0
Django-1.8.2,Django-1.8.2/tests/managers_regress/models.py,AbstractBase1,True,0,9,0.0,10,7,7,1,0,2
Django-1.8.2,Django-1.8.2/tests/managers_regress/models.py,AbstractBase2,True,0,7,0.0,8,5,5,1,0,2
Django-1.8.2,Django-1.8.2/tests/managers_regress/models.py,AbstractBase3,True,0,4,0.0,5,4,4,0,0,1
Django-1.8.2,Django-1.8.2/tests/managers_regress/models.py,Parent,True,1,6,2.0,7,5,5,0,0,2
Django-1.8.2,Django-1.8.2/tests/managers_regress/models.py,Child1,True,1,4,2.0,5,4,4,0,0,1
Django-1.8.2,Django-1.8.2/tests/managers_regress/models.py,Child2,True,1,4,2.0,5,4,4,0,0,1
Django-1.8.2,Django-1.8.2/tests/managers_regress/models.py,Child3,True,1,4,2.0,5,4,4,0,0,1
Django-1.8.2,Django-1.8.2/tests/managers_regress/models.py,Child4,True,1,8,2.0,9,5,5,2,0,2
Django-1.8.2,Django-1.8.2/tests/managers_regress/models.py,Child5,True,1,7,2.0,8,6,6,0,0,2
Django-1.8.2,Django-1.8.2/tests/managers_regress/models.py,Child6,True,0,1,0.0,2,2,2,0,0,0
Django-1.8.2,Django-1.8.2/tests/managers_regress/models.py,Child7,True,0,1,0.0,2,2,2,0,0,0
Django-1.8.2,Django-1.8.2/tests/managers_regress/models.py,RelatedModel,True,1,5,2.0,6,5,5,0,0,1
Django-1.8.2,Django-1.8.2/tests/managers_regress/models.py,RelationModel,True,1,10,2.0,11,8,8,0,0,3
Django-1.8.2,Django-1.8.2/tests/managers_regress/tests.py,ManagersRegressionTests,True,9,186,19.444444444444443,187,111,128,31,0,28
Django-1.8.2,Django-1.8.2/tests/many_to_many/models.py,Publication,True,1,7,2.0,8,6,6,0,0,2
Django-1.8.2,Django-1.8.2/tests/many_to_many/models.py,Article,True,1,10,2.0,11,7,7,2,0,2
Django-1.8.2,Django-1.8.2/tests/many_to_many/tests.py,ManyToManyTests,True,14,407,28.071428571428573,408,136,339,38,0,31
Django-1.8.2,Django-1.8.2/tests/many_to_one/models.py,Reporter,True,1,6,2.0,7,6,6,0,0,1
Django-1.8.2,Django-1.8.2/tests/many_to_one/models.py,Article,True,1,9,2.0,10,8,8,0,0,2
Django-1.8.2,Django-1.8.2/tests/many_to_one/models.py,First,True,0,1,0.0,2,2,2,0,0,0
Django-1.8.2,Django-1.8.2/tests/many_to_one/models.py,Second,True,0,1,0.0,2,2,2,0,0,0
Django-1.8.2,Django-1.8.2/tests/many_to_one/models.py,Third,True,0,2,0.0,3,3,3,0,0,0
Django-1.8.2,Django-1.8.2/tests/many_to_one/models.py,Parent,True,0,2,0.0,3,3,3,0,0,0
Django-1.8.2,Django-1.8.2/tests/many_to_one/models.py,Child,True,0,2,0.0,3,3,3,0,0,0
Django-1.8.2,Django-1.8.2/tests/many_to_one/models.py,ToFieldChild,True,0,1,0.0,2,2,2,0,0,0
Django-1.8.2,Django-1.8.2/tests/many_to_one/models.py,Category,True,1,4,2.0,5,4,4,0,0,1
Django-1.8.2,Django-1.8.2/tests/many_to_one/models.py,Record,True,0,1,0.0,2,2,2,0,0,0
Django-1.8.2,Django-1.8.2/tests/many_to_one/models.py,Relation,True,1,5,2.0,6,5,5,0,0,1
Django-1.8.2,Django-1.8.2/tests/many_to_one/models.py,SchoolManager,True,1,2,2.0,3,3,3,0,0,0
Django-1.8.2,Django-1.8.2/tests/many_to_one/models.py,School,True,0,2,0.0,3,3,3,0,0,0
Django-1.8.2,Django-1.8.2/tests/many_to_one/models.py,Student,True,0,1,0.0,2,2,2,0,0,0
Django-1.8.2,Django-1.8.2/tests/many_to_one/tests.py,ManyToOneTests,True,21,608,28.0,609,247,449,93,5,62
Django-1.8.2,Django-1.8.2/tests/many_to_one_null/models.py,Reporter,True,1,4,2.0,5,4,4,0,0,1
Django-1.8.2,Django-1.8.2/tests/many_to_one_null/models.py,Article,True,1,8,2.0,9,7,7,0,0,2
Django-1.8.2,Django-1.8.2/tests/many_to_one_null/models.py,Car,True,0,1,0.0,2,2,2,0,0,0
Django-1.8.2,Django-1.8.2/tests/many_to_one_null/models.py,Driver,True,0,1,0.0,2,2,2,0,0,0
Django-1.8.2,Django-1.8.2/tests/many_to_one_null/tests.py,ManyToOneNullTests,True,10,106,9.7,107,64,74,22,0,11
Django-1.8.2,Django-1.8.2/tests/max_lengths/models.py,PersonWithDefaultMaxLengths,True,0,4,0.0,5,5,5,0,0,0
Django-1.8.2,Django-1.8.2/tests/max_lengths/models.py,PersonWithCustomMaxLengths,True,0,4,0.0,5,5,5,0,0,0
Django-1.8.2,Django-1.8.2/tests/max_lengths/tests.py,MaxLengthArgumentsTests,True,3,15,4.0,16,13,13,0,0,3
Django-1.8.2,Django-1.8.2/tests/max_lengths/tests.py,MaxLengthORMTests,True,1,14,13.0,15,9,13,1,0,2
Django-1.8.2,Django-1.8.2/tests/messages_tests/base.py,override_settings_tags,True,2,11,5.0,12,8,8,3,0,1
Django-1.8.2,Django-1.8.2/tests/messages_tests/base.py,BaseTests,True,29,344,9.379310344827585,345,210,259,8,32,48
Django-1.8.2,Django-1.8.2/tests/messages_tests/test_api.py,DummyStorage,True,2,9,2.0,10,6,5,0,3,2
Django-1.8.2,Django-1.8.2/tests/messages_tests/test_api.py,ApiTest,True,5,37,6.6,38,25,26,0,0,12
Django-1.8.2,Django-1.8.2/tests/messages_tests/test_cookie.py,CookieTest,True,8,133,15.5,134,76,80,16,22,17
Django-1.8.2,Django-1.8.2/tests/messages_tests/test_fallback.py,FallbackTest,True,14,164,10.642857142857142,165,98,96,17,18,34
Django-1.8.2,Django-1.8.2/tests/messages_tests/test_middleware.py,MiddlewareTest,True,2,12,5.0,13,8,7,0,4,2
Django-1.8.2,Django-1.8.2/tests/messages_tests/test_mixins.py,SuccessMessageMixinTests,True,1,8,7.0,9,7,8,0,0,1
Django-1.8.2,Django-1.8.2/tests/messages_tests/test_session.py,SessionTest,True,4,29,6.0,30,20,19,2,4,5
Django-1.8.2,Django-1.8.2/tests/messages_tests/urls.py,ContactForm,True,0,2,0.0,3,3,3,0,0,0
Django-1.8.2,Django-1.8.2/tests/messages_tests/urls.py,ContactFormViewWithMsg,True,0,3,0.0,4,4,4,0,0,0
Django-1.8.2,Django-1.8.2/tests/middleware/tests.py,CommonMiddlewareTest,True,24,238,7.75,239,160,159,3,48,28
Django-1.8.2,Django-1.8.2/tests/middleware/tests.py,BrokenLinkEmailsMiddlewareTest,True,6,50,6.833333333333333,51,38,39,2,0,9
Django-1.8.2,Django-1.8.2/tests/middleware/tests.py,ConditionalGetMiddlewareTest,True,21,136,4.9523809523809526,137,104,108,4,0,25
Django-1.8.2,Django-1.8.2/tests/middleware/tests.py,XFrameOptionsMiddlewareTest,True,6,115,17.666666666666668,116,68,73,2,29,13
Django-1.8.2,Django-1.8.2/tests/middleware/tests.py,GZipMiddlewareTest,True,10,103,8.4,104,76,66,0,28,10
Django-1.8.2,Django-1.8.2/tests/middleware/tests.py,ETagGZipMiddlewareTest,True,1,23,17.0,24,13,15,0,6,3
Django-1.8.2,Django-1.8.2/tests/middleware/test_security.py,SecurityMiddlewareTest,True,22,196,6.818181818181818,197,113,108,0,67,22
Django-1.8.2,Django-1.8.2/tests/middleware_exceptions/tests.py,TestException,True,0,1,0.0,2,2,2,0,0,0
Django-1.8.2,Django-1.8.2/tests/middleware_exceptions/tests.py,TestMiddleware,True,6,23,3.0,24,19,19,0,0,5
Django-1.8.2,Django-1.8.2/tests/middleware_exceptions/tests.py,RequestMiddleware,True,1,3,3.0,4,4,4,0,0,0
Django-1.8.2,Django-1.8.2/tests/middleware_exceptions/tests.py,ViewMiddleware,True,1,3,3.0,4,4,4,0,0,0
Django-1.8.2,Django-1.8.2/tests/middleware_exceptions/tests.py,ResponseMiddleware,True,1,3,3.0,4,4,4,0,0,0
Django-1.8.2,Django-1.8.2/tests/middleware_exceptions/tests.py,TemplateResponseMiddleware,True,1,4,4.0,5,5,5,0,0,0
Django-1.8.2,Django-1.8.2/tests/middleware_exceptions/tests.py,ExceptionMiddleware,True,1,3,3.0,4,4,4,0,0,0
Django-1.8.2,Django-1.8.2/tests/middleware_exceptions/tests.py,BadRequestMiddleware,True,1,3,3.0,4,4,4,0,0,0
Django-1.8.2,Django-1.8.2/tests/middleware_exceptions/tests.py,BadViewMiddleware,True,1,3,3.0,4,4,4,0,0,0
Django-1.8.2,Django-1.8.2/tests/middleware_exceptions/tests.py,BadTemplateResponseMiddleware,True,1,3,3.0,4,4,4,0,0,0
Django-1.8.2,Django-1.8.2/tests/middleware_exceptions/tests.py,BadResponseMiddleware,True,1,3,3.0,4,4,4,0,0,0
Django-1.8.2,Django-1.8.2/tests/middleware_exceptions/tests.py,BadExceptionMiddleware,True,1,3,3.0,4,4,4,0,0,0
Django-1.8.2,Django-1.8.2/tests/middleware_exceptions/tests.py,NoTemplateResponseMiddleware,True,1,2,2.0,3,3,3,0,0,0
Django-1.8.2,Django-1.8.2/tests/middleware_exceptions/tests.py,NoResponseMiddleware,True,1,2,2.0,3,3,3,0,0,0
Django-1.8.2,Django-1.8.2/tests/middleware_exceptions/tests.py,BaseMiddlewareExceptionTest,True,6,43,6.166666666666667,44,34,34,4,0,6
Django-1.8.2,Django-1.8.2/tests/middleware_exceptions/tests.py,MiddlewareTests,True,23,322,13.0,323,248,254,23,0,46
Django-1.8.2,Django-1.8.2/tests/middleware_exceptions/tests.py,BadMiddlewareTests,True,23,334,13.521739130434783,335,254,266,23,0,46
Django-1.8.2,Django-1.8.2/tests/middleware_exceptions/tests.py,RootUrlconfTests,True,1,7,5.0,8,5,5,2,0,1
Django-1.8.2,Django-1.8.2/tests/middleware_exceptions/tests.py,MyMiddleware,True,2,6,2.0,7,5,5,0,0,2
Django-1.8.2,Django-1.8.2/tests/middleware_exceptions/tests.py,MyMiddlewareWithExceptionMessage,True,2,6,2.0,7,5,5,0,0,2
Django-1.8.2,Django-1.8.2/tests/middleware_exceptions/tests.py,MiddlewareNotUsedTests,True,4,37,6.0,38,23,33,0,0,5
Django-1.8.2,Django-1.8.2/tests/migrate_signals/tests.py,PreMigrateReceiver,True,2,7,3.0,8,7,7,0,0,1
Django-1.8.2,Django-1.8.2/tests/migrate_signals/tests.py,OneTimeReceiver,True,2,17,5.5,18,10,9,3,4,2
Django-1.8.2,Django-1.8.2/tests/migrate_signals/tests.py,MigrateSignalTests,True,3,39,11.0,40,30,32,0,3,5
Django-1.8.2,Django-1.8.2/tests/migrations/models.py,CustomModelBase,True,0,1,0.0,2,2,2,0,0,0
Django-1.8.2,Django-1.8.2/tests/migrations/models.py,ModelWithCustomBase,True,0,1,0.0,2,2,2,0,0,0
Django-1.8.2,Django-1.8.2/tests/migrations/models.py,UnicodeModel,True,1,10,2.0,11,8,8,1,0,2
Django-1.8.2,Django-1.8.2/tests/migrations/models.py,Unserializable,True,0,4,0.0,5,3,2,0,3,0
Django-1.8.2,Django-1.8.2/tests/migrations/models.py,UnserializableModel,True,0,5,0.0,6,4,4,1,0,1
Django-1.8.2,Django-1.8.2/tests/migrations/models.py,UnmigratedModel,True,0,5,0.0,6,3,2,0,4,0
Django-1.8.2,Django-1.8.2/tests/migrations/models.py,EmptyManager,True,0,1,0.0,2,2,2,0,0,0
Django-1.8.2,Django-1.8.2/tests/migrations/models.py,FoodQuerySet,True,0,1,0.0,2,2,2,0,0,0
Django-1.8.2,Django-1.8.2/tests/migrations/models.py,BaseFoodManager,True,1,3,3.0,4,4,4,0,0,0
Django-1.8.2,Django-1.8.2/tests/migrations/models.py,FoodManager,True,0,1,0.0,2,2,2,0,0,0
Django-1.8.2,Django-1.8.2/tests/migrations/models.py,NoMigrationFoodManager,True,0,1,0.0,2,2,2,0,0,0
Django-1.8.2,Django-1.8.2/tests/migrations/test_autodetector.py,DeconstructableObject,True,1,6,2.0,7,4,3,0,3,1
Django-1.8.2,Django-1.8.2/tests/migrations/test_autodetector.py,AutodetectorTests,True,88,1816,16.454545454545453,1817,1091,1318,182,184,104
Django-1.8.2,Django-1.8.2/tests/migrations/test_base.py,MigrationTestBase,True,11,58,3.727272727272727,59,31,44,0,3,12
Django-1.8.2,Django-1.8.2/tests/migrations/test_commands.py,MigrateTests,True,10,317,28.9,318,155,210,35,41,32
Django-1.8.2,Django-1.8.2/tests/migrations/test_commands.py,MakeMigrationsTests,True,27,472,15.333333333333334,473,332,306,36,79,61
Django-1.8.2,Django-1.8.2/tests/migrations/test_commands.py,SquashMigrationsTest,True,4,37,6.0,38,27,21,0,12,5
Django-1.8.2,Django-1.8.2/tests/migrations/test_executor.py,ExecutorTests,True,9,400,38.666666666666664,401,191,281,58,39,23
Django-1.8.2,Django-1.8.2/tests/migrations/test_executor.py,FakeLoader,True,1,3,3.0,4,4,4,0,0,0
Django-1.8.2,Django-1.8.2/tests/migrations/test_executor.py,FakeMigration,True,2,6,2.0,7,6,5,0,0,1
Django-1.8.2,Django-1.8.2/tests/migrations/test_executor.py,ExecutorUnitTests,True,3,110,35.666666666666664,111,76,72,0,23,15
Django-1.8.2,Django-1.8.2/tests/migrations/test_graph.py,GraphTests,True,11,257,22.0,258,151,180,15,38,25
Django-1.8.2,Django-1.8.2/tests/migrations/test_loader.py,RecorderTests,True,1,29,25.0,30,12,22,1,6,1
Django-1.8.2,Django-1.8.2/tests/migrations/test_loader.py,LoaderTests,True,12,268,19.166666666666668,269,150,192,16,17,40
Django-1.8.2,Django-1.8.2/tests/migrations/test_multidb.py,AgnosticRouter,True,1,5,2.0,6,4,3,0,3,0
Django-1.8.2,Django-1.8.2/tests/migrations/test_multidb.py,MigrateNothingRouter,True,1,5,2.0,6,4,3,0,3,0
Django-1.8.2,Django-1.8.2/tests/migrations/test_multidb.py,MigrateEverythingRouter,True,1,5,2.0,6,4,3,0,3,0
Django-1.8.2,Django-1.8.2/tests/migrations/test_multidb.py,MigrateWhenFooRouter,True,1,5,2.0,6,4,3,0,3,0
Django-1.8.2,Django-1.8.2/tests/migrations/test_multidb.py,MultiDBOperationTests,True,11,127,9.636363636363637,128,91,90,8,15,15
Django-1.8.2,Django-1.8.2/tests/migrations/test_operations.py,OperationTestBase,True,4,130,30.75,131,53,113,4,10,6
Django-1.8.2,Django-1.8.2/tests/migrations/test_operations.py,OperationTests,True,55,1680,29.4,1681,1044,1274,165,152,103
Django-1.8.2,Django-1.8.2/tests/migrations/test_operations.py,SwappableOperationTests,True,3,81,21.333333333333332,82,44,56,8,14,4
Django-1.8.2,Django-1.8.2/tests/migrations/test_optimizer.py,OptimizerTests,True,20,414,19.55,415,83,322,5,68,20
Django-1.8.2,Django-1.8.2/tests/migrations/test_state.py,StateTests,True,14,695,48.42857142857143,696,437,502,36,45,116
Django-1.8.2,Django-1.8.2/tests/migrations/test_state.py,ModelStateTests,True,6,82,12.5,83,62,59,1,9,14
Django-1.8.2,Django-1.8.2/tests/migrations/test_state.py,RelatedModelsTests,True,26,218,7.384615384615385,219,181,192,1,0,26
Django-1.8.2,Django-1.8.2/tests/migrations/test_writer.py,TestModel1,True,1,3,2.0,4,4,4,0,0,0
Django-1.8.2,Django-1.8.2/tests/migrations/test_writer.py,OperationWriterTests,True,8,116,13.5,117,41,109,0,0,8
Django-1.8.2,Django-1.8.2/tests/migrations/test_writer.py,WriterTests,True,28,337,10.75,338,204,255,15,27,41
Django-1.8.2,Django-1.8.2/tests/migrations/migrations_test_apps/alter_fk/author_app/migrations/0001_initial.py,Migration,True,0,13,0.0,14,3,12,0,0,2
Django-1.8.2,Django-1.8.2/tests/migrations/migrations_test_apps/alter_fk/author_app/migrations/0002_alter_id.py,Migration,True,0,13,0.0,14,3,12,1,0,2
Django-1.8.2,Django-1.8.2/tests/migrations/migrations_test_apps/alter_fk/book_app/migrations/0001_initial.py,Migration,True,0,15,0.0,16,3,14,0,0,2
Django-1.8.2,Django-1.8.2/tests/migrations/migrations_test_apps/lookuperror_a/models.py,A1,True,0,1,0.0,2,2,2,0,0,0
Django-1.8.2,Django-1.8.2/tests/migrations/migrations_test_apps/lookuperror_a/models.py,A2,True,0,1,0.0,2,2,2,0,0,0
Django-1.8.2,Django-1.8.2/tests/migrations/migrations_test_apps/lookuperror_a/models.py,A3,True,0,2,0.0,3,3,3,0,0,0
Django-1.8.2,Django-1.8.2/tests/migrations/migrations_test_apps/lookuperror_a/models.py,A4,True,0,1,0.0,2,2,2,0,0,0
Django-1.8.2,Django-1.8.2/tests/migrations/migrations_test_apps/lookuperror_a/migrations/0001_initial.py,Migration,True,0,12,0.0,13,3,11,0,0,2
Django-1.8.2,Django-1.8.2/tests/migrations/migrations_test_apps/lookuperror_a/migrations/0002_a2.py,Migration,True,0,13,0.0,14,3,12,0,0,2
Django-1.8.2,Django-1.8.2/tests/migrations/migrations_test_apps/lookuperror_a/migrations/0003_a3.py,Migration,True,0,17,0.0,18,3,16,0,0,2
Django-1.8.2,Django-1.8.2/tests/migrations/migrations_test_apps/lookuperror_a/migrations/0004_a4.py,Migration,True,0,13,0.0,14,3,12,0,0,2
Django-1.8.2,Django-1.8.2/tests/migrations/migrations_test_apps/lookuperror_b/models.py,B1,True,0,1,0.0,2,2,2,0,0,0
Django-1.8.2,Django-1.8.2/tests/migrations/migrations_test_apps/lookuperror_b/models.py,B2,True,0,1,0.0,2,2,2,0,0,0
Django-1.8.2,Django-1.8.2/tests/migrations/migrations_test_apps/lookuperror_b/models.py,B3,True,0,1,0.0,2,2,2,0,0,0
Django-1.8.2,Django-1.8.2/tests/migrations/migrations_test_apps/lookuperror_b/migrations/0001_initial.py,Migration,True,0,12,0.0,13,3,11,0,0,2
Django-1.8.2,Django-1.8.2/tests/migrations/migrations_test_apps/lookuperror_b/migrations/0002_b2.py,Migration,True,0,15,0.0,16,3,14,0,0,2
Django-1.8.2,Django-1.8.2/tests/migrations/migrations_test_apps/lookuperror_b/migrations/0003_b3.py,Migration,True,0,13,0.0,14,3,12,0,0,2
Django-1.8.2,Django-1.8.2/tests/migrations/migrations_test_apps/lookuperror_c/models.py,C1,True,0,1,0.0,2,2,2,0,0,0
Django-1.8.2,Django-1.8.2/tests/migrations/migrations_test_apps/lookuperror_c/models.py,C2,True,0,1,0.0,2,2,2,0,0,0
Django-1.8.2,Django-1.8.2/tests/migrations/migrations_test_apps/lookuperror_c/models.py,C3,True,0,1,0.0,2,2,2,0,0,0
Django-1.8.2,Django-1.8.2/tests/migrations/migrations_test_apps/lookuperror_c/migrations/0001_initial.py,Migration,True,0,12,0.0,13,3,11,0,0,2
Django-1.8.2,Django-1.8.2/tests/migrations/migrations_test_apps/lookuperror_c/migrations/0002_c2.py,Migration,True,0,15,0.0,16,3,14,0,0,2
Django-1.8.2,Django-1.8.2/tests/migrations/migrations_test_apps/lookuperror_c/migrations/0003_c3.py,Migration,True,0,13,0.0,14,3,12,0,0,2
Django-1.8.2,Django-1.8.2/tests/migrations/migrations_test_apps/migrated_app/migrations/0001_initial.py,Migration,True,0,23,0.0,24,2,20,0,0,4
Django-1.8.2,Django-1.8.2/tests/migrations/migrations_test_apps/migrated_unapplied_app/models.py,OtherAuthor,True,0,8,0.0,9,8,8,0,0,1
Django-1.8.2,Django-1.8.2/tests/migrations/migrations_test_apps/migrated_unapplied_app/migrations/0001_initial.py,Migration,True,0,15,0.0,16,2,13,0,0,3
Django-1.8.2,Django-1.8.2/tests/migrations/migrations_test_apps/unmigrated_app/models.py,SillyModel,True,0,3,0.0,4,4,4,0,0,0
Django-1.8.2,Django-1.8.2/tests/migrations/test_migrations/0001_initial.py,Migration,True,0,28,0.0,29,2,24,0,0,5
Django-1.8.2,Django-1.8.2/tests/migrations/test_migrations/0002_second.py,Migration,True,0,22,0.0,23,3,16,0,0,7
Django-1.8.2,Django-1.8.2/tests/migrations/test_migrations_backwards_deps_1/0001_initial.py,Migration,True,0,1,0.0,2,2,2,0,0,0
Django-1.8.2,Django-1.8.2/tests/migrations/test_migrations_backwards_deps_1/0002_second.py,Migration,True,0,2,0.0,3,3,3,0,0,0
Django-1.8.2,Django-1.8.2/tests/migrations/test_migrations_conflict/0001_initial.py,Migration,True,0,23,0.0,24,2,20,0,0,4
Django-1.8.2,Django-1.8.2/tests/migrations/test_migrations_conflict/0002_conflicting_second.py,Migration,True,0,13,0.0,14,3,10,0,0,4
Django-1.8.2,Django-1.8.2/tests/migrations/test_migrations_conflict/0002_second.py,Migration,True,0,20,0.0,21,3,14,0,0,7
Django-1.8.2,Django-1.8.2/tests/migrations/test_migrations_custom_user/0001_initial.py,Migration,True,0,23,0.0,24,3,20,0,0,4
Django-1.8.2,Django-1.8.2/tests/migrations/test_migrations_first/second.py,Migration,True,0,23,0.0,24,3,17,0,0,7
Django-1.8.2,Django-1.8.2/tests/migrations/test_migrations_first/thefirst.py,Migration,True,0,23,0.0,24,2,20,0,0,4
Django-1.8.2,Django-1.8.2/tests/migrations/test_migrations_no_ancestor/0001_initial.py,Migration,True,0,23,0.0,24,2,20,0,0,4
Django-1.8.2,Django-1.8.2/tests/migrations/test_migrations_no_ancestor/0002_conflicting_second.py,Migration,True,0,21,0.0,22,3,15,0,0,7
Django-1.8.2,Django-1.8.2/tests/migrations/test_migrations_no_ancestor/0002_second.py,Migration,True,0,22,0.0,23,3,16,0,0,7
Django-1.8.2,Django-1.8.2/tests/migrations/test_migrations_no_changes/0001_initial.py,Migration,True,0,23,0.0,24,2,20,0,0,4
Django-1.8.2,Django-1.8.2/tests/migrations/test_migrations_no_changes/0002_second.py,Migration,True,0,22,0.0,23,3,16,0,0,7
Django-1.8.2,Django-1.8.2/tests/migrations/test_migrations_no_changes/0003_third.py,Migration,True,0,29,0.0,30,3,28,0,0,2
Django-1.8.2,Django-1.8.2/tests/migrations/test_migrations_no_default/0001_initial.py,Migration,True,0,16,0.0,17,3,15,0,0,2
Django-1.8.2,Django-1.8.2/tests/migrations/test_migrations_run_before/0001_initial.py,Migration,True,0,13,0.0,14,2,11,0,0,3
Django-1.8.2,Django-1.8.2/tests/migrations/test_migrations_run_before/0002_second.py,Migration,True,0,16,0.0,17,3,13,0,0,4
Django-1.8.2,Django-1.8.2/tests/migrations/test_migrations_run_before/0003_third.py,Migration,True,0,25,0.0,26,5,18,0,3,5
Django-1.8.2,Django-1.8.2/tests/migrations/test_migrations_squashed/0001_initial.py,Migration,True,0,23,0.0,24,2,20,0,0,4
Django-1.8.2,Django-1.8.2/tests/migrations/test_migrations_squashed/0001_squashed_0002.py,Migration,True,0,28,0.0,29,3,24,0,0,5
Django-1.8.2,Django-1.8.2/tests/migrations/test_migrations_squashed/0002_second.py,Migration,True,0,20,0.0,21,3,14,0,0,7
Django-1.8.2,Django-1.8.2/tests/migrations/test_migrations_squashed_complex/1_auto.py,Migration,True,0,4,0.0,5,2,4,0,0,1
Django-1.8.2,Django-1.8.2/tests/migrations/test_migrations_squashed_complex/2_auto.py,Migration,True,0,6,0.0,7,3,5,0,0,2
Django-1.8.2,Django-1.8.2/tests/migrations/test_migrations_squashed_complex/3_auto.py,Migration,True,0,6,0.0,7,3,5,0,0,2
Django-1.8.2,Django-1.8.2/tests/migrations/test_migrations_squashed_complex/3_squashed_5.py,Migration,True,0,12,0.0,13,4,10,0,0,3
Django-1.8.2,Django-1.8.2/tests/migrations/test_migrations_squashed_complex/4_auto.py,Migration,True,0,6,0.0,7,3,5,0,0,2
Django-1.8.2,Django-1.8.2/tests/migrations/test_migrations_squashed_complex/5_auto.py,Migration,True,0,6,0.0,7,3,5,0,0,2
Django-1.8.2,Django-1.8.2/tests/migrations/test_migrations_squashed_complex/6_auto.py,Migration,True,0,6,0.0,7,3,5,0,0,2
Django-1.8.2,Django-1.8.2/tests/migrations/test_migrations_squashed_complex/7_auto.py,Migration,True,0,6,0.0,7,3,5,0,0,2
Django-1.8.2,Django-1.8.2/tests/migrations/test_migrations_squashed_complex_multi_apps/app1/1_auto.py,Migration,True,0,4,0.0,5,2,4,0,0,1
Django-1.8.2,Django-1.8.2/tests/migrations/test_migrations_squashed_complex_multi_apps/app1/2_auto.py,Migration,True,0,6,0.0,7,3,5,0,0,2
Django-1.8.2,Django-1.8.2/tests/migrations/test_migrations_squashed_complex_multi_apps/app1/2_squashed_3.py,Migration,True,0,11,0.0,12,4,9,0,0,3
Django-1.8.2,Django-1.8.2/tests/migrations/test_migrations_squashed_complex_multi_apps/app1/3_auto.py,Migration,True,0,6,0.0,7,3,5,0,0,2
Django-1.8.2,Django-1.8.2/tests/migrations/test_migrations_squashed_complex_multi_apps/app1/4_auto.py,Migration,True,0,6,0.0,7,3,5,0,0,2
Django-1.8.2,Django-1.8.2/tests/migrations/test_migrations_squashed_complex_multi_apps/app2/1_auto.py,Migration,True,0,6,0.0,7,3,5,0,0,2
Django-1.8.2,Django-1.8.2/tests/migrations/test_migrations_squashed_complex_multi_apps/app2/1_squashed_2.py,Migration,True,0,11,0.0,12,4,9,0,0,3
Django-1.8.2,Django-1.8.2/tests/migrations/test_migrations_squashed_complex_multi_apps/app2/2_auto.py,Migration,True,0,6,0.0,7,3,5,0,0,2
Django-1.8.2,Django-1.8.2/tests/migrations/test_migrations_squashed_erroneous/1_auto.py,Migration,True,0,4,0.0,5,2,4,0,0,1
Django-1.8.2,Django-1.8.2/tests/migrations/test_migrations_squashed_erroneous/2_auto.py,Migration,True,0,6,0.0,7,3,5,0,0,2
Django-1.8.2,Django-1.8.2/tests/migrations/test_migrations_squashed_erroneous/3_squashed_5.py,Migration,True,0,12,0.0,13,4,10,0,0,3
Django-1.8.2,Django-1.8.2/tests/migrations/test_migrations_squashed_erroneous/6_auto.py,Migration,True,0,6,0.0,7,3,5,0,0,2
Django-1.8.2,Django-1.8.2/tests/migrations/test_migrations_squashed_erroneous/7_auto.py,Migration,True,0,6,0.0,7,3,5,0,0,2
Django-1.8.2,Django-1.8.2/tests/migrations/test_migrations_unmigdep/0001_initial.py,Migration,True,0,16,0.0,17,3,13,0,0,4
Django-1.8.2,Django-1.8.2/tests/migrations2/test_migrations_2/0001_initial.py,Migration,True,0,17,0.0,18,3,14,0,0,4
Django-1.8.2,Django-1.8.2/tests/migrations2/test_migrations_2_first/0001_initial.py,Migration,True,0,19,0.0,20,3,16,0,0,4
Django-1.8.2,Django-1.8.2/tests/migrations2/test_migrations_2_first/0002_second.py,Migration,True,0,15,0.0,16,3,12,0,0,4
Django-1.8.2,Django-1.8.2/tests/migration_test_data_persistence/models.py,Book,True,0,1,0.0,2,2,2,0,0,0
Django-1.8.2,Django-1.8.2/tests/migration_test_data_persistence/models.py,Unmanaged,True,0,4,0.0,5,4,4,0,0,1
Django-1.8.2,Django-1.8.2/tests/migration_test_data_persistence/tests.py,MigrationDataPersistenceTestCase,True,1,13,5.0,14,6,8,0,4,2
Django-1.8.2,Django-1.8.2/tests/migration_test_data_persistence/tests.py,MigrationDataNormalPersistenceTestCase,True,1,9,5.0,10,4,6,0,3,1
Django-1.8.2,Django-1.8.2/tests/migration_test_data_persistence/migrations/0001_initial.py,Migration,True,0,16,0.0,17,3,15,0,0,2
Django-1.8.2,Django-1.8.2/tests/migration_test_data_persistence/migrations/0002_add_book.py,Migration,True,0,8,0.0,9,3,7,0,0,2
Django-1.8.2,Django-1.8.2/tests/modeladmin/models.py,Band,True,1,9,2.0,10,8,8,0,0,2
Django-1.8.2,Django-1.8.2/tests/modeladmin/models.py,Concert,True,0,9,0.0,10,5,10,0,0,0
Django-1.8.2,Django-1.8.2/tests/modeladmin/models.py,ValidationTestModel,True,1,11,2.0,12,12,11,1,0,1
Django-1.8.2,Django-1.8.2/tests/modeladmin/models.py,ValidationTestInlineModel,True,0,1,0.0,2,2,2,0,0,0
Django-1.8.2,Django-1.8.2/tests/modeladmin/tests.py,MockRequest,True,0,1,0.0,2,2,2,0,0,0
Django-1.8.2,Django-1.8.2/tests/modeladmin/tests.py,MockSuperUser,True,1,2,2.0,3,3,3,0,0,0
Django-1.8.2,Django-1.8.2/tests/modeladmin/tests.py,ModelAdminTests,True,16,501,30.0625,502,260,324,39,28,111
Django-1.8.2,Django-1.8.2/tests/modeladmin/tests.py,CheckTestCase,True,3,33,10.0,34,20,28,0,3,3
Django-1.8.2,Django-1.8.2/tests/modeladmin/tests.py,RawIdCheckTests,True,4,34,7.5,35,17,27,0,0,8
Django-1.8.2,Django-1.8.2/tests/modeladmin/tests.py,FieldsetsCheckTests,True,9,86,8.555555555555555,87,46,66,0,0,21
Django-1.8.2,Django-1.8.2/tests/modeladmin/tests.py,FieldsCheckTests,True,2,23,10.5,24,12,19,0,0,5
Django-1.8.2,Django-1.8.2/tests/modeladmin/tests.py,FormCheckTests,True,3,38,11.666666666666666,39,20,29,0,0,10
Django-1.8.2,Django-1.8.2/tests/modeladmin/tests.py,FilterVerticalCheckTests,True,4,34,7.5,35,17,27,0,0,8
Django-1.8.2,Django-1.8.2/tests/modeladmin/tests.py,FilterHorizontalCheckTests,True,4,34,7.5,35,17,27,0,0,8
Django-1.8.2,Django-1.8.2/tests/modeladmin/tests.py,RadioFieldsCheckTests,True,5,45,8.0,46,25,35,0,0,11
Django-1.8.2,Django-1.8.2/tests/modeladmin/tests.py,PrepopulatedFieldsCheckTests,True,5,46,8.2,47,25,36,0,0,11
Django-1.8.2,Django-1.8.2/tests/modeladmin/tests.py,ListDisplayTests,True,4,40,9.0,41,21,31,0,0,10
Django-1.8.2,Django-1.8.2/tests/modeladmin/tests.py,ListDisplayLinksCheckTests,True,5,45,8.0,46,26,35,0,0,11
Django-1.8.2,Django-1.8.2/tests/modeladmin/tests.py,ListFilterTests,True,7,86,11.285714285714286,87,47,65,0,0,22
Django-1.8.2,Django-1.8.2/tests/modeladmin/tests.py,ListPerPageCheckTests,True,2,15,6.5,16,9,12,0,0,4
Django-1.8.2,Django-1.8.2/tests/modeladmin/tests.py,ListMaxShowAllCheckTests,True,2,15,6.5,16,9,12,0,0,4
Django-1.8.2,Django-1.8.2/tests/modeladmin/tests.py,SearchFieldsCheckTests,True,1,10,9.0,11,5,8,0,0,3
Django-1.8.2,Django-1.8.2/tests/modeladmin/tests.py,DateHierarchyCheckTests,True,3,26,7.666666666666667,27,13,20,0,0,7
Django-1.8.2,Django-1.8.2/tests/modeladmin/tests.py,OrderingCheckTests,True,5,48,8.6,49,24,37,0,0,12
Django-1.8.2,Django-1.8.2/tests/modeladmin/tests.py,ListSelectRelatedCheckTests,True,2,14,6.0,15,9,11,0,0,4
Django-1.8.2,Django-1.8.2/tests/modeladmin/tests.py,SaveAsCheckTests,True,2,15,6.5,16,9,12,0,0,4
Django-1.8.2,Django-1.8.2/tests/modeladmin/tests.py,SaveOnTopCheckTests,True,2,15,6.5,16,9,12,0,0,4
Django-1.8.2,Django-1.8.2/tests/modeladmin/tests.py,InlinesCheckTests,True,5,60,11.0,61,32,43,0,2,16
Django-1.8.2,Django-1.8.2/tests/modeladmin/tests.py,FkNameCheckTests,True,2,24,11.0,25,15,19,0,0,6
Django-1.8.2,Django-1.8.2/tests/modeladmin/tests.py,ExtraCheckTests,True,2,24,11.0,25,15,19,0,0,6
Django-1.8.2,Django-1.8.2/tests/modeladmin/tests.py,MaxNumCheckTests,True,2,24,11.0,25,15,19,0,0,6
Django-1.8.2,Django-1.8.2/tests/modeladmin/tests.py,MinNumCheckTests,True,2,24,11.0,25,15,19,0,0,6
Django-1.8.2,Django-1.8.2/tests/modeladmin/tests.py,FormsetCheckTests,True,2,30,14.0,31,19,23,0,0,8
Django-1.8.2,Django-1.8.2/tests/modeladmin/tests.py,CustomModelAdminTests,True,1,12,11.0,13,10,9,0,0,3
Django-1.8.2,Django-1.8.2/tests/modeladmin/tests.py,ListDisplayEditableTests,True,2,21,10.0,22,15,13,0,8,1
Django-1.8.2,Django-1.8.2/tests/modeladmin/tests.py,ModelAdminPermissionTests,True,4,92,16.0,93,72,68,0,16,9
Django-1.8.2,Django-1.8.2/tests/model_fields/models.py,Foo,True,0,2,0.0,3,3,3,0,0,0
Django-1.8.2,Django-1.8.2/tests/model_fields/models.py,Bar,True,0,2,0.0,3,3,3,0,0,0
Django-1.8.2,Django-1.8.2/tests/model_fields/models.py,Whiz,True,0,14,0.0,15,3,15,0,0,0
Django-1.8.2,Django-1.8.2/tests/model_fields/models.py,Counter,True,3,12,3.3333333333333335,13,11,11,0,0,2
Django-1.8.2,Django-1.8.2/tests/model_fields/models.py,WhizIter,True,0,1,0.0,2,2,2,0,0,0
Django-1.8.2,Django-1.8.2/tests/model_fields/models.py,WhizIterEmpty,True,0,1,0.0,2,2,2,0,0,0
Django-1.8.2,Django-1.8.2/tests/model_fields/models.py,BigD,True,0,1,0.0,2,2,2,0,0,0
Django-1.8.2,Django-1.8.2/tests/model_fields/models.py,FloatModel,True,0,1,0.0,2,2,2,0,0,0
Django-1.8.2,Django-1.8.2/tests/model_fields/models.py,BigS,True,0,1,0.0,2,2,2,0,0,0
Django-1.8.2,Django-1.8.2/tests/model_fields/models.py,SmallIntegerModel,True,0,1,0.0,2,2,2,0,0,0
Django-1.8.2,Django-1.8.2/tests/model_fields/models.py,IntegerModel,True,0,1,0.0,2,2,2,0,0,0
Django-1.8.2,Django-1.8.2/tests/model_fields/models.py,BigIntegerModel,True,0,2,0.0,3,3,3,0,0,0
Django-1.8.2,Django-1.8.2/tests/model_fields/models.py,PositiveSmallIntegerModel,True,0,1,0.0,2,2,2,0,0,0
Django-1.8.2,Django-1.8.2/tests/model_fields/models.py,PositiveIntegerModel,True,0,1,0.0,2,2,2,0,0,0
Django-1.8.2,Django-1.8.2/tests/model_fields/models.py,Post,True,0,2,0.0,3,3,3,0,0,0
Django-1.8.2,Django-1.8.2/tests/model_fields/models.py,NullBooleanModel,True,0,1,0.0,2,2,2,0,0,0
Django-1.8.2,Django-1.8.2/tests/model_fields/models.py,BooleanModel,True,0,2,0.0,3,3,3,0,0,0
Django-1.8.2,Django-1.8.2/tests/model_fields/models.py,DateTimeModel,True,0,3,0.0,4,4,4,0,0,0
Django-1.8.2,Django-1.8.2/tests/model_fields/models.py,DurationModel,True,0,1,0.0,2,2,2,0,0,0
Django-1.8.2,Django-1.8.2/tests/model_fields/models.py,NullDurationModel,True,0,1,0.0,2,2,2,0,0,0
Django-1.8.2,Django-1.8.2/tests/model_fields/models.py,PrimaryKeyCharModel,True,0,1,0.0,2,2,2,0,0,0
Django-1.8.2,Django-1.8.2/tests/model_fields/models.py,FksToBooleans,True,0,3,0.0,4,4,3,0,0,0
Django-1.8.2,Django-1.8.2/tests/model_fields/models.py,FkToChar,True,0,2,0.0,3,3,2,0,0,0
Django-1.8.2,Django-1.8.2/tests/model_fields/models.py,RenamedField,True,0,1,0.0,2,2,2,0,0,0
Django-1.8.2,Django-1.8.2/tests/model_fields/models.py,VerboseNameField,True,0,27,0.0,28,26,26,2,0,0
Django-1.8.2,Django-1.8.2/tests/model_fields/models.py,GenericIPAddress,True,0,1,0.0,2,2,2,0,0,0
Django-1.8.2,Django-1.8.2/tests/model_fields/models.py,DecimalLessThanOne,True,0,1,0.0,2,2,2,0,0,0
Django-1.8.2,Django-1.8.2/tests/model_fields/models.py,FieldClassAttributeModel,True,0,1,0.0,2,2,2,0,0,0
Django-1.8.2,Django-1.8.2/tests/model_fields/models.py,DataModel,True,0,2,0.0,3,3,3,0,0,0
Django-1.8.2,Django-1.8.2/tests/model_fields/models.py,Document,True,0,1,0.0,2,2,2,0,0,0
Django-1.8.2,Django-1.8.2/tests/model_fields/models.py,AllFieldsModel,True,0,42,0.0,43,33,41,0,0,2
Django-1.8.2,Django-1.8.2/tests/model_fields/models.py,UUIDModel,True,0,1,0.0,2,2,2,0,0,0
Django-1.8.2,Django-1.8.2/tests/model_fields/models.py,NullableUUIDModel,True,0,1,0.0,2,2,2,0,0,0
Django-1.8.2,Django-1.8.2/tests/model_fields/models.py,PrimaryKeyUUIDModel,True,0,1,0.0,2,2,2,0,0,0
Django-1.8.2,Django-1.8.2/tests/model_fields/models.py,RelatedToUUIDModel,True,0,1,0.0,2,2,2,0,0,0
Django-1.8.2,Django-1.8.2/tests/model_fields/models.py,UUIDChild,True,0,1,0.0,2,2,2,0,0,0
Django-1.8.2,Django-1.8.2/tests/model_fields/models.py,UUIDGrandchild,True,0,1,0.0,2,2,2,0,0,0
Django-1.8.2,Django-1.8.2/tests/model_fields/tests.py,BasicFieldTests,True,8,84,9.625,85,59,55,4,15,10
Django-1.8.2,Django-1.8.2/tests/model_fields/tests.py,DecimalFieldTests,True,7,44,5.428571428571429,45,30,27,1,11,6
Django-1.8.2,Django-1.8.2/tests/model_fields/tests.py,ForeignKeyTests,True,4,36,8.0,37,23,28,0,4,4
Django-1.8.2,Django-1.8.2/tests/model_fields/tests.py,DateTimeFieldTests,True,3,27,8.0,28,22,24,0,0,2
Django-1.8.2,Django-1.8.2/tests/model_fields/tests.py,BooleanFieldTests,True,11,147,12.454545454545455,148,104,100,14,16,19
Django-1.8.2,Django-1.8.2/tests/model_fields/tests.py,ChoicesTests,True,4,35,8.0,36,24,20,13,13,3
Django-1.8.2,Django-1.8.2/tests/model_fields/tests.py,SlugFieldTests,True,1,7,7.0,8,6,5,0,3,0
Django-1.8.2,Django-1.8.2/tests/model_fields/tests.py,ValidationTest,True,16,69,3.375,70,52,53,2,0,15
Django-1.8.2,Django-1.8.2/tests/model_fields/tests.py,IntegerFieldTests,True,4,65,14.75,66,50,50,0,8,8
Django-1.8.2,Django-1.8.2/tests/model_fields/tests.py,SmallIntegerFieldTests,True,0,2,0.0,3,3,3,0,0,0
Django-1.8.2,Django-1.8.2/tests/model_fields/tests.py,BigIntegerFieldTests,True,0,2,0.0,3,3,3,0,0,0
Django-1.8.2,Django-1.8.2/tests/model_fields/tests.py,PositiveSmallIntegerFieldTests,True,0,2,0.0,3,3,3,0,0,0
Django-1.8.2,Django-1.8.2/tests/model_fields/tests.py,PositiveIntegerFieldTests,True,0,2,0.0,3,3,3,0,0,0
Django-1.8.2,Django-1.8.2/tests/model_fields/tests.py,TypeCoercionTests,True,2,11,2.0,12,6,5,0,5,2
Django-1.8.2,Django-1.8.2/tests/model_fields/tests.py,FileFieldTests,True,4,46,10.75,47,29,25,0,16,6
Django-1.8.2,Django-1.8.2/tests/model_fields/tests.py,BinaryFieldTests,True,2,19,8.0,20,16,16,2,0,2
Django-1.8.2,Django-1.8.2/tests/model_fields/tests.py,GenericIPAddressFieldTests,True,3,24,7.333333333333333,25,18,16,0,7,2
Django-1.8.2,Django-1.8.2/tests/model_fields/tests.py,PromiseTest,True,26,198,6.615384615384615,199,131,173,0,0,26
Django-1.8.2,Django-1.8.2/tests/model_fields/tests.py,CustomFieldTests,True,1,20,19.0,21,13,14,0,4,3
Django-1.8.2,Django-1.8.2/tests/model_fields/test_durationfield.py,TestSaveLoad,True,2,11,4.5,12,10,10,0,0,2
Django-1.8.2,Django-1.8.2/tests/model_fields/test_durationfield.py,TestQuerying,True,3,20,5.333333333333333,21,8,18,0,0,3
Django-1.8.2,Django-1.8.2/tests/model_fields/test_durationfield.py,TestSerialization,True,2,10,3.5,11,9,9,0,0,2
Django-1.8.2,Django-1.8.2/tests/model_fields/test_durationfield.py,TestValidation,True,1,11,10.0,12,7,11,0,0,1
Django-1.8.2,Django-1.8.2/tests/model_fields/test_durationfield.py,TestFormField,True,1,5,3.0,6,4,4,1,0,1
Django-1.8.2,Django-1.8.2/tests/model_fields/test_field_flags.py,FieldFlagsTests,True,16,143,7.9375,144,85,113,10,0,21
Django-1.8.2,Django-1.8.2/tests/model_fields/test_imagefield.py,ImageFieldTestMixin,True,3,65,18.0,66,33,30,4,22,10
Django-1.8.2,Django-1.8.2/tests/model_fields/test_imagefield.py,ImageFieldTests,True,5,83,14.8,84,48,42,6,24,12
Django-1.8.2,Django-1.8.2/tests/model_fields/test_imagefield.py,ImageFieldTwoDimensionsTests,True,7,110,14.285714285714286,111,58,50,19,27,15
Django-1.8.2,Django-1.8.2/tests/model_fields/test_imagefield.py,ImageFieldNoDimensionsTests,True,0,5,0.0,6,3,2,0,3,1
Django-1.8.2,Django-1.8.2/tests/model_fields/test_imagefield.py,ImageFieldOneDimensionTests,True,0,5,0.0,6,3,2,0,3,1
Django-1.8.2,Django-1.8.2/tests/model_fields/test_imagefield.py,ImageFieldDimensionsFirstTests,True,0,6,0.0,7,3,2,0,4,1
Django-1.8.2,Django-1.8.2/tests/model_fields/test_imagefield.py,ImageFieldUsingFileTests,True,0,7,0.0,8,4,3,0,4,1
Django-1.8.2,Django-1.8.2/tests/model_fields/test_imagefield.py,TwoImageFieldTests,True,5,101,18.2,102,70,69,15,6,12
Django-1.8.2,Django-1.8.2/tests/model_fields/test_uuid.py,TestSaveLoad,True,6,33,4.666666666666667,34,24,28,0,0,6
Django-1.8.2,Django-1.8.2/tests/model_fields/test_uuid.py,TestMigrations,True,1,5,4.0,6,5,5,0,0,1
Django-1.8.2,Django-1.8.2/tests/model_fields/test_uuid.py,TestQuerying,True,3,18,5.333333333333333,19,7,17,0,0,2
Django-1.8.2,Django-1.8.2/tests/model_fields/test_uuid.py,TestSerialization,True,2,10,3.5,11,9,9,0,0,2
Django-1.8.2,Django-1.8.2/tests/model_fields/test_uuid.py,TestValidation,True,2,10,4.5,11,10,10,1,0,1
Django-1.8.2,Django-1.8.2/tests/model_fields/test_uuid.py,TestAsPrimaryKey,True,7,48,6.0,49,40,40,3,0,6
Django-1.8.2,Django-1.8.2/tests/model_forms/models.py,Person,True,0,1,0.0,2,2,2,0,0,0
Django-1.8.2,Django-1.8.2/tests/model_forms/models.py,Category,True,2,9,2.0,10,8,8,0,0,2
Django-1.8.2,Django-1.8.2/tests/model_forms/models.py,Writer,True,1,7,2.0,8,6,6,0,0,2
Django-1.8.2,Django-1.8.2/tests/model_forms/models.py,Article,True,2,16,3.0,17,15,15,0,0,2
Django-1.8.2,Django-1.8.2/tests/model_forms/models.py,ImprovedArticle,True,0,1,0.0,2,2,2,0,0,0
Django-1.8.2,Django-1.8.2/tests/model_forms/models.py,ImprovedArticleWithParentLink,True,0,1,0.0,2,2,2,0,0,0
Django-1.8.2,Django-1.8.2/tests/model_forms/models.py,BetterWriter,True,0,1,0.0,2,2,2,0,0,0
Django-1.8.2,Django-1.8.2/tests/model_forms/models.py,Publication,True,1,5,2.0,6,5,5,0,0,1
Django-1.8.2,Django-1.8.2/tests/model_forms/models.py,Author,True,0,2,0.0,3,3,3,0,0,0
Django-1.8.2,Django-1.8.2/tests/model_forms/models.py,Author1,True,0,2,0.0,3,3,3,0,0,0
Django-1.8.2,Django-1.8.2/tests/model_forms/models.py,WriterProfile,True,1,5,2.0,6,5,5,0,0,1
Django-1.8.2,Django-1.8.2/tests/model_forms/models.py,Document,True,0,1,0.0,2,2,2,0,0,0
Django-1.8.2,Django-1.8.2/tests/model_forms/models.py,TextFile,True,1,5,2.0,6,5,5,0,0,1
Django-1.8.2,Django-1.8.2/tests/model_forms/models.py,CustomFileField,True,1,4,4.0,5,5,5,0,0,0
Django-1.8.2,Django-1.8.2/tests/model_forms/models.py,CustomFF,True,0,1,0.0,2,2,2,0,0,0
Django-1.8.2,Django-1.8.2/tests/model_forms/models.py,FilePathModel,True,0,1,0.0,2,2,2,0,0,0
Django-1.8.2,Django-1.8.2/tests/model_forms/models.py,CommaSeparatedInteger,True,1,4,2.0,5,4,4,0,0,1
Django-1.8.2,Django-1.8.2/tests/model_forms/models.py,Homepage,True,0,1,0.0,2,2,2,0,0,0
Django-1.8.2,Django-1.8.2/tests/model_forms/models.py,Product,True,1,4,2.0,5,4,4,0,0,1
Django-1.8.2,Django-1.8.2/tests/model_forms/models.py,Price,True,1,8,2.0,9,7,7,0,0,2
Django-1.8.2,Django-1.8.2/tests/model_forms/models.py,Triple,True,0,6,0.0,7,6,6,0,0,1
Django-1.8.2,Django-1.8.2/tests/model_forms/models.py,ArticleStatus,True,0,1,0.0,2,2,2,0,0,0
Django-1.8.2,Django-1.8.2/tests/model_forms/models.py,Inventory,True,2,12,2.0,13,10,10,0,0,3
Django-1.8.2,Django-1.8.2/tests/model_forms/models.py,Book,True,0,6,0.0,7,6,6,0,0,1
Django-1.8.2,Django-1.8.2/tests/model_forms/models.py,BookXtra,True,0,7,0.0,8,7,7,0,0,1
Django-1.8.2,Django-1.8.2/tests/model_forms/models.py,DerivedBook,True,0,1,0.0,2,2,2,0,0,0
Django-1.8.2,Django-1.8.2/tests/model_forms/models.py,ExplicitPK,True,1,8,2.0,9,7,7,0,0,2
Django-1.8.2,Django-1.8.2/tests/model_forms/models.py,Post,True,1,7,2.0,8,7,7,0,0,1
Django-1.8.2,Django-1.8.2/tests/model_forms/models.py,DateTimePost,True,1,7,2.0,8,7,7,0,0,1
Django-1.8.2,Django-1.8.2/tests/model_forms/models.py,DerivedPost,True,0,1,0.0,2,2,2,0,0,0
Django-1.8.2,Django-1.8.2/tests/model_forms/models.py,BigInt,True,1,4,2.0,5,4,4,0,0,1
Django-1.8.2,Django-1.8.2/tests/model_forms/models.py,MarkupField,True,2,10,4.5,11,6,6,4,0,1
Django-1.8.2,Django-1.8.2/tests/model_forms/models.py,CustomFieldForExclusionModel,True,0,2,0.0,3,3,3,0,0,0
Django-1.8.2,Django-1.8.2/tests/model_forms/models.py,FlexibleDatePost,True,0,4,0.0,5,5,5,0,0,0
Django-1.8.2,Django-1.8.2/tests/model_forms/models.py,Colour,True,2,8,2.5,9,7,7,0,0,2
Django-1.8.2,Django-1.8.2/tests/model_forms/models.py,ColourfulItem,True,0,2,0.0,3,3,3,0,0,0
Django-1.8.2,Django-1.8.2/tests/model_forms/models.py,CustomErrorMessage,True,1,15,7.0,16,14,14,0,0,2
Django-1.8.2,Django-1.8.2/tests/model_forms/models.py,Character,True,0,2,0.0,3,3,3,0,0,0
Django-1.8.2,Django-1.8.2/tests/model_forms/models.py,StumpJoke,True,0,2,0.0,3,3,3,0,0,0
Django-1.8.2,Django-1.8.2/tests/model_forms/models.py,Student,True,0,2,0.0,3,3,3,0,0,0
Django-1.8.2,Django-1.8.2/tests/model_forms/models.py,Photo,True,2,12,3.0,13,9,9,2,0,2
Django-1.8.2,Django-1.8.2/tests/model_forms/tests.py,ProductForm,True,0,3,0.0,4,4,4,0,0,0
Django-1.8.2,Django-1.8.2/tests/model_forms/tests.py,PriceForm,True,0,3,0.0,4,4,4,0,0,0
Django-1.8.2,Django-1.8.2/tests/model_forms/tests.py,BookForm,True,0,3,0.0,4,4,4,0,0,0
Django-1.8.2,Django-1.8.2/tests/model_forms/tests.py,DerivedBookForm,True,0,3,0.0,4,4,4,0,0,0
Django-1.8.2,Django-1.8.2/tests/model_forms/tests.py,ExplicitPKForm,True,0,3,0.0,4,4,4,0,0,0
Django-1.8.2,Django-1.8.2/tests/model_forms/tests.py,PostForm,True,0,3,0.0,4,4,4,0,0,0
Django-1.8.2,Django-1.8.2/tests/model_forms/tests.py,DerivedPostForm,True,0,3,0.0,4,4,4,0,0,0
Django-1.8.2,Django-1.8.2/tests/model_forms/tests.py,CustomWriterForm,True,0,5,0.0,6,5,5,0,0,1
Django-1.8.2,Django-1.8.2/tests/model_forms/tests.py,BaseCategoryForm,True,0,3,0.0,4,4,4,0,0,0
Django-1.8.2,Django-1.8.2/tests/model_forms/tests.py,ArticleForm,True,0,3,0.0,4,4,4,0,0,0
Django-1.8.2,Django-1.8.2/tests/model_forms/tests.py,RoykoForm,True,0,3,0.0,4,4,4,0,0,0
Django-1.8.2,Django-1.8.2/tests/model_forms/tests.py,ArticleStatusForm,True,0,3,0.0,4,4,4,0,0,0
Django-1.8.2,Django-1.8.2/tests/model_forms/tests.py,InventoryForm,True,0,3,0.0,4,4,4,0,0,0
Django-1.8.2,Django-1.8.2/tests/model_forms/tests.py,SelectInventoryForm,True,0,1,0.0,2,2,2,0,0,0
Django-1.8.2,Django-1.8.2/tests/model_forms/tests.py,CustomFieldForExclusionForm,True,0,3,0.0,4,4,4,0,0,0
Django-1.8.2,Django-1.8.2/tests/model_forms/tests.py,TextFileForm,True,0,3,0.0,4,4,4,0,0,0
Django-1.8.2,Django-1.8.2/tests/model_forms/tests.py,BigIntForm,True,0,3,0.0,4,4,4,0,0,0
Django-1.8.2,Django-1.8.2/tests/model_forms/tests.py,ModelFormWithMedia,True,0,9,0.0,10,8,9,0,0,1
Django-1.8.2,Django-1.8.2/tests/model_forms/tests.py,CustomErrorMessageForm,True,0,5,0.0,6,6,5,0,0,1
Django-1.8.2,Django-1.8.2/tests/model_forms/tests.py,ModelFormBaseTest,True,30,352,10.766666666666667,353,223,242,23,29,61
Django-1.8.2,Django-1.8.2/tests/model_forms/tests.py,FieldOverridesByFormMetaForm,True,0,21,0.0,22,12,22,0,0,0
Django-1.8.2,Django-1.8.2/tests/model_forms/tests.py,TestFieldOverridesByFormMeta,True,4,50,11.75,51,21,47,0,0,4
Django-1.8.2,Django-1.8.2/tests/model_forms/tests.py,IncompleteCategoryFormWithFields,True,0,9,0.0,10,6,5,0,4,1
Django-1.8.2,Django-1.8.2/tests/model_forms/tests.py,IncompleteCategoryFormWithExclude,True,0,9,0.0,10,6,5,0,4,1
Django-1.8.2,Django-1.8.2/tests/model_forms/tests.py,ValidationTest,True,3,11,3.0,12,12,10,0,0,2
Django-1.8.2,Django-1.8.2/tests/model_forms/tests.py,UniqueTest,True,18,255,13.0,256,233,210,3,14,26
Django-1.8.2,Django-1.8.2/tests/model_forms/tests.py,ModelToDictTests,True,2,69,32.5,70,34,53,6,3,8
Django-1.8.2,Django-1.8.2/tests/model_forms/tests.py,ModelFormBasicTests,True,13,404,30.153846153846153,405,164,334,36,3,32
Django-1.8.2,Django-1.8.2/tests/model_forms/tests.py,ModelChoiceFieldTests,True,5,111,21.2,112,64,76,15,8,14
Django-1.8.2,Django-1.8.2/tests/model_forms/tests.py,ModelMultipleChoiceFieldTests,True,9,171,18.11111111111111,172,113,122,12,15,24
Django-1.8.2,Django-1.8.2/tests/model_forms/tests.py,ModelOneToOneFieldTests,True,5,93,17.8,94,64,76,4,0,14
Django-1.8.2,Django-1.8.2/tests/model_forms/tests.py,FileAndImageFieldTests,True,10,346,33.6,347,237,237,38,29,43
Django-1.8.2,Django-1.8.2/tests/model_forms/tests.py,ModelOtherFieldTests,True,4,74,17.75,75,99,63,0,3,8
Django-1.8.2,Django-1.8.2/tests/model_forms/tests.py,OtherModelFormTests,True,5,87,16.6,88,52,70,4,0,14
Django-1.8.2,Django-1.8.2/tests/model_forms/tests.py,ModelFormCustomErrorTests,True,2,31,15.0,32,23,31,0,0,1
Django-1.8.2,Django-1.8.2/tests/model_forms/tests.py,CustomCleanTests,True,2,39,19.0,40,29,25,2,8,5
Django-1.8.2,Django-1.8.2/tests/model_forms/tests.py,ModelFormInheritanceTests,True,3,51,16.333333333333332,52,41,39,0,0,12
Django-1.8.2,Django-1.8.2/tests/model_forms/tests.py,StumpJokeForm,True,0,3,0.0,4,4,4,0,0,0
Django-1.8.2,Django-1.8.2/tests/model_forms/tests.py,CustomFieldWithQuerysetButNoLimitChoicesTo,True,0,1,0.0,2,2,2,0,0,0
Django-1.8.2,Django-1.8.2/tests/model_forms/tests.py,StumpJokeWithCustomFieldForm,True,0,5,0.0,6,5,5,1,0,1
Django-1.8.2,Django-1.8.2/tests/model_forms/tests.py,LimitChoicesToTest,True,4,36,7.5,37,19,21,0,13,3
Django-1.8.2,Django-1.8.2/tests/model_forms/tests.py,FormFieldCallbackTests,True,6,69,10.5,70,48,44,3,3,16
Django-1.8.2,Django-1.8.2/tests/model_forms/tests.py,LocalizedModelFormTest,True,3,32,10.0,33,31,29,0,0,4
Django-1.8.2,Django-1.8.2/tests/model_forms/tests.py,CustomMetaclass,True,1,4,4.0,5,5,5,0,0,0
Django-1.8.2,Django-1.8.2/tests/model_forms/tests.py,CustomMetaclassForm,True,0,1,0.0,2,2,2,0,0,0
Django-1.8.2,Django-1.8.2/tests/model_forms/tests.py,CustomMetaclassTestCase,True,1,3,3.0,4,4,4,0,0,0
Django-1.8.2,Django-1.8.2/tests/model_formsets/models.py,Author,True,1,7,2.0,8,6,6,0,0,2
Django-1.8.2,Django-1.8.2/tests/model_formsets/models.py,BetterAuthor,True,0,1,0.0,2,2,2,0,0,0
Django-1.8.2,Django-1.8.2/tests/model_formsets/models.py,Book,True,1,11,2.0,12,8,10,0,0,2
Django-1.8.2,Django-1.8.2/tests/model_formsets/models.py,BookWithCustomPK,True,1,6,2.0,7,6,6,0,0,1
Django-1.8.2,Django-1.8.2/tests/model_formsets/models.py,Editor,True,0,1,0.0,2,2,2,0,0,0
Django-1.8.2,Django-1.8.2/tests/model_formsets/models.py,BookWithOptionalAltEditor,True,1,12,2.0,13,8,10,1,0,2
Django-1.8.2,Django-1.8.2/tests/model_formsets/models.py,AlternateBook,True,1,4,2.0,5,4,4,0,0,1
Django-1.8.2,Django-1.8.2/tests/model_formsets/models.py,AuthorMeeting,True,1,6,2.0,7,6,6,0,0,1
Django-1.8.2,Django-1.8.2/tests/model_formsets/models.py,CustomPrimaryKey,True,0,2,0.0,3,3,3,0,0,0
Django-1.8.2,Django-1.8.2/tests/model_formsets/models.py,Place,True,1,5,2.0,6,5,5,0,0,1
Django-1.8.2,Django-1.8.2/tests/model_formsets/models.py,Owner,True,1,6,2.0,7,6,6,0,0,1
Django-1.8.2,Django-1.8.2/tests/model_formsets/models.py,Location,True,0,4,0.0,5,4,4,1,0,0
Django-1.8.2,Django-1.8.2/tests/model_formsets/models.py,OwnerProfile,True,1,5,2.0,6,5,5,0,0,1
Django-1.8.2,Django-1.8.2/tests/model_formsets/models.py,Restaurant,True,1,4,2.0,5,4,4,0,0,1
Django-1.8.2,Django-1.8.2/tests/model_formsets/models.py,Product,True,1,4,2.0,5,4,4,0,0,1
Django-1.8.2,Django-1.8.2/tests/model_formsets/models.py,Price,True,1,8,2.0,9,7,7,0,0,2
Django-1.8.2,Django-1.8.2/tests/model_formsets/models.py,MexicanRestaurant,True,0,1,0.0,2,2,2,0,0,0
Django-1.8.2,Django-1.8.2/tests/model_formsets/models.py,ClassyMexicanRestaurant,True,0,2,0.0,3,3,3,0,0,0
Django-1.8.2,Django-1.8.2/tests/model_formsets/models.py,Repository,True,1,4,2.0,5,4,4,0,0,1
Django-1.8.2,Django-1.8.2/tests/model_formsets/models.py,Revision,True,1,8,2.0,9,7,7,0,0,2
Django-1.8.2,Django-1.8.2/tests/model_formsets/models.py,Person,True,0,1,0.0,2,2,2,0,0,0
Django-1.8.2,Django-1.8.2/tests/model_formsets/models.py,Membership,True,0,3,0.0,4,4,4,0,0,0
Django-1.8.2,Django-1.8.2/tests/model_formsets/models.py,Team,True,0,1,0.0,2,2,2,0,0,0
Django-1.8.2,Django-1.8.2/tests/model_formsets/models.py,Player,True,1,5,2.0,6,5,5,0,0,1
Django-1.8.2,Django-1.8.2/tests/model_formsets/models.py,Poet,True,1,4,2.0,5,4,4,0,0,1
Django-1.8.2,Django-1.8.2/tests/model_formsets/models.py,Poem,True,1,5,2.0,6,5,5,0,0,1
Django-1.8.2,Django-1.8.2/tests/model_formsets/models.py,Post,True,1,7,2.0,8,7,7,0,0,1
Django-1.8.2,Django-1.8.2/tests/model_formsets/models.py,UUIDPKParent,True,0,2,0.0,3,3,3,0,0,0
Django-1.8.2,Django-1.8.2/tests/model_formsets/models.py,UUIDPKChild,True,0,3,0.0,4,4,4,0,0,0
Django-1.8.2,Django-1.8.2/tests/model_formsets/tests.py,DeletionTests,True,4,108,26.25,109,54,79,14,8,11
Django-1.8.2,Django-1.8.2/tests/model_formsets/tests.py,ModelFormsetTest,True,31,1253,39.41935483870968,1254,615,988,124,11,182
Django-1.8.2,Django-1.8.2/tests/model_formsets/tests.py,TestModelFormsetOverridesTroughFormMeta,True,8,71,8.0,72,51,65,0,0,7
Django-1.8.2,Django-1.8.2/tests/model_formsets/test_uuid.py,InlineFormsetTests,True,2,25,12.0,26,12,16,0,9,1
Django-1.8.2,Django-1.8.2/tests/model_formsets_regress/models.py,User,True,0,2,0.0,3,3,3,0,0,0
Django-1.8.2,Django-1.8.2/tests/model_formsets_regress/models.py,UserSite,True,0,2,0.0,3,3,3,0,0,0
Django-1.8.2,Django-1.8.2/tests/model_formsets_regress/models.py,UserProfile,True,0,2,0.0,3,3,3,0,0,0
Django-1.8.2,Django-1.8.2/tests/model_formsets_regress/models.py,ProfileNetwork,True,0,3,0.0,4,4,4,0,0,0
Django-1.8.2,Django-1.8.2/tests/model_formsets_regress/models.py,Place,True,0,1,0.0,2,2,2,0,0,0
Django-1.8.2,Django-1.8.2/tests/model_formsets_regress/models.py,Restaurant,True,0,1,0.0,2,2,2,0,0,0
Django-1.8.2,Django-1.8.2/tests/model_formsets_regress/models.py,Manager,True,0,2,0.0,3,3,3,0,0,0
Django-1.8.2,Django-1.8.2/tests/model_formsets_regress/models.py,Network,True,0,1,0.0,2,2,2,0,0,0
Django-1.8.2,Django-1.8.2/tests/model_formsets_regress/models.py,Host,True,1,5,2.0,6,5,5,0,0,1
Django-1.8.2,Django-1.8.2/tests/model_formsets_regress/tests.py,InlineFormsetTests,True,8,234,28.375,235,136,174,16,12,29
Django-1.8.2,Django-1.8.2/tests/model_formsets_regress/tests.py,FormsetTests,True,3,42,13.333333333333334,43,27,36,2,3,2
Django-1.8.2,Django-1.8.2/tests/model_formsets_regress/tests.py,CustomWidget,True,0,1,0.0,2,2,2,0,0,0
Django-1.8.2,Django-1.8.2/tests/model_formsets_regress/tests.py,UserSiteForm,True,0,8,0.0,9,7,9,0,0,0
Django-1.8.2,Django-1.8.2/tests/model_formsets_regress/tests.py,Callback,True,2,7,2.5,8,6,6,0,0,2
Django-1.8.2,Django-1.8.2/tests/model_formsets_regress/tests.py,FormfieldCallbackTests,True,5,42,6.4,43,29,33,0,5,5
Django-1.8.2,Django-1.8.2/tests/model_formsets_regress/tests.py,BaseCustomDeleteFormSet,True,2,14,3.5,15,9,8,0,5,2
Django-1.8.2,Django-1.8.2/tests/model_formsets_regress/tests.py,FormfieldShouldDeleteFormTests,True,4,106,15.5,107,60,73,9,3,15
Django-1.8.2,Django-1.8.2/tests/model_formsets_regress/tests.py,RedeleteTests,True,2,46,22.5,47,26,44,2,0,1
Django-1.8.2,Django-1.8.2/tests/model_inheritance/models.py,CommonInfo,True,1,9,2.0,10,8,8,0,0,2
Django-1.8.2,Django-1.8.2/tests/model_inheritance/models.py,Worker,True,0,1,0.0,2,2,2,0,0,0
Django-1.8.2,Django-1.8.2/tests/model_inheritance/models.py,Student,True,0,4,0.0,5,4,4,0,0,1
Django-1.8.2,Django-1.8.2/tests/model_inheritance/models.py,Post,True,0,1,0.0,2,2,2,0,0,0
Django-1.8.2,Django-1.8.2/tests/model_inheritance/models.py,Attachment,True,1,8,2.0,9,7,7,0,0,2
Django-1.8.2,Django-1.8.2/tests/model_inheritance/models.py,Comment,True,0,1,0.0,2,2,2,0,0,0
Django-1.8.2,Django-1.8.2/tests/model_inheritance/models.py,Link,True,0,1,0.0,2,2,2,0,0,0
Django-1.8.2,Django-1.8.2/tests/model_inheritance/models.py,Chef,True,1,4,2.0,5,4,4,0,0,1
Django-1.8.2,Django-1.8.2/tests/model_inheritance/models.py,Place,True,1,5,2.0,6,5,5,0,0,1
Django-1.8.2,Django-1.8.2/tests/model_inheritance/models.py,Rating,True,0,5,0.0,6,5,5,0,0,1
Django-1.8.2,Django-1.8.2/tests/model_inheritance/models.py,Restaurant,True,1,9,2.0,10,8,8,0,0,2
Django-1.8.2,Django-1.8.2/tests/model_inheritance/models.py,ItalianRestaurant,True,1,4,2.0,5,4,4,0,0,1
Django-1.8.2,Django-1.8.2/tests/model_inheritance/models.py,Supplier,True,1,4,2.0,5,4,4,0,0,1
Django-1.8.2,Django-1.8.2/tests/model_inheritance/models.py,ParkingLot,True,1,6,2.0,7,5,5,1,0,1
Django-1.8.2,Django-1.8.2/tests/model_inheritance/models.py,Title,True,0,1,0.0,2,2,2,0,0,0
Django-1.8.2,Django-1.8.2/tests/model_inheritance/models.py,NamedURL,True,0,5,0.0,6,5,5,0,0,1
Django-1.8.2,Django-1.8.2/tests/model_inheritance/models.py,Copy,True,1,4,2.0,5,4,4,0,0,1
Django-1.8.2,Django-1.8.2/tests/model_inheritance/models.py,Mixin,True,1,3,3.0,4,4,4,0,0,0
Django-1.8.2,Django-1.8.2/tests/model_inheritance/models.py,MixinModel,True,0,1,0.0,2,2,2,0,0,0
Django-1.8.2,Django-1.8.2/tests/model_inheritance/models.py,Base,True,0,1,0.0,2,2,2,0,0,0
Django-1.8.2,Django-1.8.2/tests/model_inheritance/models.py,SubBase,True,0,1,0.0,2,2,2,0,0,0
Django-1.8.2,Django-1.8.2/tests/model_inheritance/models.py,GrandParent,True,0,6,0.0,7,6,6,0,0,1
Django-1.8.2,Django-1.8.2/tests/model_inheritance/models.py,Parent,True,0,1,0.0,2,2,2,0,0,0
Django-1.8.2,Django-1.8.2/tests/model_inheritance/models.py,Child,True,0,1,0.0,2,2,2,0,0,0
Django-1.8.2,Django-1.8.2/tests/model_inheritance/models.py,GrandChild,True,0,1,0.0,2,2,2,0,0,0
Django-1.8.2,Django-1.8.2/tests/model_inheritance/tests.py,ModelInheritanceTests,True,8,112,13.125,113,50,69,26,5,13
Django-1.8.2,Django-1.8.2/tests/model_inheritance/tests.py,ModelInheritanceDataTests,True,17,248,13.588235294117647,249,80,195,22,8,24
Django-1.8.2,Django-1.8.2/tests/model_inheritance/tests.py,InheritanceSameModelNameTests,True,4,41,8.75,42,15,31,6,0,5
Django-1.8.2,Django-1.8.2/tests/model_inheritance/tests.py,InheritanceUniqueTests,True,3,27,8.0,28,14,26,0,0,2
Django-1.8.2,Django-1.8.2/tests/model_inheritance/same_model_name/models.py,Copy,True,1,4,2.0,5,4,4,0,0,1
Django-1.8.2,Django-1.8.2/tests/model_inheritance_regress/models.py,Place,True,1,8,2.0,9,7,7,0,0,2
Django-1.8.2,Django-1.8.2/tests/model_inheritance_regress/models.py,Restaurant,True,1,5,2.0,6,5,5,0,0,1
Django-1.8.2,Django-1.8.2/tests/model_inheritance_regress/models.py,ItalianRestaurant,True,1,4,2.0,5,4,4,0,0,1
Django-1.8.2,Django-1.8.2/tests/model_inheritance_regress/models.py,ParkingLot,True,1,6,2.0,7,5,5,1,0,1
Django-1.8.2,Django-1.8.2/tests/model_inheritance_regress/models.py,ParkingLot2,True,0,3,0.0,4,2,2,2,0,0
Django-1.8.2,Django-1.8.2/tests/model_inheritance_regress/models.py,ParkingLot3,True,0,3,0.0,4,3,3,1,0,0
Django-1.8.2,Django-1.8.2/tests/model_inheritance_regress/models.py,ParkingLot4,True,0,5,0.0,6,4,4,1,0,1
Django-1.8.2,Django-1.8.2/tests/model_inheritance_regress/models.py,ParkingLot4A,True,0,1,0.0,2,2,2,0,0,0
Django-1.8.2,Django-1.8.2/tests/model_inheritance_regress/models.py,ParkingLot4B,True,0,1,0.0,2,2,2,0,0,0
Django-1.8.2,Django-1.8.2/tests/model_inheritance_regress/models.py,Supplier,True,1,5,2.0,6,5,5,0,0,1
Django-1.8.2,Django-1.8.2/tests/model_inheritance_regress/models.py,Wholesaler,True,0,1,0.0,2,2,2,0,0,0
Django-1.8.2,Django-1.8.2/tests/model_inheritance_regress/models.py,Parent,True,0,1,0.0,2,2,2,0,0,0
Django-1.8.2,Django-1.8.2/tests/model_inheritance_regress/models.py,Child,True,0,1,0.0,2,2,2,0,0,0
Django-1.8.2,Django-1.8.2/tests/model_inheritance_regress/models.py,SelfRefParent,True,0,2,0.0,3,3,3,0,0,0
Django-1.8.2,Django-1.8.2/tests/model_inheritance_regress/models.py,SelfRefChild,True,0,1,0.0,2,2,2,0,0,0
Django-1.8.2,Django-1.8.2/tests/model_inheritance_regress/models.py,Article,True,1,8,2.0,9,7,7,0,0,2
Django-1.8.2,Django-1.8.2/tests/model_inheritance_regress/models.py,ArticleWithAuthor,True,0,1,0.0,2,2,2,0,0,0
Django-1.8.2,Django-1.8.2/tests/model_inheritance_regress/models.py,M2MBase,True,0,1,0.0,2,2,2,0,0,0
Django-1.8.2,Django-1.8.2/tests/model_inheritance_regress/models.py,M2MChild,True,0,1,0.0,2,2,2,0,0,0
Django-1.8.2,Django-1.8.2/tests/model_inheritance_regress/models.py,Evaluation,True,0,4,0.0,5,4,4,0,0,1
Django-1.8.2,Django-1.8.2/tests/model_inheritance_regress/models.py,QualityControl,True,0,1,0.0,2,2,2,0,0,0
Django-1.8.2,Django-1.8.2/tests/model_inheritance_regress/models.py,BaseM,True,1,4,2.0,5,4,4,0,0,1
Django-1.8.2,Django-1.8.2/tests/model_inheritance_regress/models.py,DerivedM,True,1,6,3.0,7,5,6,0,0,1
Django-1.8.2,Django-1.8.2/tests/model_inheritance_regress/models.py,AuditBase,True,0,5,0.0,6,5,5,0,0,1
Django-1.8.2,Django-1.8.2/tests/model_inheritance_regress/models.py,CertificationAudit,True,0,2,0.0,3,3,3,0,0,0
Django-1.8.2,Django-1.8.2/tests/model_inheritance_regress/models.py,InternalCertificationAudit,True,0,1,0.0,2,2,2,0,0,0
Django-1.8.2,Django-1.8.2/tests/model_inheritance_regress/models.py,Person,True,1,7,2.0,8,6,6,0,0,2
Django-1.8.2,Django-1.8.2/tests/model_inheritance_regress/models.py,AbstractEvent,True,1,9,2.0,10,8,8,0,0,2
Django-1.8.2,Django-1.8.2/tests/model_inheritance_regress/models.py,BirthdayParty,True,0,1,0.0,2,2,2,0,0,0
Django-1.8.2,Django-1.8.2/tests/model_inheritance_regress/models.py,BachelorParty,True,0,1,0.0,2,2,2,0,0,0
Django-1.8.2,Django-1.8.2/tests/model_inheritance_regress/models.py,MessyBachelorParty,True,0,1,0.0,2,2,2,0,0,0
Django-1.8.2,Django-1.8.2/tests/model_inheritance_regress/models.py,SearchableLocation,True,0,1,0.0,2,2,2,0,0,0
Django-1.8.2,Django-1.8.2/tests/model_inheritance_regress/models.py,Station,True,0,4,0.0,5,4,4,0,0,1
Django-1.8.2,Django-1.8.2/tests/model_inheritance_regress/models.py,BusStation,True,0,2,0.0,3,3,3,0,0,0
Django-1.8.2,Django-1.8.2/tests/model_inheritance_regress/models.py,TrainStation,True,0,1,0.0,2,2,2,0,0,0
Django-1.8.2,Django-1.8.2/tests/model_inheritance_regress/models.py,User,True,0,1,0.0,2,2,2,0,0,0
Django-1.8.2,Django-1.8.2/tests/model_inheritance_regress/models.py,Profile,True,0,2,0.0,3,3,3,0,0,0
Django-1.8.2,Django-1.8.2/tests/model_inheritance_regress/models.py,Politician,True,0,2,0.0,3,3,3,0,0,0
Django-1.8.2,Django-1.8.2/tests/model_inheritance_regress/models.py,Congressman,True,0,1,0.0,2,2,2,0,0,0
Django-1.8.2,Django-1.8.2/tests/model_inheritance_regress/models.py,Senator,True,0,1,0.0,2,2,2,0,0,0
Django-1.8.2,Django-1.8.2/tests/model_inheritance_regress/tests.py,ModelInheritanceTest,True,23,469,19.391304347826086,470,209,311,54,45,60
Django-1.8.2,Django-1.8.2/tests/model_meta/models.py,Relation,True,0,1,0.0,2,2,2,0,0,0
Django-1.8.2,Django-1.8.2/tests/model_meta/models.py,AbstractPerson,True,0,27,0.0,28,13,18,5,0,5
Django-1.8.2,Django-1.8.2/tests/model_meta/models.py,BasePerson,True,0,24,0.0,25,11,16,5,0,4
Django-1.8.2,Django-1.8.2/tests/model_meta/models.py,Person,True,0,24,0.0,25,11,16,5,0,4
Django-1.8.2,Django-1.8.2/tests/model_meta/models.py,ProxyPerson,True,0,2,0.0,3,3,3,0,0,0
Django-1.8.2,Django-1.8.2/tests/model_meta/models.py,Relating,True,0,20,0.0,21,11,11,5,0,5
Django-1.8.2,Django-1.8.2/tests/model_meta/models.py,CommonAncestor,True,0,1,0.0,2,2,2,0,0,0
Django-1.8.2,Django-1.8.2/tests/model_meta/models.py,FirstParent,True,0,1,0.0,2,2,2,0,0,0
Django-1.8.2,Django-1.8.2/tests/model_meta/models.py,SecondParent,True,0,1,0.0,2,2,2,0,0,0
Django-1.8.2,Django-1.8.2/tests/model_meta/models.py,Child,True,0,1,0.0,2,2,2,0,0,0
Django-1.8.2,Django-1.8.2/tests/model_meta/tests.py,OptionsBaseTests,True,4,20,4.0,21,16,16,0,0,5
Django-1.8.2,Django-1.8.2/tests/model_meta/tests.py,GetFieldsTests,True,1,9,8.0,10,7,7,2,0,1
Django-1.8.2,Django-1.8.2/tests/model_meta/tests.py,DataTests,True,3,22,6.333333333333333,23,20,19,0,0,4
Django-1.8.2,Django-1.8.2/tests/model_meta/tests.py,M2MTests,True,2,12,5.0,13,11,11,0,0,2
Django-1.8.2,Django-1.8.2/tests/model_meta/tests.py,RelatedObjectsTests,True,4,47,10.5,48,23,44,0,0,4
Django-1.8.2,Django-1.8.2/tests/model_meta/tests.py,VirtualFieldsTests,True,1,5,4.0,6,5,5,0,0,1
Django-1.8.2,Django-1.8.2/tests/model_meta/tests.py,GetFieldByNameTests,True,6,44,6.333333333333333,45,36,35,4,0,6
Django-1.8.2,Django-1.8.2/tests/model_meta/tests.py,RelationTreeTests,True,4,52,11.75,53,18,37,10,0,6
Django-1.8.2,Django-1.8.2/tests/model_meta/tests.py,ParentListTests,True,1,5,5.0,6,6,6,0,0,0
Django-1.8.2,Django-1.8.2/tests/model_meta/test_legacy.py,OptionsBaseTests,True,2,6,2.0,7,5,5,0,0,2
Django-1.8.2,Django-1.8.2/tests/model_meta/test_legacy.py,M2MTests,True,1,8,7.0,9,8,8,0,0,1
Django-1.8.2,Django-1.8.2/tests/model_meta/test_legacy.py,RelatedObjectsTests,True,6,49,7.0,50,33,44,0,0,6
Django-1.8.2,Django-1.8.2/tests/model_meta/test_legacy.py,RelatedM2MTests,True,4,24,5.0,25,21,21,0,0,4
Django-1.8.2,Django-1.8.2/tests/model_meta/test_legacy.py,GetFieldByNameTests,True,6,42,6.0,43,33,34,2,0,7
Django-1.8.2,Django-1.8.2/tests/model_meta/test_legacy.py,GetAllFieldNamesTestCase,True,1,5,4.0,6,5,5,0,0,1
Django-1.8.2,Django-1.8.2/tests/model_options/test_default_related_name.py,DefaultRelatedNameTests,True,6,40,5.666666666666667,41,32,33,2,0,6
Django-1.8.2,Django-1.8.2/tests/model_options/test_tablespaces.py,TablespacesTests,True,8,102,11.125,103,62,65,24,0,14
Django-1.8.2,Django-1.8.2/tests/model_options/models/default_related_name.py,Author,True,0,2,0.0,3,3,3,0,0,0
Django-1.8.2,Django-1.8.2/tests/model_options/models/default_related_name.py,Editor,True,0,2,0.0,3,3,3,0,0,0
Django-1.8.2,Django-1.8.2/tests/model_options/models/default_related_name.py,Book,True,0,6,0.0,7,6,6,0,0,1
Django-1.8.2,Django-1.8.2/tests/model_options/models/default_related_name.py,Store,True,0,6,0.0,7,6,6,0,0,1
Django-1.8.2,Django-1.8.2/tests/model_options/models/default_related_name.py,BookStore,True,0,1,0.0,2,2,2,0,0,0
Django-1.8.2,Django-1.8.2/tests/model_options/models/default_related_name.py,EditorStore,True,0,5,0.0,6,5,5,0,0,1
Django-1.8.2,Django-1.8.2/tests/model_options/models/tablespaces.py,ScientistRef,True,0,1,0.0,2,2,2,0,0,0
Django-1.8.2,Django-1.8.2/tests/model_options/models/tablespaces.py,ArticleRef,True,0,4,0.0,5,5,5,0,0,0
Django-1.8.2,Django-1.8.2/tests/model_options/models/tablespaces.py,Scientist,True,0,6,0.0,7,6,6,0,0,1
Django-1.8.2,Django-1.8.2/tests/model_options/models/tablespaces.py,Article,True,0,9,0.0,10,9,9,0,0,1
Django-1.8.2,Django-1.8.2/tests/model_package/tests.py,Advertisement,True,0,2,0.0,3,3,3,0,0,0
Django-1.8.2,Django-1.8.2/tests/model_package/tests.py,ModelPackageTests,True,3,62,19.666666666666668,63,27,42,0,12,9
Django-1.8.2,Django-1.8.2/tests/model_package/models/article.py,Site,True,0,1,0.0,2,2,2,0,0,0
Django-1.8.2,Django-1.8.2/tests/model_package/models/article.py,Article,True,0,3,0.0,4,4,4,0,0,0
Django-1.8.2,Django-1.8.2/tests/model_package/models/publication.py,Publication,True,0,1,0.0,2,2,2,0,0,0
Django-1.8.2,Django-1.8.2/tests/model_permalink/models.py,Guitarist,True,2,13,3.0,14,12,10,0,0,2
Django-1.8.2,Django-1.8.2/tests/model_permalink/tests.py,PermalinkTests,True,3,18,5.0,19,13,11,0,4,3
Django-1.8.2,Django-1.8.2/tests/model_regress/models.py,Article,True,1,13,2.0,14,11,11,1,0,2
Django-1.8.2,Django-1.8.2/tests/model_regress/models.py,Movie,True,0,3,0.0,4,3,3,1,0,0
Django-1.8.2,Django-1.8.2/tests/model_regress/models.py,Party,True,0,1,0.0,2,2,2,0,0,0
Django-1.8.2,Django-1.8.2/tests/model_regress/models.py,Event,True,0,1,0.0,2,2,2,0,0,0
Django-1.8.2,Django-1.8.2/tests/model_regress/models.py,Department,True,1,5,2.0,6,5,5,0,0,1
Django-1.8.2,Django-1.8.2/tests/model_regress/models.py,Worker,True,1,5,2.0,6,5,5,0,0,1
Django-1.8.2,Django-1.8.2/tests/model_regress/models.py,BrokenUnicodeMethod,True,1,5,3.0,6,4,4,1,0,1
Django-1.8.2,Django-1.8.2/tests/model_regress/models.py,NonAutoPK,True,0,1,0.0,2,2,2,0,0,0
Django-1.8.2,Django-1.8.2/tests/model_regress/models.py,Model1,True,0,1,0.0,2,2,2,0,0,0
Django-1.8.2,Django-1.8.2/tests/model_regress/models.py,Model2,True,0,1,0.0,2,2,2,0,0,0
Django-1.8.2,Django-1.8.2/tests/model_regress/models.py,Model3,True,0,1,0.0,2,2,2,0,0,0
Django-1.8.2,Django-1.8.2/tests/model_regress/tests.py,ModelTests,True,13,202,14.384615384615385,203,76,144,30,12,17
Django-1.8.2,Django-1.8.2/tests/model_regress/tests.py,ModelValidationTest,True,1,4,4.0,5,5,5,0,0,0
Django-1.8.2,Django-1.8.2/tests/model_regress/tests.py,EvaluateMethodTest,True,1,11,7.0,12,7,5,0,6,1
Django-1.8.2,Django-1.8.2/tests/model_regress/test_pickle.py,ModelPickleTestCase,True,3,82,26.666666666666668,83,47,59,1,12,11
Django-1.8.2,Django-1.8.2/tests/model_validation/models.py,ThingItem,True,3,10,2.3333333333333335,11,8,8,0,0,3
Django-1.8.2,Django-1.8.2/tests/model_validation/models.py,Things,True,1,3,2.0,4,3,3,0,0,1
Django-1.8.2,Django-1.8.2/tests/model_validation/models.py,ThingWithIterableChoices,True,0,8,0.0,9,4,4,3,0,2
Django-1.8.2,Django-1.8.2/tests/model_validation/models.py,ManyToManyRel,True,0,6,0.0,7,5,5,1,0,1
Django-1.8.2,Django-1.8.2/tests/model_validation/models.py,FKRel,True,0,6,0.0,7,5,5,1,0,1
Django-1.8.2,Django-1.8.2/tests/model_validation/tests.py,OnPostInit,True,1,2,2.0,3,3,3,0,0,0
Django-1.8.2,Django-1.8.2/tests/model_validation/tests.py,ModelValidationTest,True,2,36,17.5,37,11,28,6,0,3
Django-1.8.2,Django-1.8.2/tests/multiple_database/models.py,Review,True,1,10,2.0,11,9,9,0,0,2
Django-1.8.2,Django-1.8.2/tests/multiple_database/models.py,PersonManager,True,1,2,2.0,3,3,3,0,0,0
Django-1.8.2,Django-1.8.2/tests/multiple_database/models.py,Person,True,1,8,2.0,9,7,7,0,0,2
Django-1.8.2,Django-1.8.2/tests/multiple_database/models.py,BookManager,True,2,7,3.0,8,7,7,0,0,1
Django-1.8.2,Django-1.8.2/tests/multiple_database/models.py,Book,True,1,13,2.0,14,12,12,0,0,2
Django-1.8.2,Django-1.8.2/tests/multiple_database/models.py,Pet,True,1,8,2.0,9,7,7,0,0,2
Django-1.8.2,Django-1.8.2/tests/multiple_database/models.py,UserProfile,True,0,5,0.0,6,5,5,0,0,1
Django-1.8.2,Django-1.8.2/tests/multiple_database/routers.py,TestRouter,True,4,18,2.5,19,12,11,0,4,4
Django-1.8.2,Django-1.8.2/tests/multiple_database/routers.py,AuthRouter,True,4,29,5.5,30,22,17,2,3,4
Django-1.8.2,Django-1.8.2/tests/multiple_database/routers.py,WriteRouter,True,1,3,2.0,4,3,3,1,0,0
Django-1.8.2,Django-1.8.2/tests/multiple_database/tests.py,QueryTestCase,True,26,840,31.26923076923077,841,422,526,117,0,173
Django-1.8.2,Django-1.8.2/tests/multiple_database/tests.py,ConnectionRouterTestCase,True,2,20,8.0,21,10,18,1,0,2
Django-1.8.2,Django-1.8.2/tests/multiple_database/tests.py,RouterTestCase,True,14,579,40.285714285714285,580,321,336,103,4,126
Django-1.8.2,Django-1.8.2/tests/multiple_database/tests.py,AuthTestCase,True,2,47,22.0,48,28,26,8,0,12
Django-1.8.2,Django-1.8.2/tests/multiple_database/tests.py,AntiPetRouter,True,1,8,5.0,9,6,6,2,0,1
Django-1.8.2,Django-1.8.2/tests/multiple_database/tests.py,FixtureTestCase,True,2,52,23.0,53,31,41,4,0,6
Django-1.8.2,Django-1.8.2/tests/multiple_database/tests.py,PickleQuerySetTestCase,True,1,7,5.0,8,7,7,0,0,1
Django-1.8.2,Django-1.8.2/tests/multiple_database/tests.py,DatabaseReceiver,True,1,5,2.0,6,4,3,0,3,0
Django-1.8.2,Django-1.8.2/tests/multiple_database/tests.py,WriteToOtherRouter,True,1,5,2.0,6,4,3,0,3,0
Django-1.8.2,Django-1.8.2/tests/multiple_database/tests.py,SignalTests,True,3,90,28.666666666666668,91,59,59,15,7,10
Django-1.8.2,Django-1.8.2/tests/multiple_database/tests.py,AttributeErrorRouter,True,2,6,2.0,7,6,5,0,0,1
Django-1.8.2,Django-1.8.2/tests/multiple_database/tests.py,RouterAttributeErrorTestCase,True,5,37,6.2,38,30,29,0,0,5
Django-1.8.2,Django-1.8.2/tests/multiple_database/tests.py,ModelMetaRouter,True,1,4,3.0,5,5,4,0,0,0
Django-1.8.2,Django-1.8.2/tests/multiple_database/tests.py,RouterModelArgumentTestCase,True,2,23,10.0,24,14,15,6,0,3
Django-1.8.2,Django-1.8.2/tests/multiple_database/tests.py,SyncOnlyDefaultDatabaseRouter,True,1,2,2.0,3,3,3,0,0,0
Django-1.8.2,Django-1.8.2/tests/multiple_database/tests.py,MigrateTestCase,True,2,30,10.5,31,18,22,0,0,7
Django-1.8.2,Django-1.8.2/tests/multiple_database/tests.py,RouterUsed,True,1,6,4.0,7,6,6,0,0,1
Django-1.8.2,Django-1.8.2/tests/multiple_database/tests.py,RouteForWriteTestCase,True,17,219,11.588235294117647,220,206,202,0,0,18
Django-1.8.2,Django-1.8.2/tests/mutually_referential/models.py,Parent,True,0,4,0.0,5,3,3,1,0,1
Django-1.8.2,Django-1.8.2/tests/mutually_referential/models.py,Child,True,0,4,0.0,5,3,3,1,0,1
Django-1.8.2,Django-1.8.2/tests/mutually_referential/tests.py,MutuallyReferentialTests,True,1,16,15.0,17,9,9,5,0,3
Django-1.8.2,Django-1.8.2/tests/nested_foreign_keys/models.py,Person,True,0,1,0.0,2,2,2,0,0,0
Django-1.8.2,Django-1.8.2/tests/nested_foreign_keys/models.py,Movie,True,0,2,0.0,3,3,3,0,0,0
Django-1.8.2,Django-1.8.2/tests/nested_foreign_keys/models.py,Event,True,0,1,0.0,2,2,2,0,0,0
Django-1.8.2,Django-1.8.2/tests/nested_foreign_keys/models.py,Screening,True,0,1,0.0,2,2,2,0,0,0
Django-1.8.2,Django-1.8.2/tests/nested_foreign_keys/models.py,ScreeningNullFK,True,0,1,0.0,2,2,2,0,0,0
Django-1.8.2,Django-1.8.2/tests/nested_foreign_keys/models.py,Package,True,0,1,0.0,2,2,2,0,0,0
Django-1.8.2,Django-1.8.2/tests/nested_foreign_keys/models.py,PackageNullFK,True,0,1,0.0,2,2,2,0,0,0
Django-1.8.2,Django-1.8.2/tests/nested_foreign_keys/tests.py,NestedForeignKeysTests,True,6,93,13.666666666666666,94,65,67,10,0,17
Django-1.8.2,Django-1.8.2/tests/nested_foreign_keys/tests.py,DeeplyNestedForeignKeysTests,True,3,42,13.333333333333334,43,35,35,0,0,8
Django-1.8.2,Django-1.8.2/tests/no_models/tests.py,NoModelTests,True,1,5,4.0,6,5,4,0,0,1
Django-1.8.2,Django-1.8.2/tests/null_fk/models.py,SystemDetails,True,0,1,0.0,2,2,2,0,0,0
Django-1.8.2,Django-1.8.2/tests/null_fk/models.py,SystemInfo,True,0,2,0.0,3,3,3,0,0,0
Django-1.8.2,Django-1.8.2/tests/null_fk/models.py,Forum,True,0,2,0.0,3,3,3,0,0,0
Django-1.8.2,Django-1.8.2/tests/null_fk/models.py,Post,True,1,5,2.0,6,5,5,0,0,1
Django-1.8.2,Django-1.8.2/tests/null_fk/models.py,Comment,True,1,8,2.0,9,7,7,0,0,2
Django-1.8.2,Django-1.8.2/tests/null_fk/models.py,Item,True,0,1,0.0,2,2,2,0,0,0
Django-1.8.2,Django-1.8.2/tests/null_fk/models.py,PropertyValue,True,0,1,0.0,2,2,2,0,0,0
Django-1.8.2,Django-1.8.2/tests/null_fk/models.py,Property,True,0,3,0.0,4,4,4,0,0,0
Django-1.8.2,Django-1.8.2/tests/null_fk/tests.py,NullFkTests,True,2,59,28.5,60,31,43,9,0,9
Django-1.8.2,Django-1.8.2/tests/null_fk_ordering/models.py,Author,True,0,1,0.0,2,2,2,0,0,0
Django-1.8.2,Django-1.8.2/tests/null_fk_ordering/models.py,Article,True,1,8,2.0,9,7,7,0,0,2
Django-1.8.2,Django-1.8.2/tests/null_fk_ordering/models.py,SystemInfo,True,0,1,0.0,2,2,2,0,0,0
Django-1.8.2,Django-1.8.2/tests/null_fk_ordering/models.py,Forum,True,0,2,0.0,3,3,3,0,0,0
Django-1.8.2,Django-1.8.2/tests/null_fk_ordering/models.py,Post,True,1,5,2.0,6,5,5,0,0,1
Django-1.8.2,Django-1.8.2/tests/null_fk_ordering/models.py,Comment,True,1,8,2.0,9,7,7,0,0,2
Django-1.8.2,Django-1.8.2/tests/null_fk_ordering/tests.py,NullFkOrderingTests,True,1,34,33.0,35,20,19,7,4,5
Django-1.8.2,Django-1.8.2/tests/null_queries/models.py,Poll,True,1,4,2.0,5,4,4,0,0,1
Django-1.8.2,Django-1.8.2/tests/null_queries/models.py,Choice,True,1,5,2.0,6,5,5,0,0,1
Django-1.8.2,Django-1.8.2/tests/null_queries/models.py,OuterA,True,0,1,0.0,2,2,2,0,0,0
Django-1.8.2,Django-1.8.2/tests/null_queries/models.py,OuterB,True,0,1,0.0,2,2,2,0,0,0
Django-1.8.2,Django-1.8.2/tests/null_queries/models.py,Inner,True,0,3,0.0,4,3,3,1,0,0
Django-1.8.2,Django-1.8.2/tests/null_queries/tests.py,NullQueriesTests,True,2,75,36.5,76,27,46,9,10,11
Django-1.8.2,Django-1.8.2/tests/one_to_one/models.py,Place,True,1,5,2.0,6,5,5,0,0,1
Django-1.8.2,Django-1.8.2/tests/one_to_one/models.py,Restaurant,True,1,6,2.0,7,6,6,0,0,1
Django-1.8.2,Django-1.8.2/tests/one_to_one/models.py,Bar,True,1,5,2.0,6,5,5,0,0,1
Django-1.8.2,Django-1.8.2/tests/one_to_one/models.py,UndergroundBar,True,0,2,0.0,3,3,3,0,0,0
Django-1.8.2,Django-1.8.2/tests/one_to_one/models.py,Waiter,True,1,5,2.0,6,5,5,0,0,1
Django-1.8.2,Django-1.8.2/tests/one_to_one/models.py,Favorites,True,1,5,2.0,6,5,5,0,0,1
Django-1.8.2,Django-1.8.2/tests/one_to_one/models.py,ManualPrimaryKey,True,0,2,0.0,3,3,3,0,0,0
Django-1.8.2,Django-1.8.2/tests/one_to_one/models.py,RelatedModel,True,0,2,0.0,3,3,3,0,0,0
Django-1.8.2,Django-1.8.2/tests/one_to_one/models.py,MultiModel,True,1,6,2.0,7,6,6,0,0,1
Django-1.8.2,Django-1.8.2/tests/one_to_one/models.py,Target,True,0,1,0.0,2,2,2,0,0,0
Django-1.8.2,Django-1.8.2/tests/one_to_one/models.py,Pointer,True,0,1,0.0,2,2,2,0,0,0
Django-1.8.2,Django-1.8.2/tests/one_to_one/models.py,Pointer2,True,0,1,0.0,2,2,2,0,0,0
Django-1.8.2,Django-1.8.2/tests/one_to_one/models.py,HiddenPointer,True,0,1,0.0,2,2,2,0,0,0
Django-1.8.2,Django-1.8.2/tests/one_to_one/models.py,SchoolManager,True,1,2,2.0,3,3,3,0,0,0
Django-1.8.2,Django-1.8.2/tests/one_to_one/models.py,School,True,0,2,0.0,3,3,3,0,0,0
Django-1.8.2,Django-1.8.2/tests/one_to_one/models.py,DirectorManager,True,1,2,2.0,3,3,3,0,0,0
Django-1.8.2,Django-1.8.2/tests/one_to_one/models.py,Director,True,0,3,0.0,4,4,4,0,0,0
Django-1.8.2,Django-1.8.2/tests/one_to_one/tests.py,OneToOneTests,True,26,469,17.03846153846154,470,262,281,58,63,67
Django-1.8.2,Django-1.8.2/tests/ordering/models.py,Author,True,0,2,0.0,3,3,3,0,0,0
Django-1.8.2,Django-1.8.2/tests/ordering/models.py,Article,True,1,9,2.0,10,8,8,0,0,2
Django-1.8.2,Django-1.8.2/tests/ordering/tests.py,OrderingTests,True,16,297,17.625,298,82,232,1,47,18
Django-1.8.2,Django-1.8.2/tests/order_with_respect_to/models.py,Question,True,0,1,0.0,2,2,2,0,0,0
Django-1.8.2,Django-1.8.2/tests/order_with_respect_to/models.py,Answer,True,1,8,2.0,9,7,7,0,0,2
Django-1.8.2,Django-1.8.2/tests/order_with_respect_to/models.py,Post,True,1,8,2.0,9,7,7,0,0,2
Django-1.8.2,Django-1.8.2/tests/order_with_respect_to/tests.py,OrderWithRespectToTests,True,5,63,11.4,64,31,43,11,0,10
Django-1.8.2,Django-1.8.2/tests/order_with_respect_to/tests.py,OrderWithRespectToTests2,True,2,28,13.0,29,22,22,0,0,7
Django-1.8.2,Django-1.8.2/tests/or_lookups/models.py,Article,True,1,8,2.0,9,7,7,0,0,2
Django-1.8.2,Django-1.8.2/tests/or_lookups/tests.py,OrLookupsTests,True,11,221,19.09090909090909,222,45,186,13,0,23
Django-1.8.2,Django-1.8.2/tests/pagination/custom.py,ValidAdjacentNumsPage,True,2,10,4.0,11,9,9,0,0,2
Django-1.8.2,Django-1.8.2/tests/pagination/custom.py,ValidAdjacentNumsPaginator,True,1,3,2.0,4,3,3,0,0,1
Django-1.8.2,Django-1.8.2/tests/pagination/models.py,Article,True,1,5,2.0,6,5,5,0,0,1
Django-1.8.2,Django-1.8.2/tests/pagination/tests.py,PaginationTests,True,9,218,22.88888888888889,219,87,171,30,33,11
Django-1.8.2,Django-1.8.2/tests/pagination/tests.py,ModelPaginationTests,True,4,74,17.0,75,42,58,5,7,5
Django-1.8.2,Django-1.8.2/tests/postgres_tests/models.py,IntegerArrayModel,True,0,1,0.0,2,2,2,0,0,0
Django-1.8.2,Django-1.8.2/tests/postgres_tests/models.py,NullableIntegerArrayModel,True,0,1,0.0,2,2,2,0,0,0
Django-1.8.2,Django-1.8.2/tests/postgres_tests/models.py,CharArrayModel,True,0,1,0.0,2,2,2,0,0,0
Django-1.8.2,Django-1.8.2/tests/postgres_tests/models.py,DateTimeArrayModel,True,0,3,0.0,4,4,4,0,0,0
Django-1.8.2,Django-1.8.2/tests/postgres_tests/models.py,NestedIntegerArrayModel,True,0,1,0.0,2,2,2,0,0,0
Django-1.8.2,Django-1.8.2/tests/postgres_tests/models.py,OtherTypesArrayModel,True,0,3,0.0,4,4,4,0,0,0
Django-1.8.2,Django-1.8.2/tests/postgres_tests/models.py,HStoreModel,True,0,1,0.0,2,2,2,0,0,0
Django-1.8.2,Django-1.8.2/tests/postgres_tests/models.py,CharFieldModel,True,0,1,0.0,2,2,2,0,0,0
Django-1.8.2,Django-1.8.2/tests/postgres_tests/models.py,TextFieldModel,True,0,1,0.0,2,2,2,0,0,0
Django-1.8.2,Django-1.8.2/tests/postgres_tests/models.py,ArrayFieldSubclass,True,1,2,2.0,3,3,3,0,0,0
Django-1.8.2,Django-1.8.2/tests/postgres_tests/test_array.py,TestSaveLoad,True,9,72,7.0,73,54,62,1,0,10
Django-1.8.2,Django-1.8.2/tests/postgres_tests/test_array.py,TestQuerying,True,19,128,5.631578947368421,129,58,108,1,0,20
Django-1.8.2,Django-1.8.2/tests/postgres_tests/test_array.py,TestChecks,True,2,14,6.0,15,13,13,0,0,2
Django-1.8.2,Django-1.8.2/tests/postgres_tests/test_array.py,TestMigrations,True,5,44,6.8,45,36,37,1,0,7
Django-1.8.2,Django-1.8.2/tests/postgres_tests/test_array.py,TestSerialization,True,2,10,3.5,11,9,9,0,0,2
Django-1.8.2,Django-1.8.2/tests/postgres_tests/test_array.py,TestValidation,True,5,35,6.0,36,30,30,1,0,5
Django-1.8.2,Django-1.8.2/tests/postgres_tests/test_array.py,TestSimpleFormField,True,12,69,4.75,70,58,58,0,0,12
Django-1.8.2,Django-1.8.2/tests/postgres_tests/test_array.py,TestSplitFormField,True,5,51,9.2,52,41,42,0,0,10
Django-1.8.2,Django-1.8.2/tests/postgres_tests/test_hstore.py,SimpleTests,True,3,21,5.666666666666667,22,21,19,0,0,3
Django-1.8.2,Django-1.8.2/tests/postgres_tests/test_hstore.py,TestQuerying,True,13,86,5.615384615384615,87,44,74,0,0,13
Django-1.8.2,Django-1.8.2/tests/postgres_tests/test_hstore.py,TestSerialization,True,2,10,3.5,11,11,9,0,0,2
Django-1.8.2,Django-1.8.2/tests/postgres_tests/test_hstore.py,TestValidation,True,1,7,6.0,8,8,7,0,0,1
Django-1.8.2,Django-1.8.2/tests/postgres_tests/test_hstore.py,TestFormField,True,5,27,4.4,28,25,23,0,0,5
Django-1.8.2,Django-1.8.2/tests/postgres_tests/test_hstore.py,TestValidator,True,6,46,6.666666666666667,47,46,41,0,0,6
Django-1.8.2,Django-1.8.2/tests/postgres_tests/test_ranges.py,TestSaveLoad,True,7,58,7.285714285714286,59,46,52,0,0,7
Django-1.8.2,Django-1.8.2/tests/postgres_tests/test_ranges.py,TestQuerying,True,16,100,5.1875,101,34,85,0,0,16
Django-1.8.2,Django-1.8.2/tests/postgres_tests/test_ranges.py,TestSerialization,True,2,21,6.5,22,15,20,0,0,2
Django-1.8.2,Django-1.8.2/tests/postgres_tests/test_ranges.py,TestValidators,True,2,16,7.0,17,15,15,0,0,2
Django-1.8.2,Django-1.8.2/tests/postgres_tests/test_ranges.py,TestFormField,True,36,256,6.111111111111111,257,194,218,0,0,39
Django-1.8.2,Django-1.8.2/tests/postgres_tests/test_ranges.py,TestWidget,True,1,18,18.0,19,7,19,0,0,0
Django-1.8.2,Django-1.8.2/tests/postgres_tests/test_unaccent.py,UnaccentTest,True,4,43,9.25,44,16,35,0,4,5
Django-1.8.2,Django-1.8.2/tests/postgres_tests/test_unaccent.py,UnaccentTextFieldTest,True,0,5,0.0,6,3,2,0,4,0
Django-1.8.2,Django-1.8.2/tests/postgres_tests/array_default_migrations/0001_initial.py,Migration,True,0,16,0.0,17,3,15,0,0,2
Django-1.8.2,Django-1.8.2/tests/postgres_tests/array_default_migrations/0002_integerarraymodel_field_2.py,Migration,True,0,13,0.0,14,3,12,0,0,2
Django-1.8.2,Django-1.8.2/tests/postgres_tests/migrations/0001_setup_extensions.py,Migration,True,0,8,0.0,9,3,7,0,0,2
Django-1.8.2,Django-1.8.2/tests/postgres_tests/migrations/0002_create_test_models.py,Migration,True,1,122,5.0,123,9,119,0,0,4
Django-1.8.2,Django-1.8.2/tests/prefetch_related/models.py,Author,True,1,10,2.0,11,8,9,0,0,2
Django-1.8.2,Django-1.8.2/tests/prefetch_related/models.py,AuthorWithAge,True,0,2,0.0,3,3,3,0,0,0
Django-1.8.2,Django-1.8.2/tests/prefetch_related/models.py,FavoriteAuthors,True,0,5,0.0,6,5,5,0,0,1
Django-1.8.2,Django-1.8.2/tests/prefetch_related/models.py,AuthorAddress,True,1,8,2.0,9,7,7,0,0,2
Django-1.8.2,Django-1.8.2/tests/prefetch_related/models.py,Book,True,1,8,2.0,9,7,7,0,0,2
Django-1.8.2,Django-1.8.2/tests/prefetch_related/models.py,BookWithYear,True,0,4,0.0,5,4,5,0,0,0
Django-1.8.2,Django-1.8.2/tests/prefetch_related/models.py,Bio,True,0,2,0.0,3,3,3,0,0,0
Django-1.8.2,Django-1.8.2/tests/prefetch_related/models.py,Reader,True,1,8,2.0,9,7,7,0,0,2
Django-1.8.2,Django-1.8.2/tests/prefetch_related/models.py,BookReview,True,0,2,0.0,3,3,3,0,0,0
Django-1.8.2,Django-1.8.2/tests/prefetch_related/models.py,Qualification,True,0,4,0.0,5,4,4,0,0,1
Django-1.8.2,Django-1.8.2/tests/prefetch_related/models.py,TeacherManager,True,1,2,2.0,3,3,3,0,0,0
Django-1.8.2,Django-1.8.2/tests/prefetch_related/models.py,Teacher,True,1,10,2.0,11,8,8,0,0,3
Django-1.8.2,Django-1.8.2/tests/prefetch_related/models.py,Department,True,0,5,0.0,6,5,5,0,0,1
Django-1.8.2,Django-1.8.2/tests/prefetch_related/models.py,TaggedItem,True,1,18,2.0,19,15,17,0,0,2
Django-1.8.2,Django-1.8.2/tests/prefetch_related/models.py,Bookmark,True,0,9,0.0,10,6,9,0,0,1
Django-1.8.2,Django-1.8.2/tests/prefetch_related/models.py,Comment,True,0,9,0.0,10,7,7,1,0,2
Django-1.8.2,Django-1.8.2/tests/prefetch_related/models.py,House,True,0,7,0.0,8,7,7,0,0,1
Django-1.8.2,Django-1.8.2/tests/prefetch_related/models.py,Room,True,0,5,0.0,6,5,5,0,0,1
Django-1.8.2,Django-1.8.2/tests/prefetch_related/models.py,Person,True,2,14,2.5,15,12,11,1,0,3
Django-1.8.2,Django-1.8.2/tests/prefetch_related/models.py,Employee,True,1,9,2.0,10,7,8,0,0,2
Django-1.8.2,Django-1.8.2/tests/prefetch_related/models.py,LessonEntry,True,1,5,2.0,6,5,5,0,0,1
Django-1.8.2,Django-1.8.2/tests/prefetch_related/models.py,WordEntry,True,1,5,2.0,6,5,5,0,0,1
Django-1.8.2,Django-1.8.2/tests/prefetch_related/models.py,Author2,True,1,9,2.0,10,8,8,0,0,2
Django-1.8.2,Django-1.8.2/tests/prefetch_related/tests.py,PrefetchRelatedTests,True,20,204,9.25,205,120,149,15,23,31
Django-1.8.2,Django-1.8.2/tests/prefetch_related/tests.py,CustomPrefetchTests,True,13,400,29.76923076923077,401,210,328,28,5,40
Django-1.8.2,Django-1.8.2/tests/prefetch_related/tests.py,DefaultManagerTests,True,2,34,16.0,35,21,25,3,0,7
Django-1.8.2,Django-1.8.2/tests/prefetch_related/tests.py,GenericRelationTests,True,7,91,12.0,92,60,63,6,5,18
Django-1.8.2,Django-1.8.2/tests/prefetch_related/tests.py,MultiTableInheritanceTest,True,6,68,10.166666666666666,69,44,57,3,0,9
Django-1.8.2,Django-1.8.2/tests/prefetch_related/tests.py,ForeignKeyToFieldTest,True,3,38,11.666666666666666,39,20,36,0,0,3
Django-1.8.2,Django-1.8.2/tests/prefetch_related/tests.py,LookupOrderingTest,True,2,49,21.5,50,35,35,4,4,7
Django-1.8.2,Django-1.8.2/tests/prefetch_related/tests.py,NullableTest,True,4,43,9.75,44,27,28,4,4,8
Django-1.8.2,Django-1.8.2/tests/prefetch_related/tests.py,MultiDbTests,True,4,125,30.0,126,70,98,9,0,19
Django-1.8.2,Django-1.8.2/tests/prefetch_related/tests.py,Ticket19607Tests,True,2,19,8.5,20,8,16,0,0,4
Django-1.8.2,Django-1.8.2/tests/prefetch_related/tests.py,Ticket21410Tests,True,2,23,10.5,24,16,20,0,0,4
Django-1.8.2,Django-1.8.2/tests/prefetch_related/tests.py,Ticket21760Tests,True,2,16,7.0,17,13,13,2,0,2
Django-1.8.2,Django-1.8.2/tests/project_template/test_settings.py,TestStartProjectSettings,True,1,19,18.0,20,8,13,0,5,2
Django-1.8.2,Django-1.8.2/tests/properties/models.py,Person,True,2,12,2.0,13,9,9,0,0,4
Django-1.8.2,Django-1.8.2/tests/properties/tests.py,PropertyTests,True,3,16,4.333333333333333,17,11,11,2,0,4
Django-1.8.2,Django-1.8.2/tests/proxy_models/models.py,PersonManager,True,1,2,2.0,3,3,3,0,0,0
Django-1.8.2,Django-1.8.2/tests/proxy_models/models.py,SubManager,True,1,2,2.0,3,3,3,0,0,0
Django-1.8.2,Django-1.8.2/tests/proxy_models/models.py,Person,True,1,9,2.0,10,6,5,0,3,2
Django-1.8.2,Django-1.8.2/tests/proxy_models/models.py,Abstract,True,0,7,0.0,8,5,4,0,3,1
Django-1.8.2,Django-1.8.2/tests/proxy_models/models.py,MyPerson,True,1,16,2.0,17,10,11,0,4,2
Django-1.8.2,Django-1.8.2/tests/proxy_models/models.py,ManagerMixin,True,0,4,0.0,5,4,4,0,0,1
Django-1.8.2,Django-1.8.2/tests/proxy_models/models.py,OtherPerson,True,0,6,0.0,7,5,4,0,3,0
Django-1.8.2,Django-1.8.2/tests/proxy_models/models.py,StatusPerson,True,0,4,0.0,5,3,2,0,3,0
Django-1.8.2,Django-1.8.2/tests/proxy_models/models.py,MyPersonProxy,True,0,2,0.0,3,3,3,0,0,0
Django-1.8.2,Django-1.8.2/tests/proxy_models/models.py,LowerStatusPerson,True,0,1,0.0,2,2,2,0,0,0
Django-1.8.2,Django-1.8.2/tests/proxy_models/models.py,User,True,1,4,2.0,5,4,4,0,0,1
Django-1.8.2,Django-1.8.2/tests/proxy_models/models.py,UserProxy,True,0,2,0.0,3,3,3,0,0,0
Django-1.8.2,Django-1.8.2/tests/proxy_models/models.py,UserProxyProxy,True,0,2,0.0,3,3,3,0,0,0
Django-1.8.2,Django-1.8.2/tests/proxy_models/models.py,Country,True,0,1,0.0,2,2,2,0,0,0
Django-1.8.2,Django-1.8.2/tests/proxy_models/models.py,State,True,1,5,2.0,6,5,5,0,0,1
Django-1.8.2,Django-1.8.2/tests/proxy_models/models.py,StateProxy,True,0,2,0.0,3,3,3,0,0,0
Django-1.8.2,Django-1.8.2/tests/proxy_models/models.py,BaseUser,True,1,4,2.0,5,4,4,0,0,1
Django-1.8.2,Django-1.8.2/tests/proxy_models/models.py,TrackerUser,True,0,1,0.0,2,2,2,0,0,0
Django-1.8.2,Django-1.8.2/tests/proxy_models/models.py,ProxyTrackerUser,True,0,2,0.0,3,3,3,0,0,0
Django-1.8.2,Django-1.8.2/tests/proxy_models/models.py,Issue,True,1,5,2.0,6,5,5,0,0,1
Django-1.8.2,Django-1.8.2/tests/proxy_models/models.py,Bug,True,0,2,0.0,3,3,3,0,0,0
Django-1.8.2,Django-1.8.2/tests/proxy_models/models.py,ProxyBug,True,0,5,0.0,6,4,3,0,3,0
Django-1.8.2,Django-1.8.2/tests/proxy_models/models.py,ProxyProxyBug,True,0,5,0.0,6,4,3,0,3,0
Django-1.8.2,Django-1.8.2/tests/proxy_models/models.py,Improvement,True,0,7,0.0,8,5,4,0,4,0
Django-1.8.2,Django-1.8.2/tests/proxy_models/models.py,ProxyImprovement,True,0,2,0.0,3,3,3,0,0,0
Django-1.8.2,Django-1.8.2/tests/proxy_models/tests.py,ProxyModelTests,True,26,370,13.23076923076923,371,213,255,10,40,66
Django-1.8.2,Django-1.8.2/tests/proxy_models/tests.py,ProxyModelAdminTests,True,2,39,18.0,40,27,28,0,8,4
Django-1.8.2,Django-1.8.2/tests/proxy_model_inheritance/models.py,ConcreteModel,True,0,1,0.0,2,2,2,0,0,0
Django-1.8.2,Django-1.8.2/tests/proxy_model_inheritance/models.py,ConcreteModelSubclass,True,0,1,0.0,2,2,2,0,0,0
Django-1.8.2,Django-1.8.2/tests/proxy_model_inheritance/models.py,ConcreteModelSubclassProxy,True,0,2,0.0,3,3,3,0,0,0
Django-1.8.2,Django-1.8.2/tests/proxy_model_inheritance/tests.py,ProxyModelInheritanceTests,True,1,15,8.0,16,11,10,0,5,1
Django-1.8.2,Django-1.8.2/tests/proxy_model_inheritance/tests.py,MultiTableInheritanceProxyTest,True,1,12,11.0,13,8,7,0,5,1
Django-1.8.2,Django-1.8.2/tests/proxy_model_inheritance/app1/models.py,ProxyModel,True,0,2,0.0,3,3,3,0,0,0
Django-1.8.2,Django-1.8.2/tests/proxy_model_inheritance/app2/models.py,NiceModel,True,0,1,0.0,2,2,2,0,0,0
Django-1.8.2,Django-1.8.2/tests/queries/models.py,DumbCategory,True,0,1,0.0,2,2,2,0,0,0
Django-1.8.2,Django-1.8.2/tests/queries/models.py,ProxyCategory,True,0,2,0.0,3,3,3,0,0,0
Django-1.8.2,Django-1.8.2/tests/queries/models.py,NamedCategory,True,1,4,2.0,5,4,4,0,0,1
Django-1.8.2,Django-1.8.2/tests/queries/models.py,Tag,True,1,10,2.0,11,8,9,0,0,2
Django-1.8.2,Django-1.8.2/tests/queries/models.py,Note,True,2,15,4.0,16,10,10,3,0,3
Django-1.8.2,Django-1.8.2/tests/queries/models.py,Annotation,True,1,6,2.0,7,6,6,0,0,1
Django-1.8.2,Django-1.8.2/tests/queries/models.py,ExtraInfo,True,1,9,2.0,10,8,8,0,0,2
Django-1.8.2,Django-1.8.2/tests/queries/models.py,Author,True,1,9,2.0,10,8,8,0,0,2
Django-1.8.2,Django-1.8.2/tests/queries/models.py,Item,True,1,12,2.0,13,11,11,0,0,2
Django-1.8.2,Django-1.8.2/tests/queries/models.py,Report,True,1,5,2.0,6,5,5,0,0,1
Django-1.8.2,Django-1.8.2/tests/queries/models.py,Ranking,True,1,9,2.0,10,7,7,1,0,2
Django-1.8.2,Django-1.8.2/tests/queries/models.py,Cover,True,1,8,2.0,9,7,7,0,0,2
Django-1.8.2,Django-1.8.2/tests/queries/models.py,Number,True,1,4,2.0,5,4,4,0,0,1
Django-1.8.2,Django-1.8.2/tests/queries/models.py,Valid,True,0,5,0.0,6,5,5,0,0,1
Django-1.8.2,Django-1.8.2/tests/queries/models.py,X,True,0,1,0.0,2,2,2,0,0,0
Django-1.8.2,Django-1.8.2/tests/queries/models.py,Y,True,0,1,0.0,2,2,2,0,0,0
Django-1.8.2,Django-1.8.2/tests/queries/models.py,LoopX,True,0,4,0.0,5,4,4,0,0,1
Django-1.8.2,Django-1.8.2/tests/queries/models.py,LoopY,True,0,4,0.0,5,4,4,0,0,1
Django-1.8.2,Django-1.8.2/tests/queries/models.py,LoopZ,True,0,4,0.0,5,4,4,0,0,1
Django-1.8.2,Django-1.8.2/tests/queries/models.py,CustomManager,True,1,3,3.0,4,4,4,0,0,0
Django-1.8.2,Django-1.8.2/tests/queries/models.py,ManagedModel,True,1,9,2.0,10,8,8,0,0,2
Django-1.8.2,Django-1.8.2/tests/queries/models.py,Detail,True,0,1,0.0,2,2,2,0,0,0
Django-1.8.2,Django-1.8.2/tests/queries/models.py,MemberManager,True,1,2,2.0,3,3,3,0,0,0
Django-1.8.2,Django-1.8.2/tests/queries/models.py,Member,True,0,4,0.0,5,4,4,0,0,1
Django-1.8.2,Django-1.8.2/tests/queries/models.py,Child,True,0,2,0.0,3,3,3,0,0,0
Django-1.8.2,Django-1.8.2/tests/queries/models.py,CustomPk,True,0,5,0.0,6,5,5,0,0,1
Django-1.8.2,Django-1.8.2/tests/queries/models.py,Related,True,0,1,0.0,2,2,2,0,0,0
Django-1.8.2,Django-1.8.2/tests/queries/models.py,CustomPkTag,True,0,3,0.0,4,4,4,0,0,0
Django-1.8.2,Django-1.8.2/tests/queries/models.py,Celebrity,True,1,5,2.0,6,5,5,0,0,1
Django-1.8.2,Django-1.8.2/tests/queries/models.py,TvChef,True,0,1,0.0,2,2,2,0,0,0
Django-1.8.2,Django-1.8.2/tests/queries/models.py,Fan,True,0,1,0.0,2,2,2,0,0,0
Django-1.8.2,Django-1.8.2/tests/queries/models.py,LeafA,True,1,4,2.0,5,4,4,0,0,1
Django-1.8.2,Django-1.8.2/tests/queries/models.py,LeafB,True,0,1,0.0,2,2,2,0,0,0
Django-1.8.2,Django-1.8.2/tests/queries/models.py,Join,True,0,2,0.0,3,3,3,0,0,0
Django-1.8.2,Django-1.8.2/tests/queries/models.py,ReservedName,True,1,5,2.0,6,5,5,0,0,1
Django-1.8.2,Django-1.8.2/tests/queries/models.py,SharedConnection,True,1,4,2.0,5,4,4,0,0,1
Django-1.8.2,Django-1.8.2/tests/queries/models.py,PointerA,True,0,1,0.0,2,2,2,0,0,0
Django-1.8.2,Django-1.8.2/tests/queries/models.py,PointerB,True,0,1,0.0,2,2,2,0,0,0
Django-1.8.2,Django-1.8.2/tests/queries/models.py,SingleObject,True,1,7,2.0,8,6,6,0,0,2
Django-1.8.2,Django-1.8.2/tests/queries/models.py,RelatedObject,True,0,5,0.0,6,5,5,0,0,1
Django-1.8.2,Django-1.8.2/tests/queries/models.py,Plaything,True,1,8,2.0,9,7,7,0,0,2
Django-1.8.2,Django-1.8.2/tests/queries/models.py,Article,True,1,5,2.0,6,5,5,0,0,1
Django-1.8.2,Django-1.8.2/tests/queries/models.py,Food,True,1,4,2.0,5,4,4,0,0,1
Django-1.8.2,Django-1.8.2/tests/queries/models.py,Eaten,True,1,5,2.0,6,5,5,0,0,1
Django-1.8.2,Django-1.8.2/tests/queries/models.py,Node,True,1,5,2.0,6,5,5,0,0,1
Django-1.8.2,Django-1.8.2/tests/queries/models.py,ObjectA,True,2,8,2.5,9,6,6,1,0,2
Django-1.8.2,Django-1.8.2/tests/queries/models.py,ProxyObjectA,True,0,2,0.0,3,3,3,0,0,0
Django-1.8.2,Django-1.8.2/tests/queries/models.py,ChildObjectA,True,0,1,0.0,2,2,2,0,0,0
Django-1.8.2,Django-1.8.2/tests/queries/models.py,ObjectB,True,1,6,2.0,7,6,6,0,0,1
Django-1.8.2,Django-1.8.2/tests/queries/models.py,ProxyObjectB,True,0,2,0.0,3,3,3,0,0,0
Django-1.8.2,Django-1.8.2/tests/queries/models.py,ObjectC,True,1,7,2.0,8,7,7,0,0,1
Django-1.8.2,Django-1.8.2/tests/queries/models.py,SimpleCategory,True,1,4,2.0,5,4,4,0,0,1
Django-1.8.2,Django-1.8.2/tests/queries/models.py,SpecialCategory,True,1,4,2.0,5,4,4,0,0,1
Django-1.8.2,Django-1.8.2/tests/queries/models.py,CategoryItem,True,1,4,2.0,5,4,4,0,0,1
Django-1.8.2,Django-1.8.2/tests/queries/models.py,OneToOneCategory,True,1,5,2.0,6,5,5,0,0,1
Django-1.8.2,Django-1.8.2/tests/queries/models.py,CategoryRelationship,True,0,2,0.0,3,3,3,0,0,0
Django-1.8.2,Django-1.8.2/tests/queries/models.py,NullableName,True,0,4,0.0,5,4,4,0,0,1
Django-1.8.2,Django-1.8.2/tests/queries/models.py,ModelD,True,0,1,0.0,2,2,2,0,0,0
Django-1.8.2,Django-1.8.2/tests/queries/models.py,ModelC,True,0,1,0.0,2,2,2,0,0,0
Django-1.8.2,Django-1.8.2/tests/queries/models.py,ModelB,True,0,2,0.0,3,3,3,0,0,0
Django-1.8.2,Django-1.8.2/tests/queries/models.py,ModelA,True,0,3,0.0,4,4,4,0,0,0
Django-1.8.2,Django-1.8.2/tests/queries/models.py,Job,True,1,4,2.0,5,4,4,0,0,1
Django-1.8.2,Django-1.8.2/tests/queries/models.py,JobResponsibilities,True,0,2,0.0,3,3,3,0,0,0
Django-1.8.2,Django-1.8.2/tests/queries/models.py,Responsibility,True,1,6,2.0,7,5,6,0,0,1
Django-1.8.2,Django-1.8.2/tests/queries/models.py,FK1,True,0,2,0.0,3,3,3,0,0,0
Django-1.8.2,Django-1.8.2/tests/queries/models.py,FK2,True,0,2,0.0,3,3,3,0,0,0
Django-1.8.2,Django-1.8.2/tests/queries/models.py,FK3,True,0,2,0.0,3,3,3,0,0,0
Django-1.8.2,Django-1.8.2/tests/queries/models.py,BaseA,True,0,3,0.0,4,4,4,0,0,0
Django-1.8.2,Django-1.8.2/tests/queries/models.py,Identifier,True,1,4,2.0,5,4,4,0,0,1
Django-1.8.2,Django-1.8.2/tests/queries/models.py,Program,True,0,1,0.0,2,2,2,0,0,0
Django-1.8.2,Django-1.8.2/tests/queries/models.py,Channel,True,0,2,0.0,3,3,3,0,0,0
Django-1.8.2,Django-1.8.2/tests/queries/models.py,Book,True,0,2,0.0,3,3,3,0,0,0
Django-1.8.2,Django-1.8.2/tests/queries/models.py,Chapter,True,0,2,0.0,3,3,3,0,0,0
Django-1.8.2,Django-1.8.2/tests/queries/models.py,Paragraph,True,0,2,0.0,3,3,3,0,0,0
Django-1.8.2,Django-1.8.2/tests/queries/models.py,Page,True,0,1,0.0,2,2,2,0,0,0
Django-1.8.2,Django-1.8.2/tests/queries/models.py,MyObject,True,0,3,0.0,4,4,4,0,0,0
Django-1.8.2,Django-1.8.2/tests/queries/models.py,Order,True,1,7,2.0,8,6,6,0,0,2
Django-1.8.2,Django-1.8.2/tests/queries/models.py,OrderItem,True,1,8,2.0,9,7,7,0,0,2
Django-1.8.2,Django-1.8.2/tests/queries/models.py,BaseUser,True,0,1,0.0,2,2,2,0,0,0
Django-1.8.2,Django-1.8.2/tests/queries/models.py,Task,True,1,6,2.0,7,6,6,0,0,1
Django-1.8.2,Django-1.8.2/tests/queries/models.py,Staff,True,1,4,2.0,5,4,4,0,0,1
Django-1.8.2,Django-1.8.2/tests/queries/models.py,StaffUser,True,1,4,2.0,5,4,4,0,0,1
Django-1.8.2,Django-1.8.2/tests/queries/models.py,Ticket21203Parent,True,0,3,0.0,4,4,4,0,0,0
Django-1.8.2,Django-1.8.2/tests/queries/models.py,Ticket21203Child,True,0,2,0.0,3,3,3,0,0,0
Django-1.8.2,Django-1.8.2/tests/queries/models.py,Person,True,0,1,0.0,2,2,2,0,0,0
Django-1.8.2,Django-1.8.2/tests/queries/models.py,Company,True,1,5,2.0,6,5,5,0,0,1
Django-1.8.2,Django-1.8.2/tests/queries/models.py,Employment,True,0,3,0.0,4,4,4,0,0,0
Django-1.8.2,Django-1.8.2/tests/queries/models.py,School,True,0,1,0.0,2,2,2,0,0,0
Django-1.8.2,Django-1.8.2/tests/queries/models.py,Student,True,0,1,0.0,2,2,2,0,0,0
Django-1.8.2,Django-1.8.2/tests/queries/models.py,Classroom,True,0,2,0.0,3,3,3,0,0,0
Django-1.8.2,Django-1.8.2/tests/queries/models.py,Ticket23605A,True,0,1,0.0,2,2,2,0,0,0
Django-1.8.2,Django-1.8.2/tests/queries/models.py,Ticket23605B,True,0,4,0.0,5,5,5,0,0,0
Django-1.8.2,Django-1.8.2/tests/queries/models.py,Ticket23605C,True,0,1,0.0,2,2,2,0,0,0
Django-1.8.2,Django-1.8.2/tests/queries/models.py,Individual,True,0,4,0.0,5,4,4,0,0,1
Django-1.8.2,Django-1.8.2/tests/queries/models.py,RelatedIndividual,True,0,4,0.0,5,4,4,0,0,1
Django-1.8.2,Django-1.8.2/tests/queries/tests.py,BaseQuerysetTest,True,1,2,2.0,3,4,3,0,0,0
Django-1.8.2,Django-1.8.2/tests/queries/tests.py,Queries1Tests,True,71,1134,14.971830985915492,1135,492,872,119,7,137
Django-1.8.2,Django-1.8.2/tests/queries/tests.py,Queries2Tests,True,4,107,25.75,108,39,98,6,0,4
Django-1.8.2,Django-1.8.2/tests/queries/tests.py,Queries3Tests,True,3,22,6.666666666666667,23,10,16,4,0,3
Django-1.8.2,Django-1.8.2/tests/queries/tests.py,Queries4Tests,True,16,253,14.8125,254,170,182,25,0,47
Django-1.8.2,Django-1.8.2/tests/queries/tests.py,Queries5Tests,True,7,127,17.142857142857142,128,56,102,16,0,10
Django-1.8.2,Django-1.8.2/tests/queries/tests.py,SelectRelatedTests,True,1,6,6.0,7,4,4,3,0,0
Django-1.8.2,Django-1.8.2/tests/queries/tests.py,SubclassFKTests,True,1,13,13.0,14,9,9,3,0,2
Django-1.8.2,Django-1.8.2/tests/queries/tests.py,CustomPkTests,True,1,2,2.0,3,3,3,0,0,0
Django-1.8.2,Django-1.8.2/tests/queries/tests.py,NullableRelOrderingTests,True,2,31,15.0,32,17,23,8,0,1
Django-1.8.2,Django-1.8.2/tests/queries/tests.py,DisjunctiveFilterTests,True,3,27,8.0,28,12,21,4,0,3
Django-1.8.2,Django-1.8.2/tests/queries/tests.py,Queries6Tests,True,6,86,13.333333333333334,87,41,62,14,0,11
Django-1.8.2,Django-1.8.2/tests/queries/tests.py,RawQueriesTests,True,2,14,6.5,15,12,12,1,0,2
Django-1.8.2,Django-1.8.2/tests/queries/tests.py,GeneratorExpressionTests,True,1,7,7.0,8,3,6,2,0,0
Django-1.8.2,Django-1.8.2/tests/queries/tests.py,ComparisonTests,True,2,25,12.0,26,12,24,1,0,1
Django-1.8.2,Django-1.8.2/tests/queries/tests.py,ExistsSql,True,3,28,8.0,29,29,26,1,0,2
Django-1.8.2,Django-1.8.2/tests/queries/tests.py,QuerysetOrderedTests,True,5,21,2.6,22,15,14,0,3,5
Django-1.8.2,Django-1.8.2/tests/queries/tests.py,SubqueryTests,True,5,60,11.0,61,53,40,0,7,12
Django-1.8.2,Django-1.8.2/tests/queries/tests.py,CloneTests,True,3,48,15.0,49,36,31,3,10,4
Django-1.8.2,Django-1.8.2/tests/queries/tests.py,EmptyQuerySetTests,True,3,23,7.0,24,10,18,4,0,2
Django-1.8.2,Django-1.8.2/tests/queries/tests.py,ValuesQuerysetTests,True,11,84,6.636363636363637,85,62,66,9,0,10
Django-1.8.2,Django-1.8.2/tests/queries/tests.py,QuerySetSupportsPythonIdioms,True,15,121,6.933333333333334,122,71,99,3,0,18
Django-1.8.2,Django-1.8.2/tests/queries/tests.py,WeirdQuerysetSlicingTests,True,3,24,7.0,25,21,20,2,0,3
Django-1.8.2,Django-1.8.2/tests/queries/tests.py,EscapingTests,True,1,12,12.0,13,7,12,1,0,0
Django-1.8.2,Django-1.8.2/tests/queries/tests.py,ToFieldTests,True,6,58,8.833333333333334,59,30,48,0,0,11
Django-1.8.2,Django-1.8.2/tests/queries/tests.py,ConditionalTests,True,4,77,16.0,78,38,55,17,2,6
Django-1.8.2,Django-1.8.2/tests/queries/tests.py,UnionTests,True,8,58,5.875,59,50,49,0,3,7
Django-1.8.2,Django-1.8.2/tests/queries/tests.py,DefaultValuesInsertTest,True,1,6,6.0,7,6,6,1,0,0
Django-1.8.2,Django-1.8.2/tests/queries/tests.py,ExcludeTests,True,3,52,16.333333333333332,53,39,45,0,0,8
Django-1.8.2,Django-1.8.2/tests/queries/tests.py,ExcludeTest17600,True,8,95,10.25,96,38,44,7,29,16
Django-1.8.2,Django-1.8.2/tests/queries/tests.py,Exclude15786,True,1,12,11.0,13,9,12,0,0,0
Django-1.8.2,Django-1.8.2/tests/queries/tests.py,NullInExcludeTest,True,4,42,9.25,43,20,33,2,5,3
Django-1.8.2,Django-1.8.2/tests/queries/tests.py,EmptyStringsAsNullTest,True,4,27,4.5,28,12,20,0,5,3
Django-1.8.2,Django-1.8.2/tests/queries/tests.py,ProxyQueryCleanupTest,True,1,10,10.0,11,8,7,0,4,0
Django-1.8.2,Django-1.8.2/tests/queries/tests.py,WhereNodeTest,True,3,76,21.0,77,72,72,0,0,5
Django-1.8.2,Django-1.8.2/tests/queries/tests.py,IteratorExceptionsTest,True,2,11,5.0,12,9,9,2,0,1
Django-1.8.2,Django-1.8.2/tests/queries/tests.py,NullJoinPromotionOrTest,True,9,157,16.444444444444443,158,108,130,15,0,13
Django-1.8.2,Django-1.8.2/tests/queries/tests.py,ReverseJoinTrimmingTest,True,1,8,8.0,9,6,6,3,0,0
Django-1.8.2,Django-1.8.2/tests/queries/tests.py,JoinReuseTest,True,7,31,3.0,32,23,22,0,4,6
Django-1.8.2,Django-1.8.2/tests/queries/tests.py,DisjunctionPromotionTests,True,11,132,11.090909090909092,133,100,104,18,0,11
Django-1.8.2,Django-1.8.2/tests/queries/tests.py,ManyToManyExcludeTest,True,2,38,18.5,39,29,35,2,0,2
Django-1.8.2,Django-1.8.2/tests/queries/tests.py,RelabelCloneTest,True,1,12,12.0,13,11,11,2,0,0
Django-1.8.2,Django-1.8.2/tests/queries/tests.py,Ticket20101Tests,True,1,14,14.0,15,13,12,0,3,0
Django-1.8.2,Django-1.8.2/tests/queries/tests.py,EmptyStringPromotionTests,True,1,6,6.0,7,7,7,0,0,0
Django-1.8.2,Django-1.8.2/tests/queries/tests.py,ValuesSubqueryTests,True,1,15,15.0,16,10,11,4,0,1
Django-1.8.2,Django-1.8.2/tests/queries/tests.py,DoubleInSubqueryTests,True,1,12,12.0,13,13,13,0,0,0
Django-1.8.2,Django-1.8.2/tests/queries/tests.py,Ticket18785Tests,True,1,9,9.0,10,5,9,1,0,0
Django-1.8.2,Django-1.8.2/tests/queries/tests.py,Ticket20788Tests,True,1,16,16.0,17,14,15,0,0,2
Django-1.8.2,Django-1.8.2/tests/queries/tests.py,Ticket12807Tests,True,1,7,7.0,8,7,6,2,0,0
Django-1.8.2,Django-1.8.2/tests/queries/tests.py,RelatedLookupTypeTests,True,5,93,17.2,94,50,57,6,15,16
Django-1.8.2,Django-1.8.2/tests/queries/tests.py,Ticket14056Tests,True,1,13,13.0,14,9,14,0,0,0
Django-1.8.2,Django-1.8.2/tests/queries/tests.py,Ticket20955Tests,True,1,20,20.0,21,16,19,2,0,0
Django-1.8.2,Django-1.8.2/tests/queries/tests.py,Ticket21203Tests,True,1,6,6.0,7,8,7,0,0,0
Django-1.8.2,Django-1.8.2/tests/queries/tests.py,ValuesJoinPromotionTests,True,3,25,7.666666666666667,26,19,23,1,0,2
Django-1.8.2,Django-1.8.2/tests/queries/tests.py,ForeignKeyToBaseExcludeTests,True,1,15,15.0,16,11,16,0,0,0
Django-1.8.2,Django-1.8.2/tests/queries/tests.py,ReverseM2MCustomPkTests,True,1,10,10.0,11,9,11,0,0,0
Django-1.8.2,Django-1.8.2/tests/queries/tests.py,Ticket22429Tests,True,1,12,12.0,13,11,10,0,0,3
Django-1.8.2,Django-1.8.2/tests/queries/tests.py,Ticket23605Tests,True,1,33,33.0,34,13,30,10,0,0
Django-1.8.2,Django-1.8.2/tests/queries/tests.py,TestTicket24605,True,1,21,21.0,22,13,18,0,3,1
Django-1.8.2,Django-1.8.2/tests/queryset_pickle/models.py,Numbers,True,3,10,2.0,11,9,9,0,0,2
Django-1.8.2,Django-1.8.2/tests/queryset_pickle/models.py,PreviousDjangoVersionQuerySet,True,1,4,4.0,5,5,5,0,0,0
Django-1.8.2,Django-1.8.2/tests/queryset_pickle/models.py,MissingDjangoVersionQuerySet,True,1,4,4.0,5,5,5,0,0,0
Django-1.8.2,Django-1.8.2/tests/queryset_pickle/models.py,Group,True,0,4,0.0,5,5,5,0,0,0
Django-1.8.2,Django-1.8.2/tests/queryset_pickle/models.py,Event,True,0,2,0.0,3,3,3,0,0,0
Django-1.8.2,Django-1.8.2/tests/queryset_pickle/models.py,Happening,True,0,6,0.0,7,8,7,0,0,0
Django-1.8.2,Django-1.8.2/tests/queryset_pickle/models.py,Container,True,0,5,0.0,6,3,3,3,0,0
Django-1.8.2,Django-1.8.2/tests/queryset_pickle/models.py,M2MModel,True,0,1,0.0,2,2,2,0,0,0
Django-1.8.2,Django-1.8.2/tests/queryset_pickle/tests.py,PickleabilityTestCase,True,20,134,5.75,135,90,91,8,14,23
Django-1.8.2,Django-1.8.2/tests/raw_query/models.py,Author,True,1,12,8.0,13,8,9,3,0,1
Django-1.8.2,Django-1.8.2/tests/raw_query/models.py,Book,True,0,4,0.0,5,5,5,0,0,0
Django-1.8.2,Django-1.8.2/tests/raw_query/models.py,Coffee,True,0,1,0.0,2,2,2,0,0,0
Django-1.8.2,Django-1.8.2/tests/raw_query/models.py,Reviewer,True,0,1,0.0,2,2,2,0,0,0
Django-1.8.2,Django-1.8.2/tests/raw_query/models.py,FriendlyAuthor,True,0,1,0.0,2,2,2,0,0,0
Django-1.8.2,Django-1.8.2/tests/raw_query/tests.py,RawQueryTests,True,24,250,9.333333333333334,251,163,161,8,50,32
Django-1.8.2,Django-1.8.2/tests/redirects_tests/tests.py,RedirectTests,True,7,43,4.714285714285714,44,30,36,0,0,7
Django-1.8.2,Django-1.8.2/tests/redirects_tests/tests.py,OverriddenRedirectFallbackMiddleware,True,0,3,0.0,4,3,3,1,0,0
Django-1.8.2,Django-1.8.2/tests/redirects_tests/tests.py,OverriddenRedirectMiddlewareTests,True,3,15,4.0,16,11,13,0,0,3
Django-1.8.2,Django-1.8.2/tests/requests/tests.py,RequestsTests,True,36,499,12.88888888888889,500,325,337,56,58,49
Django-1.8.2,Django-1.8.2/tests/requests/tests.py,HostValidationTests,True,4,215,48.5,216,99,179,19,0,21
Django-1.8.2,Django-1.8.2/tests/requests/tests.py,BuildAbsoluteURITestCase,True,5,58,10.0,59,20,27,4,23,5
Django-1.8.2,Django-1.8.2/tests/reserved_names/models.py,Thing,True,1,14,2.0,15,13,13,0,0,2
Django-1.8.2,Django-1.8.2/tests/reserved_names/tests.py,ReservedNameTests,True,6,41,6.0,42,29,36,0,0,6
Django-1.8.2,Django-1.8.2/tests/resolve_url/models.py,UnimportantThing,True,1,4,2.0,5,4,4,0,0,1
Django-1.8.2,Django-1.8.2/tests/resolve_url/tests.py,ResolveUrlTests,True,9,76,7.0,77,41,30,0,38,9
Django-1.8.2,Django-1.8.2/tests/responses/tests.py,HttpResponseBaseTests,True,4,34,7.75,35,25,24,0,4,7
Django-1.8.2,Django-1.8.2/tests/responses/tests.py,HttpResponseTests,True,4,52,12.25,53,40,38,0,0,13
Django-1.8.2,Django-1.8.2/tests/reverse_lookup/models.py,User,True,1,4,2.0,5,4,4,0,0,1
Django-1.8.2,Django-1.8.2/tests/reverse_lookup/models.py,Poll,True,1,5,2.0,6,5,5,0,0,1
Django-1.8.2,Django-1.8.2/tests/reverse_lookup/models.py,Choice,True,1,6,2.0,7,6,6,0,0,1
Django-1.8.2,Django-1.8.2/tests/reverse_lookup/tests.py,ReverseLookupTests,True,4,43,9.75,44,20,35,0,3,6
Django-1.8.2,Django-1.8.2/tests/save_delete_hooks/models.py,Person,True,4,21,3.75,22,16,16,2,0,4
Django-1.8.2,Django-1.8.2/tests/save_delete_hooks/tests.py,SaveDeleteHookTests,True,1,24,24.0,25,10,23,0,0,2
Django-1.8.2,Django-1.8.2/tests/schema/fields.py,CustomManyToManyField,True,3,44,10.0,45,28,36,1,4,4
Django-1.8.2,Django-1.8.2/tests/schema/fields.py,InheritedManyToManyField,True,0,1,0.0,2,2,2,0,0,0
Django-1.8.2,Django-1.8.2/tests/schema/models.py,Author,True,0,5,0.0,6,5,5,0,0,1
Django-1.8.2,Django-1.8.2/tests/schema/models.py,AuthorWithDefaultHeight,True,0,5,0.0,6,5,5,0,0,1
Django-1.8.2,Django-1.8.2/tests/schema/models.py,AuthorWithEvenLongerName,True,0,5,0.0,6,5,5,0,0,1
Django-1.8.2,Django-1.8.2/tests/schema/models.py,Book,True,0,7,0.0,8,6,6,1,0,1
Django-1.8.2,Django-1.8.2/tests/schema/models.py,BookWeak,True,0,6,0.0,7,6,6,0,0,1
Django-1.8.2,Django-1.8.2/tests/schema/models.py,BookWithLongName,True,0,4,0.0,5,4,4,0,0,1
Django-1.8.2,Django-1.8.2/tests/schema/models.py,BookWithO2O,True,0,7,0.0,8,7,7,0,0,1
Django-1.8.2,Django-1.8.2/tests/schema/models.py,BookWithSlug,True,0,8,0.0,9,8,8,0,0,1
Django-1.8.2,Django-1.8.2/tests/schema/models.py,Note,True,0,4,0.0,5,4,4,0,0,1
Django-1.8.2,Django-1.8.2/tests/schema/models.py,Tag,True,0,5,0.0,6,5,5,0,0,1
Django-1.8.2,Django-1.8.2/tests/schema/models.py,TagIndexed,True,0,6,0.0,7,6,6,0,0,1
Django-1.8.2,Django-1.8.2/tests/schema/models.py,TagM2MTest,True,0,5,0.0,6,5,5,0,0,1
Django-1.8.2,Django-1.8.2/tests/schema/models.py,TagUniqueRename,True,0,6,0.0,7,6,6,0,0,1
Django-1.8.2,Django-1.8.2/tests/schema/models.py,Thing,True,1,7,2.0,8,6,6,0,0,2
Django-1.8.2,Django-1.8.2/tests/schema/models.py,UniqueTest,True,0,6,0.0,7,6,6,0,0,1
Django-1.8.2,Django-1.8.2/tests/schema/tests.py,SchemaTests,True,68,1410,19.235294117647058,1411,904,954,201,145,109
Django-1.8.2,Django-1.8.2/tests/select_for_update/models.py,Person,True,0,1,0.0,2,2,2,0,0,0
Django-1.8.2,Django-1.8.2/tests/select_for_update/tests.py,SelectForUpdateTests,True,16,237,12.875,238,129,139,28,41,30
Django-1.8.2,Django-1.8.2/tests/select_related/models.py,Domain,True,1,4,2.0,5,4,4,0,0,1
Django-1.8.2,Django-1.8.2/tests/select_related/models.py,Kingdom,True,1,5,2.0,6,5,5,0,0,1
Django-1.8.2,Django-1.8.2/tests/select_related/models.py,Phylum,True,1,5,2.0,6,5,5,0,0,1
Django-1.8.2,Django-1.8.2/tests/select_related/models.py,Klass,True,1,5,2.0,6,5,5,0,0,1
Django-1.8.2,Django-1.8.2/tests/select_related/models.py,Order,True,1,5,2.0,6,5,5,0,0,1
Django-1.8.2,Django-1.8.2/tests/select_related/models.py,Family,True,1,5,2.0,6,5,5,0,0,1
Django-1.8.2,Django-1.8.2/tests/select_related/models.py,Genus,True,1,5,2.0,6,5,5,0,0,1
Django-1.8.2,Django-1.8.2/tests/select_related/models.py,Species,True,1,5,2.0,6,5,5,0,0,1
Django-1.8.2,Django-1.8.2/tests/select_related/models.py,HybridSpecies,True,1,6,2.0,7,6,6,0,0,1
Django-1.8.2,Django-1.8.2/tests/select_related/models.py,Topping,True,1,4,2.0,5,4,4,0,0,1
Django-1.8.2,Django-1.8.2/tests/select_related/models.py,Pizza,True,1,5,2.0,6,5,5,0,0,1
Django-1.8.2,Django-1.8.2/tests/select_related/models.py,TaggedItem,True,1,8,2.0,9,7,7,0,0,2
Django-1.8.2,Django-1.8.2/tests/select_related/models.py,Bookmark,True,1,5,2.0,6,5,5,0,0,1
Django-1.8.2,Django-1.8.2/tests/select_related/tests.py,SelectRelatedTests,True,15,152,9.0,153,93,103,0,33,17
Django-1.8.2,Django-1.8.2/tests/select_related/tests.py,SelectRelatedValidationTests,True,5,41,6.0,42,29,28,0,4,10
Django-1.8.2,Django-1.8.2/tests/select_related_onetoone/models.py,User,True,1,5,2.0,6,5,5,0,0,1
Django-1.8.2,Django-1.8.2/tests/select_related_onetoone/models.py,UserProfile,True,1,6,2.0,7,6,6,0,0,1
Django-1.8.2,Django-1.8.2/tests/select_related_onetoone/models.py,UserStatResult,True,1,4,2.0,5,4,4,0,0,1
Django-1.8.2,Django-1.8.2/tests/select_related_onetoone/models.py,UserStat,True,1,6,2.0,7,6,6,0,0,1
Django-1.8.2,Django-1.8.2/tests/select_related_onetoone/models.py,StatDetails,True,1,5,2.0,6,5,5,0,0,1
Django-1.8.2,Django-1.8.2/tests/select_related_onetoone/models.py,AdvancedUserStat,True,0,1,0.0,2,2,2,0,0,0
Django-1.8.2,Django-1.8.2/tests/select_related_onetoone/models.py,Image,True,0,1,0.0,2,2,2,0,0,0
Django-1.8.2,Django-1.8.2/tests/select_related_onetoone/models.py,Product,True,0,2,0.0,3,3,3,0,0,0
Django-1.8.2,Django-1.8.2/tests/select_related_onetoone/models.py,Parent1,True,1,4,2.0,5,4,4,0,0,1
Django-1.8.2,Django-1.8.2/tests/select_related_onetoone/models.py,Parent2,True,1,6,2.0,7,5,5,1,0,1
Django-1.8.2,Django-1.8.2/tests/select_related_onetoone/models.py,Child1,True,1,4,2.0,5,4,4,0,0,1
Django-1.8.2,Django-1.8.2/tests/select_related_onetoone/models.py,Child2,True,1,5,2.0,6,5,5,0,0,1
Django-1.8.2,Django-1.8.2/tests/select_related_onetoone/models.py,Child3,True,0,1,0.0,2,2,2,0,0,0
Django-1.8.2,Django-1.8.2/tests/select_related_onetoone/models.py,Child4,True,0,1,0.0,2,2,2,0,0,0
Django-1.8.2,Django-1.8.2/tests/select_related_onetoone/tests.py,ReverseSelectRelatedTestCase,True,20,199,8.9,200,165,168,1,8,23
Django-1.8.2,Django-1.8.2/tests/select_related_onetoone/tests.py,ReverseSelectRelatedValidationTests,True,1,15,8.0,16,10,9,0,4,3
Django-1.8.2,Django-1.8.2/tests/select_related_regress/models.py,Building,True,1,4,2.0,5,4,4,0,0,1
Django-1.8.2,Django-1.8.2/tests/select_related_regress/models.py,Device,True,1,5,2.0,6,5,5,0,0,1
Django-1.8.2,Django-1.8.2/tests/select_related_regress/models.py,Port,True,1,5,2.0,6,5,5,0,0,1
Django-1.8.2,Django-1.8.2/tests/select_related_regress/models.py,Connection,True,1,6,2.0,7,5,6,0,0,1
Django-1.8.2,Django-1.8.2/tests/select_related_regress/models.py,TUser,True,0,1,0.0,2,2,2,0,0,0
Django-1.8.2,Django-1.8.2/tests/select_related_regress/models.py,Person,True,0,1,0.0,2,2,2,0,0,0
Django-1.8.2,Django-1.8.2/tests/select_related_regress/models.py,Organizer,True,0,1,0.0,2,2,2,0,0,0
Django-1.8.2,Django-1.8.2/tests/select_related_regress/models.py,Student,True,0,1,0.0,2,2,2,0,0,0
Django-1.8.2,Django-1.8.2/tests/select_related_regress/models.py,Class,True,0,1,0.0,2,2,2,0,0,0
Django-1.8.2,Django-1.8.2/tests/select_related_regress/models.py,Enrollment,True,0,2,0.0,3,3,3,0,0,0
Django-1.8.2,Django-1.8.2/tests/select_related_regress/models.py,Country,True,0,1,0.0,2,2,2,0,0,0
Django-1.8.2,Django-1.8.2/tests/select_related_regress/models.py,State,True,0,2,0.0,3,3,3,0,0,0
Django-1.8.2,Django-1.8.2/tests/select_related_regress/models.py,ClientStatus,True,0,1,0.0,2,2,2,0,0,0
Django-1.8.2,Django-1.8.2/tests/select_related_regress/models.py,Client,True,0,3,0.0,4,4,4,0,0,0
Django-1.8.2,Django-1.8.2/tests/select_related_regress/models.py,SpecialClient,True,0,1,0.0,2,2,2,0,0,0
Django-1.8.2,Django-1.8.2/tests/select_related_regress/models.py,Parent,True,1,4,2.0,5,4,4,0,0,1
Django-1.8.2,Django-1.8.2/tests/select_related_regress/models.py,Child,True,0,1,0.0,2,2,2,0,0,0
Django-1.8.2,Django-1.8.2/tests/select_related_regress/models.py,Item,True,1,5,2.0,6,5,5,0,0,1
Django-1.8.2,Django-1.8.2/tests/select_related_regress/models.py,Fowl,True,1,4,2.0,5,4,4,0,0,1
Django-1.8.2,Django-1.8.2/tests/select_related_regress/models.py,Hen,True,0,1,0.0,2,2,2,0,0,0
Django-1.8.2,Django-1.8.2/tests/select_related_regress/models.py,Chick,True,0,1,0.0,2,2,2,0,0,0
Django-1.8.2,Django-1.8.2/tests/select_related_regress/models.py,Base,True,0,5,0.0,6,5,5,0,0,1
Django-1.8.2,Django-1.8.2/tests/select_related_regress/models.py,A,True,0,1,0.0,2,2,2,0,0,0
Django-1.8.2,Django-1.8.2/tests/select_related_regress/models.py,B,True,0,1,0.0,2,2,2,0,0,0
Django-1.8.2,Django-1.8.2/tests/select_related_regress/models.py,C,True,0,3,0.0,4,4,4,0,0,0
Django-1.8.2,Django-1.8.2/tests/select_related_regress/tests.py,SelectRelatedRegressTests,True,9,185,19.555555555555557,186,114,115,9,28,33
Django-1.8.2,Django-1.8.2/tests/serializers/models.py,Category,True,1,7,2.0,8,6,6,0,0,2
Django-1.8.2,Django-1.8.2/tests/serializers/models.py,Author,True,1,7,2.0,8,6,6,0,0,2
Django-1.8.2,Django-1.8.2/tests/serializers/models.py,Article,True,1,10,2.0,11,9,9,0,0,2
Django-1.8.2,Django-1.8.2/tests/serializers/models.py,AuthorProfile,True,1,5,2.0,6,5,5,0,0,1
Django-1.8.2,Django-1.8.2/tests/serializers/models.py,Actor,True,1,7,2.0,8,6,6,0,0,2
Django-1.8.2,Django-1.8.2/tests/serializers/models.py,Movie,True,1,9,2.0,10,8,8,0,0,2
Django-1.8.2,Django-1.8.2/tests/serializers/models.py,Score,True,0,1,0.0,2,2,2,0,0,0
Django-1.8.2,Django-1.8.2/tests/serializers/models.py,Team,True,3,8,2.0,9,7,7,0,0,2
Django-1.8.2,Django-1.8.2/tests/serializers/models.py,TeamField,True,6,22,2.6666666666666665,23,17,17,0,0,6
Django-1.8.2,Django-1.8.2/tests/serializers/models.py,Player,True,1,6,2.0,7,6,6,0,0,1
Django-1.8.2,Django-1.8.2/tests/serializers/tests.py,SerializerRegistrationTests,True,5,39,7.0,40,30,27,0,0,10
Django-1.8.2,Django-1.8.2/tests/serializers/tests.py,SerializersTestBase,True,14,188,12.428571428571429,189,119,130,4,20,28
Django-1.8.2,Django-1.8.2/tests/serializers/tests.py,SerializersTransactionTestBase,True,1,22,18.0,23,15,14,2,4,3
Django-1.8.2,Django-1.8.2/tests/serializers/tests.py,XmlSerializerTestCase,True,4,47,7.25,48,34,42,2,0,4
Django-1.8.2,Django-1.8.2/tests/serializers/tests.py,XmlSerializerTransactionTestCase,True,0,17,0.0,18,3,18,0,0,0
Django-1.8.2,Django-1.8.2/tests/serializers/tests.py,JsonSerializerTestCase,True,4,47,7.5,48,35,43,0,0,5
Django-1.8.2,Django-1.8.2/tests/serializers/tests.py,JsonSerializerTransactionTestCase,True,0,26,0.0,27,3,27,0,0,0
Django-1.8.2,Django-1.8.2/tests/serializers/tests.py,YamlImportModuleMock,True,2,18,3.5,19,8,7,0,8,4
Django-1.8.2,Django-1.8.2/tests/serializers/tests.py,NoYamlSerializerTestCase,True,5,38,5.6,39,26,20,2,3,9
Django-1.8.2,Django-1.8.2/tests/serializers/tests.py,YamlSerializerTestCase,True,3,57,9.0,58,31,51,3,0,4
Django-1.8.2,Django-1.8.2/tests/serializers/tests.py,YamlSerializerTransactionTestCase,True,0,16,0.0,17,3,17,0,0,0
Django-1.8.2,Django-1.8.2/tests/serializers_regress/models.py,BinaryData,True,0,1,0.0,2,2,2,0,0,0
Django-1.8.2,Django-1.8.2/tests/serializers_regress/models.py,BooleanData,True,0,1,0.0,2,2,2,0,0,0
Django-1.8.2,Django-1.8.2/tests/serializers_regress/models.py,CharData,True,0,1,0.0,2,2,2,0,0,0
Django-1.8.2,Django-1.8.2/tests/serializers_regress/models.py,DateData,True,0,1,0.0,2,2,2,0,0,0
Django-1.8.2,Django-1.8.2/tests/serializers_regress/models.py,DateTimeData,True,0,1,0.0,2,2,2,0,0,0
Django-1.8.2,Django-1.8.2/tests/serializers_regress/models.py,DecimalData,True,0,1,0.0,2,2,2,0,0,0
Django-1.8.2,Django-1.8.2/tests/serializers_regress/models.py,EmailData,True,0,1,0.0,2,2,2,0,0,0
Django-1.8.2,Django-1.8.2/tests/serializers_regress/models.py,FileData,True,0,1,0.0,2,2,2,0,0,0
Django-1.8.2,Django-1.8.2/tests/serializers_regress/models.py,FilePathData,True,0,1,0.0,2,2,2,0,0,0
Django-1.8.2,Django-1.8.2/tests/serializers_regress/models.py,FloatData,True,0,1,0.0,2,2,2,0,0,0
Django-1.8.2,Django-1.8.2/tests/serializers_regress/models.py,IntegerData,True,0,1,0.0,2,2,2,0,0,0
Django-1.8.2,Django-1.8.2/tests/serializers_regress/models.py,BigIntegerData,True,0,1,0.0,2,2,2,0,0,0
Django-1.8.2,Django-1.8.2/tests/serializers_regress/models.py,IPAddressData,True,0,1,0.0,2,2,2,0,0,0
Django-1.8.2,Django-1.8.2/tests/serializers_regress/models.py,GenericIPAddressData,True,0,1,0.0,2,2,2,0,0,0
Django-1.8.2,Django-1.8.2/tests/serializers_regress/models.py,NullBooleanData,True,0,1,0.0,2,2,2,0,0,0
Django-1.8.2,Django-1.8.2/tests/serializers_regress/models.py,PositiveIntegerData,True,0,1,0.0,2,2,2,0,0,0
Django-1.8.2,Django-1.8.2/tests/serializers_regress/models.py,PositiveSmallIntegerData,True,0,1,0.0,2,2,2,0,0,0
Django-1.8.2,Django-1.8.2/tests/serializers_regress/models.py,SlugData,True,0,1,0.0,2,2,2,0,0,0
Django-1.8.2,Django-1.8.2/tests/serializers_regress/models.py,SmallData,True,0,1,0.0,2,2,2,0,0,0
Django-1.8.2,Django-1.8.2/tests/serializers_regress/models.py,TextData,True,0,1,0.0,2,2,2,0,0,0
Django-1.8.2,Django-1.8.2/tests/serializers_regress/models.py,TimeData,True,0,1,0.0,2,2,2,0,0,0
Django-1.8.2,Django-1.8.2/tests/serializers_regress/models.py,Tag,True,0,9,0.0,10,8,7,0,0,2
Django-1.8.2,Django-1.8.2/tests/serializers_regress/models.py,GenericData,True,0,3,0.0,4,3,3,0,0,1
Django-1.8.2,Django-1.8.2/tests/serializers_regress/models.py,Anchor,True,0,7,0.0,8,5,4,0,2,2
Django-1.8.2,Django-1.8.2/tests/serializers_regress/models.py,NaturalKeyAnchorManager,True,1,2,2.0,3,3,3,0,0,0
Django-1.8.2,Django-1.8.2/tests/serializers_regress/models.py,NaturalKeyAnchor,True,1,7,2.0,8,6,6,0,0,2
Django-1.8.2,Django-1.8.2/tests/serializers_regress/models.py,UniqueAnchor,True,0,4,0.0,5,3,2,0,2,1
Django-1.8.2,Django-1.8.2/tests/serializers_regress/models.py,FKData,True,0,1,0.0,2,2,2,0,0,0
Django-1.8.2,Django-1.8.2/tests/serializers_regress/models.py,FKDataNaturalKey,True,0,1,0.0,2,2,2,0,0,0
Django-1.8.2,Django-1.8.2/tests/serializers_regress/models.py,M2MData,True,0,1,0.0,2,2,2,0,0,0
Django-1.8.2,Django-1.8.2/tests/serializers_regress/models.py,O2OData,True,0,2,0.0,3,2,2,1,0,0
Django-1.8.2,Django-1.8.2/tests/serializers_regress/models.py,FKSelfData,True,0,1,0.0,2,2,2,0,0,0
Django-1.8.2,Django-1.8.2/tests/serializers_regress/models.py,M2MSelfData,True,0,1,0.0,2,2,2,0,0,0
Django-1.8.2,Django-1.8.2/tests/serializers_regress/models.py,FKDataToField,True,0,1,0.0,2,2,2,0,0,0
Django-1.8.2,Django-1.8.2/tests/serializers_regress/models.py,FKDataToO2O,True,0,1,0.0,2,2,2,0,0,0
Django-1.8.2,Django-1.8.2/tests/serializers_regress/models.py,M2MIntermediateData,True,0,1,0.0,2,2,2,0,0,0
Django-1.8.2,Django-1.8.2/tests/serializers_regress/models.py,Intermediate,True,0,3,0.0,4,4,4,0,0,0
Django-1.8.2,Django-1.8.2/tests/serializers_regress/models.py,BooleanPKData,True,0,1,0.0,2,2,2,0,0,0
Django-1.8.2,Django-1.8.2/tests/serializers_regress/models.py,CharPKData,True,0,1,0.0,2,2,2,0,0,0
Django-1.8.2,Django-1.8.2/tests/serializers_regress/models.py,DecimalPKData,True,0,1,0.0,2,2,2,0,0,0
Django-1.8.2,Django-1.8.2/tests/serializers_regress/models.py,EmailPKData,True,0,1,0.0,2,2,2,0,0,0
Django-1.8.2,Django-1.8.2/tests/serializers_regress/models.py,FilePathPKData,True,0,1,0.0,2,2,2,0,0,0
Django-1.8.2,Django-1.8.2/tests/serializers_regress/models.py,FloatPKData,True,0,1,0.0,2,2,2,0,0,0
Django-1.8.2,Django-1.8.2/tests/serializers_regress/models.py,IntegerPKData,True,0,1,0.0,2,2,2,0,0,0
Django-1.8.2,Django-1.8.2/tests/serializers_regress/models.py,IPAddressPKData,True,0,1,0.0,2,2,2,0,0,0
Django-1.8.2,Django-1.8.2/tests/serializers_regress/models.py,GenericIPAddressPKData,True,0,1,0.0,2,2,2,0,0,0
Django-1.8.2,Django-1.8.2/tests/serializers_regress/models.py,PositiveIntegerPKData,True,0,1,0.0,2,2,2,0,0,0
Django-1.8.2,Django-1.8.2/tests/serializers_regress/models.py,PositiveSmallIntegerPKData,True,0,1,0.0,2,2,2,0,0,0
Django-1.8.2,Django-1.8.2/tests/serializers_regress/models.py,SlugPKData,True,0,1,0.0,2,2,2,0,0,0
Django-1.8.2,Django-1.8.2/tests/serializers_regress/models.py,SmallPKData,True,0,1,0.0,2,2,2,0,0,0
Django-1.8.2,Django-1.8.2/tests/serializers_regress/models.py,UUIDData,True,0,1,0.0,2,2,2,0,0,0
Django-1.8.2,Django-1.8.2/tests/serializers_regress/models.py,FKToUUID,True,0,1,0.0,2,2,2,0,0,0
Django-1.8.2,Django-1.8.2/tests/serializers_regress/models.py,ComplexModel,True,0,3,0.0,4,4,4,0,0,0
Django-1.8.2,Django-1.8.2/tests/serializers_regress/models.py,AutoNowDateTimeData,True,0,1,0.0,2,2,2,0,0,0
Django-1.8.2,Django-1.8.2/tests/serializers_regress/models.py,ModifyingSaveData,True,1,10,8.0,11,6,5,0,5,1
Django-1.8.2,Django-1.8.2/tests/serializers_regress/models.py,AbstractBaseModel,True,0,4,0.0,5,4,4,0,0,1
Django-1.8.2,Django-1.8.2/tests/serializers_regress/models.py,InheritAbstractModel,True,0,1,0.0,2,2,2,0,0,0
Django-1.8.2,Django-1.8.2/tests/serializers_regress/models.py,BaseModel,True,0,1,0.0,2,2,2,0,0,0
Django-1.8.2,Django-1.8.2/tests/serializers_regress/models.py,InheritBaseModel,True,0,1,0.0,2,2,2,0,0,0
Django-1.8.2,Django-1.8.2/tests/serializers_regress/models.py,ExplicitInheritBaseModel,True,0,2,0.0,3,3,3,0,0,0
Django-1.8.2,Django-1.8.2/tests/serializers_regress/models.py,ProxyBaseModel,True,0,2,0.0,3,3,3,0,0,0
Django-1.8.2,Django-1.8.2/tests/serializers_regress/models.py,ProxyProxyBaseModel,True,0,2,0.0,3,3,3,0,0,0
Django-1.8.2,Django-1.8.2/tests/serializers_regress/models.py,LengthModel,True,1,4,2.0,5,4,4,0,0,1
Django-1.8.2,Django-1.8.2/tests/serializers_regress/tests.py,SerializerTests,True,6,44,6.333333333333333,45,35,34,1,3,7
Django-1.8.2,Django-1.8.2/tests/serializers_regress/tests.py,XmlDeserializerSecurityTests,True,1,12,11.0,13,6,5,0,5,3
Django-1.8.2,Django-1.8.2/tests/servers/models.py,Person,True,0,1,0.0,2,2,2,0,0,0
Django-1.8.2,Django-1.8.2/tests/servers/tests.py,LiveServerBase,True,1,11,2.0,12,5,10,0,0,2
Django-1.8.2,Django-1.8.2/tests/servers/tests.py,LiveServerAddress,True,4,50,9.75,51,32,31,8,4,8
Django-1.8.2,Django-1.8.2/tests/servers/tests.py,LiveServerViews,True,6,52,7.833333333333333,53,33,27,0,21,5
Django-1.8.2,Django-1.8.2/tests/servers/tests.py,LiveServerDatabase,True,2,21,9.5,22,10,11,0,9,2
Django-1.8.2,Django-1.8.2/tests/servers/test_basehttp.py,Stub,True,1,2,2.0,3,3,3,0,0,0
Django-1.8.2,Django-1.8.2/tests/servers/test_basehttp.py,WSGIRequestHandlerTestCase,True,2,63,31.0,64,39,42,4,5,12
Django-1.8.2,Django-1.8.2/tests/sessions_tests/tests.py,SessionTestsMixin,True,30,279,8.1,280,207,209,25,0,48
Django-1.8.2,Django-1.8.2/tests/sessions_tests/tests.py,DatabaseSessionTests,True,4,63,14.0,64,39,33,7,10,13
Django-1.8.2,Django-1.8.2/tests/sessions_tests/tests.py,DatabaseSessionWithTimeZoneTests,True,0,1,0.0,2,2,2,0,0,0
Django-1.8.2,Django-1.8.2/tests/sessions_tests/tests.py,CacheDBSessionTests,True,3,21,3.3333333333333335,22,14,16,2,0,4
Django-1.8.2,Django-1.8.2/tests/sessions_tests/tests.py,CacheDBSessionWithTimeZoneTests,True,0,1,0.0,2,2,2,0,0,0
Django-1.8.2,Django-1.8.2/tests/sessions_tests/tests.py,FileSessionTests,True,6,67,9.333333333333334,68,38,41,12,3,12
Django-1.8.2,Django-1.8.2/tests/sessions_tests/tests.py,CacheSessionTests,True,3,29,4.333333333333333,30,16,23,2,0,5
Django-1.8.2,Django-1.8.2/tests/sessions_tests/tests.py,SessionMiddlewareTests,True,6,121,18.5,122,58,76,22,0,24
Django-1.8.2,Django-1.8.2/tests/sessions_tests/tests.py,CookieSessionTests,True,3,23,5.666666666666667,24,11,9,1,10,4
Django-1.8.2,Django-1.8.2/tests/settings_tests/tests.py,FullyDecoratedTranTestCase,True,8,49,2.625,50,34,41,0,0,9
Django-1.8.2,Django-1.8.2/tests/settings_tests/tests.py,FullyDecoratedTestCase,True,2,14,3.0,15,10,13,0,0,2
Django-1.8.2,Django-1.8.2/tests/settings_tests/tests.py,ClassDecoratedTestCaseSuper,True,1,7,2.0,8,4,3,0,4,1
Django-1.8.2,Django-1.8.2/tests/settings_tests/tests.py,ClassDecoratedTestCase,True,5,27,4.0,28,19,17,0,4,6
Django-1.8.2,Django-1.8.2/tests/settings_tests/tests.py,ParentDecoratedTestCase,True,0,1,0.0,2,2,2,0,0,0
Django-1.8.2,Django-1.8.2/tests/settings_tests/tests.py,ChildDecoratedTestCase,True,1,3,3.0,4,4,4,0,0,0
Django-1.8.2,Django-1.8.2/tests/settings_tests/tests.py,SettingsTests,True,15,124,6.933333333333334,125,91,90,7,7,21
Django-1.8.2,Django-1.8.2/tests/settings_tests/tests.py,TestComplexSettingOverride,True,3,22,6.666666666666667,23,16,17,1,0,4
Django-1.8.2,Django-1.8.2/tests/settings_tests/tests.py,TrailingSlashURLTests,True,6,79,11.0,80,45,44,0,19,17
Django-1.8.2,Django-1.8.2/tests/settings_tests/tests.py,SecureProxySslHeaderTest,True,6,29,3.6666666666666665,30,24,24,0,0,6
Django-1.8.2,Django-1.8.2/tests/settings_tests/tests.py,IsOverriddenTest,True,3,22,6.666666666666667,23,19,19,0,0,4
Django-1.8.2,Django-1.8.2/tests/settings_tests/tests.py,TestTupleSettings,True,1,23,12.0,24,15,19,0,4,1
Django-1.8.2,Django-1.8.2/tests/settings_tests/tests.py,TestSessionVerification,True,5,41,7.2,42,28,37,0,0,5
Django-1.8.2,Django-1.8.2/tests/shortcuts/tests.py,ShortcutTests,True,17,111,5.0,112,91,90,0,5,17
Django-1.8.2,Django-1.8.2/tests/signals/models.py,Person,True,1,5,2.0,6,5,5,0,0,1
Django-1.8.2,Django-1.8.2/tests/signals/models.py,Car,True,1,5,2.0,6,5,5,0,0,1
Django-1.8.2,Django-1.8.2/tests/signals/models.py,Author,True,1,4,2.0,5,4,4,0,0,1
Django-1.8.2,Django-1.8.2/tests/signals/models.py,Book,True,1,5,2.0,6,5,5,0,0,1
Django-1.8.2,Django-1.8.2/tests/signals/tests.py,BaseSignalTest,True,2,19,9.0,20,6,16,3,0,1
Django-1.8.2,Django-1.8.2/tests/signals/tests.py,SignalTests,True,6,223,36.333333333333336,224,149,182,3,4,35
Django-1.8.2,Django-1.8.2/tests/signals/tests.py,LazyModelRefTest,True,5,42,7.6,43,27,37,0,0,6
Django-1.8.2,Django-1.8.2/tests/signed_cookies_tests/tests.py,SignedCookieTest,True,6,59,8.666666666666666,60,51,52,0,0,8
Django-1.8.2,Django-1.8.2/tests/signing/tests.py,TestSigner,True,7,101,13.428571428571429,102,59,88,1,0,8
Django-1.8.2,Django-1.8.2/tests/signing/tests.py,TestTimestampSigner,True,1,15,14.0,16,12,13,1,0,2
Django-1.8.2,Django-1.8.2/tests/sitemaps_tests/base.py,SitemapTestsBase,True,2,17,5.5,18,13,13,3,0,2
Django-1.8.2,Django-1.8.2/tests/sitemaps_tests/models.py,TestModel,True,1,4,2.0,5,4,4,0,0,1
Django-1.8.2,Django-1.8.2/tests/sitemaps_tests/models.py,I18nTestModel,True,1,4,2.0,5,4,4,0,0,1
Django-1.8.2,Django-1.8.2/tests/sitemaps_tests/test_generic.py,GenericViewsSitemapTests,True,1,13,12.0,14,9,12,0,0,1
Django-1.8.2,Django-1.8.2/tests/sitemaps_tests/test_http.py,HTTPSitemapTests,True,19,202,8.68421052631579,203,106,126,22,23,22
Django-1.8.2,Django-1.8.2/tests/sitemaps_tests/test_https.py,HTTPSSitemapTests,True,2,28,12.0,29,13,19,6,0,2
Django-1.8.2,Django-1.8.2/tests/sitemaps_tests/test_https.py,HTTPSDetectionSitemapTests,True,2,28,12.0,29,14,19,6,0,2
Django-1.8.2,Django-1.8.2/tests/sitemaps_tests/urls/http.py,SimpleSitemap,True,1,7,2.0,8,7,7,0,0,1
Django-1.8.2,Django-1.8.2/tests/sitemaps_tests/urls/http.py,SimpleI18nSitemap,True,1,6,2.0,7,6,6,0,0,1
Django-1.8.2,Django-1.8.2/tests/sitemaps_tests/urls/http.py,EmptySitemap,True,1,6,2.0,7,6,6,0,0,1
Django-1.8.2,Django-1.8.2/tests/sitemaps_tests/urls/http.py,FixedLastmodSitemap,True,0,1,0.0,2,2,2,0,0,0
Django-1.8.2,Django-1.8.2/tests/sitemaps_tests/urls/http.py,FixedLastmodMixedSitemap,True,1,10,5.0,11,10,10,0,0,1
Django-1.8.2,Django-1.8.2/tests/sitemaps_tests/urls/http.py,DateSiteMap,True,0,1,0.0,2,2,2,0,0,0
Django-1.8.2,Django-1.8.2/tests/sitemaps_tests/urls/http.py,TimezoneSiteMap,True,0,1,0.0,2,2,2,0,0,0
Django-1.8.2,Django-1.8.2/tests/sitemaps_tests/urls/https.py,HTTPSSitemap,True,0,1,0.0,2,2,2,0,0,0
Django-1.8.2,Django-1.8.2/tests/sites_framework/models.py,AbstractArticle,True,1,10,2.0,11,8,8,0,0,3
Django-1.8.2,Django-1.8.2/tests/sites_framework/models.py,SyndicatedArticle,True,0,1,0.0,2,2,2,0,0,0
Django-1.8.2,Django-1.8.2/tests/sites_framework/models.py,ExclusiveArticle,True,0,1,0.0,2,2,2,0,0,0
Django-1.8.2,Django-1.8.2/tests/sites_framework/models.py,CustomArticle,True,0,4,0.0,5,4,4,0,0,1
Django-1.8.2,Django-1.8.2/tests/sites_framework/tests.py,SitesFrameworkTestCase,True,7,62,8.0,63,36,51,0,0,12
Django-1.8.2,Django-1.8.2/tests/sites_framework/migrations/0001_initial.py,Migration,True,0,43,0.0,44,4,42,0,0,2
Django-1.8.2,Django-1.8.2/tests/sites_tests/tests.py,SitesFrameworkTests,True,9,117,11.555555555555555,118,81,90,14,0,15
Django-1.8.2,Django-1.8.2/tests/sites_tests/tests.py,JustOtherRouter,True,1,2,2.0,3,3,3,0,0,0
Django-1.8.2,Django-1.8.2/tests/sites_tests/tests.py,CreateDefaultSiteTests,True,8,74,7.75,75,46,40,2,24,10
Django-1.8.2,Django-1.8.2/tests/sites_tests/tests.py,MiddlewareTest,True,1,7,6.0,8,7,6,0,0,1
Django-1.8.2,Django-1.8.2/tests/staticfiles_tests/storage.py,DummyStorage,True,4,15,2.0,16,10,9,0,4,3
Django-1.8.2,Django-1.8.2/tests/staticfiles_tests/storage.py,SimpleCachedStaticFilesStorage,True,1,3,2.0,4,3,3,0,0,1
Django-1.8.2,Django-1.8.2/tests/staticfiles_tests/tests.py,BaseStaticFilesTestCase,True,6,27,3.0,28,19,19,0,3,6
Django-1.8.2,Django-1.8.2/tests/staticfiles_tests/tests.py,StaticFilesTestCase,True,0,1,0.0,2,2,2,0,0,0
Django-1.8.2,Django-1.8.2/tests/staticfiles_tests/tests.py,BaseCollectionTestCase,True,4,33,5.5,34,19,20,3,7,4
Django-1.8.2,Django-1.8.2/tests/staticfiles_tests/tests.py,CollectionTestCase,True,0,1,0.0,2,2,2,0,0,0
Django-1.8.2,Django-1.8.2/tests/staticfiles_tests/tests.py,TestDefaults,True,6,40,5.333333333333333,41,21,14,0,22,5
Django-1.8.2,Django-1.8.2/tests/staticfiles_tests/tests.py,TestFindStatic,True,4,59,13.25,60,43,41,4,13,3
Django-1.8.2,Django-1.8.2/tests/staticfiles_tests/tests.py,TestConfiguration,True,2,33,16.0,34,28,30,0,0,4
Django-1.8.2,Django-1.8.2/tests/staticfiles_tests/tests.py,TestCollection,True,2,16,6.0,17,10,7,0,9,1
Django-1.8.2,Django-1.8.2/tests/staticfiles_tests/tests.py,TestCollectionClear,True,2,11,3.5,12,9,8,0,3,1
Django-1.8.2,Django-1.8.2/tests/staticfiles_tests/tests.py,TestCollectionExcludeNoDefaultIgnore,True,2,17,6.0,18,9,8,0,8,2
Django-1.8.2,Django-1.8.2/tests/staticfiles_tests/tests.py,TestNoFilesCreated,True,1,6,5.0,7,4,3,0,3,1
Django-1.8.2,Django-1.8.2/tests/staticfiles_tests/tests.py,TestCollectionDryRun,True,1,5,2.0,6,4,3,0,3,0
Django-1.8.2,Django-1.8.2/tests/staticfiles_tests/tests.py,TestCollectionFilesOverride,True,3,53,14.0,54,26,24,10,10,10
Django-1.8.2,Django-1.8.2/tests/staticfiles_tests/tests.py,TestCollectionNonLocalStorage,True,0,4,0.0,5,3,2,0,3,0
Django-1.8.2,Django-1.8.2/tests/staticfiles_tests/tests.py,TestHashedFiles,True,16,172,9.4375,173,122,139,1,13,19
Django-1.8.2,Django-1.8.2/tests/staticfiles_tests/tests.py,TestCollectionCachedStorage,True,2,28,11.5,29,21,20,2,6,1
Django-1.8.2,Django-1.8.2/tests/staticfiles_tests/tests.py,TestCollectionManifestStorage,True,6,59,8.166666666666666,60,39,41,2,3,14
Django-1.8.2,Django-1.8.2/tests/staticfiles_tests/tests.py,TestCollectionSimpleCachedStorage,True,2,29,11.0,30,17,22,0,6,2
Django-1.8.2,Django-1.8.2/tests/staticfiles_tests/tests.py,TestCollectionLinks,True,3,24,5.0,25,13,10,0,12,3
Django-1.8.2,Django-1.8.2/tests/staticfiles_tests/tests.py,TestServeStatic,True,3,13,2.3333333333333335,14,8,8,0,3,3
Django-1.8.2,Django-1.8.2/tests/staticfiles_tests/tests.py,TestServeDisabled,True,1,5,2.0,6,4,3,0,3,0
Django-1.8.2,Django-1.8.2/tests/staticfiles_tests/tests.py,TestServeStaticWithDefaultURL,True,0,4,0.0,5,3,2,0,3,0
Django-1.8.2,Django-1.8.2/tests/staticfiles_tests/tests.py,TestServeStaticWithURLHelper,True,0,3,0.0,4,2,1,0,3,0
Django-1.8.2,Django-1.8.2/tests/staticfiles_tests/tests.py,FinderTestCase,True,2,18,5.0,19,12,11,0,6,2
Django-1.8.2,Django-1.8.2/tests/staticfiles_tests/tests.py,TestFileSystemFinder,True,1,9,6.0,10,8,7,0,3,0
Django-1.8.2,Django-1.8.2/tests/staticfiles_tests/tests.py,TestAppDirectoriesFinder,True,1,9,6.0,10,8,7,0,3,0
Django-1.8.2,Django-1.8.2/tests/staticfiles_tests/tests.py,TestDefaultStorageFinder,True,1,10,7.0,11,8,8,0,3,0
Django-1.8.2,Django-1.8.2/tests/staticfiles_tests/tests.py,TestMiscFinder,True,7,41,4.285714285714286,42,25,29,0,7,6
Django-1.8.2,Django-1.8.2/tests/staticfiles_tests/tests.py,TestTemplateTag,True,1,4,3.0,5,4,4,0,0,1
Django-1.8.2,Django-1.8.2/tests/staticfiles_tests/tests.py,CustomStaticFilesStorage,True,1,7,4.0,8,6,5,0,3,0
Django-1.8.2,Django-1.8.2/tests/staticfiles_tests/tests.py,TestStaticFilePermissions,True,6,56,5.5,57,39,49,1,0,7
Django-1.8.2,Django-1.8.2/tests/staticfiles_tests/test_liveserver.py,LiveServerBase,True,2,15,4.5,16,11,11,2,0,3
Django-1.8.2,Django-1.8.2/tests/staticfiles_tests/test_liveserver.py,StaticLiveServerChecks,True,4,40,8.25,41,28,28,7,0,6
Django-1.8.2,Django-1.8.2/tests/staticfiles_tests/test_liveserver.py,StaticLiveServerView,True,2,13,4.5,14,9,7,1,4,2
Django-1.8.2,Django-1.8.2/tests/str/models.py,Article,True,1,7,4.0,8,5,5,2,0,1
Django-1.8.2,Django-1.8.2/tests/str/models.py,InternationalArticle,True,1,5,2.0,6,5,5,0,0,1
Django-1.8.2,Django-1.8.2/tests/str/tests.py,SimpleTests,True,2,22,9.5,23,12,18,3,0,2
Django-1.8.2,Django-1.8.2/tests/string_lookup/models.py,Foo,True,1,5,2.0,6,5,5,0,0,1
Django-1.8.2,Django-1.8.2/tests/string_lookup/models.py,Bar,True,1,7,2.0,8,7,7,0,0,1
Django-1.8.2,Django-1.8.2/tests/string_lookup/models.py,Whiz,True,1,4,2.0,5,4,4,0,0,1
Django-1.8.2,Django-1.8.2/tests/string_lookup/models.py,Child,True,1,5,2.0,6,5,5,0,0,1
Django-1.8.2,Django-1.8.2/tests/string_lookup/models.py,Base,True,1,4,2.0,5,4,4,0,0,1
Django-1.8.2,Django-1.8.2/tests/string_lookup/models.py,Article,True,1,6,2.0,7,6,6,0,0,1
Django-1.8.2,Django-1.8.2/tests/string_lookup/tests.py,StringLookupTests,True,4,75,17.75,76,37,34,2,19,21
Django-1.8.2,Django-1.8.2/tests/swappable_models/models.py,Article,True,0,5,0.0,6,5,5,0,0,1
Django-1.8.2,Django-1.8.2/tests/swappable_models/models.py,AlternateArticle,True,0,3,0.0,4,4,4,0,0,0
Django-1.8.2,Django-1.8.2/tests/swappable_models/tests.py,SwappableModelTests,True,2,40,15.0,41,23,27,4,0,8
Django-1.8.2,Django-1.8.2/tests/syndication_tests/feeds.py,TestRss2Feed,True,4,28,2.0,29,24,24,0,0,5
Django-1.8.2,Django-1.8.2/tests/syndication_tests/feeds.py,TestRss2FeedWithGuidIsPermaLinkTrue,True,1,2,2.0,3,3,3,0,0,0
Django-1.8.2,Django-1.8.2/tests/syndication_tests/feeds.py,TestRss2FeedWithGuidIsPermaLinkFalse,True,2,5,2.0,6,5,5,0,0,1
Django-1.8.2,Django-1.8.2/tests/syndication_tests/feeds.py,TestRss091Feed,True,0,1,0.0,2,2,2,0,0,0
Django-1.8.2,Django-1.8.2/tests/syndication_tests/feeds.py,TestNoPubdateFeed,True,1,5,2.0,6,5,5,0,0,1
Django-1.8.2,Django-1.8.2/tests/syndication_tests/feeds.py,TestAtomFeed,True,0,2,0.0,3,3,3,0,0,0
Django-1.8.2,Django-1.8.2/tests/syndication_tests/feeds.py,TestLatestFeed,True,1,8,2.0,9,6,5,0,3,1
Django-1.8.2,Django-1.8.2/tests/syndication_tests/feeds.py,ArticlesFeed,True,1,6,2.0,7,4,3,0,4,0
Django-1.8.2,Django-1.8.2/tests/syndication_tests/feeds.py,TestEnclosureFeed,True,0,1,0.0,2,2,2,0,0,0
Django-1.8.2,Django-1.8.2/tests/syndication_tests/feeds.py,TemplateFeed,True,1,9,2.0,10,6,5,1,3,1
Django-1.8.2,Django-1.8.2/tests/syndication_tests/feeds.py,TemplateContextFeed,True,1,10,4.0,11,8,7,0,3,1
Django-1.8.2,Django-1.8.2/tests/syndication_tests/feeds.py,NaiveDatesFeed,True,1,5,2.0,6,4,3,0,3,0
Django-1.8.2,Django-1.8.2/tests/syndication_tests/feeds.py,TZAwareDatesFeed,True,1,8,5.0,9,4,3,3,3,0
Django-1.8.2,Django-1.8.2/tests/syndication_tests/feeds.py,TestFeedUrlFeed,True,0,1,0.0,2,2,2,0,0,0
Django-1.8.2,Django-1.8.2/tests/syndication_tests/feeds.py,MyCustomAtom1Feed,True,4,20,3.5,21,16,15,0,3,3
Django-1.8.2,Django-1.8.2/tests/syndication_tests/feeds.py,TestCustomFeed,True,0,1,0.0,2,2,2,0,0,0
Django-1.8.2,Django-1.8.2/tests/syndication_tests/models.py,Entry,True,2,12,2.0,13,10,10,0,0,3
Django-1.8.2,Django-1.8.2/tests/syndication_tests/models.py,Article,True,1,5,2.0,6,5,5,0,0,1
Django-1.8.2,Django-1.8.2/tests/syndication_tests/tests.py,FeedTestCase,True,4,22,4.25,23,17,18,1,0,4
Django-1.8.2,Django-1.8.2/tests/syndication_tests/tests.py,SyndicationFeedTest,True,20,407,19.15,408,212,274,22,64,48
Django-1.8.2,Django-1.8.2/tests/template_backends/test_django.py,DjangoTemplatesTests,True,2,42,18.0,43,23,31,4,0,8
Django-1.8.2,Django-1.8.2/tests/template_backends/test_dummy.py,TemplateStringsTests,True,10,83,6.8,84,62,63,2,0,19
Django-1.8.2,Django-1.8.2/tests/template_backends/test_jinja2.py,Jinja2Tests,True,1,15,10.0,16,11,8,3,3,2
Django-1.8.2,Django-1.8.2/tests/template_backends/test_utils.py,TemplateStringsTests,True,3,40,7.666666666666667,41,22,28,1,8,5
Django-1.8.2,Django-1.8.2/tests/template_loader/tests.py,TemplateLoaderTests,True,21,95,3.5238095238095237,96,65,75,0,0,21
Django-1.8.2,Django-1.8.2/tests/template_tests/tests.py,TemplateTests,True,8,88,8.75,89,57,60,2,17,10
Django-1.8.2,Django-1.8.2/tests/template_tests/test_callables.py,CallableVariablesTests,True,4,114,27.5,115,74,66,21,0,28
Django-1.8.2,Django-1.8.2/tests/template_tests/test_context.py,ContextTests,True,6,94,14.666666666666666,95,71,61,4,9,21
Django-1.8.2,Django-1.8.2/tests/template_tests/test_context.py,RequestContextTests,True,3,43,10.0,44,20,27,5,7,5
Django-1.8.2,Django-1.8.2/tests/template_tests/test_custom.py,CustomFilterTests,True,1,6,6.0,7,5,7,0,0,0
Django-1.8.2,Django-1.8.2/tests/template_tests/test_custom.py,CustomTagTests,True,15,380,24.333333333333332,381,221,263,7,16,95
Django-1.8.2,Django-1.8.2/tests/template_tests/test_custom.py,TemplateTagLoadingTests,True,4,32,7.0,33,28,28,0,0,5
Django-1.8.2,Django-1.8.2/tests/template_tests/test_engine.py,DeprecatedRenderToStringTest,True,4,36,8.0,37,17,27,1,4,5
Django-1.8.2,Django-1.8.2/tests/template_tests/test_engine.py,LoaderTests,True,5,47,8.4,48,29,35,0,6,7
Django-1.8.2,Django-1.8.2/tests/template_tests/test_engine.py,TemplateDirsOverrideTests,True,4,21,4.0,22,15,18,0,0,4
Django-1.8.2,Django-1.8.2/tests/template_tests/test_loaders.py,CachedLoaderTests,True,4,59,13.75,60,26,40,3,6,11
Django-1.8.2,Django-1.8.2/tests/template_tests/test_loaders.py,EggLoaderTests,True,5,87,16.2,88,58,59,0,11,18
Django-1.8.2,Django-1.8.2/tests/template_tests/test_loaders.py,FileSystemLoaderTests,True,7,58,6.571428571428571,59,40,45,2,3,9
Django-1.8.2,Django-1.8.2/tests/template_tests/test_loaders.py,AppDirectoriesLoaderTest,True,1,5,4.0,6,3,5,0,0,1
Django-1.8.2,Django-1.8.2/tests/template_tests/test_nodelist.py,NodelistTest,True,4,20,4.0,21,17,17,0,0,4
Django-1.8.2,Django-1.8.2/tests/template_tests/test_nodelist.py,ErrorIndexTest,True,1,25,20.0,26,14,22,0,4,0
Django-1.8.2,Django-1.8.2/tests/template_tests/test_parser.py,ParserTests,True,6,135,21.333333333333332,136,86,101,13,3,22
Django-1.8.2,Django-1.8.2/tests/template_tests/test_response.py,CustomURLConfMiddleware,True,1,2,2.0,3,3,3,0,0,0
Django-1.8.2,Django-1.8.2/tests/template_tests/test_response.py,SimpleTemplateResponseTest,True,18,190,9.444444444444445,191,133,138,17,0,35
Django-1.8.2,Django-1.8.2/tests/template_tests/test_response.py,TemplateResponseTest,True,12,102,7.25,103,68,79,7,0,17
Django-1.8.2,Django-1.8.2/tests/template_tests/test_response.py,CustomURLConfTest,True,1,5,4.0,6,5,5,0,0,1
Django-1.8.2,Django-1.8.2/tests/template_tests/test_response.py,CacheMiddlewareTest,True,1,19,18.0,20,12,12,1,0,7
Django-1.8.2,Django-1.8.2/tests/template_tests/test_smartif.py,SmartIfTests,True,6,49,6.666666666666667,50,29,30,9,0,11
Django-1.8.2,Django-1.8.2/tests/template_tests/test_unicode.py,UnicodeTests,True,1,22,22.0,23,18,14,7,0,2
Django-1.8.2,Django-1.8.2/tests/template_tests/utils.py,EchoNode,True,2,5,2.0,6,5,5,0,0,1
Django-1.8.2,Django-1.8.2/tests/template_tests/utils.py,SomeException,True,0,1,0.0,2,2,2,0,0,0
Django-1.8.2,Django-1.8.2/tests/template_tests/utils.py,SomeOtherException,True,0,1,0.0,2,2,2,0,0,0
Django-1.8.2,Django-1.8.2/tests/template_tests/utils.py,ShouldNotExecuteException,True,0,1,0.0,2,2,2,0,0,0
Django-1.8.2,Django-1.8.2/tests/template_tests/utils.py,SomeClass,True,10,36,2.4,37,28,28,0,0,9
Django-1.8.2,Django-1.8.2/tests/template_tests/utils.py,OtherClass,True,1,2,2.0,3,3,3,0,0,0
Django-1.8.2,Django-1.8.2/tests/template_tests/utils.py,TestObj,True,3,8,2.0,9,7,7,0,0,2
Django-1.8.2,Django-1.8.2/tests/template_tests/utils.py,SilentGetItemClass,True,1,2,2.0,3,3,3,0,0,0
Django-1.8.2,Django-1.8.2/tests/template_tests/utils.py,SilentAttrClass,True,1,3,2.0,4,4,4,0,0,0
Django-1.8.2,Django-1.8.2/tests/template_tests/utils.py,UTF8Class,True,1,3,2.0,4,4,3,0,0,0
Django-1.8.2,Django-1.8.2/tests/template_tests/utils.py,UnsafeClass,True,1,2,2.0,3,3,3,0,0,0
Django-1.8.2,Django-1.8.2/tests/template_tests/utils.py,SafeClass,True,1,2,2.0,3,3,3,0,0,0
Django-1.8.2,Django-1.8.2/tests/template_tests/filter_tests/test_add.py,AddTests,True,7,38,3.0,39,44,29,0,3,7
Django-1.8.2,Django-1.8.2/tests/template_tests/filter_tests/test_add.py,FunctionTests,True,1,3,2.0,4,3,3,0,0,1
Django-1.8.2,Django-1.8.2/tests/template_tests/filter_tests/test_addslashes.py,AddslashesTests,True,2,10,3.0,11,13,9,0,0,2
Django-1.8.2,Django-1.8.2/tests/template_tests/filter_tests/test_addslashes.py,FunctionTests,True,3,12,3.0,13,7,10,0,0,3
Django-1.8.2,Django-1.8.2/tests/template_tests/filter_tests/test_autoescape.py,AutoescapeStringfilterTests,True,4,23,3.0,24,26,17,0,3,4
Django-1.8.2,Django-1.8.2/tests/template_tests/filter_tests/test_capfirst.py,CapfirstTests,True,2,10,3.0,11,13,9,0,0,2
Django-1.8.2,Django-1.8.2/tests/template_tests/filter_tests/test_capfirst.py,FunctionTests,True,1,3,2.0,4,3,3,0,0,1
Django-1.8.2,Django-1.8.2/tests/template_tests/filter_tests/test_center.py,CenterTests,True,2,11,3.0,12,13,10,0,0,2
Django-1.8.2,Django-1.8.2/tests/template_tests/filter_tests/test_center.py,FunctionTests,True,2,6,2.0,7,5,5,0,0,2
Django-1.8.2,Django-1.8.2/tests/template_tests/filter_tests/test_chaining.py,ChainingTests,True,14,79,3.0,80,86,59,4,3,14
Django-1.8.2,Django-1.8.2/tests/template_tests/filter_tests/test_cut.py,CutTests,True,6,32,3.0,33,37,25,2,0,6
Django-1.8.2,Django-1.8.2/tests/template_tests/filter_tests/test_cut.py,FunctionTests,True,4,12,2.0,13,9,9,0,0,4
Django-1.8.2,Django-1.8.2/tests/template_tests/filter_tests/test_date.py,DateTests,True,9,51,3.3333333333333335,52,56,37,3,3,9
Django-1.8.2,Django-1.8.2/tests/template_tests/filter_tests/test_date.py,FunctionTests,True,2,6,2.0,7,5,5,0,0,2
Django-1.8.2,Django-1.8.2/tests/template_tests/filter_tests/test_default.py,DefaultTests,True,4,27,3.0,28,26,17,0,6,5
Django-1.8.2,Django-1.8.2/tests/template_tests/filter_tests/test_default.py,DefaultIfNoneTests,True,2,10,3.0,11,13,9,0,0,2
Django-1.8.2,Django-1.8.2/tests/template_tests/filter_tests/test_default.py,FunctionTests,True,3,9,2.0,10,7,7,0,0,3
Django-1.8.2,Django-1.8.2/tests/template_tests/filter_tests/test_default_if_none.py,FunctionTests,True,3,9,2.0,10,7,7,0,0,3
Django-1.8.2,Django-1.8.2/tests/template_tests/filter_tests/test_dictsort.py,FunctionTests,True,3,39,12.0,40,18,27,0,8,5
Django-1.8.2,Django-1.8.2/tests/template_tests/filter_tests/test_dictsortreversed.py,FunctionTests,True,2,25,11.5,26,12,19,0,4,3
Django-1.8.2,Django-1.8.2/tests/template_tests/filter_tests/test_divisibleby.py,FunctionTests,True,2,6,2.0,7,5,5,0,0,2
Django-1.8.2,Django-1.8.2/tests/template_tests/filter_tests/test_escape.py,EscapeTests,True,4,26,3.0,27,26,17,2,4,4
Django-1.8.2,Django-1.8.2/tests/template_tests/filter_tests/test_escape.py,FunctionTests,True,1,3,2.0,4,3,3,0,0,1
Django-1.8.2,Django-1.8.2/tests/template_tests/filter_tests/test_escapejs.py,EscapejsTests,True,2,14,5.0,15,13,13,0,0,2
Django-1.8.2,Django-1.8.2/tests/template_tests/filter_tests/test_escapejs.py,FunctionTests,True,5,27,4.4,28,11,23,0,0,5
Django-1.8.2,Django-1.8.2/tests/template_tests/filter_tests/test_filesizeformat.py,FunctionTests,True,2,33,15.5,34,32,32,0,0,2
Django-1.8.2,Django-1.8.2/tests/template_tests/filter_tests/test_first.py,FirstTests,True,2,10,3.0,11,13,9,0,0,2
Django-1.8.2,Django-1.8.2/tests/template_tests/filter_tests/test_first.py,FunctionTests,True,3,9,2.0,10,7,7,0,0,3
Django-1.8.2,Django-1.8.2/tests/template_tests/filter_tests/test_floatformat.py,FloatformatTests,True,2,11,3.0,12,13,10,0,0,2
Django-1.8.2,Django-1.8.2/tests/template_tests/filter_tests/test_floatformat.py,FunctionTests,True,6,80,11.333333333333334,81,62,61,3,6,11
Django-1.8.2,Django-1.8.2/tests/template_tests/filter_tests/test_force_escape.py,ForceEscapeTests,True,8,46,3.0,47,50,33,2,4,8
Django-1.8.2,Django-1.8.2/tests/template_tests/filter_tests/test_force_escape.py,FunctionTests,True,2,11,4.5,12,7,10,0,0,2
Django-1.8.2,Django-1.8.2/tests/template_tests/filter_tests/test_get_digit.py,FunctionTests,True,2,10,4.0,11,9,9,0,0,2
Django-1.8.2,Django-1.8.2/tests/template_tests/filter_tests/test_iriencode.py,IriencodeTests,True,4,23,3.0,24,26,17,0,3,4
Django-1.8.2,Django-1.8.2/tests/template_tests/filter_tests/test_iriencode.py,FunctionTests,True,2,6,2.0,7,5,5,0,0,2
Django-1.8.2,Django-1.8.2/tests/template_tests/filter_tests/test_join.py,JoinTests,True,8,42,3.0,43,49,33,2,0,8
Django-1.8.2,Django-1.8.2/tests/template_tests/filter_tests/test_join.py,FunctionTests,True,3,15,4.0,16,7,13,0,0,3
Django-1.8.2,Django-1.8.2/tests/template_tests/filter_tests/test_last.py,LastTests,True,2,10,3.0,11,13,9,0,0,2
Django-1.8.2,Django-1.8.2/tests/template_tests/filter_tests/test_length.py,LengthTests,True,7,36,3.0,37,43,29,1,0,7
Django-1.8.2,Django-1.8.2/tests/template_tests/filter_tests/test_length.py,FunctionTests,True,3,9,2.0,10,7,7,0,0,3
Django-1.8.2,Django-1.8.2/tests/template_tests/filter_tests/test_length_is.py,LengthIsTests,True,11,57,3.0,58,65,45,2,0,11
Django-1.8.2,Django-1.8.2/tests/template_tests/filter_tests/test_length_is.py,FunctionTests,True,2,8,3.0,9,7,7,0,0,2
Django-1.8.2,Django-1.8.2/tests/template_tests/filter_tests/test_linebreaks.py,LinebreaksTests,True,2,15,3.0,16,14,10,0,4,2
Django-1.8.2,Django-1.8.2/tests/template_tests/filter_tests/test_linebreaks.py,FunctionTests,True,7,27,2.857142857142857,28,15,21,0,0,7
Django-1.8.2,Django-1.8.2/tests/template_tests/filter_tests/test_linebreaksbr.py,LinebreaksbrTests,True,2,15,3.0,16,14,10,0,4,2
Django-1.8.2,Django-1.8.2/tests/template_tests/filter_tests/test_linebreaksbr.py,FunctionTests,True,6,24,3.0,25,13,19,0,0,6
Django-1.8.2,Django-1.8.2/tests/template_tests/filter_tests/test_linenumbers.py,LinenumbersTests,True,2,23,7.0,24,14,18,0,4,2
Django-1.8.2,Django-1.8.2/tests/template_tests/filter_tests/test_linenumbers.py,FunctionTests,True,5,24,3.8,25,11,20,0,0,5
Django-1.8.2,Django-1.8.2/tests/template_tests/filter_tests/test_ljust.py,LjustTests,True,2,10,3.0,11,13,9,0,0,2
Django-1.8.2,Django-1.8.2/tests/template_tests/filter_tests/test_ljust.py,FunctionTests,True,3,10,2.3333333333333335,11,8,8,0,0,3
Django-1.8.2,Django-1.8.2/tests/template_tests/filter_tests/test_lower.py,LowerTests,True,2,10,3.0,11,13,9,0,0,2
Django-1.8.2,Django-1.8.2/tests/template_tests/filter_tests/test_lower.py,FunctionTests,True,3,10,2.3333333333333335,11,7,7,1,0,3
Django-1.8.2,Django-1.8.2/tests/template_tests/filter_tests/test_make_list.py,MakeListTests,True,4,25,3.0,26,26,18,0,4,4
Django-1.8.2,Django-1.8.2/tests/template_tests/filter_tests/test_make_list.py,FunctionTests,True,2,6,2.0,7,5,5,0,0,2
Django-1.8.2,Django-1.8.2/tests/template_tests/filter_tests/test_phone2numeric.py,Phone2numericTests,True,3,28,7.0,29,19,26,0,0,3
Django-1.8.2,Django-1.8.2/tests/template_tests/filter_tests/test_phone2numeric.py,FunctionTests,True,1,3,2.0,4,3,3,0,0,1
Django-1.8.2,Django-1.8.2/tests/template_tests/filter_tests/test_pluralize.py,FunctionTests,True,5,28,4.6,29,24,24,0,0,5
Django-1.8.2,Django-1.8.2/tests/template_tests/filter_tests/test_random.py,RandomTests,True,2,10,3.0,11,13,9,0,0,2
Django-1.8.2,Django-1.8.2/tests/template_tests/filter_tests/test_removetags.py,RemovetagsTests,True,2,23,9.0,24,13,22,0,0,2
Django-1.8.2,Django-1.8.2/tests/template_tests/filter_tests/test_removetags.py,FunctionTests,True,2,12,5.0,13,5,11,0,0,2
Django-1.8.2,Django-1.8.2/tests/template_tests/filter_tests/test_rjust.py,RjustTests,True,2,10,3.0,11,13,9,0,0,2
Django-1.8.2,Django-1.8.2/tests/template_tests/filter_tests/test_rjust.py,FunctionTests,True,3,9,2.0,10,7,7,0,0,3
Django-1.8.2,Django-1.8.2/tests/template_tests/filter_tests/test_safe.py,SafeTests,True,2,10,3.0,11,13,9,0,0,2
Django-1.8.2,Django-1.8.2/tests/template_tests/filter_tests/test_safeseq.py,SafeseqTests,True,2,11,3.0,12,13,10,0,0,2
Django-1.8.2,Django-1.8.2/tests/template_tests/filter_tests/test_slice.py,SliceTests,True,2,10,3.0,11,13,9,0,0,2
Django-1.8.2,Django-1.8.2/tests/template_tests/filter_tests/test_slice.py,FunctionTests,True,6,18,2.0,19,13,13,0,0,6
Django-1.8.2,Django-1.8.2/tests/template_tests/filter_tests/test_slugify.py,SlugifyTests,True,2,14,3.0,15,14,9,0,4,2
Django-1.8.2,Django-1.8.2/tests/template_tests/filter_tests/test_slugify.py,FunctionTests,True,3,15,4.0,16,7,13,0,0,3
Django-1.8.2,Django-1.8.2/tests/template_tests/filter_tests/test_stringformat.py,StringformatTests,True,2,15,3.0,16,14,10,0,4,2
Django-1.8.2,Django-1.8.2/tests/template_tests/filter_tests/test_stringformat.py,FunctionTests,True,2,6,2.0,7,5,5,0,0,2
Django-1.8.2,Django-1.8.2/tests/template_tests/filter_tests/test_striptags.py,StriptagsTests,True,2,22,9.0,23,13,21,0,0,2
Django-1.8.2,Django-1.8.2/tests/template_tests/filter_tests/test_striptags.py,FunctionTests,True,2,9,3.5,10,5,8,0,0,2
Django-1.8.2,Django-1.8.2/tests/template_tests/filter_tests/test_time.py,TimeTests,True,6,33,3.0,34,38,25,0,3,6
Django-1.8.2,Django-1.8.2/tests/template_tests/filter_tests/test_time.py,FunctionTests,True,1,4,3.0,5,4,4,0,0,1
Django-1.8.2,Django-1.8.2/tests/template_tests/filter_tests/test_timesince.py,TimesinceTests,True,18,107,3.3333333333333335,108,112,81,6,3,18
Django-1.8.2,Django-1.8.2/tests/template_tests/filter_tests/test_timesince.py,FunctionTests,True,2,6,2.0,7,5,5,0,0,2
Django-1.8.2,Django-1.8.2/tests/template_tests/filter_tests/test_timeuntil.py,TimeuntilTests,True,14,83,3.4285714285714284,84,87,65,5,0,14
Django-1.8.2,Django-1.8.2/tests/template_tests/filter_tests/test_timeuntil.py,FunctionTests,True,2,6,2.0,7,5,5,0,0,2
Django-1.8.2,Django-1.8.2/tests/template_tests/filter_tests/test_title.py,TitleTests,True,2,10,3.0,11,13,9,0,0,2
Django-1.8.2,Django-1.8.2/tests/template_tests/filter_tests/test_title.py,FunctionTests,True,3,9,2.0,10,7,7,0,0,3
Django-1.8.2,Django-1.8.2/tests/template_tests/filter_tests/test_truncatechars.py,TruncatecharsTests,True,2,10,3.0,11,13,9,0,0,2
Django-1.8.2,Django-1.8.2/tests/template_tests/filter_tests/test_truncatechars_html.py,FunctionTests,True,6,27,3.5,28,13,22,0,0,6
Django-1.8.2,Django-1.8.2/tests/template_tests/filter_tests/test_truncatewords.py,TruncatewordsTests,True,2,11,3.0,12,13,10,0,0,2
Django-1.8.2,Django-1.8.2/tests/template_tests/filter_tests/test_truncatewords.py,FunctionTests,True,5,24,3.8,25,11,20,0,0,5
Django-1.8.2,Django-1.8.2/tests/template_tests/filter_tests/test_truncatewords_html.py,FunctionTests,True,7,36,4.142857142857143,37,15,30,0,0,7
Django-1.8.2,Django-1.8.2/tests/template_tests/filter_tests/test_unordered_list.py,UnorderedListTests,True,5,26,3.0,27,32,22,0,0,5
Django-1.8.2,Django-1.8.2/tests/template_tests/filter_tests/test_unordered_list.py,DeprecatedUnorderedListSyntaxTests,True,5,25,3.0,26,31,21,0,0,5
Django-1.8.2,Django-1.8.2/tests/template_tests/filter_tests/test_unordered_list.py,FunctionTests,True,10,122,11.1,123,54,99,0,3,21
Django-1.8.2,Django-1.8.2/tests/template_tests/filter_tests/test_upper.py,UpperTests,True,2,14,3.0,15,14,9,0,4,2
Django-1.8.2,Django-1.8.2/tests/template_tests/filter_tests/test_upper.py,FunctionTests,True,3,10,2.3333333333333335,11,7,7,1,0,3
Django-1.8.2,Django-1.8.2/tests/template_tests/filter_tests/test_urlencode.py,UrlencodeTests,True,2,10,3.0,11,13,9,0,0,2
Django-1.8.2,Django-1.8.2/tests/template_tests/filter_tests/test_urlencode.py,FunctionTests,True,2,6,2.0,7,5,5,0,0,2
Django-1.8.2,Django-1.8.2/tests/template_tests/filter_tests/test_urlize.py,UrlizeTests,True,9,71,5.555555555555555,72,55,60,3,0,9
Django-1.8.2,Django-1.8.2/tests/template_tests/filter_tests/test_urlize.py,FunctionTests,True,24,245,9.208333333333334,246,83,180,0,42,24
Django-1.8.2,Django-1.8.2/tests/template_tests/filter_tests/test_urlizetrunc.py,UrlizetruncTests,True,2,31,13.0,32,13,30,0,0,2
Django-1.8.2,Django-1.8.2/tests/template_tests/filter_tests/test_urlizetrunc.py,FunctionTests,True,6,50,7.333333333333333,51,17,42,0,0,9
Django-1.8.2,Django-1.8.2/tests/template_tests/filter_tests/test_wordcount.py,WordcountTests,True,2,10,3.0,11,13,9,0,0,2
Django-1.8.2,Django-1.8.2/tests/template_tests/filter_tests/test_wordcount.py,FunctionTests,True,4,12,2.0,13,9,9,0,0,4
Django-1.8.2,Django-1.8.2/tests/template_tests/filter_tests/test_wordwrap.py,WordwrapTests,True,2,11,3.0,12,13,10,0,0,2
Django-1.8.2,Django-1.8.2/tests/template_tests/filter_tests/test_wordwrap.py,FunctionTests,True,4,21,4.25,22,9,18,0,0,4
Django-1.8.2,Django-1.8.2/tests/template_tests/filter_tests/test_yesno.py,FunctionTests,True,7,21,2.0,22,15,15,0,0,7
Django-1.8.2,Django-1.8.2/tests/template_tests/filter_tests/timezone_utils.py,TimezoneTestCase,True,1,10,9.0,11,6,10,0,0,1
Django-1.8.2,Django-1.8.2/tests/template_tests/syntax_tests/test_autoescape.py,AutoescapeTagTests,True,17,113,4.176470588235294,114,107,71,6,20,17
Django-1.8.2,Django-1.8.2/tests/template_tests/syntax_tests/test_basic.py,BasicSyntaxTests,True,38,300,5.605263157894737,301,246,187,11,61,42
Django-1.8.2,Django-1.8.2/tests/template_tests/syntax_tests/test_builtins.py,BuiltinsTests,True,3,15,3.0,16,16,13,0,0,3
Django-1.8.2,Django-1.8.2/tests/template_tests/syntax_tests/test_cache.py,CacheTagTests,True,15,109,4.666666666666667,110,90,82,1,12,15
Django-1.8.2,Django-1.8.2/tests/template_tests/syntax_tests/test_cache.py,CacheTests,True,3,41,9.333333333333334,42,22,28,0,8,6
Django-1.8.2,Django-1.8.2/tests/template_tests/syntax_tests/test_comment.py,CommentSyntaxTests,True,17,86,3.0,87,86,70,0,0,17
Django-1.8.2,Django-1.8.2/tests/template_tests/syntax_tests/test_cycle.py,CycleTagTests,True,28,151,3.0,152,158,124,0,0,28
Django-1.8.2,Django-1.8.2/tests/template_tests/syntax_tests/test_exceptions.py,ExceptionsTests,True,5,51,6.8,52,35,32,0,15,5
Django-1.8.2,Django-1.8.2/tests/template_tests/syntax_tests/test_extends.py,InheritanceTests,True,42,337,5.9523809523809526,338,221,174,3,119,42
Django-1.8.2,Django-1.8.2/tests/template_tests/syntax_tests/test_filter_syntax.py,FilterSyntaxTests,True,25,220,6.8,221,180,110,0,86,25
Django-1.8.2,Django-1.8.2/tests/template_tests/syntax_tests/test_filter_tag.py,FilterTagTests,True,8,40,3.0,41,42,33,0,0,8
Django-1.8.2,Django-1.8.2/tests/template_tests/syntax_tests/test_firstof.py,FirstOfTagTests,True,14,75,3.0,76,88,62,0,0,14
Django-1.8.2,Django-1.8.2/tests/template_tests/syntax_tests/test_for.py,ForTagTests,True,25,164,4.16,165,168,129,3,6,27
Django-1.8.2,Django-1.8.2/tests/template_tests/syntax_tests/test_i18n.py,I18nTagTests,True,50,403,5.0,404,331,277,5,72,50
Django-1.8.2,Django-1.8.2/tests/template_tests/syntax_tests/test_if.py,IfTagTests,True,100,531,3.22,532,578,411,8,13,100
Django-1.8.2,Django-1.8.2/tests/template_tests/syntax_tests/test_if.py,TestEqualitySingleEqualsSign,True,4,21,3.0,22,24,17,2,0,3
Django-1.8.2,Django-1.8.2/tests/template_tests/syntax_tests/test_if_changed.py,IfChangedTagTests,True,18,148,4.611111111111111,149,115,111,0,20,18
Django-1.8.2,Django-1.8.2/tests/template_tests/syntax_tests/test_if_changed.py,IfChangedTests,True,2,31,14.5,32,21,17,5,6,4
Django-1.8.2,Django-1.8.2/tests/template_tests/syntax_tests/test_if_equal.py,IfEqualTagTests,True,37,188,3.0,189,220,149,3,0,37
Django-1.8.2,Django-1.8.2/tests/template_tests/syntax_tests/test_if_equal.py,IfNotEqualTagTests,True,4,20,3.0,21,25,17,0,0,4
Django-1.8.2,Django-1.8.2/tests/template_tests/syntax_tests/test_include.py,IncludeTagTests,True,25,188,4.84,189,174,158,1,0,30
Django-1.8.2,Django-1.8.2/tests/template_tests/syntax_tests/test_include.py,IncludeTests,True,6,124,11.666666666666666,125,50,90,11,19,9
Django-1.8.2,Django-1.8.2/tests/template_tests/syntax_tests/test_invalid_string.py,InvalidStringTests,True,8,55,4.875,56,56,48,0,0,8
Django-1.8.2,Django-1.8.2/tests/template_tests/syntax_tests/test_list_index.py,ListIndexTests,True,7,69,7.857142857142857,70,59,38,0,25,7
Django-1.8.2,Django-1.8.2/tests/template_tests/syntax_tests/test_load.py,LoadTagTests,True,12,64,3.0,65,62,51,2,0,12
Django-1.8.2,Django-1.8.2/tests/template_tests/syntax_tests/test_lorem.py,LoremTagTests,True,1,5,3.0,6,6,5,0,0,1
Django-1.8.2,Django-1.8.2/tests/template_tests/syntax_tests/test_multiline.py,MultilineTests,True,1,5,3.0,6,6,5,0,0,1
Django-1.8.2,Django-1.8.2/tests/template_tests/syntax_tests/test_named_endblock.py,NamedEndblockTests,True,7,46,3.4285714285714284,47,37,35,2,3,7
Django-1.8.2,Django-1.8.2/tests/template_tests/syntax_tests/test_now.py,NowTagTests,True,7,52,5.285714285714286,53,38,39,1,6,7
Django-1.8.2,Django-1.8.2/tests/template_tests/syntax_tests/test_numpy.py,NumpyTests,True,2,33,11.0,34,19,24,1,7,2
Django-1.8.2,Django-1.8.2/tests/template_tests/syntax_tests/test_regroup.py,RegroupTagTests,True,8,93,6.0,94,47,75,1,10,8
Django-1.8.2,Django-1.8.2/tests/template_tests/syntax_tests/test_setup.py,SetupTests,True,1,22,21.0,23,14,16,0,3,4
Django-1.8.2,Django-1.8.2/tests/template_tests/syntax_tests/test_simple_tag.py,SimpleTagTests,True,3,15,3.0,16,16,13,0,0,3
Django-1.8.2,Django-1.8.2/tests/template_tests/syntax_tests/test_spaceless.py,SpacelessTagTests,True,6,32,3.0,33,34,27,0,0,6
Django-1.8.2,Django-1.8.2/tests/template_tests/syntax_tests/test_ssi.py,SsiTagTests,True,9,70,3.5555555555555554,71,53,58,4,0,9
Django-1.8.2,Django-1.8.2/tests/template_tests/syntax_tests/test_ssi.py,SSISecurityTests,True,4,27,5.75,28,15,17,1,5,5
Django-1.8.2,Django-1.8.2/tests/template_tests/syntax_tests/test_static.py,StaticTagTests,True,8,42,3.0,43,43,35,0,0,8
Django-1.8.2,Django-1.8.2/tests/template_tests/syntax_tests/test_template_tag.py,TemplateTagTests,True,12,60,3.0,61,61,49,0,0,12
Django-1.8.2,Django-1.8.2/tests/template_tests/syntax_tests/test_url.py,UrlTagTests,True,42,234,3.0,235,256,190,3,0,42
Django-1.8.2,Django-1.8.2/tests/template_tests/syntax_tests/test_verbatim.py,VerbatimTagTests,True,6,31,3.0,32,31,26,0,0,6
Django-1.8.2,Django-1.8.2/tests/template_tests/syntax_tests/test_width_ratio.py,WidthRatioTagTests,True,24,137,3.5416666666666665,138,146,97,4,13,24
Django-1.8.2,Django-1.8.2/tests/template_tests/syntax_tests/test_with.py,WithTagTests,True,7,45,3.857142857142857,46,49,39,0,0,7
Django-1.8.2,Django-1.8.2/tests/test_client/tests.py,ClientTest,True,46,494,9.608695652173912,495,314,296,47,16,96
Django-1.8.2,Django-1.8.2/tests/test_client/tests.py,CSRFEnabledClientTests,True,1,12,11.0,13,8,7,2,0,3
Django-1.8.2,Django-1.8.2/tests/test_client/tests.py,CustomTestClient,True,0,1,0.0,2,2,2,0,0,0
Django-1.8.2,Django-1.8.2/tests/test_client/tests.py,CustomTestClientTest,True,1,5,3.0,6,5,4,0,0,1
Django-1.8.2,Django-1.8.2/tests/test_client/tests.py,RequestFactoryTest,True,4,46,7.25,47,27,32,1,3,8
Django-1.8.2,Django-1.8.2/tests/test_client/views.py,TestForm,True,1,11,5.0,12,11,11,0,0,1
Django-1.8.2,Django-1.8.2/tests/test_client/views.py,BaseTestFormSet,True,1,15,15.0,16,12,13,1,0,1
Django-1.8.2,Django-1.8.2/tests/test_client/views.py,_ViewManager,True,2,16,6.5,17,13,16,0,0,1
Django-1.8.2,Django-1.8.2/tests/test_client_regress/auth_backends.py,CustomUserBackend,True,2,14,6.0,15,13,13,0,0,2
Django-1.8.2,Django-1.8.2/tests/test_client_regress/models.py,CustomUser,True,0,7,0.0,8,6,6,0,0,2
Django-1.8.2,Django-1.8.2/tests/test_client_regress/session.py,SessionStore,True,6,27,2.6666666666666665,28,18,17,0,5,6
Django-1.8.2,Django-1.8.2/tests/test_client_regress/tests.py,AssertContainsTests,True,11,160,13.545454545454545,161,126,119,2,16,21
Django-1.8.2,Django-1.8.2/tests/test_client_regress/tests.py,AssertTemplateUsedTests,True,4,102,24.25,103,67,80,1,0,18
Django-1.8.2,Django-1.8.2/tests/test_client_regress/tests.py,AssertRedirectsTests,True,19,200,9.526315789473685,201,145,139,15,0,28
Django-1.8.2,Django-1.8.2/tests/test_client_regress/tests.py,AssertFormErrorTests,True,5,113,21.6,114,76,96,0,4,10
Django-1.8.2,Django-1.8.2/tests/test_client_regress/tests.py,AssertFormsetErrorTests,True,13,190,13.538461538461538,191,74,164,2,0,13
Django-1.8.2,Django-1.8.2/tests/test_client_regress/tests.py,LoginTests,True,1,17,15.0,18,9,8,5,0,4
Django-1.8.2,Django-1.8.2/tests/test_client_regress/tests.py,SessionEngineTests,True,1,11,9.0,12,9,8,1,0,2
Django-1.8.2,Django-1.8.2/tests/test_client_regress/tests.py,URLEscapingTests,True,4,24,5.0,25,21,17,0,0,4
Django-1.8.2,Django-1.8.2/tests/test_client_regress/tests.py,ExceptionTests,True,1,22,20.0,23,17,16,2,0,4
Django-1.8.2,Django-1.8.2/tests/test_client_regress/tests.py,TemplateExceptionTests,True,1,13,8.0,14,11,12,0,0,1
Django-1.8.2,Django-1.8.2/tests/test_client_regress/tests.py,UrlconfSubstitutionTests,True,1,5,4.0,6,5,4,0,0,1
Django-1.8.2,Django-1.8.2/tests/test_client_regress/tests.py,zzUrlconfSubstitutionTests,True,1,8,7.0,9,5,4,0,3,2
Django-1.8.2,Django-1.8.2/tests/test_client_regress/tests.py,ContextTests,True,5,74,13.0,75,56,57,7,3,8
Django-1.8.2,Django-1.8.2/tests/test_client_regress/tests.py,SessionTests,True,9,131,13.0,132,102,96,5,0,23
Django-1.8.2,Django-1.8.2/tests/test_client_regress/tests.py,RequestMethodTests,True,7,44,5.285714285714286,45,37,30,1,0,7
Django-1.8.2,Django-1.8.2/tests/test_client_regress/tests.py,RequestMethodStringDataTests,True,4,34,7.5,35,27,23,4,0,4
Django-1.8.2,Django-1.8.2/tests/test_client_regress/tests.py,QueryStringTests,True,2,53,24.5,54,45,39,9,0,8
Django-1.8.2,Django-1.8.2/tests/test_client_regress/tests.py,UnicodePayloadTests,True,4,32,7.0,33,21,21,4,0,4
Django-1.8.2,Django-1.8.2/tests/test_client_regress/tests.py,DummyFile,True,2,5,2.0,6,5,5,0,0,1
Django-1.8.2,Django-1.8.2/tests/test_client_regress/tests.py,UploadedFileEncodingTest,True,2,18,8.5,19,11,18,0,0,1
Django-1.8.2,Django-1.8.2/tests/test_client_regress/tests.py,RequestHeadersTest,True,2,12,5.5,13,11,10,0,0,1
Django-1.8.2,Django-1.8.2/tests/test_client_regress/tests.py,ReadLimitedStreamTest,True,5,39,5.6,40,19,19,0,15,6
Django-1.8.2,Django-1.8.2/tests/test_client_regress/tests.py,RequestFactoryStateTest,True,4,23,3.25,24,13,12,7,0,4
Django-1.8.2,Django-1.8.2/tests/test_client_regress/tests.py,RequestFactoryEnvironmentTests,True,1,14,9.0,15,9,9,0,4,2
Django-1.8.2,Django-1.8.2/tests/test_client_regress/views.py,CustomTestException,True,0,1,0.0,2,2,2,0,0,0
Django-1.8.2,Django-1.8.2/tests/test_discovery_sample/pattern_tests.py,Test,True,1,3,2.0,4,3,3,0,0,1
Django-1.8.2,Django-1.8.2/tests/test_discovery_sample/tests_sample.py,TestVanillaUnittest,True,1,3,2.0,4,3,3,0,0,1
Django-1.8.2,Django-1.8.2/tests/test_discovery_sample/tests_sample.py,TestDjangoTestCase,True,1,3,2.0,4,3,3,0,0,1
Django-1.8.2,Django-1.8.2/tests/test_discovery_sample/tests_sample.py,TestZimpleTestCase,True,1,4,2.0,5,3,3,1,0,1
Django-1.8.2,Django-1.8.2/tests/test_discovery_sample/tests_sample.py,EmptyTestCase,True,0,1,0.0,2,2,2,0,0,0
Django-1.8.2,Django-1.8.2/tests/test_discovery_sample/tests/tests.py,Test,True,1,3,2.0,4,3,3,0,0,1
Django-1.8.2,Django-1.8.2/tests/test_discovery_sample2/tests.py,DjangoCase1,True,2,6,2.0,7,5,5,0,0,2
Django-1.8.2,Django-1.8.2/tests/test_discovery_sample2/tests.py,DjangoCase2,True,2,6,2.0,7,5,5,0,0,2
Django-1.8.2,Django-1.8.2/tests/test_discovery_sample2/tests.py,SimpleCase1,True,2,6,2.0,7,5,5,0,0,2
Django-1.8.2,Django-1.8.2/tests/test_discovery_sample2/tests.py,SimpleCase2,True,2,6,2.0,7,5,5,0,0,2
Django-1.8.2,Django-1.8.2/tests/test_discovery_sample2/tests.py,UnittestCase1,True,2,6,2.0,7,5,5,0,0,2
Django-1.8.2,Django-1.8.2/tests/test_discovery_sample2/tests.py,UnittestCase2,True,2,6,2.0,7,5,5,0,0,2
Django-1.8.2,Django-1.8.2/tests/test_exceptions/test_validation_error.py,TestValidationError,True,1,10,10.0,11,11,11,0,0,0
Django-1.8.2,Django-1.8.2/tests/test_runner/models.py,Person,True,0,2,0.0,3,3,3,0,0,0
Django-1.8.2,Django-1.8.2/tests/test_runner/tests.py,DependencyOrderingTests,True,5,106,20.2,107,53,83,5,0,19
Django-1.8.2,Django-1.8.2/tests/test_runner/tests.py,MockTestRunner,True,1,2,2.0,3,3,3,0,0,0
Django-1.8.2,Django-1.8.2/tests/test_runner/tests.py,ManageCommandTests,True,2,10,4.0,11,7,9,0,0,2
Django-1.8.2,Django-1.8.2/tests/test_runner/tests.py,CustomOptionsTestRunner,True,3,16,4.0,17,13,14,0,0,3
Django-1.8.2,Django-1.8.2/tests/test_runner/tests.py,CustomTestRunnerOptionsTests,True,6,34,4.666666666666667,35,27,29,0,0,6
Django-1.8.2,Django-1.8.2/tests/test_runner/tests.py,Ticket17477RegressionTests,True,3,11,3.0,12,10,9,0,0,2
Django-1.8.2,Django-1.8.2/tests/test_runner/tests.py,Sqlite3InMemoryTestDbs,True,1,30,25.0,31,17,26,2,0,2
Django-1.8.2,Django-1.8.2/tests/test_runner/tests.py,DummyBackendTest,True,1,15,15.0,16,13,13,0,3,0
Django-1.8.2,Django-1.8.2/tests/test_runner/tests.py,AliasedDefaultTestSetupTest,True,1,22,22.0,23,14,20,0,3,0
Django-1.8.2,Django-1.8.2/tests/test_runner/tests.py,SetupDatabasesTests,True,6,77,11.833333333333334,78,43,68,1,0,9
Django-1.8.2,Django-1.8.2/tests/test_runner/tests.py,DeprecationDisplayTest,True,4,22,4.5,23,18,19,1,0,3
Django-1.8.2,Django-1.8.2/tests/test_runner/tests.py,AutoIncrementResetTest,True,2,19,3.0,20,12,11,0,5,4
Django-1.8.2,Django-1.8.2/tests/test_runner/test_debug_sql.py,TestDebugSQL,True,3,94,10.333333333333334,95,47,86,1,0,9
Django-1.8.2,Django-1.8.2/tests/test_runner/test_discover_runner.py,DiscoverRunnerTest,True,16,144,8.0,145,68,101,1,17,26
Django-1.8.2,Django-1.8.2/tests/test_runner_deprecation_app/tests.py,DummyTest,True,1,2,2.0,3,3,3,0,0,0
Django-1.8.2,Django-1.8.2/tests/test_utils/models.py,Car,True,1,4,2.0,5,4,4,0,0,1
Django-1.8.2,Django-1.8.2/tests/test_utils/models.py,Person,True,1,5,2.0,6,5,5,0,0,1
Django-1.8.2,Django-1.8.2/tests/test_utils/models.py,PossessedCar,True,1,5,2.0,6,5,5,0,0,1
Django-1.8.2,Django-1.8.2/tests/test_utils/tests.py,SkippingTestCase,True,3,65,21.0,66,48,47,2,6,11
Django-1.8.2,Django-1.8.2/tests/test_utils/tests.py,SkippingClassTestCase,True,1,20,20.0,21,19,19,0,0,2
Django-1.8.2,Django-1.8.2/tests/test_utils/tests.py,AssertNumQueriesTests,True,2,26,12.0,27,13,21,0,0,6
Django-1.8.2,Django-1.8.2/tests/test_utils/tests.py,AssertQuerysetEqualTests,True,6,64,9.833333333333334,65,23,53,3,4,5
Django-1.8.2,Django-1.8.2/tests/test_utils/tests.py,CaptureQueriesContextManagerTests,True,6,50,7.333333333333333,51,42,42,0,0,9
Django-1.8.2,Django-1.8.2/tests/test_utils/tests.py,AssertNumQueriesContextManagerTests,True,3,35,10.666666666666666,36,27,27,0,0,9
Django-1.8.2,Django-1.8.2/tests/test_utils/tests.py,AssertTemplateUsedContextManagerTests,True,6,94,14.666666666666666,95,71,74,0,0,21
Django-1.8.2,Django-1.8.2/tests/test_utils/tests.py,HTMLEqualTests,True,13,239,17.46153846153846,240,126,204,4,0,32
Django-1.8.2,Django-1.8.2/tests/test_utils/tests.py,JSONEqualTests,True,7,42,5.142857142857143,43,37,37,0,0,6
Django-1.8.2,Django-1.8.2/tests/test_utils/tests.py,XMLEqualTests,True,7,37,4.428571428571429,38,32,32,0,0,6
Django-1.8.2,Django-1.8.2/tests/test_utils/tests.py,SkippingExtraTests,True,2,11,3.0,12,8,8,2,0,2
Django-1.8.2,Django-1.8.2/tests/test_utils/tests.py,AssertRaisesMsgTest,True,1,6,5.0,7,6,5,0,0,1
Django-1.8.2,Django-1.8.2/tests/test_utils/tests.py,AssertFieldOutputTests,True,2,14,6.0,15,16,13,0,0,2
Django-1.8.2,Django-1.8.2/tests/test_utils/tests.py,FirstUrls,True,0,1,0.0,2,2,2,0,0,0
Django-1.8.2,Django-1.8.2/tests/test_utils/tests.py,SecondUrls,True,0,1,0.0,2,2,2,0,0,0
Django-1.8.2,Django-1.8.2/tests/test_utils/tests.py,OverrideSettingsTests,True,13,129,8.461538461538462,130,82,65,3,44,18
Django-1.8.2,Django-1.8.2/tests/timezones/admin.py,EventAdmin,True,0,1,0.0,2,2,2,0,0,0
Django-1.8.2,Django-1.8.2/tests/timezones/admin.py,TimestampAdmin,True,0,1,0.0,2,2,2,0,0,0
Django-1.8.2,Django-1.8.2/tests/timezones/forms.py,EventForm,True,0,1,0.0,2,2,2,0,0,0
Django-1.8.2,Django-1.8.2/tests/timezones/forms.py,EventSplitForm,True,0,1,0.0,2,2,2,0,0,0
Django-1.8.2,Django-1.8.2/tests/timezones/forms.py,EventLocalizedForm,True,0,1,0.0,2,2,2,0,0,0
Django-1.8.2,Django-1.8.2/tests/timezones/forms.py,EventModelForm,True,0,3,0.0,4,4,4,0,0,0
Django-1.8.2,Django-1.8.2/tests/timezones/forms.py,EventLocalizedModelForm,True,0,4,0.0,5,5,5,0,0,0
Django-1.8.2,Django-1.8.2/tests/timezones/models.py,Event,True,0,1,0.0,2,2,2,0,0,0
Django-1.8.2,Django-1.8.2/tests/timezones/models.py,MaybeEvent,True,0,1,0.0,2,2,2,0,0,0
Django-1.8.2,Django-1.8.2/tests/timezones/models.py,Session,True,0,1,0.0,2,2,2,0,0,0
Django-1.8.2,Django-1.8.2/tests/timezones/models.py,SessionEvent,True,0,2,0.0,3,3,3,0,0,0
Django-1.8.2,Django-1.8.2/tests/timezones/models.py,Timestamp,True,0,2,0.0,3,3,3,0,0,0
Django-1.8.2,Django-1.8.2/tests/timezones/models.py,AllDayEvent,True,0,1,0.0,2,2,2,0,0,0
Django-1.8.2,Django-1.8.2/tests/timezones/tests.py,LegacyDatabaseTests,True,19,223,9.631578947368421,224,155,180,25,0,19
Django-1.8.2,Django-1.8.2/tests/timezones/tests.py,NewDatabaseTests,True,22,293,11.636363636363637,294,210,258,14,0,22
Django-1.8.2,Django-1.8.2/tests/timezones/tests.py,SerializationTests,True,10,166,14.9,167,124,125,7,0,35
Django-1.8.2,Django-1.8.2/tests/timezones/tests.py,TemplateTests,True,15,236,14.133333333333333,237,147,167,14,24,32
Django-1.8.2,Django-1.8.2/tests/timezones/tests.py,LegacyFormsTests,True,5,31,4.8,32,30,25,2,0,5
Django-1.8.2,Django-1.8.2/tests/timezones/tests.py,NewFormsTests,True,9,59,4.777777777777778,60,54,50,1,0,9
Django-1.8.2,Django-1.8.2/tests/timezones/tests.py,AdminTests,True,7,47,5.0,48,38,38,2,0,8
Django-1.8.2,Django-1.8.2/tests/transactions/models.py,Reporter,True,1,9,2.0,10,8,8,0,0,2
Django-1.8.2,Django-1.8.2/tests/transactions/tests.py,AtomicTests,True,20,196,8.2,197,159,162,4,8,23
Django-1.8.2,Django-1.8.2/tests/transactions/tests.py,AtomicInsideTransactionTests,True,2,8,2.5,9,7,6,0,0,2
Django-1.8.2,Django-1.8.2/tests/transactions/tests.py,AtomicWithoutAutocommitTests,True,2,10,3.5,11,7,6,2,0,2
Django-1.8.2,Django-1.8.2/tests/transactions/tests.py,AtomicMergeTests,True,2,46,20.5,47,36,35,8,0,3
Django-1.8.2,Django-1.8.2/tests/transactions/tests.py,AtomicErrorsTests,True,5,54,9.0,55,41,41,8,0,6
Django-1.8.2,Django-1.8.2/tests/transactions/tests.py,AtomicMySQLTests,True,1,35,31.0,36,23,22,6,0,7
Django-1.8.2,Django-1.8.2/tests/transactions/tests.py,AtomicMiscTests,True,2,32,13.5,33,16,16,9,0,8
Django-1.8.2,Django-1.8.2/tests/unmanaged_models/models.py,A01,True,1,8,2.0,9,7,7,0,0,2
Django-1.8.2,Django-1.8.2/tests/unmanaged_models/models.py,B01,True,1,11,2.0,12,9,9,1,0,2
Django-1.8.2,Django-1.8.2/tests/unmanaged_models/models.py,C01,True,1,9,2.0,10,8,8,0,0,2
Django-1.8.2,Django-1.8.2/tests/unmanaged_models/models.py,A02,True,1,8,2.0,9,7,7,0,0,2
Django-1.8.2,Django-1.8.2/tests/unmanaged_models/models.py,B02,True,1,10,2.0,11,9,9,0,0,2
Django-1.8.2,Django-1.8.2/tests/unmanaged_models/models.py,C02,True,1,10,2.0,11,9,9,0,0,2
Django-1.8.2,Django-1.8.2/tests/unmanaged_models/models.py,Intermediate,True,0,6,0.0,7,6,6,0,0,1
Django-1.8.2,Django-1.8.2/tests/unmanaged_models/models.py,Proxy1,True,0,2,0.0,3,3,3,0,0,0
Django-1.8.2,Django-1.8.2/tests/unmanaged_models/models.py,Proxy2,True,0,2,0.0,3,3,3,0,0,0
Django-1.8.2,Django-1.8.2/tests/unmanaged_models/models.py,Unmanaged1,True,0,3,0.0,4,4,4,0,0,0
Django-1.8.2,Django-1.8.2/tests/unmanaged_models/models.py,Unmanaged2,True,0,5,0.0,6,5,5,0,0,1
Django-1.8.2,Django-1.8.2/tests/unmanaged_models/models.py,Managed1,True,0,1,0.0,2,2,2,0,0,0
Django-1.8.2,Django-1.8.2/tests/unmanaged_models/tests.py,SimpleTests,True,1,33,32.0,34,20,19,2,6,7
Django-1.8.2,Django-1.8.2/tests/unmanaged_models/tests.py,ManyToManyUnmanagedTests,True,2,16,7.0,17,11,9,0,6,2
Django-1.8.2,Django-1.8.2/tests/update/models.py,DataPoint,True,1,6,2.0,7,6,6,0,0,1
Django-1.8.2,Django-1.8.2/tests/update/models.py,RelatedPoint,True,1,5,2.0,6,5,5,0,0,1
Django-1.8.2,Django-1.8.2/tests/update/models.py,A,True,0,1,0.0,2,2,2,0,0,0
Django-1.8.2,Django-1.8.2/tests/update/models.py,B,True,0,2,0.0,3,3,3,0,0,0
Django-1.8.2,Django-1.8.2/tests/update/models.py,C,True,0,1,0.0,2,2,2,0,0,0
Django-1.8.2,Django-1.8.2/tests/update/models.py,D,True,0,1,0.0,2,2,2,0,0,0
Django-1.8.2,Django-1.8.2/tests/update/models.py,Foo,True,0,1,0.0,2,2,2,0,0,0
Django-1.8.2,Django-1.8.2/tests/update/models.py,Bar,True,0,1,0.0,2,2,2,0,0,0
Django-1.8.2,Django-1.8.2/tests/update/tests.py,SimpleTest,True,6,52,7.833333333333333,53,36,31,0,17,5
Django-1.8.2,Django-1.8.2/tests/update/tests.py,AdvancedTests,True,8,77,8.625,78,51,45,0,25,8
Django-1.8.2,Django-1.8.2/tests/update_only_fields/models.py,Account,True,0,1,0.0,2,2,2,0,0,0
Django-1.8.2,Django-1.8.2/tests/update_only_fields/models.py,Person,True,1,6,2.0,7,6,6,0,0,1
Django-1.8.2,Django-1.8.2/tests/update_only_fields/models.py,Employee,True,0,3,0.0,4,4,4,0,0,0
Django-1.8.2,Django-1.8.2/tests/update_only_fields/models.py,Profile,True,1,5,2.0,6,5,5,0,0,1
Django-1.8.2,Django-1.8.2/tests/update_only_fields/models.py,ProxyEmployee,True,0,2,0.0,3,3,3,0,0,0
Django-1.8.2,Django-1.8.2/tests/update_only_fields/tests.py,UpdateOnlyFieldsTests,True,15,257,16.2,258,195,202,7,0,49
Django-1.8.2,Django-1.8.2/tests/urlpatterns_reverse/middleware.py,ChangeURLconfMiddleware,True,1,2,2.0,3,3,3,0,0,0
Django-1.8.2,Django-1.8.2/tests/urlpatterns_reverse/middleware.py,NullChangeURLconfMiddleware,True,1,2,2.0,3,3,3,0,0,0
Django-1.8.2,Django-1.8.2/tests/urlpatterns_reverse/middleware.py,ReverseInnerInResponseMiddleware,True,1,2,2.0,3,3,3,0,0,0
Django-1.8.2,Django-1.8.2/tests/urlpatterns_reverse/middleware.py,ReverseOuterInResponseMiddleware,True,1,2,2.0,3,3,3,0,0,0
Django-1.8.2,Django-1.8.2/tests/urlpatterns_reverse/middleware.py,ReverseInnerInStreaming,True,1,4,4.0,5,5,5,0,0,0
Django-1.8.2,Django-1.8.2/tests/urlpatterns_reverse/middleware.py,ReverseOuterInStreaming,True,1,4,4.0,5,5,5,0,0,0
Django-1.8.2,Django-1.8.2/tests/urlpatterns_reverse/namespace_urls.py,URLObject,True,2,11,4.5,12,7,11,0,0,1
Django-1.8.2,Django-1.8.2/tests/urlpatterns_reverse/tests.py,NoURLPatternsTests,True,1,12,11.0,13,5,8,0,3,2
Django-1.8.2,Django-1.8.2/tests/urlpatterns_reverse/tests.py,URLPatternReverse,True,8,51,5.25,52,31,38,6,0,8
Django-1.8.2,Django-1.8.2/tests/urlpatterns_reverse/tests.py,ResolverTests,True,4,72,17.25,73,41,44,5,20,4
Django-1.8.2,Django-1.8.2/tests/urlpatterns_reverse/tests.py,ReverseLazyTest,True,3,23,6.666666666666667,24,15,21,0,0,3
Django-1.8.2,Django-1.8.2/tests/urlpatterns_reverse/tests.py,ReverseLazySettingsTest,True,3,15,3.0,16,9,10,0,4,2
Django-1.8.2,Django-1.8.2/tests/urlpatterns_reverse/tests.py,ReverseShortcutTests,True,6,55,8.0,56,41,41,7,0,8
Django-1.8.2,Django-1.8.2/tests/urlpatterns_reverse/tests.py,NamespaceTests,True,16,114,6.125,115,117,83,0,0,17
Django-1.8.2,Django-1.8.2/tests/urlpatterns_reverse/tests.py,RequestURLconfTests,True,7,92,7.428571428571429,93,46,71,0,16,6
Django-1.8.2,Django-1.8.2/tests/urlpatterns_reverse/tests.py,ErrorHandlerResolutionTests,True,3,19,5.0,20,17,16,0,0,3
Django-1.8.2,Django-1.8.2/tests/urlpatterns_reverse/tests.py,DefaultErrorHandlerTests,True,1,13,12.0,14,12,11,0,0,2
Django-1.8.2,Django-1.8.2/tests/urlpatterns_reverse/tests.py,NoRootUrlConfTests,True,1,4,2.0,5,4,3,0,0,1
Django-1.8.2,Django-1.8.2/tests/urlpatterns_reverse/tests.py,ResolverMatchTests,True,3,33,10.0,34,26,26,3,0,5
Django-1.8.2,Django-1.8.2/tests/urlpatterns_reverse/tests.py,ErroneousViewTests,True,2,19,8.5,20,11,10,2,5,3
Django-1.8.2,Django-1.8.2/tests/urlpatterns_reverse/tests.py,ViewLoadingTests,True,2,18,8.5,19,7,12,5,0,2
Django-1.8.2,Django-1.8.2/tests/urlpatterns_reverse/tests.py,IncludeTests,True,1,4,4.0,5,5,5,0,0,0
Django-1.8.2,Django-1.8.2/tests/urlpatterns_reverse/views.py,ViewClass,True,1,2,2.0,3,3,3,0,0,0
Django-1.8.2,Django-1.8.2/tests/urlpatterns_reverse/views.py,LazyRedirectView,True,0,1,0.0,2,2,2,0,0,0
Django-1.8.2,Django-1.8.2/tests/user_commands/tests.py,CommandTests,True,17,142,7.352941176470588,143,104,97,4,21,20
Django-1.8.2,Django-1.8.2/tests/user_commands/tests.py,UtilsTests,True,1,3,2.0,4,3,3,0,0,1
Django-1.8.2,Django-1.8.2/tests/user_commands/management/commands/dance.py,Command,True,2,16,5.5,17,15,15,0,0,2
Django-1.8.2,Django-1.8.2/tests/user_commands/management/commands/hal.py,Command,True,2,24,10.5,25,16,18,1,0,6
Django-1.8.2,Django-1.8.2/tests/user_commands/management/commands/leave_locale_alone_false.py,Command,True,1,6,2.0,7,5,5,0,0,2
Django-1.8.2,Django-1.8.2/tests/user_commands/management/commands/leave_locale_alone_true.py,Command,True,1,6,2.0,7,5,5,0,0,2
Django-1.8.2,Django-1.8.2/tests/user_commands/management/commands/optparse_cmd.py,Command,True,1,13,5.0,14,8,11,1,0,2
Django-1.8.2,Django-1.8.2/tests/user_commands/management/commands/transaction.py,Command,True,1,6,2.0,7,6,6,0,0,1
Django-1.8.2,Django-1.8.2/tests/utils_tests/models.py,Category,True,1,4,2.0,5,4,4,0,0,1
Django-1.8.2,Django-1.8.2/tests/utils_tests/models.py,Thing,True,0,2,0.0,3,3,3,0,0,0
Django-1.8.2,Django-1.8.2/tests/utils_tests/test_archive.py,ArchiveTester,True,8,48,4.875,49,38,37,1,3,8
Django-1.8.2,Django-1.8.2/tests/utils_tests/test_archive.py,TestZip,True,0,1,0.0,2,2,2,0,0,0
Django-1.8.2,Django-1.8.2/tests/utils_tests/test_archive.py,TestTar,True,0,1,0.0,2,2,2,0,0,0
Django-1.8.2,Django-1.8.2/tests/utils_tests/test_archive.py,TestGzipTar,True,0,1,0.0,2,2,2,0,0,0
Django-1.8.2,Django-1.8.2/tests/utils_tests/test_archive.py,TestBzip2Tar,True,0,1,0.0,2,2,2,0,0,0
Django-1.8.2,Django-1.8.2/tests/utils_tests/test_autoreload.py,TestFilenameGenerator,True,8,85,9.25,86,52,57,2,21,7
Django-1.8.2,Django-1.8.2/tests/utils_tests/test_baseconv.py,TestBaseConv,True,6,37,5.166666666666667,38,32,32,0,0,6
Django-1.8.2,Django-1.8.2/tests/utils_tests/test_checksums.py,TestUtilsChecksums,True,2,26,11.5,27,13,21,0,4,2
Django-1.8.2,Django-1.8.2/tests/utils_tests/test_crypto.py,TestUtilsCryptoMisc,True,1,7,6.0,8,6,6,1,0,1
Django-1.8.2,Django-1.8.2/tests/utils_tests/test_crypto.py,TestUtilsCryptoPBKDF2,True,2,124,5.0,125,13,120,13,0,4
Django-1.8.2,Django-1.8.2/tests/utils_tests/test_datastructures.py,SortedDictTests,True,15,121,6.266666666666667,122,81,80,3,15,22
Django-1.8.2,Django-1.8.2/tests/utils_tests/test_datastructures.py,MergeDictTests,True,4,67,15.75,68,42,45,2,3,17
Django-1.8.2,Django-1.8.2/tests/utils_tests/test_datastructures.py,OrderedSetTests,True,1,7,6.0,8,6,6,1,0,1
Django-1.8.2,Django-1.8.2/tests/utils_tests/test_datastructures.py,MultiValueDictTests,True,4,69,16.25,70,47,59,0,0,11
Django-1.8.2,Django-1.8.2/tests/utils_tests/test_datastructures.py,ImmutableListTests,True,2,18,8.0,19,9,11,2,0,6
Django-1.8.2,Django-1.8.2/tests/utils_tests/test_datastructures.py,DictWrapperTests,True,1,8,7.0,9,7,8,0,0,1
Django-1.8.2,Django-1.8.2/tests/utils_tests/test_dateformat.py,DateFormatTests,True,15,120,6.866666666666666,121,93,93,4,0,24
Django-1.8.2,Django-1.8.2/tests/utils_tests/test_dateparse.py,DateParseTests,True,3,38,11.666666666666666,39,23,30,6,0,3
Django-1.8.2,Django-1.8.2/tests/utils_tests/test_dateparse.py,DurationParseTests,True,7,37,4.428571428571429,38,32,32,0,0,6
Django-1.8.2,Django-1.8.2/tests/utils_tests/test_datetime_safe.py,DatetimeTests,True,4,41,9.25,42,28,26,1,4,11
Django-1.8.2,Django-1.8.2/tests/utils_tests/test_decorators.py,ProcessViewMiddleware,True,1,2,2.0,3,3,3,0,0,0
Django-1.8.2,Django-1.8.2/tests/utils_tests/test_decorators.py,ClassProcessView,True,1,2,2.0,3,3,3,0,0,0
Django-1.8.2,Django-1.8.2/tests/utils_tests/test_decorators.py,FullMiddleware,True,4,15,3.0,16,12,12,1,0,3
Django-1.8.2,Django-1.8.2/tests/utils_tests/test_decorators.py,DecoratorFromMiddlewareTests,True,4,62,13.25,63,37,32,6,17,8
Django-1.8.2,Django-1.8.2/tests/utils_tests/test_duration.py,TestDurationString,True,4,16,3.0,17,13,13,0,0,4
Django-1.8.2,Django-1.8.2/tests/utils_tests/test_duration.py,TestParseDurationRoundtrip,True,4,16,3.0,17,13,13,0,0,4
Django-1.8.2,Django-1.8.2/tests/utils_tests/test_encoding.py,TestEncodingUtils,True,4,36,8.25,37,22,23,2,7,5
Django-1.8.2,Django-1.8.2/tests/utils_tests/test_encoding.py,TestRFC3987IEncodingUtils,True,4,62,14.5,63,19,50,6,0,11
Django-1.8.2,Django-1.8.2/tests/utils_tests/test_feedgenerator.py,FeedgeneratorTest,True,12,110,7.75,111,48,63,1,34,13
Django-1.8.2,Django-1.8.2/tests/utils_tests/test_functional.py,FunctionalTestCase,True,6,101,16.0,102,69,57,6,7,29
Django-1.8.2,Django-1.8.2/tests/utils_tests/test_html.py,TestUtilsHtml,True,15,236,14.6,237,138,195,17,4,23
Django-1.8.2,Django-1.8.2/tests/utils_tests/test_http.py,TestUtilsHttp,True,7,147,20.0,148,71,121,18,0,12
Django-1.8.2,Django-1.8.2/tests/utils_tests/test_http.py,ETagProcessingTests,True,2,7,3.0,8,7,7,0,0,1
Django-1.8.2,Django-1.8.2/tests/utils_tests/test_http.py,HttpDateProcessingTests,True,5,22,3.6,23,16,19,0,0,4
Django-1.8.2,Django-1.8.2/tests/utils_tests/test_ipv6.py,TestUtilsIPv6,True,7,47,5.714285714285714,48,39,39,2,0,7
Django-1.8.2,Django-1.8.2/tests/utils_tests/test_itercompat.py,TestIsIterator,True,1,5,5.0,6,6,5,0,0,0
Django-1.8.2,Django-1.8.2/tests/utils_tests/test_jslex.py,JsTokensTest,True,0,98,0.0,99,2,94,10,0,5
Django-1.8.2,Django-1.8.2/tests/utils_tests/test_jslex.py,JsToCForGettextTest,True,0,1,0.0,2,2,2,0,0,0
Django-1.8.2,Django-1.8.2/tests/utils_tests/test_lazyobject.py,Foo,True,1,7,2.0,8,5,4,0,3,1
Django-1.8.2,Django-1.8.2/tests/utils_tests/test_lazyobject.py,LazyObjectTestCase,True,21,184,7.809523809523809,185,137,133,11,3,39
Django-1.8.2,Django-1.8.2/tests/utils_tests/test_lazyobject.py,SimpleLazyObjectTestCase,True,6,66,9.666666666666666,67,55,51,10,0,8
Django-1.8.2,Django-1.8.2/tests/utils_tests/test_lorem_ipsum.py,WebdesignTest,True,2,7,2.5,8,5,6,0,0,2
Django-1.8.2,Django-1.8.2/tests/utils_tests/test_module_loading.py,DefaultLoader,True,3,37,11.666666666666666,38,22,23,7,0,8
Django-1.8.2,Django-1.8.2/tests/utils_tests/test_module_loading.py,EggLoader,True,4,51,12.0,52,36,34,6,0,10
Django-1.8.2,Django-1.8.2/tests/utils_tests/test_module_loading.py,ModuleImportTestCase,True,4,39,9.0,40,30,30,2,0,7
Django-1.8.2,Django-1.8.2/tests/utils_tests/test_module_loading.py,AutodiscoverModulesTestCase,True,10,48,3.8,49,41,38,0,0,11
Django-1.8.2,Django-1.8.2/tests/utils_tests/test_module_loading.py,ProxyFinder,True,3,26,8.0,27,25,25,1,0,2
Django-1.8.2,Django-1.8.2/tests/utils_tests/test_module_loading.py,TestFinder,True,2,8,3.5,9,8,8,0,0,1
Django-1.8.2,Django-1.8.2/tests/utils_tests/test_module_loading.py,TestLoader,True,2,7,3.0,8,7,7,0,0,1
Django-1.8.2,Django-1.8.2/tests/utils_tests/test_module_loading.py,CustomLoader,True,2,13,3.5,14,9,8,0,5,1
Django-1.8.2,Django-1.8.2/tests/utils_tests/test_numberformat.py,TestNumberFormat,True,4,53,12.25,54,34,50,0,0,4
Django-1.8.2,Django-1.8.2/tests/utils_tests/test_os_utils.py,SafeJoinTests,True,3,23,7.0,24,12,21,0,0,3
Django-1.8.2,Django-1.8.2/tests/utils_tests/test_regex_helper.py,NormalizeTests,True,7,43,5.285714285714286,44,36,38,0,0,6
Django-1.8.2,Django-1.8.2/tests/utils_tests/test_safestring.py,customescape,True,1,4,4.0,5,3,3,2,0,0
Django-1.8.2,Django-1.8.2/tests/utils_tests/test_safestring.py,SafeStringTest,True,12,84,6.083333333333333,85,63,63,0,0,22
Django-1.8.2,Django-1.8.2/tests/utils_tests/test_simplelazyobject.py,TestUtilsSimpleLazyObjectDjangoTestCase,True,1,20,19.0,21,12,11,5,0,5
Django-1.8.2,Django-1.8.2/tests/utils_tests/test_termcolors.py,TermColorTests,True,21,132,5.285714285714286,133,97,97,0,0,36
Django-1.8.2,Django-1.8.2/tests/utils_tests/test_text.py,TestUtilsText,True,15,215,13.133333333333333,216,114,177,13,0,26
Django-1.8.2,Django-1.8.2/tests/utils_tests/test_timesince.py,TimesinceTests,True,11,122,10.0,123,81,94,1,8,13
Django-1.8.2,Django-1.8.2/tests/utils_tests/test_timezone.py,TimezoneTests,True,15,137,8.0,138,98,110,0,0,28
Django-1.8.2,Django-1.8.2/tests/utils_tests/test_tree.py,NodeTests,True,9,50,4.666666666666667,51,37,39,4,0,8
Django-1.8.2,Django-1.8.2/tests/utils_tests/test_tzinfo.py,TzinfoTests,True,7,72,9.0,73,53,59,5,0,9
Django-1.8.2,Django-1.8.2/tests/utils_tests/test_module/__init__.py,SiteMock,True,0,1,0.0,2,2,2,0,0,0
Django-1.8.2,Django-1.8.2/tests/validation/models.py,ModelToValidate,True,1,14,4.0,15,15,14,0,0,1
Django-1.8.2,Django-1.8.2/tests/validation/models.py,UniqueFieldsModel,True,0,3,0.0,4,4,4,0,0,0
Django-1.8.2,Django-1.8.2/tests/validation/models.py,CustomPKModel,True,0,1,0.0,2,2,2,0,0,0
Django-1.8.2,Django-1.8.2/tests/validation/models.py,UniqueTogetherModel,True,0,6,0.0,7,6,6,0,0,1
Django-1.8.2,Django-1.8.2/tests/validation/models.py,UniqueForDateModel,True,0,5,0.0,6,6,6,0,0,0
Django-1.8.2,Django-1.8.2/tests/validation/models.py,CustomMessagesModel,True,0,5,0.0,6,4,6,0,0,0
Django-1.8.2,Django-1.8.2/tests/validation/models.py,Author,True,0,1,0.0,2,2,2,0,0,0
Django-1.8.2,Django-1.8.2/tests/validation/models.py,Article,True,1,7,3.0,8,7,7,0,0,1
Django-1.8.2,Django-1.8.2/tests/validation/models.py,Post,True,1,7,2.0,8,7,7,0,0,1
Django-1.8.2,Django-1.8.2/tests/validation/models.py,FlexibleDatePost,True,0,4,0.0,5,5,5,0,0,0
Django-1.8.2,Django-1.8.2/tests/validation/models.py,UniqueErrorsModel,True,0,2,0.0,3,5,3,0,0,0
Django-1.8.2,Django-1.8.2/tests/validation/models.py,GenericIPAddressTestModel,True,0,5,0.0,6,5,6,0,0,0
Django-1.8.2,Django-1.8.2/tests/validation/models.py,GenericIPAddrUnpackUniqueTest,True,0,1,0.0,2,2,2,0,0,0
Django-1.8.2,Django-1.8.2/tests/validation/tests.py,BaseModelValidationTests,True,12,60,4.0,61,44,46,2,0,13
Django-1.8.2,Django-1.8.2/tests/validation/tests.py,ArticleForm,True,0,3,0.0,4,4,4,0,0,0
Django-1.8.2,Django-1.8.2/tests/validation/tests.py,ModelFormsTests,True,4,41,9.5,42,25,30,9,0,3
Django-1.8.2,Django-1.8.2/tests/validation/tests.py,GenericIPAddressFieldTests,True,9,58,5.444444444444445,59,46,46,3,0,10
Django-1.8.2,Django-1.8.2/tests/validation/test_custom_messages.py,CustomMessagesTest,True,2,7,3.0,8,7,7,0,0,1
Django-1.8.2,Django-1.8.2/tests/validation/test_error_messages.py,ValidationMessagesTest,True,10,83,7.3,84,38,63,5,0,16
Django-1.8.2,Django-1.8.2/tests/validation/test_picklable.py,PickableValidationErrorTestCase,True,1,34,33.0,35,30,29,0,0,6
Django-1.8.2,Django-1.8.2/tests/validation/test_unique.py,GetUniqueCheckTests,True,6,74,11.5,75,31,63,1,4,8
Django-1.8.2,Django-1.8.2/tests/validation/test_unique.py,PerformUniqueChecksTest,True,6,85,13.333333333333334,86,70,66,5,0,15
Django-1.8.2,Django-1.8.2/tests/validation/test_validators.py,TestModelsWithValidators,True,2,12,5.5,13,8,12,0,0,1
Django-1.8.2,Django-1.8.2/tests/validation/__init__.py,ValidationTestCase,True,2,10,4.5,11,10,10,0,0,1
Django-1.8.2,Django-1.8.2/tests/validators/tests.py,TestSimpleValidators,True,5,27,4.6,28,25,24,0,0,4
Django-1.8.2,Django-1.8.2/tests/validators/tests.py,TestValidatorEquality,True,5,80,14.4,81,26,70,0,3,8
Django-1.8.2,Django-1.8.2/tests/version/tests.py,VersionTests,True,2,19,8.5,20,9,16,2,0,2
Django-1.8.2,Django-1.8.2/tests/view_tests/models.py,Author,True,2,7,2.0,8,6,6,0,0,2
Django-1.8.2,Django-1.8.2/tests/view_tests/models.py,BaseArticle,True,1,13,2.0,14,9,8,0,4,2
Django-1.8.2,Django-1.8.2/tests/view_tests/models.py,Article,True,0,1,0.0,2,2,2,0,0,0
Django-1.8.2,Django-1.8.2/tests/view_tests/models.py,UrlArticle,True,1,8,2.0,9,6,5,0,3,1
Django-1.8.2,Django-1.8.2/tests/view_tests/models.py,DateArticle,True,0,5,0.0,6,3,2,0,4,0
Django-1.8.2,Django-1.8.2/tests/view_tests/views.py,Http404View,True,1,2,2.0,3,3,3,0,0,0
Django-1.8.2,Django-1.8.2/tests/view_tests/views.py,UnsafeExceptionReporterFilter,True,2,9,2.0,10,6,5,0,3,2
Django-1.8.2,Django-1.8.2/tests/view_tests/views.py,Klass,True,1,14,12.0,15,11,11,5,0,1
Django-1.8.2,Django-1.8.2/tests/view_tests/__init__.py,BrokenException,True,0,1,0.0,2,2,2,0,0,0
Django-1.8.2,Django-1.8.2/tests/view_tests/tests/test_csrf.py,CsrfViewTests,True,5,70,9.8,71,29,49,2,14,6
Django-1.8.2,Django-1.8.2/tests/view_tests/tests/test_debug.py,CallableSettingWrapperTests,True,1,12,10.0,13,10,9,0,2,2
Django-1.8.2,Django-1.8.2/tests/view_tests/tests/test_debug.py,DebugViewTests,True,18,171,7.5,172,106,126,5,17,21
Django-1.8.2,Django-1.8.2/tests/view_tests/tests/test_debug.py,NonDjangoTemplatesDebugViewTests,True,4,19,3.75,20,15,14,2,0,4
Django-1.8.2,Django-1.8.2/tests/view_tests/tests/test_debug.py,ExceptionReporterTests,True,10,160,14.8,161,144,137,4,4,12
Django-1.8.2,Django-1.8.2/tests/view_tests/tests/test_debug.py,PlainTextReportTests,True,5,53,9.4,54,49,45,0,0,5
Django-1.8.2,Django-1.8.2/tests/view_tests/tests/test_debug.py,ExceptionReportTestMixin,True,6,167,25.5,168,114,113,26,18,14
Django-1.8.2,Django-1.8.2/tests/view_tests/tests/test_debug.py,ExceptionReporterFilterTests,True,13,188,13.076923076923077,189,104,106,0,60,23
Django-1.8.2,Django-1.8.2/tests/view_tests/tests/test_debug.py,AjaxResponseExceptionReporterFilter,True,4,56,10.5,57,27,24,0,24,9
Django-1.8.2,Django-1.8.2/tests/view_tests/tests/test_defaults.py,DefaultsTests,True,6,81,8.166666666666666,82,44,58,3,10,9
Django-1.8.2,Django-1.8.2/tests/view_tests/tests/test_i18n.py,I18NTests,True,5,64,11.6,65,41,43,6,8,6
Django-1.8.2,Django-1.8.2/tests/view_tests/tests/test_i18n.py,JsI18NTests,True,7,74,8.714285714285714,75,41,32,1,34,8
Django-1.8.2,Django-1.8.2/tests/view_tests/tests/test_i18n.py,JsI18NTestsMultiPackage,True,3,36,9.333333333333334,37,22,20,0,15,2
Django-1.8.2,Django-1.8.2/tests/view_tests/tests/test_i18n.py,JavascriptI18nTests,True,3,38,8.333333333333334,39,29,33,1,0,5
Django-1.8.2,Django-1.8.2/tests/view_tests/tests/test_i18n.py,JavascriptI18nChromeTests,True,0,1,0.0,2,2,2,0,0,0
Django-1.8.2,Django-1.8.2/tests/view_tests/tests/test_i18n.py,JavascriptI18nIETests,True,0,1,0.0,2,2,2,0,0,0
Django-1.8.2,Django-1.8.2/tests/view_tests/tests/test_json.py,JsonResponseTests,True,1,12,11.0,13,7,12,0,0,1
Django-1.8.2,Django-1.8.2/tests/view_tests/tests/test_specials.py,URLHandling,True,3,30,7.666666666666667,31,15,11,0,17,3
Django-1.8.2,Django-1.8.2/tests/view_tests/tests/test_static.py,StaticTests,True,9,89,8.555555555555555,90,63,66,3,8,12
Django-1.8.2,Django-1.8.2/tests/view_tests/tests/test_static.py,StaticHelperTest,True,2,11,3.5,12,10,8,0,3,1
Django-1.8.2,Django-1.8.2/tests/view_tests/tests/test_static.py,StaticUtilsTests,True,1,8,8.0,9,6,5,0,4,0
Django-1.8.2,Django-1.8.2/tests/webdesign_tests/tests.py,WebdesignTest,True,1,5,4.0,6,4,5,0,0,1
Django-1.8.2,Django-1.8.2/tests/wsgi/tests.py,WSGITest,True,4,58,13.5,59,32,41,0,7,11
Django-1.8.2,Django-1.8.2/tests/wsgi/tests.py,GetInternalWSGIApplicationTest,True,4,51,11.0,52,29,31,1,8,12
matplotlib-1.4.3,matplotlib-1.4.3/setupext.py,PkgConfig,False,4,92,21.5,93,69,69,0,12,12
matplotlib-1.4.3,matplotlib-1.4.3/setupext.py,CheckFailed,False,0,4,0.0,5,3,2,0,3,0
matplotlib-1.4.3,matplotlib-1.4.3/setupext.py,SetupPackage,False,9,109,10.88888888888889,110,43,40,0,50,20
matplotlib-1.4.3,matplotlib-1.4.3/setupext.py,OptionalPackage,False,3,58,17.0,59,30,27,9,16,7
matplotlib-1.4.3,matplotlib-1.4.3/setupext.py,OptionalBackendPackage,False,0,1,0.0,2,2,2,0,0,0
matplotlib-1.4.3,matplotlib-1.4.3/setupext.py,Platform,False,1,4,2.0,5,4,4,0,0,1
matplotlib-1.4.3,matplotlib-1.4.3/setupext.py,Python,False,1,16,14.0,17,11,14,0,0,3
matplotlib-1.4.3,matplotlib-1.4.3/setupext.py,Matplotlib,False,4,50,11.25,51,11,47,0,0,4
matplotlib-1.4.3,matplotlib-1.4.3/setupext.py,SampleData,False,1,13,7.0,14,6,9,0,4,1
matplotlib-1.4.3,matplotlib-1.4.3/setupext.py,Toolkits,False,2,13,5.0,14,6,12,0,0,2
matplotlib-1.4.3,matplotlib-1.4.3/setupext.py,Tests,False,4,59,13.25,60,36,49,0,0,11
matplotlib-1.4.3,matplotlib-1.4.3/setupext.py,Toolkits_Tests,False,4,30,6.25,31,20,23,2,0,6
matplotlib-1.4.3,matplotlib-1.4.3/setupext.py,DelayedExtension,False,3,48,6.666666666666667,49,23,21,0,17,11
matplotlib-1.4.3,matplotlib-1.4.3/setupext.py,Numpy,False,5,55,9.6,56,39,44,2,0,10
matplotlib-1.4.3,matplotlib-1.4.3/setupext.py,CXX,False,2,67,32.0,68,40,54,9,0,5
matplotlib-1.4.3,matplotlib-1.4.3/setupext.py,LibAgg,False,2,28,12.5,29,16,27,0,0,2
matplotlib-1.4.3,matplotlib-1.4.3/setupext.py,FreeType,False,3,54,16.666666666666668,55,36,46,3,0,6
matplotlib-1.4.3,matplotlib-1.4.3/setupext.py,FT2Font,False,1,12,10.0,13,9,12,0,0,1
matplotlib-1.4.3,matplotlib-1.4.3/setupext.py,Png,False,2,33,15.0,34,24,30,0,0,4
matplotlib-1.4.3,matplotlib-1.4.3/setupext.py,Qhull,False,2,27,12.0,28,20,23,3,0,2
matplotlib-1.4.3,matplotlib-1.4.3/setupext.py,TTConv,False,1,14,12.0,15,9,14,0,0,1
matplotlib-1.4.3,matplotlib-1.4.3/setupext.py,Path,False,1,14,12.0,15,9,13,0,0,2
matplotlib-1.4.3,matplotlib-1.4.3/setupext.py,Image,False,1,11,9.0,12,9,11,0,0,1
matplotlib-1.4.3,matplotlib-1.4.3/setupext.py,Contour,False,1,9,7.0,10,7,9,0,0,1
matplotlib-1.4.3,matplotlib-1.4.3/setupext.py,Delaunay,False,2,12,4.5,13,10,11,0,0,2
matplotlib-1.4.3,matplotlib-1.4.3/setupext.py,QhullWrap,False,1,9,7.0,10,8,9,0,0,1
matplotlib-1.4.3,matplotlib-1.4.3/setupext.py,Tri,False,1,11,9.0,12,8,11,0,0,1
matplotlib-1.4.3,matplotlib-1.4.3/setupext.py,Six,False,2,24,10.0,25,13,21,0,0,4
matplotlib-1.4.3,matplotlib-1.4.3/setupext.py,Pytz,False,2,15,6.0,16,10,13,0,0,3
matplotlib-1.4.3,matplotlib-1.4.3/setupext.py,Dateutil,False,3,29,8.333333333333334,30,18,21,4,0,5
matplotlib-1.4.3,matplotlib-1.4.3/setupext.py,Tornado,False,1,12,10.0,13,8,11,0,0,2
matplotlib-1.4.3,matplotlib-1.4.3/setupext.py,Pyparsing,False,3,40,12.0,41,26,34,1,0,6
matplotlib-1.4.3,matplotlib-1.4.3/setupext.py,BackendAgg,False,1,14,12.0,15,10,14,0,0,1
matplotlib-1.4.3,matplotlib-1.4.3/setupext.py,BackendTkAgg,False,8,290,35.125,291,176,205,44,7,37
matplotlib-1.4.3,matplotlib-1.4.3/setupext.py,BackendGtk,False,4,100,23.75,101,54,82,3,0,16
matplotlib-1.4.3,matplotlib-1.4.3/setupext.py,BackendGtkAgg,False,3,25,7.0,26,20,23,0,0,3
matplotlib-1.4.3,matplotlib-1.4.3/setupext.py,BackendGtk3Agg,False,2,40,18.5,41,33,32,5,0,4
matplotlib-1.4.3,matplotlib-1.4.3/setupext.py,BackendGtk3Cairo,False,2,38,17.5,39,32,31,4,0,4
matplotlib-1.4.3,matplotlib-1.4.3/setupext.py,BackendWxAgg,False,1,35,33.0,36,26,26,3,0,7
matplotlib-1.4.3,matplotlib-1.4.3/setupext.py,BackendMacOSX,False,2,21,9.0,22,14,18,0,0,4
matplotlib-1.4.3,matplotlib-1.4.3/setupext.py,Windowing,False,2,23,8.5,24,18,19,0,3,2
matplotlib-1.4.3,matplotlib-1.4.3/setupext.py,BackendQtBase,False,2,51,24.5,52,35,33,8,4,7
matplotlib-1.4.3,matplotlib-1.4.3/setupext.py,BackendQt4,False,1,5,3.0,6,5,5,0,0,1
matplotlib-1.4.3,matplotlib-1.4.3/setupext.py,BackendQt5,False,1,5,3.0,6,5,5,0,0,1
matplotlib-1.4.3,matplotlib-1.4.3/setupext.py,BackendPySide,False,1,5,3.0,6,5,5,0,0,1
matplotlib-1.4.3,matplotlib-1.4.3/setupext.py,BackendCairo,False,1,14,12.0,15,14,14,0,0,1
matplotlib-1.4.3,matplotlib-1.4.3/setupext.py,DviPng,False,1,10,7.0,11,9,10,0,0,1
matplotlib-1.4.3,matplotlib-1.4.3/setupext.py,Ghostscript,False,1,21,18.0,22,19,21,0,0,1
matplotlib-1.4.3,matplotlib-1.4.3/setupext.py,LaTeX,False,1,13,10.0,14,12,13,0,0,1
matplotlib-1.4.3,matplotlib-1.4.3/setupext.py,PdfToPs,False,1,15,12.0,16,13,14,0,0,2
matplotlib-1.4.3,matplotlib-1.4.3/doc/mpl_examples/animation/bayes_update.py,UpdateDist,False,3,33,10.333333333333334,34,23,23,6,0,5
matplotlib-1.4.3,matplotlib-1.4.3/doc/mpl_examples/animation/strip_chart_demo.py,Scope,False,2,24,11.5,25,23,23,1,0,2
matplotlib-1.4.3,matplotlib-1.4.3/doc/mpl_examples/animation/subplots.py,SubplotAnimation,False,4,78,18.75,79,66,67,0,0,12
matplotlib-1.4.3,matplotlib-1.4.3/doc/mpl_examples/api/custom_projection_example.py,HammerAxes,False,24,444,12.541666666666666,445,178,188,101,93,63
matplotlib-1.4.3,matplotlib-1.4.3/doc/mpl_examples/api/custom_scale_example.py,MercatorLatitudeScale,False,4,141,14.0,142,53,47,13,60,22
matplotlib-1.4.3,matplotlib-1.4.3/doc/mpl_examples/api/line_with_text.py,MyLine,False,6,35,4.666666666666667,36,22,22,5,0,9
matplotlib-1.4.3,matplotlib-1.4.3/doc/mpl_examples/api/skewt.py,SkewXTick,False,1,24,24.0,25,20,20,0,0,5
matplotlib-1.4.3,matplotlib-1.4.3/doc/mpl_examples/api/skewt.py,SkewXAxis,False,4,13,2.25,14,11,11,0,0,3
matplotlib-1.4.3,matplotlib-1.4.3/doc/mpl_examples/api/skewt.py,SkewSpine,False,1,13,13.0,14,13,13,0,0,1
matplotlib-1.4.3,matplotlib-1.4.3/doc/mpl_examples/api/skewt.py,SkewXAxes,False,3,48,13.666666666666666,49,20,25,13,4,7
matplotlib-1.4.3,matplotlib-1.4.3/doc/mpl_examples/event_handling/data_browser.py,PointBrowser,False,4,59,12.75,60,43,38,1,5,16
matplotlib-1.4.3,matplotlib-1.4.3/doc/mpl_examples/event_handling/lasso_demo.py,Datum,False,1,7,5.0,8,10,8,0,0,0
matplotlib-1.4.3,matplotlib-1.4.3/doc/mpl_examples/event_handling/lasso_demo.py,LassoManager,False,3,40,12.666666666666666,41,31,33,1,0,7
matplotlib-1.4.3,matplotlib-1.4.3/doc/mpl_examples/event_handling/looking_glass.py,EventHandler,False,4,29,6.5,30,24,24,0,0,6
matplotlib-1.4.3,matplotlib-1.4.3/doc/mpl_examples/event_handling/path_editor.py,PathInteractor,False,8,104,10.125,105,83,64,5,6,27
matplotlib-1.4.3,matplotlib-1.4.3/doc/mpl_examples/event_handling/pipong.py,Pad,False,2,19,9.5,20,19,19,0,0,1
matplotlib-1.4.3,matplotlib-1.4.3/doc/mpl_examples/event_handling/pipong.py,Puck,False,6,57,9.5,58,53,53,4,0,1
matplotlib-1.4.3,matplotlib-1.4.3/doc/mpl_examples/event_handling/pipong.py,Game,False,3,147,48.0,148,113,118,12,0,19
matplotlib-1.4.3,matplotlib-1.4.3/doc/mpl_examples/event_handling/poly_editor.py,PolygonInteractor,False,8,129,12.75,130,103,86,7,9,26
matplotlib-1.4.3,matplotlib-1.4.3/doc/mpl_examples/event_handling/resample.py,DataDisplayDownsampler,False,3,27,8.333333333333334,28,23,21,3,0,4
matplotlib-1.4.3,matplotlib-1.4.3/doc/mpl_examples/event_handling/viewlims.py,UpdatingRect,False,1,3,3.0,4,4,4,0,0,0
matplotlib-1.4.3,matplotlib-1.4.3/doc/mpl_examples/event_handling/viewlims.py,MandlebrotDisplay,False,3,38,12.0,39,31,31,4,0,5
matplotlib-1.4.3,matplotlib-1.4.3/doc/mpl_examples/misc/multiprocess.py,ProcessPlotter,False,4,40,9.0,41,29,29,0,0,12
matplotlib-1.4.3,matplotlib-1.4.3/doc/mpl_examples/misc/multiprocess.py,NBPlot,False,2,15,7.0,16,14,15,0,0,1
matplotlib-1.4.3,matplotlib-1.4.3/doc/mpl_examples/misc/rc_traits.py,RGBA,False,2,13,4.0,14,12,13,1,0,0
matplotlib-1.4.3,matplotlib-1.4.3/doc/mpl_examples/misc/rc_traits.py,LineRC,False,0,10,0.0,11,11,11,0,0,0
matplotlib-1.4.3,matplotlib-1.4.3/doc/mpl_examples/misc/rc_traits.py,PatchRC,False,0,4,0.0,5,5,5,0,0,0
matplotlib-1.4.3,matplotlib-1.4.3/doc/mpl_examples/misc/rc_traits.py,RC,False,0,6,0.0,7,7,7,0,0,0
matplotlib-1.4.3,matplotlib-1.4.3/doc/mpl_examples/misc/rc_traits.py,Patch,False,1,25,20.0,26,21,24,0,0,2
matplotlib-1.4.3,matplotlib-1.4.3/doc/mpl_examples/pylab_examples/anchored_artists.py,AnchoredText,False,1,10,10.0,11,4,8,0,0,3
matplotlib-1.4.3,matplotlib-1.4.3/doc/mpl_examples/pylab_examples/anchored_artists.py,AnchoredSizeBar,False,1,22,22.0,23,8,13,0,6,4
matplotlib-1.4.3,matplotlib-1.4.3/doc/mpl_examples/pylab_examples/anchored_artists.py,AnchoredEllipse,False,1,15,15.0,16,7,10,0,4,2
matplotlib-1.4.3,matplotlib-1.4.3/doc/mpl_examples/pylab_examples/anchored_artists.py,AnchoredDrawingArea,False,1,9,9.0,10,4,8,0,0,2
matplotlib-1.4.3,matplotlib-1.4.3/doc/mpl_examples/pylab_examples/clippedline.py,ClippedLine,False,3,31,8.0,32,25,22,0,3,7
matplotlib-1.4.3,matplotlib-1.4.3/doc/mpl_examples/pylab_examples/contour_label_demo.py,nf,False,1,6,6.0,7,7,7,0,0,0
matplotlib-1.4.3,matplotlib-1.4.3/doc/mpl_examples/pylab_examples/cursor_demo.py,Cursor,False,2,18,8.5,19,14,13,4,0,4
matplotlib-1.4.3,matplotlib-1.4.3/doc/mpl_examples/pylab_examples/cursor_demo.py,SnaptoCursor,False,2,29,12.0,30,21,19,4,4,5
matplotlib-1.4.3,matplotlib-1.4.3/doc/mpl_examples/pylab_examples/custom_figure_class.py,MyFigure,False,1,7,7.0,8,6,5,0,3,0
matplotlib-1.4.3,matplotlib-1.4.3/doc/mpl_examples/pylab_examples/date_index_formatter.py,MyFormatter,False,2,10,4.5,11,10,8,0,0,2
matplotlib-1.4.3,matplotlib-1.4.3/doc/mpl_examples/pylab_examples/demo_agg_filter.py,BaseFilter,False,3,16,4.666666666666667,17,14,13,2,0,3
matplotlib-1.4.3,matplotlib-1.4.3/doc/mpl_examples/pylab_examples/demo_agg_filter.py,OffsetFilter,False,3,14,4.0,15,13,13,0,0,2
matplotlib-1.4.3,matplotlib-1.4.3/doc/mpl_examples/pylab_examples/demo_agg_filter.py,GaussianFilter,False,3,21,5.666666666666667,22,20,17,1,0,3
matplotlib-1.4.3,matplotlib-1.4.3/doc/mpl_examples/pylab_examples/demo_agg_filter.py,DropShadowFilter,False,3,12,3.3333333333333335,13,10,11,0,0,2
matplotlib-1.4.3,matplotlib-1.4.3/doc/mpl_examples/pylab_examples/demo_agg_filter.py,LightFilter,False,3,23,6.333333333333333,24,21,17,2,0,4
matplotlib-1.4.3,matplotlib-1.4.3/doc/mpl_examples/pylab_examples/demo_agg_filter.py,GrowFilter,False,2,21,9.5,22,24,19,0,0,2
matplotlib-1.4.3,matplotlib-1.4.3/doc/mpl_examples/pylab_examples/demo_agg_filter.py,FilteredArtistList,False,2,15,5.5,16,13,12,0,3,1
matplotlib-1.4.3,matplotlib-1.4.3/doc/mpl_examples/pylab_examples/demo_ribbon_box.py,RibbonBox,False,2,39,14.0,40,35,30,0,0,10
matplotlib-1.4.3,matplotlib-1.4.3/doc/mpl_examples/pylab_examples/demo_ribbon_box.py,RibbonBoxImage,False,2,40,18.0,41,15,33,0,0,8
matplotlib-1.4.3,matplotlib-1.4.3/doc/mpl_examples/pylab_examples/demo_text_path.py,PathClippedImagePatch,False,4,33,6.0,34,17,18,1,5,9
matplotlib-1.4.3,matplotlib-1.4.3/doc/mpl_examples/pylab_examples/finance_work2.py,MyLocator,False,2,5,2.0,6,5,5,0,0,1
matplotlib-1.4.3,matplotlib-1.4.3/doc/mpl_examples/pylab_examples/image_slices_viewer.py,IndexTracker,False,3,25,7.666666666666667,26,22,20,0,0,6
matplotlib-1.4.3,matplotlib-1.4.3/doc/mpl_examples/pylab_examples/multi_image.py,ImageFollower,False,2,6,2.5,7,7,6,0,0,0
matplotlib-1.4.3,matplotlib-1.4.3/doc/mpl_examples/pylab_examples/usetex_baseline_test.py,Axes,True,2,20,7.5,21,14,13,0,4,4
matplotlib-1.4.3,matplotlib-1.4.3/doc/mpl_examples/units/basic_units.py,ProxyDelegate,False,2,6,2.5,7,6,6,0,0,1
matplotlib-1.4.3,matplotlib-1.4.3/doc/mpl_examples/units/basic_units.py,TaggedValueMeta,False,1,7,7.0,8,7,8,0,0,0
matplotlib-1.4.3,matplotlib-1.4.3/doc/mpl_examples/units/basic_units.py,PassThroughProxy,False,2,8,3.5,9,8,8,0,0,1
matplotlib-1.4.3,matplotlib-1.4.3/doc/mpl_examples/units/basic_units.py,ConvertArgsProxy,False,2,13,6.0,14,13,13,0,0,1
matplotlib-1.4.3,matplotlib-1.4.3/doc/mpl_examples/units/basic_units.py,ConvertReturnProxy,False,2,9,4.0,10,9,9,0,0,1
matplotlib-1.4.3,matplotlib-1.4.3/doc/mpl_examples/units/basic_units.py,ConvertAllProxy,False,2,34,16.5,35,31,31,2,0,2
matplotlib-1.4.3,matplotlib-1.4.3/doc/mpl_examples/units/basic_units.py,_TaggedValue,False,13,83,4.6923076923076925,84,60,68,2,0,15
matplotlib-1.4.3,matplotlib-1.4.3/doc/mpl_examples/units/basic_units.py,BasicUnit,False,13,58,3.5384615384615383,59,47,47,0,0,12
matplotlib-1.4.3,matplotlib-1.4.3/doc/mpl_examples/units/basic_units.py,UnitResolver,False,3,25,5.0,26,17,22,0,0,4
matplotlib-1.4.3,matplotlib-1.4.3/doc/mpl_examples/units/basic_units.py,BasicUnitConverter,False,3,40,11.333333333333334,41,29,35,0,0,4
matplotlib-1.4.3,matplotlib-1.4.3/doc/mpl_examples/units/evans_test.py,Foo,True,2,7,3.0,8,8,7,0,0,1
matplotlib-1.4.3,matplotlib-1.4.3/doc/mpl_examples/units/evans_test.py,FooConverter,True,3,36,10.0,37,25,26,0,4,5
matplotlib-1.4.3,matplotlib-1.4.3/doc/mpl_examples/user_interfaces/embedding_in_qt4.py,MyMplCanvas,False,2,20,9.0,21,13,14,2,0,4
matplotlib-1.4.3,matplotlib-1.4.3/doc/mpl_examples/user_interfaces/embedding_in_qt4.py,MyStaticMplCanvas,False,1,5,4.0,6,6,5,0,0,0
matplotlib-1.4.3,matplotlib-1.4.3/doc/mpl_examples/user_interfaces/embedding_in_qt4.py,MyDynamicMplCanvas,False,3,16,4.333333333333333,17,13,12,1,0,3
matplotlib-1.4.3,matplotlib-1.4.3/doc/mpl_examples/user_interfaces/embedding_in_qt4.py,ApplicationWindow,False,4,46,10.75,47,27,35,0,0,12
matplotlib-1.4.3,matplotlib-1.4.3/doc/mpl_examples/user_interfaces/embedding_in_qt4_wtoolbar.py,AppForm,False,5,42,7.6,43,30,30,6,0,8
matplotlib-1.4.3,matplotlib-1.4.3/doc/mpl_examples/user_interfaces/embedding_in_wx2.py,CanvasFrame,False,3,47,14.0,48,28,29,10,0,10
matplotlib-1.4.3,matplotlib-1.4.3/doc/mpl_examples/user_interfaces/embedding_in_wx2.py,App,False,1,7,6.0,8,6,5,0,0,2
matplotlib-1.4.3,matplotlib-1.4.3/doc/mpl_examples/user_interfaces/embedding_in_wx3.py,PlotPanel,False,5,58,10.6,59,40,40,10,0,12
matplotlib-1.4.3,matplotlib-1.4.3/doc/mpl_examples/user_interfaces/embedding_in_wx3.py,MyApp,False,2,52,25.5,53,26,28,9,0,16
matplotlib-1.4.3,matplotlib-1.4.3/doc/mpl_examples/user_interfaces/embedding_in_wx4.py,MyNavigationToolbar,False,2,30,12.5,31,14,16,7,3,5
matplotlib-1.4.3,matplotlib-1.4.3/doc/mpl_examples/user_interfaces/embedding_in_wx4.py,CanvasFrame,False,2,48,22.5,49,28,29,10,0,10
matplotlib-1.4.3,matplotlib-1.4.3/doc/mpl_examples/user_interfaces/embedding_in_wx4.py,App,False,1,7,6.0,8,6,5,0,0,2
matplotlib-1.4.3,matplotlib-1.4.3/doc/mpl_examples/user_interfaces/embedding_in_wx5.py,Plot,False,1,11,11.0,12,11,11,0,0,1
matplotlib-1.4.3,matplotlib-1.4.3/doc/mpl_examples/user_interfaces/embedding_in_wx5.py,PlotNotebook,False,2,11,5.0,12,11,11,0,0,1
matplotlib-1.4.3,matplotlib-1.4.3/doc/mpl_examples/user_interfaces/embedding_webagg.py,MyApplication,False,1,127,23.0,128,56,74,12,25,22
matplotlib-1.4.3,matplotlib-1.4.3/doc/mpl_examples/user_interfaces/fourier_demo_wx.py,Knob,False,1,7,2.0,8,4,3,0,5,0
matplotlib-1.4.3,matplotlib-1.4.3/doc/mpl_examples/user_interfaces/fourier_demo_wx.py,Param,False,4,37,5.5,38,24,23,0,12,3
matplotlib-1.4.3,matplotlib-1.4.3/doc/mpl_examples/user_interfaces/fourier_demo_wx.py,SliderGroup,False,4,30,6.75,31,25,25,0,0,6
matplotlib-1.4.3,matplotlib-1.4.3/doc/mpl_examples/user_interfaces/fourier_demo_wx.py,FourierDemoFrame,False,1,16,16.0,17,11,15,0,0,2
matplotlib-1.4.3,matplotlib-1.4.3/doc/mpl_examples/user_interfaces/fourier_demo_wx.py,FourierDemoWindow,False,9,90,9.11111111111111,91,74,76,7,0,9
matplotlib-1.4.3,matplotlib-1.4.3/doc/mpl_examples/user_interfaces/fourier_demo_wx.py,App,False,1,4,4.0,5,5,5,0,0,0
matplotlib-1.4.3,matplotlib-1.4.3/doc/mpl_examples/user_interfaces/gtk_spreadsheet.py,DataManager,False,4,69,14.75,70,47,47,4,0,22
matplotlib-1.4.3,matplotlib-1.4.3/doc/mpl_examples/user_interfaces/interactive2.py,Completer,False,4,67,15.25,68,43,39,0,20,9
matplotlib-1.4.3,matplotlib-1.4.3/doc/mpl_examples/user_interfaces/interactive2.py,OutputStream,False,2,23,8.5,24,16,15,0,5,4
matplotlib-1.4.3,matplotlib-1.4.3/doc/mpl_examples/user_interfaces/interactive2.py,GTKInterpreterConsole,False,14,202,13.142857142857142,203,151,149,1,4,49
matplotlib-1.4.3,matplotlib-1.4.3/doc/mpl_examples/user_interfaces/mathtext_wx.py,CanvasFrame,False,6,76,11.833333333333334,77,60,59,3,0,15
matplotlib-1.4.3,matplotlib-1.4.3/doc/mpl_examples/user_interfaces/mathtext_wx.py,MyApp,False,1,5,5.0,6,6,6,0,0,0
matplotlib-1.4.3,matplotlib-1.4.3/doc/mpl_examples/user_interfaces/mpl_with_glade.py,GladeHandlers,False,1,4,4.0,5,3,5,0,0,0
matplotlib-1.4.3,matplotlib-1.4.3/doc/mpl_examples/user_interfaces/mpl_with_glade.py,WidgetsWrapper,False,2,63,29.0,64,41,45,2,0,18
matplotlib-1.4.3,matplotlib-1.4.3/doc/mpl_examples/user_interfaces/mpl_with_glade_316.py,Window1Signals,False,1,2,2.0,3,3,3,0,0,0
matplotlib-1.4.3,matplotlib-1.4.3/doc/mpl_examples/user_interfaces/wxcursor_demo.py,CanvasFrame,False,3,43,13.333333333333334,44,30,33,1,0,10
matplotlib-1.4.3,matplotlib-1.4.3/doc/mpl_examples/user_interfaces/wxcursor_demo.py,App,False,1,7,6.0,8,7,6,0,0,1
matplotlib-1.4.3,matplotlib-1.4.3/doc/mpl_examples/widgets/buttons.py,Index,False,2,14,6.0,15,14,14,0,0,1
matplotlib-1.4.3,matplotlib-1.4.3/doc/mpl_examples/widgets/lasso_selector_demo.py,SelectFromCollection,False,3,52,9.666666666666666,53,29,26,1,16,10
matplotlib-1.4.3,matplotlib-1.4.3/doc/mpl_examples/widgets/menu.py,ItemProperties,False,1,9,9.0,10,8,9,0,0,1
matplotlib-1.4.3,matplotlib-1.4.3/doc/mpl_examples/widgets/menu.py,MenuItem,False,6,96,14.666666666666666,97,69,67,1,0,28
matplotlib-1.4.3,matplotlib-1.4.3/doc/mpl_examples/widgets/menu.py,Menu,False,2,41,19.5,42,27,27,0,0,15
matplotlib-1.4.3,matplotlib-1.4.3/doc/users/plotting/examples/custom_boxstyle02.py,MyStyle,False,2,53,24.0,54,16,20,3,18,13
matplotlib-1.4.3,matplotlib-1.4.3/examples/animation/bayes_update.py,UpdateDist,False,3,33,10.333333333333334,34,23,23,6,0,5
matplotlib-1.4.3,matplotlib-1.4.3/examples/animation/strip_chart_demo.py,Scope,False,2,24,11.5,25,23,23,1,0,2
matplotlib-1.4.3,matplotlib-1.4.3/examples/animation/subplots.py,SubplotAnimation,False,4,78,18.75,79,66,67,0,0,12
matplotlib-1.4.3,matplotlib-1.4.3/examples/api/custom_projection_example.py,HammerAxes,False,24,444,12.541666666666666,445,178,188,101,93,63
matplotlib-1.4.3,matplotlib-1.4.3/examples/api/custom_scale_example.py,MercatorLatitudeScale,False,4,141,14.0,142,53,47,13,60,22
matplotlib-1.4.3,matplotlib-1.4.3/examples/api/line_with_text.py,MyLine,False,6,35,4.666666666666667,36,22,22,5,0,9
matplotlib-1.4.3,matplotlib-1.4.3/examples/api/skewt.py,SkewXTick,False,1,24,24.0,25,20,20,0,0,5
matplotlib-1.4.3,matplotlib-1.4.3/examples/api/skewt.py,SkewXAxis,False,4,13,2.25,14,11,11,0,0,3
matplotlib-1.4.3,matplotlib-1.4.3/examples/api/skewt.py,SkewSpine,False,1,13,13.0,14,13,13,0,0,1
matplotlib-1.4.3,matplotlib-1.4.3/examples/api/skewt.py,SkewXAxes,False,3,48,13.666666666666666,49,20,25,13,4,7
matplotlib-1.4.3,matplotlib-1.4.3/examples/event_handling/data_browser.py,PointBrowser,False,4,59,12.75,60,43,38,1,5,16
matplotlib-1.4.3,matplotlib-1.4.3/examples/event_handling/lasso_demo.py,Datum,False,1,7,5.0,8,10,8,0,0,0
matplotlib-1.4.3,matplotlib-1.4.3/examples/event_handling/lasso_demo.py,LassoManager,False,3,40,12.666666666666666,41,31,33,1,0,7
matplotlib-1.4.3,matplotlib-1.4.3/examples/event_handling/looking_glass.py,EventHandler,False,4,29,6.5,30,24,24,0,0,6
matplotlib-1.4.3,matplotlib-1.4.3/examples/event_handling/path_editor.py,PathInteractor,False,8,104,10.125,105,83,64,5,6,27
matplotlib-1.4.3,matplotlib-1.4.3/examples/event_handling/pipong.py,Pad,False,2,19,9.5,20,19,19,0,0,1
matplotlib-1.4.3,matplotlib-1.4.3/examples/event_handling/pipong.py,Puck,False,6,57,9.5,58,53,53,4,0,1
matplotlib-1.4.3,matplotlib-1.4.3/examples/event_handling/pipong.py,Game,False,3,147,48.0,148,113,118,12,0,19
matplotlib-1.4.3,matplotlib-1.4.3/examples/event_handling/poly_editor.py,PolygonInteractor,False,8,129,12.75,130,103,86,7,9,26
matplotlib-1.4.3,matplotlib-1.4.3/examples/event_handling/resample.py,DataDisplayDownsampler,False,3,27,8.333333333333334,28,23,21,3,0,4
matplotlib-1.4.3,matplotlib-1.4.3/examples/event_handling/viewlims.py,UpdatingRect,False,1,3,3.0,4,4,4,0,0,0
matplotlib-1.4.3,matplotlib-1.4.3/examples/event_handling/viewlims.py,MandlebrotDisplay,False,3,38,12.0,39,31,31,4,0,5
matplotlib-1.4.3,matplotlib-1.4.3/examples/misc/multiprocess.py,ProcessPlotter,False,4,40,9.0,41,29,29,0,0,12
matplotlib-1.4.3,matplotlib-1.4.3/examples/misc/multiprocess.py,NBPlot,False,2,15,7.0,16,14,15,0,0,1
matplotlib-1.4.3,matplotlib-1.4.3/examples/misc/rc_traits.py,RGBA,False,2,13,4.0,14,12,13,1,0,0
matplotlib-1.4.3,matplotlib-1.4.3/examples/misc/rc_traits.py,LineRC,False,0,10,0.0,11,11,11,0,0,0
matplotlib-1.4.3,matplotlib-1.4.3/examples/misc/rc_traits.py,PatchRC,False,0,4,0.0,5,5,5,0,0,0
matplotlib-1.4.3,matplotlib-1.4.3/examples/misc/rc_traits.py,RC,False,0,6,0.0,7,7,7,0,0,0
matplotlib-1.4.3,matplotlib-1.4.3/examples/misc/rc_traits.py,Patch,False,1,25,20.0,26,21,24,0,0,2
matplotlib-1.4.3,matplotlib-1.4.3/examples/pylab_examples/anchored_artists.py,AnchoredText,False,1,10,10.0,11,4,8,0,0,3
matplotlib-1.4.3,matplotlib-1.4.3/examples/pylab_examples/anchored_artists.py,AnchoredSizeBar,False,1,22,22.0,23,8,13,0,6,4
matplotlib-1.4.3,matplotlib-1.4.3/examples/pylab_examples/anchored_artists.py,AnchoredEllipse,False,1,15,15.0,16,7,10,0,4,2
matplotlib-1.4.3,matplotlib-1.4.3/examples/pylab_examples/anchored_artists.py,AnchoredDrawingArea,False,1,9,9.0,10,4,8,0,0,2
matplotlib-1.4.3,matplotlib-1.4.3/examples/pylab_examples/clippedline.py,ClippedLine,False,3,31,8.0,32,25,22,0,3,7
matplotlib-1.4.3,matplotlib-1.4.3/examples/pylab_examples/contour_label_demo.py,nf,False,1,6,6.0,7,7,7,0,0,0
matplotlib-1.4.3,matplotlib-1.4.3/examples/pylab_examples/cursor_demo.py,Cursor,False,2,18,8.5,19,14,13,4,0,4
matplotlib-1.4.3,matplotlib-1.4.3/examples/pylab_examples/cursor_demo.py,SnaptoCursor,False,2,29,12.0,30,21,19,4,4,5
matplotlib-1.4.3,matplotlib-1.4.3/examples/pylab_examples/custom_figure_class.py,MyFigure,False,1,7,7.0,8,6,5,0,3,0
matplotlib-1.4.3,matplotlib-1.4.3/examples/pylab_examples/date_index_formatter.py,MyFormatter,False,2,10,4.5,11,10,8,0,0,2
matplotlib-1.4.3,matplotlib-1.4.3/examples/pylab_examples/demo_agg_filter.py,BaseFilter,False,3,16,4.666666666666667,17,14,13,2,0,3
matplotlib-1.4.3,matplotlib-1.4.3/examples/pylab_examples/demo_agg_filter.py,OffsetFilter,False,3,14,4.0,15,13,13,0,0,2
matplotlib-1.4.3,matplotlib-1.4.3/examples/pylab_examples/demo_agg_filter.py,GaussianFilter,False,3,21,5.666666666666667,22,20,17,1,0,3
matplotlib-1.4.3,matplotlib-1.4.3/examples/pylab_examples/demo_agg_filter.py,DropShadowFilter,False,3,12,3.3333333333333335,13,10,11,0,0,2
matplotlib-1.4.3,matplotlib-1.4.3/examples/pylab_examples/demo_agg_filter.py,LightFilter,False,3,23,6.333333333333333,24,21,17,2,0,4
matplotlib-1.4.3,matplotlib-1.4.3/examples/pylab_examples/demo_agg_filter.py,GrowFilter,False,2,21,9.5,22,24,19,0,0,2
matplotlib-1.4.3,matplotlib-1.4.3/examples/pylab_examples/demo_agg_filter.py,FilteredArtistList,False,2,15,5.5,16,13,12,0,3,1
matplotlib-1.4.3,matplotlib-1.4.3/examples/pylab_examples/demo_ribbon_box.py,RibbonBox,False,2,39,14.0,40,35,30,0,0,10
matplotlib-1.4.3,matplotlib-1.4.3/examples/pylab_examples/demo_ribbon_box.py,RibbonBoxImage,False,2,40,18.0,41,15,33,0,0,8
matplotlib-1.4.3,matplotlib-1.4.3/examples/pylab_examples/demo_text_path.py,PathClippedImagePatch,False,4,33,6.0,34,17,18,1,5,9
matplotlib-1.4.3,matplotlib-1.4.3/examples/pylab_examples/finance_work2.py,MyLocator,False,2,5,2.0,6,5,5,0,0,1
matplotlib-1.4.3,matplotlib-1.4.3/examples/pylab_examples/image_slices_viewer.py,IndexTracker,False,3,25,7.666666666666667,26,22,20,0,0,6
matplotlib-1.4.3,matplotlib-1.4.3/examples/pylab_examples/multi_image.py,ImageFollower,False,2,6,2.5,7,7,6,0,0,0
matplotlib-1.4.3,matplotlib-1.4.3/examples/pylab_examples/usetex_baseline_test.py,Axes,True,2,20,7.5,21,14,13,0,4,4
matplotlib-1.4.3,matplotlib-1.4.3/examples/units/basic_units.py,ProxyDelegate,False,2,6,2.5,7,6,6,0,0,1
matplotlib-1.4.3,matplotlib-1.4.3/examples/units/basic_units.py,TaggedValueMeta,False,1,7,7.0,8,7,8,0,0,0
matplotlib-1.4.3,matplotlib-1.4.3/examples/units/basic_units.py,PassThroughProxy,False,2,8,3.5,9,8,8,0,0,1
matplotlib-1.4.3,matplotlib-1.4.3/examples/units/basic_units.py,ConvertArgsProxy,False,2,13,6.0,14,13,13,0,0,1
matplotlib-1.4.3,matplotlib-1.4.3/examples/units/basic_units.py,ConvertReturnProxy,False,2,9,4.0,10,9,9,0,0,1
matplotlib-1.4.3,matplotlib-1.4.3/examples/units/basic_units.py,ConvertAllProxy,False,2,34,16.5,35,31,31,2,0,2
matplotlib-1.4.3,matplotlib-1.4.3/examples/units/basic_units.py,_TaggedValue,False,13,83,4.6923076923076925,84,60,68,2,0,15
matplotlib-1.4.3,matplotlib-1.4.3/examples/units/basic_units.py,BasicUnit,False,13,58,3.5384615384615383,59,47,47,0,0,12
matplotlib-1.4.3,matplotlib-1.4.3/examples/units/basic_units.py,UnitResolver,False,3,25,5.0,26,17,22,0,0,4
matplotlib-1.4.3,matplotlib-1.4.3/examples/units/basic_units.py,BasicUnitConverter,False,3,40,11.333333333333334,41,29,35,0,0,4
matplotlib-1.4.3,matplotlib-1.4.3/examples/units/evans_test.py,Foo,True,2,7,3.0,8,8,7,0,0,1
matplotlib-1.4.3,matplotlib-1.4.3/examples/units/evans_test.py,FooConverter,True,3,36,10.0,37,25,26,0,4,5
matplotlib-1.4.3,matplotlib-1.4.3/examples/user_interfaces/embedding_in_qt4.py,MyMplCanvas,False,2,20,9.0,21,13,14,2,0,4
matplotlib-1.4.3,matplotlib-1.4.3/examples/user_interfaces/embedding_in_qt4.py,MyStaticMplCanvas,False,1,5,4.0,6,6,5,0,0,0
matplotlib-1.4.3,matplotlib-1.4.3/examples/user_interfaces/embedding_in_qt4.py,MyDynamicMplCanvas,False,3,16,4.333333333333333,17,13,12,1,0,3
matplotlib-1.4.3,matplotlib-1.4.3/examples/user_interfaces/embedding_in_qt4.py,ApplicationWindow,False,4,46,10.75,47,27,35,0,0,12
matplotlib-1.4.3,matplotlib-1.4.3/examples/user_interfaces/embedding_in_qt4_wtoolbar.py,AppForm,False,5,42,7.6,43,30,30,6,0,8
matplotlib-1.4.3,matplotlib-1.4.3/examples/user_interfaces/embedding_in_wx2.py,CanvasFrame,False,3,47,14.0,48,28,29,10,0,10
matplotlib-1.4.3,matplotlib-1.4.3/examples/user_interfaces/embedding_in_wx2.py,App,False,1,7,6.0,8,6,5,0,0,2
matplotlib-1.4.3,matplotlib-1.4.3/examples/user_interfaces/embedding_in_wx3.py,PlotPanel,False,5,58,10.6,59,40,40,10,0,12
matplotlib-1.4.3,matplotlib-1.4.3/examples/user_interfaces/embedding_in_wx3.py,MyApp,False,2,52,25.5,53,26,28,9,0,16
matplotlib-1.4.3,matplotlib-1.4.3/examples/user_interfaces/embedding_in_wx4.py,MyNavigationToolbar,False,2,30,12.5,31,14,16,7,3,5
matplotlib-1.4.3,matplotlib-1.4.3/examples/user_interfaces/embedding_in_wx4.py,CanvasFrame,False,2,48,22.5,49,28,29,10,0,10
matplotlib-1.4.3,matplotlib-1.4.3/examples/user_interfaces/embedding_in_wx4.py,App,False,1,7,6.0,8,6,5,0,0,2
matplotlib-1.4.3,matplotlib-1.4.3/examples/user_interfaces/embedding_in_wx5.py,Plot,False,1,11,11.0,12,11,11,0,0,1
matplotlib-1.4.3,matplotlib-1.4.3/examples/user_interfaces/embedding_in_wx5.py,PlotNotebook,False,2,11,5.0,12,11,11,0,0,1
matplotlib-1.4.3,matplotlib-1.4.3/examples/user_interfaces/embedding_webagg.py,MyApplication,False,1,127,23.0,128,56,74,12,25,22
matplotlib-1.4.3,matplotlib-1.4.3/examples/user_interfaces/fourier_demo_wx.py,Knob,False,1,7,2.0,8,4,3,0,5,0
matplotlib-1.4.3,matplotlib-1.4.3/examples/user_interfaces/fourier_demo_wx.py,Param,False,4,37,5.5,38,24,23,0,12,3
matplotlib-1.4.3,matplotlib-1.4.3/examples/user_interfaces/fourier_demo_wx.py,SliderGroup,False,4,30,6.75,31,25,25,0,0,6
matplotlib-1.4.3,matplotlib-1.4.3/examples/user_interfaces/fourier_demo_wx.py,FourierDemoFrame,False,1,16,16.0,17,11,15,0,0,2
matplotlib-1.4.3,matplotlib-1.4.3/examples/user_interfaces/fourier_demo_wx.py,FourierDemoWindow,False,9,90,9.11111111111111,91,74,76,7,0,9
matplotlib-1.4.3,matplotlib-1.4.3/examples/user_interfaces/fourier_demo_wx.py,App,False,1,4,4.0,5,5,5,0,0,0
matplotlib-1.4.3,matplotlib-1.4.3/examples/user_interfaces/gtk_spreadsheet.py,DataManager,False,4,69,14.75,70,47,47,4,0,22
matplotlib-1.4.3,matplotlib-1.4.3/examples/user_interfaces/interactive2.py,Completer,False,4,67,15.25,68,43,39,0,20,9
matplotlib-1.4.3,matplotlib-1.4.3/examples/user_interfaces/interactive2.py,OutputStream,False,2,23,8.5,24,16,15,0,5,4
matplotlib-1.4.3,matplotlib-1.4.3/examples/user_interfaces/interactive2.py,GTKInterpreterConsole,False,14,202,13.142857142857142,203,151,149,1,4,49
matplotlib-1.4.3,matplotlib-1.4.3/examples/user_interfaces/mathtext_wx.py,CanvasFrame,False,6,76,11.833333333333334,77,60,59,3,0,15
matplotlib-1.4.3,matplotlib-1.4.3/examples/user_interfaces/mathtext_wx.py,MyApp,False,1,5,5.0,6,6,6,0,0,0
matplotlib-1.4.3,matplotlib-1.4.3/examples/user_interfaces/mpl_with_glade.py,GladeHandlers,False,1,4,4.0,5,3,5,0,0,0
matplotlib-1.4.3,matplotlib-1.4.3/examples/user_interfaces/mpl_with_glade.py,WidgetsWrapper,False,2,63,29.0,64,41,45,2,0,18
matplotlib-1.4.3,matplotlib-1.4.3/examples/user_interfaces/mpl_with_glade_316.py,Window1Signals,False,1,2,2.0,3,3,3,0,0,0
matplotlib-1.4.3,matplotlib-1.4.3/examples/user_interfaces/wxcursor_demo.py,CanvasFrame,False,3,43,13.333333333333334,44,30,33,1,0,10
matplotlib-1.4.3,matplotlib-1.4.3/examples/user_interfaces/wxcursor_demo.py,App,False,1,7,6.0,8,7,6,0,0,1
matplotlib-1.4.3,matplotlib-1.4.3/examples/widgets/buttons.py,Index,False,2,14,6.0,15,14,14,0,0,1
matplotlib-1.4.3,matplotlib-1.4.3/examples/widgets/lasso_selector_demo.py,SelectFromCollection,False,3,52,9.666666666666666,53,29,26,1,16,10
matplotlib-1.4.3,matplotlib-1.4.3/examples/widgets/menu.py,ItemProperties,False,1,9,9.0,10,8,9,0,0,1
matplotlib-1.4.3,matplotlib-1.4.3/examples/widgets/menu.py,MenuItem,False,6,96,14.666666666666666,97,69,67,1,0,28
matplotlib-1.4.3,matplotlib-1.4.3/examples/widgets/menu.py,Menu,False,2,41,19.5,42,27,27,0,0,15
matplotlib-1.4.3,matplotlib-1.4.3/lib/matplotlib/afm.py,AFM,False,21,216,9.285714285714286,217,150,130,8,43,29
matplotlib-1.4.3,matplotlib-1.4.3/lib/matplotlib/animation.py,MovieWriterRegistry,False,5,26,3.4,27,18,17,5,0,4
matplotlib-1.4.3,matplotlib-1.4.3/lib/matplotlib/animation.py,MovieWriter,False,12,184,12.666666666666666,185,83,86,8,64,22
matplotlib-1.4.3,matplotlib-1.4.3/lib/matplotlib/animation.py,FileMovieWriter,False,9,118,11.88888888888889,119,56,64,18,25,14
matplotlib-1.4.3,matplotlib-1.4.3/lib/matplotlib/animation.py,FFMpegBase,False,1,16,12.0,17,13,13,2,0,2
matplotlib-1.4.3,matplotlib-1.4.3/lib/matplotlib/animation.py,FFMpegWriter,False,1,11,11.0,12,7,9,3,0,0
matplotlib-1.4.3,matplotlib-1.4.3/lib/matplotlib/animation.py,FFMpegFileWriter,False,1,9,6.0,10,4,7,2,0,1
matplotlib-1.4.3,matplotlib-1.4.3/lib/matplotlib/animation.py,AVConvBase,False,0,2,0.0,3,3,3,0,0,0
matplotlib-1.4.3,matplotlib-1.4.3/lib/matplotlib/animation.py,AVConvWriter,False,0,1,0.0,2,2,2,0,0,0
matplotlib-1.4.3,matplotlib-1.4.3/lib/matplotlib/animation.py,AVConvFileWriter,False,0,1,0.0,2,2,2,0,0,0
matplotlib-1.4.3,matplotlib-1.4.3/lib/matplotlib/animation.py,MencoderBase,False,2,30,9.0,31,20,24,4,0,3
matplotlib-1.4.3,matplotlib-1.4.3/lib/matplotlib/animation.py,MencoderWriter,False,1,7,7.0,8,3,6,2,0,0
matplotlib-1.4.3,matplotlib-1.4.3/lib/matplotlib/animation.py,MencoderFileWriter,False,1,10,8.0,11,4,8,2,0,1
matplotlib-1.4.3,matplotlib-1.4.3/lib/matplotlib/animation.py,ImageMagickBase,False,2,10,2.0,11,9,9,0,0,2
matplotlib-1.4.3,matplotlib-1.4.3/lib/matplotlib/animation.py,ImageMagickWriter,False,1,6,6.0,7,3,7,0,0,0
matplotlib-1.4.3,matplotlib-1.4.3/lib/matplotlib/animation.py,ImageMagickFileWriter,False,1,7,4.0,8,4,7,0,0,1
matplotlib-1.4.3,matplotlib-1.4.3/lib/matplotlib/animation.py,Animation,False,17,324,17.235294117647058,325,127,147,76,55,46
matplotlib-1.4.3,matplotlib-1.4.3/lib/matplotlib/animation.py,TimedAnimation,False,4,62,12.25,63,32,32,13,11,7
matplotlib-1.4.3,matplotlib-1.4.3/lib/matplotlib/animation.py,ArtistAnimation,False,4,51,10.0,52,26,24,11,10,7
matplotlib-1.4.3,matplotlib-1.4.3/lib/matplotlib/animation.py,FuncAnimation,False,5,99,15.0,100,45,42,25,16,17
matplotlib-1.4.3,matplotlib-1.4.3/lib/matplotlib/artist.py,Artist,False,66,804,11.0,805,376,322,26,299,149
matplotlib-1.4.3,matplotlib-1.4.3/lib/matplotlib/artist.py,ArtistInspector,False,13,324,23.384615384615383,325,190,188,4,81,53
matplotlib-1.4.3,matplotlib-1.4.3/lib/matplotlib/axis.py,Tick,False,20,296,11.7,297,173,177,9,51,55
matplotlib-1.4.3,matplotlib-1.4.3/lib/matplotlib/axis.py,XTick,False,10,139,12.4,140,75,102,9,4,18
matplotlib-1.4.3,matplotlib-1.4.3/lib/matplotlib/axis.py,YTick,False,10,135,11.9,136,75,102,7,4,16
matplotlib-1.4.3,matplotlib-1.4.3/lib/matplotlib/axis.py,Ticker,False,0,2,0.0,3,3,3,0,0,0
matplotlib-1.4.3,matplotlib-1.4.3/lib/matplotlib/axis.py,Axis,False,72,1020,13.01388888888889,1021,652,619,71,142,161
matplotlib-1.4.3,matplotlib-1.4.3/lib/matplotlib/axis.py,XAxis,False,20,297,13.75,298,177,195,15,48,37
matplotlib-1.4.3,matplotlib-1.4.3/lib/matplotlib/axis.py,YAxis,False,21,302,13.285714285714286,303,181,202,12,46,41
matplotlib-1.4.3,matplotlib-1.4.3/lib/matplotlib/backend_bases.py,ShowBase,False,2,53,23.5,54,27,25,10,12,7
matplotlib-1.4.3,matplotlib-1.4.3/lib/matplotlib/backend_bases.py,RendererBase,False,31,568,16.741935483870968,569,225,224,4,240,102
matplotlib-1.4.3,matplotlib-1.4.3/lib/matplotlib/backend_bases.py,GraphicsContextBase,False,36,383,9.333333333333334,384,184,152,4,164,64
matplotlib-1.4.3,matplotlib-1.4.3/lib/matplotlib/backend_bases.py,TimerBase,False,15,150,5.866666666666666,151,67,57,7,54,31
matplotlib-1.4.3,matplotlib-1.4.3/lib/matplotlib/backend_bases.py,Event,False,1,20,4.0,21,6,5,0,11,5
matplotlib-1.4.3,matplotlib-1.4.3/lib/matplotlib/backend_bases.py,IdleEvent,False,0,5,0.0,6,3,2,0,4,0
matplotlib-1.4.3,matplotlib-1.4.3/lib/matplotlib/backend_bases.py,DrawEvent,False,1,13,3.0,14,5,4,0,7,3
matplotlib-1.4.3,matplotlib-1.4.3/lib/matplotlib/backend_bases.py,ResizeEvent,False,1,16,3.0,17,5,4,0,9,4
matplotlib-1.4.3,matplotlib-1.4.3/lib/matplotlib/backend_bases.py,CloseEvent,False,1,8,2.0,9,4,3,0,5,1
matplotlib-1.4.3,matplotlib-1.4.3/lib/matplotlib/backend_bases.py,LocationEvent,False,2,102,33.5,103,57,54,19,20,18
matplotlib-1.4.3,matplotlib-1.4.3/lib/matplotlib/backend_bases.py,MouseEvent,False,2,55,8.0,56,19,21,8,24,11
matplotlib-1.4.3,matplotlib-1.4.3/lib/matplotlib/backend_bases.py,PickEvent,False,1,38,6.0,39,7,7,0,22,10
matplotlib-1.4.3,matplotlib-1.4.3/lib/matplotlib/backend_bases.py,KeyEvent,False,1,34,3.0,35,5,4,0,21,10
matplotlib-1.4.3,matplotlib-1.4.3/lib/matplotlib/backend_bases.py,FigureCanvasBase,False,43,803,16.41860465116279,804,337,339,48,288,131
matplotlib-1.4.3,matplotlib-1.4.3/lib/matplotlib/backend_bases.py,NonGuiException,False,0,1,0.0,2,2,2,0,0,0
matplotlib-1.4.3,matplotlib-1.4.3/lib/matplotlib/backend_bases.py,FigureManagerBase,False,9,74,6.111111111111111,75,30,23,1,36,15
matplotlib-1.4.3,matplotlib-1.4.3/lib/matplotlib/backend_bases.py,Cursors,False,0,2,0.0,3,2,2,1,0,0
matplotlib-1.4.3,matplotlib-1.4.3/lib/matplotlib/backend_bases.py,NavigationToolbar2,False,29,576,16.75862068965517,577,384,385,28,51,97
matplotlib-1.4.3,matplotlib-1.4.3/lib/matplotlib/bezier.py,NonIntersectingPathException,False,0,1,0.0,2,2,2,0,0,0
matplotlib-1.4.3,matplotlib-1.4.3/lib/matplotlib/bezier.py,BezierSegment,False,2,37,13.0,38,25,20,2,8,7
matplotlib-1.4.3,matplotlib-1.4.3/lib/matplotlib/blocking_input.py,BlockingInput,False,8,86,9.25,87,44,39,11,18,17
matplotlib-1.4.3,matplotlib-1.4.3/lib/matplotlib/blocking_input.py,BlockingMouseInput,False,12,170,11.916666666666666,171,88,81,16,42,32
matplotlib-1.4.3,matplotlib-1.4.3/lib/matplotlib/blocking_input.py,BlockingContourLabeler,False,6,50,6.833333333333333,51,27,27,2,15,8
matplotlib-1.4.3,matplotlib-1.4.3/lib/matplotlib/blocking_input.py,BlockingKeyMouseInput,False,3,25,6.333333333333333,26,13,11,0,11,4
matplotlib-1.4.3,matplotlib-1.4.3/lib/matplotlib/cbook.py,MatplotlibDeprecationWarning,False,0,11,0.0,12,3,2,0,8,2
matplotlib-1.4.3,matplotlib-1.4.3/lib/matplotlib/cbook.py,converter,False,3,15,3.0,16,11,10,0,4,2
matplotlib-1.4.3,matplotlib-1.4.3/lib/matplotlib/cbook.py,tostr,False,1,3,2.0,4,4,3,0,0,0
matplotlib-1.4.3,matplotlib-1.4.3/lib/matplotlib/cbook.py,todatetime,False,2,11,4.5,12,12,9,0,0,1
matplotlib-1.4.3,matplotlib-1.4.3/lib/matplotlib/cbook.py,todate,False,2,11,4.5,12,12,9,0,0,1
matplotlib-1.4.3,matplotlib-1.4.3/lib/matplotlib/cbook.py,tofloat,False,2,9,3.5,10,9,8,0,0,1
matplotlib-1.4.3,matplotlib-1.4.3/lib/matplotlib/cbook.py,toint,False,2,8,3.0,9,8,7,0,0,1
matplotlib-1.4.3,matplotlib-1.4.3/lib/matplotlib/cbook.py,_BoundMethodProxy,False,6,84,11.166666666666666,85,50,46,6,23,10
matplotlib-1.4.3,matplotlib-1.4.3/lib/matplotlib/cbook.py,CallbackRegistry,False,6,103,10.166666666666666,104,45,46,4,43,11
matplotlib-1.4.3,matplotlib-1.4.3/lib/matplotlib/cbook.py,Scheduler,False,2,19,6.0,20,16,15,0,3,2
matplotlib-1.4.3,matplotlib-1.4.3/lib/matplotlib/cbook.py,Timeout,False,2,17,6.5,18,14,13,0,3,2
matplotlib-1.4.3,matplotlib-1.4.3/lib/matplotlib/cbook.py,Idle,False,2,21,6.0,22,14,13,3,3,3
matplotlib-1.4.3,matplotlib-1.4.3/lib/matplotlib/cbook.py,silent_list,False,5,23,2.8,24,16,14,1,5,4
matplotlib-1.4.3,matplotlib-1.4.3/lib/matplotlib/cbook.py,Bunch,False,2,20,3.5,21,7,8,0,10,3
matplotlib-1.4.3,matplotlib-1.4.3/lib/matplotlib/cbook.py,Sorter,False,3,45,7.0,46,27,24,1,11,10
matplotlib-1.4.3,matplotlib-1.4.3/lib/matplotlib/cbook.py,Xlator,False,3,29,3.0,30,11,7,0,13,7
matplotlib-1.4.3,matplotlib-1.4.3/lib/matplotlib/cbook.py,Null,False,7,29,2.0,30,22,21,0,0,8
matplotlib-1.4.3,matplotlib-1.4.3/lib/matplotlib/cbook.py,GetRealpathAndStat,False,2,15,7.0,16,15,15,0,0,1
matplotlib-1.4.3,matplotlib-1.4.3/lib/matplotlib/cbook.py,RingBuffer,False,4,30,3.75,31,26,19,1,0,5
matplotlib-1.4.3,matplotlib-1.4.3/lib/matplotlib/cbook.py,maxdict,False,2,17,5.5,18,13,12,0,5,1
matplotlib-1.4.3,matplotlib-1.4.3/lib/matplotlib/cbook.py,Stack,False,12,92,6.25,93,73,61,0,13,13
matplotlib-1.4.3,matplotlib-1.4.3/lib/matplotlib/cbook.py,MemoryMonitor,False,6,49,7.333333333333333,50,44,44,0,0,6
matplotlib-1.4.3,matplotlib-1.4.3/lib/matplotlib/cbook.py,Grouper,False,7,119,11.142857142857142,120,57,51,3,47,19
matplotlib-1.4.3,matplotlib-1.4.3/lib/matplotlib/cbook.py,_NestedClassGetter,False,1,17,11.0,18,7,6,5,5,2
matplotlib-1.4.3,matplotlib-1.4.3/lib/matplotlib/cbook.py,_InstanceMethodPickler,False,2,15,5.0,16,12,10,0,4,1
matplotlib-1.4.3,matplotlib-1.4.3/lib/matplotlib/cm.py,ScalarMappable,False,15,197,11.733333333333333,198,109,90,6,67,29
matplotlib-1.4.3,matplotlib-1.4.3/lib/matplotlib/collections.py,Collection,False,42,661,13.404761904761905,662,379,393,26,138,103
matplotlib-1.4.3,matplotlib-1.4.3/lib/matplotlib/collections.py,_CollectionWithSizes,False,3,45,12.333333333333334,46,25,19,0,21,6
matplotlib-1.4.3,matplotlib-1.4.3/lib/matplotlib/collections.py,PathCollection,False,3,21,5.0,22,12,10,0,8,4
matplotlib-1.4.3,matplotlib-1.4.3/lib/matplotlib/collections.py,PolyCollection,False,2,49,22.5,50,33,28,1,15,5
matplotlib-1.4.3,matplotlib-1.4.3/lib/matplotlib/collections.py,BrokenBarHCollection,False,2,44,18.5,45,21,22,0,18,5
matplotlib-1.4.3,matplotlib-1.4.3/lib/matplotlib/collections.py,RegularPolyCollection,False,4,62,13.0,63,22,27,0,24,11
matplotlib-1.4.3,matplotlib-1.4.3/lib/matplotlib/collections.py,StarPolygonCollection,False,0,4,0.0,5,3,2,0,2,1
matplotlib-1.4.3,matplotlib-1.4.3/lib/matplotlib/collections.py,AsteriskPolygonCollection,False,0,4,0.0,5,3,2,0,2,1
matplotlib-1.4.3,matplotlib-1.4.3/lib/matplotlib/collections.py,LineCollection,False,7,175,21.857142857142858,176,57,77,3,63,36
matplotlib-1.4.3,matplotlib-1.4.3/lib/matplotlib/collections.py,EventCollection,False,15,249,15.066666666666666,250,116,127,1,89,34
matplotlib-1.4.3,matplotlib-1.4.3/lib/matplotlib/collections.py,CircleCollection,False,1,17,11.0,18,10,8,0,8,2
matplotlib-1.4.3,matplotlib-1.4.3/lib/matplotlib/collections.py,EllipseCollection,False,3,87,26.666666666666668,88,60,51,0,26,11
matplotlib-1.4.3,matplotlib-1.4.3/lib/matplotlib/collections.py,PatchCollection,False,2,60,24.5,61,21,26,0,24,11
matplotlib-1.4.3,matplotlib-1.4.3/lib/matplotlib/collections.py,TriMesh,False,5,67,10.8,68,40,41,3,12,12
matplotlib-1.4.3,matplotlib-1.4.3/lib/matplotlib/collections.py,QuadMesh,False,7,179,20.142857142857142,180,101,115,2,37,27
matplotlib-1.4.3,matplotlib-1.4.3/lib/matplotlib/colorbar.py,ColorbarBase,False,28,633,20.214285714285715,634,433,440,30,108,56
matplotlib-1.4.3,matplotlib-1.4.3/lib/matplotlib/colorbar.py,Colorbar,False,6,151,21.333333333333332,152,78,73,25,36,18
matplotlib-1.4.3,matplotlib-1.4.3/lib/matplotlib/colorbar.py,ColorbarPatch,False,2,72,31.0,73,35,39,8,12,14
matplotlib-1.4.3,matplotlib-1.4.3/lib/matplotlib/colors.py,ColorConverter,False,3,180,52.333333333333336,181,106,120,12,32,18
matplotlib-1.4.3,matplotlib-1.4.3/lib/matplotlib/colors.py,Colormap,False,8,176,19.75,177,99,89,30,45,19
matplotlib-1.4.3,matplotlib-1.4.3/lib/matplotlib/colors.py,LinearSegmentedColormap,False,4,110,25.0,111,42,39,2,50,20
matplotlib-1.4.3,matplotlib-1.4.3/lib/matplotlib/colors.py,ListedColormap,False,2,61,27.0,62,36,32,3,22,7
matplotlib-1.4.3,matplotlib-1.4.3/lib/matplotlib/colors.py,Normalize,False,7,114,14.571428571428571,115,70,65,2,32,15
matplotlib-1.4.3,matplotlib-1.4.3/lib/matplotlib/colors.py,LogNorm,False,4,68,15.5,69,56,54,1,6,7
matplotlib-1.4.3,matplotlib-1.4.3/lib/matplotlib/colors.py,SymLogNorm,False,8,111,11.875,112,70,65,1,33,12
matplotlib-1.4.3,matplotlib-1.4.3/lib/matplotlib/colors.py,PowerNorm,False,5,73,13.0,74,56,56,0,7,10
matplotlib-1.4.3,matplotlib-1.4.3/lib/matplotlib/colors.py,BoundaryNorm,False,3,65,17.0,66,36,34,1,24,8
matplotlib-1.4.3,matplotlib-1.4.3/lib/matplotlib/colors.py,NoNorm,False,2,10,2.0,11,6,5,0,5,1
matplotlib-1.4.3,matplotlib-1.4.3/lib/matplotlib/colors.py,LightSource,False,3,103,31.333333333333332,104,44,50,11,34,9
matplotlib-1.4.3,matplotlib-1.4.3/lib/matplotlib/container.py,Container,False,12,93,6.5,94,51,45,5,26,21
matplotlib-1.4.3,matplotlib-1.4.3/lib/matplotlib/container.py,BarContainer,False,1,5,4.0,6,5,5,0,0,1
matplotlib-1.4.3,matplotlib-1.4.3/lib/matplotlib/container.py,ErrorbarContainer,False,1,6,5.0,7,6,6,0,0,1
matplotlib-1.4.3,matplotlib-1.4.3/lib/matplotlib/container.py,StemContainer,False,1,7,6.0,8,7,7,0,0,1
matplotlib-1.4.3,matplotlib-1.4.3/lib/matplotlib/contour.py,ClabelText,False,1,12,7.0,13,8,8,0,5,0
matplotlib-1.4.3,matplotlib-1.4.3/lib/matplotlib/contour.py,ContourLabeler,False,18,645,34.77777777777778,646,333,320,85,125,118
matplotlib-1.4.3,matplotlib-1.4.3/lib/matplotlib/contour.py,ContourSet,False,18,635,33.166666666666664,636,359,373,48,123,93
matplotlib-1.4.3,matplotlib-1.4.3/lib/matplotlib/contour.py,QuadContourSet,False,6,405,31.0,406,143,270,4,46,87
matplotlib-1.4.3,matplotlib-1.4.3/lib/matplotlib/dates.py,_UTC,False,3,10,2.0,11,8,7,0,0,3
matplotlib-1.4.3,matplotlib-1.4.3/lib/matplotlib/dates.py,strpdate2num,False,2,14,4.0,15,9,5,0,8,1
matplotlib-1.4.3,matplotlib-1.4.3/lib/matplotlib/dates.py,DateFormatter,False,5,84,12.6,85,53,51,8,12,14
matplotlib-1.4.3,matplotlib-1.4.3/lib/matplotlib/dates.py,IndexDateFormatter,False,2,24,9.5,25,16,13,0,8,3
matplotlib-1.4.3,matplotlib-1.4.3/lib/matplotlib/dates.py,AutoDateFormatter,False,2,91,17.0,92,25,26,9,40,17
matplotlib-1.4.3,matplotlib-1.4.3/lib/matplotlib/dates.py,rrulewrapper,False,3,14,3.6666666666666665,15,12,12,0,0,3
matplotlib-1.4.3,matplotlib-1.4.3/lib/matplotlib/dates.py,DateLocator,False,7,46,5.428571428571429,47,30,25,0,14,8
matplotlib-1.4.3,matplotlib-1.4.3/lib/matplotlib/dates.py,RRuleLocator,False,6,117,18.166666666666668,118,78,79,13,7,20
matplotlib-1.4.3,matplotlib-1.4.3/lib/matplotlib/dates.py,AutoDateLocator,False,8,208,24.5,209,90,107,24,44,30
matplotlib-1.4.3,matplotlib-1.4.3/lib/matplotlib/dates.py,YearLocator,False,3,53,13.333333333333334,54,29,31,0,15,8
matplotlib-1.4.3,matplotlib-1.4.3/lib/matplotlib/dates.py,MonthLocator,False,1,16,13.0,17,8,7,0,9,1
matplotlib-1.4.3,matplotlib-1.4.3/lib/matplotlib/dates.py,WeekdayLocator,False,1,19,15.0,20,6,5,0,12,3
matplotlib-1.4.3,matplotlib-1.4.3/lib/matplotlib/dates.py,DayLocator,False,1,16,12.0,17,8,7,0,9,1
matplotlib-1.4.3,matplotlib-1.4.3/lib/matplotlib/dates.py,HourLocator,False,1,16,13.0,17,8,7,0,9,1
matplotlib-1.4.3,matplotlib-1.4.3/lib/matplotlib/dates.py,MinuteLocator,False,1,16,13.0,17,8,7,0,9,1
matplotlib-1.4.3,matplotlib-1.4.3/lib/matplotlib/dates.py,SecondLocator,False,1,16,13.0,17,8,6,0,9,2
matplotlib-1.4.3,matplotlib-1.4.3/lib/matplotlib/dates.py,MicrosecondLocator,False,7,46,5.142857142857143,47,29,25,0,14,8
matplotlib-1.4.3,matplotlib-1.4.3/lib/matplotlib/dates.py,DateConverter,False,3,54,13.666666666666666,55,31,28,0,16,10
matplotlib-1.4.3,matplotlib-1.4.3/lib/matplotlib/docstring.py,Substitution,False,4,51,5.0,52,17,15,0,25,11
matplotlib-1.4.3,matplotlib-1.4.3/lib/matplotlib/docstring.py,Appender,False,2,26,3.5,27,9,8,0,14,5
matplotlib-1.4.3,matplotlib-1.4.3/lib/matplotlib/dviread.py,Dvi,False,29,375,11.586206896551724,376,311,273,33,41,37
matplotlib-1.4.3,matplotlib-1.4.3/lib/matplotlib/dviread.py,DviFont,False,5,79,9.4,80,35,40,0,24,16
matplotlib-1.4.3,matplotlib-1.4.3/lib/matplotlib/dviread.py,Vf,False,7,87,10.0,88,67,67,8,7,10
matplotlib-1.4.3,matplotlib-1.4.3/lib/matplotlib/dviread.py,Tfm,False,1,54,26.0,55,23,26,1,16,12
matplotlib-1.4.3,matplotlib-1.4.3/lib/matplotlib/dviread.py,PsfontsMap,False,4,129,22.5,130,74,70,7,41,13
matplotlib-1.4.3,matplotlib-1.4.3/lib/matplotlib/dviread.py,Encoding,False,3,52,12.666666666666666,53,39,34,3,8,9
matplotlib-1.4.3,matplotlib-1.4.3/lib/matplotlib/figure.py,AxesStack,False,10,97,7.4,98,52,46,3,31,17
matplotlib-1.4.3,matplotlib-1.4.3/lib/matplotlib/figure.py,SubplotParams,False,3,80,25.0,81,41,40,0,24,17
matplotlib-1.4.3,matplotlib-1.4.3/lib/matplotlib/figure.py,Figure,False,57,1428,23.50877192982456,1429,552,560,79,485,304
matplotlib-1.4.3,matplotlib-1.4.3/lib/matplotlib/fontconfig_pattern.py,FontconfigPatternParser,False,9,131,9.88888888888889,132,50,103,0,10,19
matplotlib-1.4.3,matplotlib-1.4.3/lib/matplotlib/font_manager.py,FontEntry,False,2,28,11.5,29,15,24,0,4,1
matplotlib-1.4.3,matplotlib-1.4.3/lib/matplotlib/font_manager.py,FontProperties,False,25,335,10.0,336,158,159,5,128,45
matplotlib-1.4.3,matplotlib-1.4.3/lib/matplotlib/font_manager.py,TempCache,False,4,34,4.5,35,20,22,2,7,4
matplotlib-1.4.3,matplotlib-1.4.3/lib/matplotlib/font_manager.py,FontManager,False,12,310,23.583333333333332,311,164,175,18,77,43
matplotlib-1.4.3,matplotlib-1.4.3/lib/matplotlib/gridspec.py,GridSpecBase,False,10,153,13.7,154,101,95,4,19,35
matplotlib-1.4.3,matplotlib-1.4.3/lib/matplotlib/gridspec.py,GridSpec,False,5,128,22.0,129,61,70,5,31,23
matplotlib-1.4.3,matplotlib-1.4.3/lib/matplotlib/gridspec.py,GridSpecFromSubplotSpec,False,3,61,17.666666666666668,62,28,34,0,14,13
matplotlib-1.4.3,matplotlib-1.4.3/lib/matplotlib/gridspec.py,SubplotSpec,False,7,97,12.0,98,53,56,2,16,23
matplotlib-1.4.3,matplotlib-1.4.3/lib/matplotlib/hatch.py,HatchPatternBase,False,0,4,0.0,5,3,2,0,3,0
matplotlib-1.4.3,matplotlib-1.4.3/lib/matplotlib/hatch.py,HorizontalHatch,False,2,14,6.5,15,19,14,0,0,1
matplotlib-1.4.3,matplotlib-1.4.3/lib/matplotlib/hatch.py,VerticalHatch,False,2,14,6.5,15,19,14,0,0,1
matplotlib-1.4.3,matplotlib-1.4.3/lib/matplotlib/hatch.py,NorthEastHatch,False,2,16,7.5,17,21,16,0,0,1
matplotlib-1.4.3,matplotlib-1.4.3/lib/matplotlib/hatch.py,SouthEastHatch,False,2,17,8.0,18,22,17,0,0,1
matplotlib-1.4.3,matplotlib-1.4.3/lib/matplotlib/hatch.py,Shapes,False,2,39,18.0,40,36,37,0,0,3
matplotlib-1.4.3,matplotlib-1.4.3/lib/matplotlib/hatch.py,Circles,False,1,5,5.0,6,6,6,0,0,0
matplotlib-1.4.3,matplotlib-1.4.3/lib/matplotlib/hatch.py,SmallCircles,False,1,5,3.0,6,5,5,0,0,1
matplotlib-1.4.3,matplotlib-1.4.3/lib/matplotlib/hatch.py,LargeCircles,False,1,5,3.0,6,5,5,0,0,1
matplotlib-1.4.3,matplotlib-1.4.3/lib/matplotlib/hatch.py,SmallFilledCircles,False,1,6,3.0,7,6,6,0,0,1
matplotlib-1.4.3,matplotlib-1.4.3/lib/matplotlib/hatch.py,Stars,False,1,10,7.0,11,10,10,0,0,1
matplotlib-1.4.3,matplotlib-1.4.3/lib/matplotlib/image.py,_AxesImageBase,False,24,497,18.5,498,278,292,39,83,83
matplotlib-1.4.3,matplotlib-1.4.3/lib/matplotlib/image.py,AxesImage,False,6,149,24.0,150,72,99,6,19,26
matplotlib-1.4.3,matplotlib-1.4.3/lib/matplotlib/image.py,NonUniformImage,False,11,122,10.181818181818182,123,89,87,4,16,16
matplotlib-1.4.3,matplotlib-1.4.3/lib/matplotlib/image.py,PcolorImage,False,7,124,15.857142857142858,125,83,94,3,16,12
matplotlib-1.4.3,matplotlib-1.4.3/lib/matplotlib/image.py,FigureImage,False,9,112,11.222222222222221,113,80,82,4,5,16
matplotlib-1.4.3,matplotlib-1.4.3/lib/matplotlib/image.py,BboxImage,False,6,147,23.333333333333332,148,85,101,9,11,26
matplotlib-1.4.3,matplotlib-1.4.3/lib/matplotlib/legend.py,DraggableLegend,False,5,50,9.2,51,30,33,2,5,11
matplotlib-1.4.3,matplotlib-1.4.3/lib/matplotlib/legend.py,Legend,False,33,882,23.78787878787879,883,391,484,107,157,155
matplotlib-1.4.3,matplotlib-1.4.3/lib/matplotlib/legend_handler.py,HandlerBase,False,7,86,9.285714285714286,87,32,41,2,28,16
matplotlib-1.4.3,matplotlib-1.4.3/lib/matplotlib/legend_handler.py,HandlerNpoints,False,3,27,8.333333333333334,28,19,21,2,0,5
matplotlib-1.4.3,matplotlib-1.4.3/lib/matplotlib/legend_handler.py,HandlerNpointsYoffsets,False,2,11,5.0,12,10,10,0,0,2
matplotlib-1.4.3,matplotlib-1.4.3/lib/matplotlib/legend_handler.py,HandlerLine2D,False,2,35,15.5,36,22,23,3,3,7
matplotlib-1.4.3,matplotlib-1.4.3/lib/matplotlib/legend_handler.py,HandlerPatch,False,3,38,11.0,39,17,21,0,13,5
matplotlib-1.4.3,matplotlib-1.4.3/lib/matplotlib/legend_handler.py,HandlerLineCollection,False,3,30,8.333333333333334,31,22,23,1,3,5
matplotlib-1.4.3,matplotlib-1.4.3/lib/matplotlib/legend_handler.py,HandlerRegularPolyCollection,False,6,69,10.166666666666666,70,39,52,1,3,14
matplotlib-1.4.3,matplotlib-1.4.3/lib/matplotlib/legend_handler.py,HandlerPathCollection,False,1,10,7.0,11,5,8,0,3,0
matplotlib-1.4.3,matplotlib-1.4.3/lib/matplotlib/legend_handler.py,HandlerCircleCollection,False,1,9,6.0,10,5,7,0,3,0
matplotlib-1.4.3,matplotlib-1.4.3/lib/matplotlib/legend_handler.py,HandlerErrorbar,False,3,110,35.0,111,73,79,2,3,27
matplotlib-1.4.3,matplotlib-1.4.3/lib/matplotlib/legend_handler.py,HandlerStem,False,3,61,18.666666666666668,62,36,43,0,3,16
matplotlib-1.4.3,matplotlib-1.4.3/lib/matplotlib/legend_handler.py,HandlerTuple,False,2,21,8.5,22,12,16,0,3,3
matplotlib-1.4.3,matplotlib-1.4.3/lib/matplotlib/lines.py,Line2D,False,91,1129,10.868131868131869,1130,662,641,35,235,203
matplotlib-1.4.3,matplotlib-1.4.3/lib/matplotlib/lines.py,VertexSelector,False,3,77,14.666666666666666,78,29,26,0,36,15
matplotlib-1.4.3,matplotlib-1.4.3/lib/matplotlib/markers.py,MarkerStyle,False,55,689,9.727272727272727,690,471,528,23,24,115
matplotlib-1.4.3,matplotlib-1.4.3/lib/matplotlib/mathtext.py,MathtextBackend,False,6,52,5.333333333333333,53,23,17,0,26,9
matplotlib-1.4.3,matplotlib-1.4.3/lib/matplotlib/mathtext.py,MathtextBackendAgg,False,7,72,8.857142857142858,73,47,63,0,4,6
matplotlib-1.4.3,matplotlib-1.4.3/lib/matplotlib/mathtext.py,MathtextBackendBitmap,False,1,4,4.0,5,4,5,0,0,0
matplotlib-1.4.3,matplotlib-1.4.3/lib/matplotlib/mathtext.py,MathtextBackendPs,False,4,38,7.75,39,22,30,0,4,5
matplotlib-1.4.3,matplotlib-1.4.3/lib/matplotlib/mathtext.py,MathtextBackendPdf,False,4,26,4.75,27,14,20,0,4,3
matplotlib-1.4.3,matplotlib-1.4.3/lib/matplotlib/mathtext.py,MathtextBackendSvg,False,4,27,5.0,28,14,20,0,4,4
matplotlib-1.4.3,matplotlib-1.4.3/lib/matplotlib/mathtext.py,MathtextBackendPath,False,4,26,4.5,27,14,19,0,4,4
matplotlib-1.4.3,matplotlib-1.4.3/lib/matplotlib/mathtext.py,MathtextBackendCairo,False,4,26,4.5,27,14,19,0,4,4
matplotlib-1.4.3,matplotlib-1.4.3/lib/matplotlib/mathtext.py,Fonts,False,12,154,11.25,155,48,37,0,81,37
matplotlib-1.4.3,matplotlib-1.4.3/lib/matplotlib/mathtext.py,TruetypeFonts,False,8,116,11.875,117,69,94,5,4,15
matplotlib-1.4.3,matplotlib-1.4.3/lib/matplotlib/mathtext.py,BakomaFonts,False,3,111,11.666666666666666,112,39,93,5,5,11
matplotlib-1.4.3,matplotlib-1.4.3/lib/matplotlib/mathtext.py,UnicodeFonts,False,4,105,22.0,106,72,80,4,8,15
matplotlib-1.4.3,matplotlib-1.4.3/lib/matplotlib/mathtext.py,StixFonts,False,3,114,27.333333333333332,115,70,81,7,8,19
matplotlib-1.4.3,matplotlib-1.4.3/lib/matplotlib/mathtext.py,StixSansFonts,False,0,5,0.0,6,3,2,0,4,0
matplotlib-1.4.3,matplotlib-1.4.3/lib/matplotlib/mathtext.py,StandardPsFonts,False,6,147,20.833333333333332,148,82,117,10,5,23
matplotlib-1.4.3,matplotlib-1.4.3/lib/matplotlib/mathtext.py,MathTextWarning,False,0,1,0.0,2,2,2,0,0,0
matplotlib-1.4.3,matplotlib-1.4.3/lib/matplotlib/mathtext.py,Node,False,7,31,3.142857142857143,32,18,15,0,11,6
matplotlib-1.4.3,matplotlib-1.4.3/lib/matplotlib/mathtext.py,Box,False,4,24,4.5,25,20,19,0,3,3
matplotlib-1.4.3,matplotlib-1.4.3/lib/matplotlib/mathtext.py,Vbox,False,1,5,2.0,6,4,3,0,3,0
matplotlib-1.4.3,matplotlib-1.4.3/lib/matplotlib/mathtext.py,Hbox,False,1,5,2.0,6,4,3,0,3,0
matplotlib-1.4.3,matplotlib-1.4.3/lib/matplotlib/mathtext.py,Char,False,8,76,7.375,77,47,50,2,18,7
matplotlib-1.4.3,matplotlib-1.4.3/lib/matplotlib/mathtext.py,Accent,False,4,27,4.75,28,16,17,0,8,3
matplotlib-1.4.3,matplotlib-1.4.3/lib/matplotlib/mathtext.py,List,False,6,59,8.5,60,44,47,6,7,5
matplotlib-1.4.3,matplotlib-1.4.3/lib/matplotlib/mathtext.py,Hlist,False,3,109,30.333333333333332,110,64,61,15,25,9
matplotlib-1.4.3,matplotlib-1.4.3/lib/matplotlib/mathtext.py,Vlist,False,2,72,34.0,73,50,48,3,15,7
matplotlib-1.4.3,matplotlib-1.4.3/lib/matplotlib/mathtext.py,Rule,False,2,15,2.5,16,7,6,0,9,1
matplotlib-1.4.3,matplotlib-1.4.3/lib/matplotlib/mathtext.py,Hrule,False,1,9,6.0,10,7,7,0,3,0
matplotlib-1.4.3,matplotlib-1.4.3/lib/matplotlib/mathtext.py,Vrule,False,1,7,4.0,8,5,5,0,3,0
matplotlib-1.4.3,matplotlib-1.4.3/lib/matplotlib/mathtext.py,Glue,False,3,31,7.666666666666667,32,25,24,0,6,2
matplotlib-1.4.3,matplotlib-1.4.3/lib/matplotlib/mathtext.py,GlueSpec,False,3,21,5.0,22,13,17,0,3,2
matplotlib-1.4.3,matplotlib-1.4.3/lib/matplotlib/mathtext.py,Fil,False,1,2,2.0,3,3,3,0,0,0
matplotlib-1.4.3,matplotlib-1.4.3/lib/matplotlib/mathtext.py,Fill,False,1,2,2.0,3,3,3,0,0,0
matplotlib-1.4.3,matplotlib-1.4.3/lib/matplotlib/mathtext.py,Filll,False,1,2,2.0,3,3,3,0,0,0
matplotlib-1.4.3,matplotlib-1.4.3/lib/matplotlib/mathtext.py,NegFil,False,1,2,2.0,3,3,3,0,0,0
matplotlib-1.4.3,matplotlib-1.4.3/lib/matplotlib/mathtext.py,NegFill,False,1,2,2.0,3,3,3,0,0,0
matplotlib-1.4.3,matplotlib-1.4.3/lib/matplotlib/mathtext.py,NegFilll,False,1,2,2.0,3,3,3,0,0,0
matplotlib-1.4.3,matplotlib-1.4.3/lib/matplotlib/mathtext.py,SsGlue,False,1,2,2.0,3,3,3,0,0,0
matplotlib-1.4.3,matplotlib-1.4.3/lib/matplotlib/mathtext.py,HCentered,False,1,7,3.0,8,4,4,0,4,0
matplotlib-1.4.3,matplotlib-1.4.3/lib/matplotlib/mathtext.py,VCentered,False,1,6,2.0,7,4,3,0,4,0
matplotlib-1.4.3,matplotlib-1.4.3/lib/matplotlib/mathtext.py,Kern,False,4,27,3.0,28,16,15,0,9,4
matplotlib-1.4.3,matplotlib-1.4.3/lib/matplotlib/mathtext.py,SubSuperCluster,False,1,12,5.0,13,7,6,0,7,0
matplotlib-1.4.3,matplotlib-1.4.3/lib/matplotlib/mathtext.py,AutoHeightChar,False,1,27,20.0,28,18,18,0,7,3
matplotlib-1.4.3,matplotlib-1.4.3/lib/matplotlib/mathtext.py,AutoWidthChar,False,1,24,17.0,25,15,15,0,7,3
matplotlib-1.4.3,matplotlib-1.4.3/lib/matplotlib/mathtext.py,Ship,False,4,146,33.25,147,126,129,10,9,5
matplotlib-1.4.3,matplotlib-1.4.3/lib/matplotlib/mathtext.py,Parser,False,35,887,20.114285714285714,888,512,697,56,27,125
matplotlib-1.4.3,matplotlib-1.4.3/lib/matplotlib/mathtext.py,MathTextParser,False,6,180,25.833333333333332,181,69,73,4,67,37
matplotlib-1.4.3,matplotlib-1.4.3/lib/matplotlib/mlab.py,PCA,False,4,121,28.0,122,47,51,9,21,39
matplotlib-1.4.3,matplotlib-1.4.3/lib/matplotlib/mlab.py,FIFOBuffer,False,6,94,11.166666666666666,95,56,43,1,36,15
matplotlib-1.4.3,matplotlib-1.4.3/lib/matplotlib/mlab.py,FormatObj,False,4,15,2.75,16,10,9,0,3,4
matplotlib-1.4.3,matplotlib-1.4.3/lib/matplotlib/mlab.py,FormatString,False,1,3,3.0,4,5,4,0,0,0
matplotlib-1.4.3,matplotlib-1.4.3/lib/matplotlib/mlab.py,FormatFormatStr,False,2,6,2.5,7,7,6,0,0,1
matplotlib-1.4.3,matplotlib-1.4.3/lib/matplotlib/mlab.py,FormatFloat,False,4,15,3.0,16,13,13,0,0,3
matplotlib-1.4.3,matplotlib-1.4.3/lib/matplotlib/mlab.py,FormatInt,False,3,9,2.0,10,7,7,0,0,3
matplotlib-1.4.3,matplotlib-1.4.3/lib/matplotlib/mlab.py,FormatBool,False,2,7,2.0,8,5,5,0,0,3
matplotlib-1.4.3,matplotlib-1.4.3/lib/matplotlib/mlab.py,FormatPercent,False,1,2,2.0,3,3,3,0,0,0
matplotlib-1.4.3,matplotlib-1.4.3/lib/matplotlib/mlab.py,FormatThousands,False,1,2,2.0,3,3,3,0,0,0
matplotlib-1.4.3,matplotlib-1.4.3/lib/matplotlib/mlab.py,FormatMillions,False,1,2,2.0,3,3,3,0,0,0
matplotlib-1.4.3,matplotlib-1.4.3/lib/matplotlib/mlab.py,FormatDate,False,4,14,2.5,15,12,11,0,0,4
matplotlib-1.4.3,matplotlib-1.4.3/lib/matplotlib/mlab.py,FormatDatetime,False,2,6,2.5,7,6,6,0,0,1
matplotlib-1.4.3,matplotlib-1.4.3/lib/matplotlib/mlab.py,GaussianKDE,False,4,158,24.0,159,61,65,8,53,33
matplotlib-1.4.3,matplotlib-1.4.3/lib/matplotlib/offsetbox.py,OffsetBox,False,15,132,7.6,133,71,61,4,40,28
matplotlib-1.4.3,matplotlib-1.4.3/lib/matplotlib/offsetbox.py,PackerBase,False,1,41,41.0,42,11,12,0,22,8
matplotlib-1.4.3,matplotlib-1.4.3/lib/matplotlib/offsetbox.py,VPacker,False,2,76,35.5,77,25,32,1,28,16
matplotlib-1.4.3,matplotlib-1.4.3/lib/matplotlib/offsetbox.py,HPacker,False,2,76,35.5,77,27,33,1,28,16
matplotlib-1.4.3,matplotlib-1.4.3/lib/matplotlib/offsetbox.py,PaddedBox,False,5,78,14.4,79,35,41,3,14,22
matplotlib-1.4.3,matplotlib-1.4.3/lib/matplotlib/offsetbox.py,DrawingArea,False,9,93,8.777777777777779,94,49,41,1,32,20
matplotlib-1.4.3,matplotlib-1.4.3/lib/matplotlib/offsetbox.py,TextArea,False,13,159,10.846153846153847,160,73,66,7,52,36
matplotlib-1.4.3,matplotlib-1.4.3/lib/matplotlib/offsetbox.py,AuxTransformBox,False,9,101,8.88888888888889,102,48,42,9,32,20
matplotlib-1.4.3,matplotlib-1.4.3/lib/matplotlib/offsetbox.py,AnchoredOffsetbox,False,12,219,16.583333333333332,220,105,117,3,54,44
matplotlib-1.4.3,matplotlib-1.4.3/lib/matplotlib/offsetbox.py,AnchoredText,False,1,46,42.0,47,13,16,0,22,9
matplotlib-1.4.3,matplotlib-1.4.3/lib/matplotlib/offsetbox.py,OffsetImage,False,10,98,7.4,99,41,57,13,9,21
matplotlib-1.4.3,matplotlib-1.4.3/lib/matplotlib/offsetbox.py,AnnotationBbox,False,14,235,15.142857142857142,236,121,134,18,31,54
matplotlib-1.4.3,matplotlib-1.4.3/lib/matplotlib/offsetbox.py,DraggableBase,False,10,107,6.6,108,59,60,0,23,24
matplotlib-1.4.3,matplotlib-1.4.3/lib/matplotlib/offsetbox.py,DraggableOffsetBox,False,4,25,5.5,26,21,21,0,0,5
matplotlib-1.4.3,matplotlib-1.4.3/lib/matplotlib/offsetbox.py,DraggableAnnotation,False,4,30,6.75,31,27,27,0,0,4
matplotlib-1.4.3,matplotlib-1.4.3/lib/matplotlib/patches.py,Patch,False,38,438,10.0,439,237,218,13,126,76
matplotlib-1.4.3,matplotlib-1.4.3/lib/matplotlib/patches.py,Shadow,False,11,63,4.7272727272727275,64,44,44,0,8,12
matplotlib-1.4.3,matplotlib-1.4.3/lib/matplotlib/patches.py,Rectangle,False,18,147,6.777777777777778,148,79,67,2,43,31
matplotlib-1.4.3,matplotlib-1.4.3/lib/matplotlib/patches.py,RegularPolygon,False,13,81,4.615384615384615,82,45,47,0,16,19
matplotlib-1.4.3,matplotlib-1.4.3/lib/matplotlib/patches.py,PathPatch,False,3,25,6.333333333333333,26,11,9,0,11,6
matplotlib-1.4.3,matplotlib-1.4.3/lib/matplotlib/patches.py,Polygon,False,7,104,12.0,105,39,37,0,51,17
matplotlib-1.4.3,matplotlib-1.4.3/lib/matplotlib/patches.py,Wedge,False,9,79,7.444444444444445,80,55,50,6,11,13
matplotlib-1.4.3,matplotlib-1.4.3/lib/matplotlib/patches.py,Arrow,False,4,38,6.0,39,21,24,1,9,6
matplotlib-1.4.3,matplotlib-1.4.3/lib/matplotlib/patches.py,FancyArrow,False,2,89,41.5,90,41,47,12,24,12
matplotlib-1.4.3,matplotlib-1.4.3/lib/matplotlib/patches.py,YAArrow,False,5,101,18.0,102,48,46,6,29,21
matplotlib-1.4.3,matplotlib-1.4.3/lib/matplotlib/patches.py,CirclePolygon,False,2,25,10.0,26,8,12,1,11,3
matplotlib-1.4.3,matplotlib-1.4.3/lib/matplotlib/patches.py,Ellipse,False,6,64,9.166666666666666,65,30,31,1,23,10
matplotlib-1.4.3,matplotlib-1.4.3/lib/matplotlib/patches.py,Circle,False,4,36,6.75,37,16,14,0,15,7
matplotlib-1.4.3,matplotlib-1.4.3/lib/matplotlib/patches.py,Arc,False,3,212,66.0,213,100,102,12,63,36
matplotlib-1.4.3,matplotlib-1.4.3/lib/matplotlib/patches.py,_Style,False,4,53,10.5,54,32,27,2,17,8
matplotlib-1.4.3,matplotlib-1.4.3/lib/matplotlib/patches.py,BoxStyle,False,0,470,0.0,471,172,238,31,99,103
matplotlib-1.4.3,matplotlib-1.4.3/lib/matplotlib/patches.py,FancyBboxPatch,False,19,205,9.052631578947368,206,86,80,1,73,47
matplotlib-1.4.3,matplotlib-1.4.3/lib/matplotlib/patches.py,ConnectionStyle,False,0,467,0.0,468,210,224,15,119,110
matplotlib-1.4.3,matplotlib-1.4.3/lib/matplotlib/patches.py,ArrowStyle,False,0,827,0.0,828,298,397,33,221,177
matplotlib-1.4.3,matplotlib-1.4.3/lib/matplotlib/patches.py,FancyArrowPatch,False,18,325,16.77777777777778,326,141,148,9,97,73
matplotlib-1.4.3,matplotlib-1.4.3/lib/matplotlib/patches.py,ConnectionPatch,False,8,291,34.875,292,140,170,12,68,42
matplotlib-1.4.3,matplotlib-1.4.3/lib/matplotlib/path.py,Path,False,41,903,18.390243902439025,904,418,434,22,305,148
matplotlib-1.4.3,matplotlib-1.4.3/lib/matplotlib/patheffects.py,AbstractPathEffect,False,5,61,10.0,62,32,28,1,21,10
matplotlib-1.4.3,matplotlib-1.4.3/lib/matplotlib/patheffects.py,PathEffectRenderer,False,8,86,8.375,87,35,43,15,16,13
matplotlib-1.4.3,matplotlib-1.4.3/lib/matplotlib/patheffects.py,Normal,False,0,7,0.0,8,3,2,0,5,1
matplotlib-1.4.3,matplotlib-1.4.3/lib/matplotlib/patheffects.py,Stroke,False,2,23,10.5,24,14,11,1,8,3
matplotlib-1.4.3,matplotlib-1.4.3/lib/matplotlib/patheffects.py,withStroke,False,1,8,3.0,9,5,4,0,4,1
matplotlib-1.4.3,matplotlib-1.4.3/lib/matplotlib/patheffects.py,SimplePatchShadow,False,2,80,39.0,81,40,42,5,22,11
matplotlib-1.4.3,matplotlib-1.4.3/lib/matplotlib/patheffects.py,withSimplePatchShadow,False,1,8,3.0,9,5,4,0,4,1
matplotlib-1.4.3,matplotlib-1.4.3/lib/matplotlib/patheffects.py,SimpleLineShadow,False,2,65,31.5,66,31,28,5,23,9
matplotlib-1.4.3,matplotlib-1.4.3/lib/matplotlib/patheffects.py,PathPatchEffect,False,2,27,10.5,28,13,11,0,15,2
matplotlib-1.4.3,matplotlib-1.4.3/lib/matplotlib/quiver.py,QuiverKey,False,9,136,13.11111111111111,137,103,109,11,3,16
matplotlib-1.4.3,matplotlib-1.4.3/lib/matplotlib/quiver.py,Quiver,False,11,312,25.545454545454547,313,237,224,41,34,21
matplotlib-1.4.3,matplotlib-1.4.3/lib/matplotlib/quiver.py,Barbs,False,5,289,53.0,290,116,126,48,66,51
matplotlib-1.4.3,matplotlib-1.4.3/lib/matplotlib/rcsetup.py,ValidateInStrings,False,2,19,9.0,20,17,17,0,0,2
matplotlib-1.4.3,matplotlib-1.4.3/lib/matplotlib/rcsetup.py,validate_nseq_float,False,2,18,8.5,19,16,15,0,0,3
matplotlib-1.4.3,matplotlib-1.4.3/lib/matplotlib/rcsetup.py,validate_nseq_int,False,2,18,8.5,19,16,15,0,0,3
matplotlib-1.4.3,matplotlib-1.4.3/lib/matplotlib/rcsetup.py,ValidateInterval,False,2,29,12.5,30,21,24,0,3,3
matplotlib-1.4.3,matplotlib-1.4.3/lib/matplotlib/sankey.py,Sankey,False,7,788,109.14285714285714,789,329,471,77,193,66
matplotlib-1.4.3,matplotlib-1.4.3/lib/matplotlib/scale.py,ScaleBase,False,3,38,7.333333333333333,39,11,7,0,25,7
matplotlib-1.4.3,matplotlib-1.4.3/lib/matplotlib/scale.py,LinearScale,False,3,25,5.666666666666667,26,14,11,0,11,4
matplotlib-1.4.3,matplotlib-1.4.3/lib/matplotlib/scale.py,LogTransformBase,False,1,11,6.0,12,11,11,0,0,1
matplotlib-1.4.3,matplotlib-1.4.3/lib/matplotlib/scale.py,Log10Transform,False,2,10,3.5,11,9,9,0,0,2
matplotlib-1.4.3,matplotlib-1.4.3/lib/matplotlib/scale.py,InvertedLog10Transform,False,2,11,2.0,12,10,10,0,0,2
matplotlib-1.4.3,matplotlib-1.4.3/lib/matplotlib/scale.py,Log2Transform,False,2,10,3.5,11,9,9,0,0,2
matplotlib-1.4.3,matplotlib-1.4.3/lib/matplotlib/scale.py,InvertedLog2Transform,False,2,11,2.0,12,10,10,0,0,2
matplotlib-1.4.3,matplotlib-1.4.3/lib/matplotlib/scale.py,NaturalLogTransform,False,2,10,3.5,11,9,9,0,0,2
matplotlib-1.4.3,matplotlib-1.4.3/lib/matplotlib/scale.py,InvertedNaturalLogTransform,False,2,11,2.0,12,10,10,0,0,2
matplotlib-1.4.3,matplotlib-1.4.3/lib/matplotlib/scale.py,LogTransform,False,3,21,4.666666666666667,22,19,19,0,0,3
matplotlib-1.4.3,matplotlib-1.4.3/lib/matplotlib/scale.py,InvertedLogTransform,False,3,14,2.3333333333333335,15,12,12,0,0,3
matplotlib-1.4.3,matplotlib-1.4.3/lib/matplotlib/scale.py,LogScale,False,4,90,15.25,91,46,42,1,35,13
matplotlib-1.4.3,matplotlib-1.4.3/lib/matplotlib/scale.py,SymmetricalLogTransform,False,3,30,7.666666666666667,31,22,28,0,0,3
matplotlib-1.4.3,matplotlib-1.4.3/lib/matplotlib/scale.py,InvertedSymmetricalLogTransform,False,3,29,7.333333333333333,30,23,27,0,0,3
matplotlib-1.4.3,matplotlib-1.4.3/lib/matplotlib/scale.py,SymmetricalLogScale,False,3,80,21.333333333333332,81,34,33,1,36,11
matplotlib-1.4.3,matplotlib-1.4.3/lib/matplotlib/spines.py,Spine,False,24,459,17.208333333333332,460,273,291,44,60,62
matplotlib-1.4.3,matplotlib-1.4.3/lib/matplotlib/streamplot.py,StreamplotSet,False,1,4,3.0,5,4,4,0,0,1
matplotlib-1.4.3,matplotlib-1.4.3/lib/matplotlib/streamplot.py,DomainMap,False,8,57,4.125,58,31,30,1,13,13
matplotlib-1.4.3,matplotlib-1.4.3/lib/matplotlib/streamplot.py,Grid,False,3,38,11.333333333333334,39,30,27,2,0,8
matplotlib-1.4.3,matplotlib-1.4.3/lib/matplotlib/streamplot.py,StreamMask,False,5,46,6.8,47,32,28,0,9,8
matplotlib-1.4.3,matplotlib-1.4.3/lib/matplotlib/streamplot.py,InvalidIndexError,False,0,1,0.0,2,2,2,0,0,0
matplotlib-1.4.3,matplotlib-1.4.3/lib/matplotlib/streamplot.py,TerminateTrajectory,False,0,1,0.0,2,2,2,0,0,0
matplotlib-1.4.3,matplotlib-1.4.3/lib/matplotlib/table.py,Cell,False,12,107,7.333333333333333,108,68,68,8,6,21
matplotlib-1.4.3,matplotlib-1.4.3/lib/matplotlib/table.py,Table,False,18,305,13.944444444444445,306,186,199,34,22,57
matplotlib-1.4.3,matplotlib-1.4.3/lib/matplotlib/texmanager.py,TexManager,False,16,588,31.0,589,348,426,38,52,70
matplotlib-1.4.3,matplotlib-1.4.3/lib/matplotlib/text.py,Text,False,75,915,11.066666666666666,916,504,462,40,206,178
matplotlib-1.4.3,matplotlib-1.4.3/lib/matplotlib/text.py,TextWithDash,False,23,362,12.304347826086957,363,140,143,27,132,61
matplotlib-1.4.3,matplotlib-1.4.3/lib/matplotlib/text.py,OffsetFrom,False,5,38,6.8,39,33,33,0,0,6
matplotlib-1.4.3,matplotlib-1.4.3/lib/matplotlib/text.py,_AnnotationBase,False,13,247,16.307692307692307,248,156,159,20,29,39
matplotlib-1.4.3,matplotlib-1.4.3/lib/matplotlib/text.py,Annotation,False,13,388,27.692307692307693,389,166,183,20,114,72
matplotlib-1.4.3,matplotlib-1.4.3/lib/matplotlib/textpath.py,TextToPath,False,13,381,27.846153846153847,382,237,250,7,45,81
matplotlib-1.4.3,matplotlib-1.4.3/lib/matplotlib/textpath.py,TextPath,False,8,119,13.125,120,56,55,3,39,23
matplotlib-1.4.3,matplotlib-1.4.3/lib/matplotlib/ticker.py,_DummyAxis,False,6,19,2.3333333333333335,20,15,15,0,0,5
matplotlib-1.4.3,matplotlib-1.4.3/lib/matplotlib/ticker.py,TickHelper,False,5,18,2.4,19,14,14,0,0,5
matplotlib-1.4.3,matplotlib-1.4.3/lib/matplotlib/ticker.py,Formatter,False,6,40,4.666666666666667,41,18,14,2,17,7
matplotlib-1.4.3,matplotlib-1.4.3/lib/matplotlib/ticker.py,IndexFormatter,False,2,17,6.5,18,14,12,0,5,1
matplotlib-1.4.3,matplotlib-1.4.3/lib/matplotlib/ticker.py,NullFormatter,False,1,5,3.0,6,5,3,0,0,1
matplotlib-1.4.3,matplotlib-1.4.3/lib/matplotlib/ticker.py,FixedFormatter,False,4,21,4.25,22,16,13,0,4,3
matplotlib-1.4.3,matplotlib-1.4.3/lib/matplotlib/ticker.py,FuncFormatter,False,2,9,2.5,10,7,5,0,3,1
matplotlib-1.4.3,matplotlib-1.4.3/lib/matplotlib/ticker.py,FormatStrFormatter,False,2,9,2.5,10,7,5,0,3,1
matplotlib-1.4.3,matplotlib-1.4.3/lib/matplotlib/ticker.py,StrMethodFormatter,False,2,10,2.5,11,7,5,0,4,1
matplotlib-1.4.3,matplotlib-1.4.3/lib/matplotlib/ticker.py,OldScalarFormatter,False,2,40,17.5,41,33,30,3,3,4
matplotlib-1.4.3,matplotlib-1.4.3/lib/matplotlib/ticker.py,ScalarFormatter,False,18,258,12.61111111111111,259,205,195,16,18,26
matplotlib-1.4.3,matplotlib-1.4.3/lib/matplotlib/ticker.py,LogFormatter,False,7,86,10.857142857142858,87,68,61,4,10,9
matplotlib-1.4.3,matplotlib-1.4.3/lib/matplotlib/ticker.py,LogFormatterExponent,False,1,29,25.0,30,24,22,1,3,3
matplotlib-1.4.3,matplotlib-1.4.3/lib/matplotlib/ticker.py,LogFormatterMathtext,False,1,45,41.0,46,30,34,2,3,6
matplotlib-1.4.3,matplotlib-1.4.3/lib/matplotlib/ticker.py,EngFormatter,False,3,88,18.666666666666668,89,33,48,4,17,20
matplotlib-1.4.3,matplotlib-1.4.3/lib/matplotlib/ticker.py,Locator,False,8,89,8.5,90,45,37,6,24,18
matplotlib-1.4.3,matplotlib-1.4.3/lib/matplotlib/ticker.py,IndexLocator,False,3,19,3.6666666666666665,20,12,10,0,6,2
matplotlib-1.4.3,matplotlib-1.4.3/lib/matplotlib/ticker.py,FixedLocator,False,3,38,8.666666666666666,39,22,18,0,15,6
matplotlib-1.4.3,matplotlib-1.4.3/lib/matplotlib/ticker.py,NullLocator,False,2,17,6.0,18,7,5,0,9,4
matplotlib-1.4.3,matplotlib-1.4.3/lib/matplotlib/ticker.py,LinearLocator,False,5,63,10.0,64,41,37,1,10,15
matplotlib-1.4.3,matplotlib-1.4.3/lib/matplotlib/ticker.py,Base,False,6,37,5.166666666666667,38,31,26,3,0,5
matplotlib-1.4.3,matplotlib-1.4.3/lib/matplotlib/ticker.py,MultipleLocator,False,4,34,6.5,35,24,21,0,8,5
matplotlib-1.4.3,matplotlib-1.4.3/lib/matplotlib/ticker.py,MaxNLocator,False,6,129,19.0,130,85,89,3,25,13
matplotlib-1.4.3,matplotlib-1.4.3/lib/matplotlib/ticker.py,LogLocator,False,6,122,18.833333333333332,123,86,85,3,12,23
matplotlib-1.4.3,matplotlib-1.4.3/lib/matplotlib/ticker.py,SymmetricalLogLocator,False,4,150,35.75,151,106,102,22,6,19
matplotlib-1.4.3,matplotlib-1.4.3/lib/matplotlib/ticker.py,AutoLocator,False,1,2,2.0,3,3,3,0,0,0
matplotlib-1.4.3,matplotlib-1.4.3/lib/matplotlib/ticker.py,AutoMinorLocator,False,3,61,18.0,62,39,37,5,11,8
matplotlib-1.4.3,matplotlib-1.4.3/lib/matplotlib/ticker.py,OldAutoLocator,False,6,58,8.0,59,41,37,2,4,12
matplotlib-1.4.3,matplotlib-1.4.3/lib/matplotlib/transforms.py,TransformNode,False,8,187,10.125,188,84,85,22,51,30
matplotlib-1.4.3,matplotlib-1.4.3/lib/matplotlib/transforms.py,BboxBase,False,47,519,7.914893617021277,520,273,307,4,137,72
matplotlib-1.4.3,matplotlib-1.4.3/lib/matplotlib/transforms.py,Bbox,False,28,273,7.714285714285714,274,143,130,3,85,53
matplotlib-1.4.3,matplotlib-1.4.3/lib/matplotlib/transforms.py,TransformedBbox,False,3,41,8.333333333333334,42,29,27,0,9,6
matplotlib-1.4.3,matplotlib-1.4.3/lib/matplotlib/transforms.py,Transform,False,21,396,15.857142857142858,397,125,108,22,178,88
matplotlib-1.4.3,matplotlib-1.4.3/lib/matplotlib/transforms.py,TransformWrapper,False,11,95,5.181818181818182,96,55,51,5,20,20
matplotlib-1.4.3,matplotlib-1.4.3/lib/matplotlib/transforms.py,AffineBase,False,11,56,2.909090909090909,57,37,37,1,8,11
matplotlib-1.4.3,matplotlib-1.4.3/lib/matplotlib/transforms.py,Affine2DBase,False,7,86,5.571428571428571,87,48,48,3,21,15
matplotlib-1.4.3,matplotlib-1.4.3/lib/matplotlib/transforms.py,Affine2D,False,17,222,11.294117647058824,223,86,80,6,99,38
matplotlib-1.4.3,matplotlib-1.4.3/lib/matplotlib/transforms.py,IdentityTransform,False,6,43,2.0,44,30,29,0,4,11
matplotlib-1.4.3,matplotlib-1.4.3/lib/matplotlib/transforms.py,BlendedGenericTransform,False,12,113,6.916666666666667,114,79,73,7,15,19
matplotlib-1.4.3,matplotlib-1.4.3/lib/matplotlib/transforms.py,BlendedAffine2D,False,5,67,10.6,68,38,36,5,17,10
matplotlib-1.4.3,matplotlib-1.4.3/lib/matplotlib/transforms.py,CompositeGenericTransform,False,15,123,5.6,124,80,83,5,14,22
matplotlib-1.4.3,matplotlib-1.4.3/lib/matplotlib/transforms.py,CompositeAffine2D,False,5,56,8.0,57,34,34,0,14,9
matplotlib-1.4.3,matplotlib-1.4.3/lib/matplotlib/transforms.py,BboxTransform,False,3,40,10.333333333333334,41,28,29,0,8,4
matplotlib-1.4.3,matplotlib-1.4.3/lib/matplotlib/transforms.py,BboxTransformTo,False,3,36,8.666666666666666,37,23,24,0,9,4
matplotlib-1.4.3,matplotlib-1.4.3/lib/matplotlib/transforms.py,BboxTransformToMaxOnly,False,2,21,7.0,22,14,16,0,5,1
matplotlib-1.4.3,matplotlib-1.4.3/lib/matplotlib/transforms.py,BboxTransformFrom,False,3,33,8.0,34,24,26,0,4,4
matplotlib-1.4.3,matplotlib-1.4.3/lib/matplotlib/transforms.py,ScaledTranslation,False,3,26,6.333333333333333,27,19,21,0,4,2
matplotlib-1.4.3,matplotlib-1.4.3/lib/matplotlib/transforms.py,TransformedPath,False,6,66,8.166666666666666,67,30,29,1,28,9
matplotlib-1.4.3,matplotlib-1.4.3/lib/matplotlib/type1font.py,Type1Font,False,7,298,37.714285714285715,299,227,215,23,39,31
matplotlib-1.4.3,matplotlib-1.4.3/lib/matplotlib/units.py,AxisInfo,False,1,18,16.0,19,10,10,0,9,0
matplotlib-1.4.3,matplotlib-1.4.3/lib/matplotlib/units.py,ConversionInterface,False,4,39,7.0,40,22,17,0,18,3
matplotlib-1.4.3,matplotlib-1.4.3/lib/matplotlib/units.py,Registry,False,2,54,25.0,55,30,30,15,3,7
matplotlib-1.4.3,matplotlib-1.4.3/lib/matplotlib/widgets.py,LockDraw,False,6,35,3.5,36,23,17,1,7,6
matplotlib-1.4.3,matplotlib-1.4.3/lib/matplotlib/widgets.py,Widget,False,0,5,0.0,6,4,3,0,3,0
matplotlib-1.4.3,matplotlib-1.4.3/lib/matplotlib/widgets.py,AxesWidget,False,4,48,6.0,49,18,14,0,25,9
matplotlib-1.4.3,matplotlib-1.4.3/lib/matplotlib/widgets.py,Button,False,6,123,15.833333333333334,124,65,65,0,36,22
matplotlib-1.4.3,matplotlib-1.4.3/lib/matplotlib/widgets.py,Slider,False,6,208,27.833333333333332,209,91,94,0,63,49
matplotlib-1.4.3,matplotlib-1.4.3/lib/matplotlib/widgets.py,CheckButtons,False,4,132,26.0,133,74,75,0,30,27
matplotlib-1.4.3,matplotlib-1.4.3/lib/matplotlib/widgets.py,RadioButtons,False,4,126,25.25,127,72,71,0,28,27
matplotlib-1.4.3,matplotlib-1.4.3/lib/matplotlib/widgets.py,SubplotTool,False,7,146,19.571428571428573,147,87,100,9,11,27
matplotlib-1.4.3,matplotlib-1.4.3/lib/matplotlib/widgets.py,Cursor,False,4,91,18.0,92,56,53,1,18,18
matplotlib-1.4.3,matplotlib-1.4.3/lib/matplotlib/widgets.py,MultiCursor,False,6,114,13.5,115,70,71,0,20,21
matplotlib-1.4.3,matplotlib-1.4.3/lib/matplotlib/widgets.py,SpanSelector,False,8,221,24.25,222,136,137,6,31,43
matplotlib-1.4.3,matplotlib-1.4.3/lib/matplotlib/widgets.py,RectangleSelector,False,9,282,26.444444444444443,283,142,143,33,65,47
matplotlib-1.4.3,matplotlib-1.4.3/lib/matplotlib/widgets.py,LassoSelector,False,6,96,9.833333333333334,97,56,55,0,22,20
matplotlib-1.4.3,matplotlib-1.4.3/lib/matplotlib/widgets.py,Lasso,False,3,66,14.333333333333334,67,41,40,0,15,12
matplotlib-1.4.3,matplotlib-1.4.3/lib/matplotlib/_pylab_helpers.py,Gcf,False,9,118,9.0,119,75,61,3,36,18
matplotlib-1.4.3,matplotlib-1.4.3/lib/matplotlib/__init__.py,Verbose,False,6,88,10.0,89,57,53,7,15,12
matplotlib-1.4.3,matplotlib-1.4.3/lib/matplotlib/__init__.py,RcParams,False,9,116,9.777777777777779,117,69,76,8,18,15
matplotlib-1.4.3,matplotlib-1.4.3/lib/matplotlib/__init__.py,rc_context,False,3,44,6.0,45,19,18,1,17,9
matplotlib-1.4.3,matplotlib-1.4.3/lib/matplotlib/axes/_axes.py,Axes,False,71,7111,98.05633802816901,7112,2401,2624,291,2695,1529
matplotlib-1.4.3,matplotlib-1.4.3/lib/matplotlib/axes/_base.py,_process_plot_var_args,False,12,188,13.833333333333334,189,133,133,17,9,32
matplotlib-1.4.3,matplotlib-1.4.3/lib/matplotlib/axes/_base.py,_AxesBase,False,150,3032,19.026666666666667,3033,1426,1457,140,869,553
matplotlib-1.4.3,matplotlib-1.4.3/lib/matplotlib/axes/_subplots.py,SubplotBase,False,13,140,9.23076923076923,141,81,84,7,23,23
matplotlib-1.4.3,matplotlib-1.4.3/lib/matplotlib/axes/_subplots.py,_PicklableSubplotClassConstructor,False,1,12,7.0,13,7,6,2,5,0
matplotlib-1.4.3,matplotlib-1.4.3/lib/matplotlib/backends/backend_agg.py,RendererAgg,False,24,350,12.708333333333334,351,212,203,34,58,60
matplotlib-1.4.3,matplotlib-1.4.3/lib/matplotlib/backends/backend_agg.py,FigureCanvasAgg,False,10,151,8.8,152,106,104,3,22,23
matplotlib-1.4.3,matplotlib-1.4.3/lib/matplotlib/backends/backend_cairo.py,RendererCairo,False,14,239,13.214285714285714,240,151,174,14,2,51
matplotlib-1.4.3,matplotlib-1.4.3/lib/matplotlib/backends/backend_cairo.py,GraphicsContextCairo,False,11,98,5.818181818181818,99,69,74,4,0,22
matplotlib-1.4.3,matplotlib-1.4.3/lib/matplotlib/backends/backend_cairo.py,FigureCanvasCairo,False,6,94,14.833333333333334,95,68,72,9,0,15
matplotlib-1.4.3,matplotlib-1.4.3/lib/matplotlib/backends/backend_cocoaagg.py,Show,False,1,2,2.0,3,3,3,0,0,0
matplotlib-1.4.3,matplotlib-1.4.3/lib/matplotlib/backends/backend_cocoaagg.py,FigureCanvasCocoaAgg,False,4,13,2.0,14,11,11,0,0,3
matplotlib-1.4.3,matplotlib-1.4.3/lib/matplotlib/backends/backend_cocoaagg.py,MatplotlibController,False,5,42,6.8,43,27,27,8,0,9
matplotlib-1.4.3,matplotlib-1.4.3/lib/matplotlib/backends/backend_cocoaagg.py,PlotWindow,False,0,1,0.0,2,2,2,0,0,0
matplotlib-1.4.3,matplotlib-1.4.3/lib/matplotlib/backends/backend_cocoaagg.py,PlotView,False,7,66,8.571428571428571,67,46,56,11,0,10
matplotlib-1.4.3,matplotlib-1.4.3/lib/matplotlib/backends/backend_cocoaagg.py,MPLBootstrap,False,1,6,5.0,7,5,5,2,0,0
matplotlib-1.4.3,matplotlib-1.4.3/lib/matplotlib/backends/backend_cocoaagg.py,FigureManagerCocoaAgg,False,2,20,7.5,21,10,13,7,0,2
matplotlib-1.4.3,matplotlib-1.4.3/lib/matplotlib/backends/backend_gdk.py,RendererGDK,False,14,283,17.071428571428573,284,158,185,31,11,63
matplotlib-1.4.3,matplotlib-1.4.3/lib/matplotlib/backends/backend_gdk.py,GraphicsContextGDK,False,9,90,6.222222222222222,91,53,61,6,4,21
matplotlib-1.4.3,matplotlib-1.4.3/lib/matplotlib/backends/backend_gdk.py,FigureCanvasGDK,False,6,45,5.833333333333333,46,30,32,4,0,10
matplotlib-1.4.3,matplotlib-1.4.3/lib/matplotlib/backends/backend_gtk.py,Show,False,1,3,3.0,4,4,4,0,0,0
matplotlib-1.4.3,matplotlib-1.4.3/lib/matplotlib/backends/backend_gtk.py,TimerGTK,False,4,39,6.0,40,20,19,5,11,5
matplotlib-1.4.3,matplotlib-1.4.3/lib/matplotlib/backends/backend_gtk.py,FigureCanvasGTK,False,25,383,11.2,384,227,278,36,26,55
matplotlib-1.4.3,matplotlib-1.4.3/lib/matplotlib/backends/backend_gtk.py,FigureManagerGTK,False,8,112,11.75,113,75,71,12,8,21
matplotlib-1.4.3,matplotlib-1.4.3/lib/matplotlib/backends/backend_gtk.py,NavigationToolbar2GTK,False,12,148,11.25,149,113,114,8,0,26
matplotlib-1.4.3,matplotlib-1.4.3/lib/matplotlib/backends/backend_gtk.py,FileChooserDialog,False,2,73,34.5,74,52,58,1,3,11
matplotlib-1.4.3,matplotlib-1.4.3/lib/matplotlib/backends/backend_gtk.py,DialogLineprops,False,13,160,9.461538461538462,161,116,112,3,3,37
matplotlib-1.4.3,matplotlib-1.4.3/lib/matplotlib/backends/backend_gtk3.py,Show,False,1,3,3.0,4,4,4,0,0,0
matplotlib-1.4.3,matplotlib-1.4.3/lib/matplotlib/backends/backend_gtk3.py,TimerGTK3,False,4,39,6.0,40,20,19,5,11,5
matplotlib-1.4.3,matplotlib-1.4.3/lib/matplotlib/backends/backend_gtk3.py,FigureCanvasGTK3,False,20,256,8.55,257,153,203,19,11,32
matplotlib-1.4.3,matplotlib-1.4.3/lib/matplotlib/backends/backend_gtk3.py,FigureManagerGTK3,False,8,111,11.625,112,73,69,12,8,21
matplotlib-1.4.3,matplotlib-1.4.3/lib/matplotlib/backends/backend_gtk3.py,NavigationToolbar2GTK3,False,11,132,11.0,133,100,102,9,0,21
matplotlib-1.4.3,matplotlib-1.4.3/lib/matplotlib/backends/backend_gtk3.py,FileChooserDialog,False,2,73,34.5,74,52,58,2,3,11
matplotlib-1.4.3,matplotlib-1.4.3/lib/matplotlib/backends/backend_gtk3.py,DialogLineprops,False,13,157,9.461538461538462,158,116,112,3,3,34
matplotlib-1.4.3,matplotlib-1.4.3/lib/matplotlib/backends/backend_gtk3agg.py,FigureCanvasGTK3Agg,False,6,75,11.5,76,52,57,3,2,14
matplotlib-1.4.3,matplotlib-1.4.3/lib/matplotlib/backends/backend_gtk3agg.py,FigureManagerGTK3Agg,False,0,1,0.0,2,2,2,0,0,0
matplotlib-1.4.3,matplotlib-1.4.3/lib/matplotlib/backends/backend_gtk3cairo.py,RendererGTK3Cairo,False,1,9,9.0,10,5,9,0,0,1
matplotlib-1.4.3,matplotlib-1.4.3/lib/matplotlib/backends/backend_gtk3cairo.py,FigureCanvasGTK3Cairo,False,4,25,5.25,26,16,15,5,2,4
matplotlib-1.4.3,matplotlib-1.4.3/lib/matplotlib/backends/backend_gtk3cairo.py,FigureManagerGTK3Cairo,False,0,1,0.0,2,2,2,0,0,0
matplotlib-1.4.3,matplotlib-1.4.3/lib/matplotlib/backends/backend_gtkagg.py,NavigationToolbar2GTKAgg,False,1,2,2.0,3,3,3,0,0,0
matplotlib-1.4.3,matplotlib-1.4.3/lib/matplotlib/backends/backend_gtkagg.py,FigureManagerGTKAgg,False,1,8,8.0,9,7,7,2,0,0
matplotlib-1.4.3,matplotlib-1.4.3/lib/matplotlib/backends/backend_gtkagg.py,FigureCanvasGTKAgg,False,4,56,12.5,57,49,44,4,0,10
matplotlib-1.4.3,matplotlib-1.4.3/lib/matplotlib/backends/backend_gtkcairo.py,RendererGTKCairo,False,0,6,0.0,7,7,7,0,0,0
matplotlib-1.4.3,matplotlib-1.4.3/lib/matplotlib/backends/backend_gtkcairo.py,FigureCanvasGTKCairo,False,1,7,4.0,8,8,6,0,0,1
matplotlib-1.4.3,matplotlib-1.4.3/lib/matplotlib/backends/backend_gtkcairo.py,FigureManagerGTKCairo,False,1,8,8.0,9,7,7,2,0,0
matplotlib-1.4.3,matplotlib-1.4.3/lib/matplotlib/backends/backend_gtkcairo.py,NavigationToolbar2Cairo,False,1,2,2.0,3,3,3,0,0,0
matplotlib-1.4.3,matplotlib-1.4.3/lib/matplotlib/backends/backend_macosx.py,Show,False,1,2,2.0,3,3,3,0,0,0
matplotlib-1.4.3,matplotlib-1.4.3/lib/matplotlib/backends/backend_macosx.py,RendererMac,False,17,143,7.0,144,98,118,5,5,19
matplotlib-1.4.3,matplotlib-1.4.3/lib/matplotlib/backends/backend_macosx.py,GraphicsContextMac,False,6,37,4.166666666666667,38,29,26,0,7,5
matplotlib-1.4.3,matplotlib-1.4.3/lib/matplotlib/backends/backend_macosx.py,TimerMac,False,0,13,0.0,14,2,1,0,12,1
matplotlib-1.4.3,matplotlib-1.4.3/lib/matplotlib/backends/backend_macosx.py,FigureCanvasMac,False,10,81,5.0,82,44,42,3,21,16
matplotlib-1.4.3,matplotlib-1.4.3/lib/matplotlib/backends/backend_macosx.py,FigureManagerMac,False,2,24,10.0,25,21,18,0,3,3
matplotlib-1.4.3,matplotlib-1.4.3/lib/matplotlib/backends/backend_macosx.py,NavigationToolbar2Mac,False,9,36,3.0,37,27,28,1,0,9
matplotlib-1.4.3,matplotlib-1.4.3/lib/matplotlib/backends/backend_mixed.py,MixedModeRenderer,False,4,133,28.25,134,56,71,10,32,23
matplotlib-1.4.3,matplotlib-1.4.3/lib/matplotlib/backends/backend_nbagg.py,Show,False,1,22,22.0,23,14,14,4,0,5
matplotlib-1.4.3,matplotlib-1.4.3/lib/matplotlib/backends/backend_nbagg.py,NavigationIPy,False,0,8,0.0,9,2,7,1,0,1
matplotlib-1.4.3,matplotlib-1.4.3/lib/matplotlib/backends/backend_nbagg.py,FigureManagerNbAgg,False,9,61,5.444444444444445,62,43,45,3,3,10
matplotlib-1.4.3,matplotlib-1.4.3/lib/matplotlib/backends/backend_nbagg.py,TimerTornado,False,3,24,7.333333333333333,25,18,22,1,0,2
matplotlib-1.4.3,matplotlib-1.4.3/lib/matplotlib/backends/backend_nbagg.py,FigureCanvasNbAgg,False,3,8,2.0,9,7,7,0,0,2
matplotlib-1.4.3,matplotlib-1.4.3/lib/matplotlib/backends/backend_nbagg.py,CommSocket,False,6,60,7.666666666666667,61,39,35,10,7,9
matplotlib-1.4.3,matplotlib-1.4.3/lib/matplotlib/backends/backend_pdf.py,Reference,False,4,18,2.75,19,13,12,0,3,4
matplotlib-1.4.3,matplotlib-1.4.3/lib/matplotlib/backends/backend_pdf.py,Name,False,5,24,3.0,25,20,19,0,0,5
matplotlib-1.4.3,matplotlib-1.4.3/lib/matplotlib/backends/backend_pdf.py,Operator,False,3,11,2.0,12,9,8,0,0,3
matplotlib-1.4.3,matplotlib-1.4.3/lib/matplotlib/backends/backend_pdf.py,Stream,False,5,74,12.6,75,58,53,4,8,11
matplotlib-1.4.3,matplotlib-1.4.3/lib/matplotlib/backends/backend_pdf.py,PdfFile,False,35,1080,29.114285714285714,1081,680,847,115,9,120
matplotlib-1.4.3,matplotlib-1.4.3/lib/matplotlib/backends/backend_pdf.py,RendererPdf,False,25,617,23.6,618,399,469,58,11,79
matplotlib-1.4.3,matplotlib-1.4.3/lib/matplotlib/backends/backend_pdf.py,GraphicsContextPdf,False,20,203,8.25,204,136,145,7,28,25
matplotlib-1.4.3,matplotlib-1.4.3/lib/matplotlib/backends/backend_pdf.py,PdfPages,False,7,101,10.142857142857142,102,36,32,0,54,16
matplotlib-1.4.3,matplotlib-1.4.3/lib/matplotlib/backends/backend_pdf.py,FigureCanvasPdf,False,3,41,8.666666666666666,42,28,29,4,6,7
matplotlib-1.4.3,matplotlib-1.4.3/lib/matplotlib/backends/backend_pdf.py,FigureManagerPdf,False,0,1,0.0,2,2,2,0,0,0
matplotlib-1.4.3,matplotlib-1.4.3/lib/matplotlib/backends/backend_pgf.py,LatexError,False,1,3,3.0,4,4,4,0,0,0
matplotlib-1.4.3,matplotlib-1.4.3/lib/matplotlib/backends/backend_pgf.py,LatexManagerFactory,False,1,19,16.0,20,17,17,1,0,2
matplotlib-1.4.3,matplotlib-1.4.3/lib/matplotlib/backends/backend_pgf.py,WeakSet,False,4,15,2.25,16,10,10,2,0,4
matplotlib-1.4.3,matplotlib-1.4.3/lib/matplotlib/backends/backend_pgf.py,LatexManager,False,9,147,14.444444444444445,148,97,104,18,9,18
matplotlib-1.4.3,matplotlib-1.4.3/lib/matplotlib/backends/backend_pgf.py,RendererPgf,False,15,302,19.133333333333333,303,219,218,35,7,44
matplotlib-1.4.3,matplotlib-1.4.3/lib/matplotlib/backends/backend_pgf.py,GraphicsContextPgf,False,0,1,0.0,2,2,2,0,0,0
matplotlib-1.4.3,matplotlib-1.4.3/lib/matplotlib/backends/backend_pgf.py,TmpDirCleaner,False,2,13,4.0,14,12,12,0,0,2
matplotlib-1.4.3,matplotlib-1.4.3/lib/matplotlib/backends/backend_pgf.py,FigureCanvasPgf,False,9,189,19.666666666666668,190,117,144,12,10,24
matplotlib-1.4.3,matplotlib-1.4.3/lib/matplotlib/backends/backend_pgf.py,FigureManagerPgf,False,1,2,2.0,3,3,3,0,0,0
matplotlib-1.4.3,matplotlib-1.4.3/lib/matplotlib/backends/backend_ps.py,PsBackendHelper,False,4,53,11.5,54,39,37,1,9,7
matplotlib-1.4.3,matplotlib-1.4.3/lib/matplotlib/backends/backend_ps.py,RendererPS,False,35,762,20.571428571428573,763,510,580,21,56,107
matplotlib-1.4.3,matplotlib-1.4.3/lib/matplotlib/backends/backend_ps.py,GraphicsContextPS,False,3,13,3.6666666666666665,14,9,12,0,0,2
matplotlib-1.4.3,matplotlib-1.4.3/lib/matplotlib/backends/backend_ps.py,FigureCanvasPS,False,7,421,58.285714285714285,422,303,310,39,16,63
matplotlib-1.4.3,matplotlib-1.4.3/lib/matplotlib/backends/backend_ps.py,FigureManagerPS,False,0,1,0.0,2,2,2,0,0,0
matplotlib-1.4.3,matplotlib-1.4.3/lib/matplotlib/backends/backend_qt4.py,FigureCanvasQT,False,2,28,13.0,29,20,21,5,0,3
matplotlib-1.4.3,matplotlib-1.4.3/lib/matplotlib/backends/backend_qt4agg.py,FigureCanvasQTAgg,False,1,34,24.0,35,14,14,12,6,3
matplotlib-1.4.3,matplotlib-1.4.3/lib/matplotlib/backends/backend_qt5.py,Show,False,1,5,5.0,6,5,5,1,0,0
matplotlib-1.4.3,matplotlib-1.4.3/lib/matplotlib/backends/backend_qt5.py,TimerQT,False,6,43,4.166666666666667,44,21,20,5,11,8
matplotlib-1.4.3,matplotlib-1.4.3/lib/matplotlib/backends/backend_qt5.py,FigureCanvasQT,False,20,212,8.9,213,134,140,29,12,34
matplotlib-1.4.3,matplotlib-1.4.3/lib/matplotlib/backends/backend_qt5.py,MainWindow,False,1,5,3.0,6,5,5,0,0,1
matplotlib-1.4.3,matplotlib-1.4.3/lib/matplotlib/backends/backend_qt5.py,FigureManagerQT,False,10,121,9.9,122,78,77,17,7,20
matplotlib-1.4.3,matplotlib-1.4.3/lib/matplotlib/backends/backend_qt5.py,NavigationToolbar2QT,False,12,168,10.083333333333334,169,125,136,7,0,24
matplotlib-1.4.3,matplotlib-1.4.3/lib/matplotlib/backends/backend_qt5.py,SubplotToolQt,False,10,90,8.1,91,77,77,1,0,13
matplotlib-1.4.3,matplotlib-1.4.3/lib/matplotlib/backends/backend_qt5agg.py,FigureCanvasQTAggBase,False,5,103,18.0,104,56,56,17,18,13
matplotlib-1.4.3,matplotlib-1.4.3/lib/matplotlib/backends/backend_qt5agg.py,FigureCanvasQTAgg,False,1,36,24.0,37,14,14,12,7,4
matplotlib-1.4.3,matplotlib-1.4.3/lib/matplotlib/backends/backend_qt5agg.py,NavigationToolbar2QTAgg,False,1,7,7.0,8,4,8,0,0,0
matplotlib-1.4.3,matplotlib-1.4.3/lib/matplotlib/backends/backend_svg.py,XMLWriter,False,9,121,8.0,122,74,72,37,0,15
matplotlib-1.4.3,matplotlib-1.4.3/lib/matplotlib/backends/backend_svg.py,RendererSVG,False,33,920,26.818181818181817,921,613,732,41,25,126
matplotlib-1.4.3,matplotlib-1.4.3/lib/matplotlib/backends/backend_svg.py,FigureCanvasSVG,False,4,55,11.75,56,47,49,0,0,7
matplotlib-1.4.3,matplotlib-1.4.3/lib/matplotlib/backends/backend_svg.py,FigureManagerSVG,False,0,1,0.0,2,2,2,0,0,0
matplotlib-1.4.3,matplotlib-1.4.3/lib/matplotlib/backends/backend_template.py,RendererTemplate,False,9,57,2.111111111111111,58,20,19,21,6,12
matplotlib-1.4.3,matplotlib-1.4.3/lib/matplotlib/backends/backend_template.py,GraphicsContextTemplate,False,0,20,0.0,21,3,2,0,17,2
matplotlib-1.4.3,matplotlib-1.4.3/lib/matplotlib/backends/backend_template.py,FigureCanvasTemplate,False,3,40,5.0,41,13,10,4,19,8
matplotlib-1.4.3,matplotlib-1.4.3/lib/matplotlib/backends/backend_template.py,FigureManagerTemplate,False,0,6,0.0,7,3,2,0,4,1
matplotlib-1.4.3,matplotlib-1.4.3/lib/matplotlib/backends/backend_tkagg.py,Show,False,1,2,2.0,3,3,3,0,0,0
matplotlib-1.4.3,matplotlib-1.4.3/lib/matplotlib/backends/backend_tkagg.py,TimerTk,False,4,35,5.0,36,19,18,2,11,5
matplotlib-1.4.3,matplotlib-1.4.3/lib/matplotlib/backends/backend_tkagg.py,FigureCanvasTkAgg,False,20,362,13.7,363,173,228,65,21,47
matplotlib-1.4.3,matplotlib-1.4.3/lib/matplotlib/backends/backend_tkagg.py,FigureManagerTkAgg,False,7,85,10.142857142857142,86,58,54,10,11,10
matplotlib-1.4.3,matplotlib-1.4.3/lib/matplotlib/backends/backend_tkagg.py,AxisMenu,False,6,60,9.166666666666666,61,47,56,0,0,5
matplotlib-1.4.3,matplotlib-1.4.3/lib/matplotlib/backends/backend_tkagg.py,NavigationToolbar2TkAgg,False,13,153,10.153846153846153,154,101,106,20,5,23
matplotlib-1.4.3,matplotlib-1.4.3/lib/matplotlib/backends/backend_tkagg.py,ToolTip,False,4,48,10.0,49,38,40,1,4,3
matplotlib-1.4.3,matplotlib-1.4.3/lib/matplotlib/backends/backend_webagg.py,Show,False,1,14,14.0,15,10,12,0,0,3
matplotlib-1.4.3,matplotlib-1.4.3/lib/matplotlib/backends/backend_webagg.py,ServerThread,False,1,2,2.0,3,3,3,0,0,0
matplotlib-1.4.3,matplotlib-1.4.3/lib/matplotlib/backends/backend_webagg.py,FigureCanvasWebAgg,False,4,17,2.5,18,11,14,1,0,3
matplotlib-1.4.3,matplotlib-1.4.3/lib/matplotlib/backends/backend_webagg.py,WebAggApplication,False,3,224,33.0,225,114,163,18,12,39
matplotlib-1.4.3,matplotlib-1.4.3/lib/matplotlib/backends/backend_webagg_core.py,FigureCanvasWebAggCore,False,13,230,16.307692307692307,231,133,144,45,7,35
matplotlib-1.4.3,matplotlib-1.4.3/lib/matplotlib/backends/backend_webagg_core.py,NavigationToolbar2WebAgg,False,7,38,3.2857142857142856,39,23,29,1,0,8
matplotlib-1.4.3,matplotlib-1.4.3/lib/matplotlib/backends/backend_webagg_core.py,FigureManagerWebAgg,False,12,92,6.25,93,63,70,2,0,22
matplotlib-1.4.3,matplotlib-1.4.3/lib/matplotlib/backends/backend_wx.py,fake_stderr,False,1,5,2.0,6,4,3,0,3,0
matplotlib-1.4.3,matplotlib-1.4.3/lib/matplotlib/backends/backend_wx.py,TimerWx,False,6,40,3.0,41,17,16,6,11,8
matplotlib-1.4.3,matplotlib-1.4.3/lib/matplotlib/backends/backend_wx.py,RendererWx,False,14,241,12.642857142857142,242,145,166,23,26,33
matplotlib-1.4.3,matplotlib-1.4.3/lib/matplotlib/backends/backend_wx.py,GraphicsContextWx,False,10,169,13.3,170,111,103,8,39,20
matplotlib-1.4.3,matplotlib-1.4.3/lib/matplotlib/backends/backend_wx.py,FigureCanvasWx,False,37,586,12.297297297297296,587,333,361,50,69,93
matplotlib-1.4.3,matplotlib-1.4.3/lib/matplotlib/backends/backend_wx.py,Show,False,1,6,6.0,7,7,7,0,0,0
matplotlib-1.4.3,matplotlib-1.4.3/lib/matplotlib/backends/backend_wx.py,FigureFrameWx,False,7,93,12.285714285714286,94,61,61,20,0,13
matplotlib-1.4.3,matplotlib-1.4.3/lib/matplotlib/backends/backend_wx.py,FigureManagerWx,False,6,44,4.666666666666667,45,28,24,3,8,9
matplotlib-1.4.3,matplotlib-1.4.3/lib/matplotlib/backends/backend_wx.py,MenuButtonWx,False,9,99,9.555555555555555,100,82,72,5,7,10
matplotlib-1.4.3,matplotlib-1.4.3/lib/matplotlib/backends/backend_wx.py,SubplotToolWX,False,1,16,16.0,17,11,11,3,0,3
matplotlib-1.4.3,matplotlib-1.4.3/lib/matplotlib/backends/backend_wx.py,NavigationToolbar2Wx,False,16,160,8.9375,161,116,115,15,0,32
matplotlib-1.4.3,matplotlib-1.4.3/lib/matplotlib/backends/backend_wx.py,StatusBarWx,False,2,14,3.0,15,8,7,2,5,1
matplotlib-1.4.3,matplotlib-1.4.3/lib/matplotlib/backends/backend_wx.py,PrintoutWx,False,4,75,17.0,76,47,45,15,4,14
matplotlib-1.4.3,matplotlib-1.4.3/lib/matplotlib/backends/backend_wxagg.py,FigureFrameWxAgg,False,2,10,4.5,11,10,10,0,0,1
matplotlib-1.4.3,matplotlib-1.4.3/lib/matplotlib/backends/backend_wxagg.py,FigureCanvasWxAgg,False,3,63,16.333333333333332,64,36,33,5,15,11
matplotlib-1.4.3,matplotlib-1.4.3/lib/matplotlib/backends/backend_wxagg.py,NavigationToolbar2WxAgg,False,1,2,2.0,3,3,3,0,0,0
matplotlib-1.4.3,matplotlib-1.4.3/lib/matplotlib/backends/windowing.py,FocusManager,False,2,5,2.0,6,5,5,0,0,1
matplotlib-1.4.3,matplotlib-1.4.3/lib/matplotlib/backends/qt_editor/formlayout.py,ColorButton,False,4,30,4.75,31,24,23,0,3,5
matplotlib-1.4.3,matplotlib-1.4.3/lib/matplotlib/backends/qt_editor/formlayout.py,ColorLayout,False,4,22,4.5,23,20,19,1,0,3
matplotlib-1.4.3,matplotlib-1.4.3/lib/matplotlib/backends/qt_editor/formlayout.py,FontLayout,False,2,39,18.5,40,31,30,4,0,5
matplotlib-1.4.3,matplotlib-1.4.3/lib/matplotlib/backends/qt_editor/formlayout.py,FormWidget,False,4,122,29.5,123,117,116,3,0,3
matplotlib-1.4.3,matplotlib-1.4.3/lib/matplotlib/backends/qt_editor/formlayout.py,FormComboWidget,False,3,26,7.333333333333333,27,22,22,0,0,5
matplotlib-1.4.3,matplotlib-1.4.3/lib/matplotlib/backends/qt_editor/formlayout.py,FormTabWidget,False,3,24,6.666666666666667,25,22,22,0,0,3
matplotlib-1.4.3,matplotlib-1.4.3/lib/matplotlib/backends/qt_editor/formlayout.py,FormDialog,False,7,69,8.857142857142858,70,50,53,2,0,13
matplotlib-1.4.3,matplotlib-1.4.3/lib/matplotlib/backends/qt_editor/formsubplottool.py,UiSubplotTool,False,1,217,216.0,218,141,179,10,0,30
matplotlib-1.4.3,matplotlib-1.4.3/lib/matplotlib/delaunay/interpolate.py,LinearInterpolator,False,2,52,7.5,53,11,15,0,27,11
matplotlib-1.4.3,matplotlib-1.4.3/lib/matplotlib/delaunay/interpolate.py,NNInterpolator,False,3,73,6.666666666666667,74,13,21,0,40,13
matplotlib-1.4.3,matplotlib-1.4.3/lib/matplotlib/delaunay/testfuncs.py,TestData,False,1,3,3.0,4,4,4,0,0,0
matplotlib-1.4.3,matplotlib-1.4.3/lib/matplotlib/delaunay/testfuncs.py,TestDataSet,False,1,2,2.0,3,3,3,0,0,0
matplotlib-1.4.3,matplotlib-1.4.3/lib/matplotlib/delaunay/testfuncs.py,LinearTester,False,4,71,16.5,72,55,63,1,0,9
matplotlib-1.4.3,matplotlib-1.4.3/lib/matplotlib/delaunay/testfuncs.py,NNTester,False,1,5,3.0,6,5,5,0,0,1
matplotlib-1.4.3,matplotlib-1.4.3/lib/matplotlib/delaunay/triangulate.py,DuplicatePointWarning,False,0,2,0.0,3,2,1,0,2,0
matplotlib-1.4.3,matplotlib-1.4.3/lib/matplotlib/delaunay/triangulate.py,Triangulation,False,10,232,15.8,233,100,101,11,76,45
matplotlib-1.4.3,matplotlib-1.4.3/lib/matplotlib/projections/geo.py,GeoAxes,False,24,225,7.291666666666667,226,123,148,11,27,39
matplotlib-1.4.3,matplotlib-1.4.3/lib/matplotlib/projections/geo.py,AitoffAxes,False,2,76,3.5,77,53,49,6,8,14
matplotlib-1.4.3,matplotlib-1.4.3/lib/matplotlib/projections/geo.py,HammerAxes,False,2,77,3.5,78,61,55,1,8,14
matplotlib-1.4.3,matplotlib-1.4.3/lib/matplotlib/projections/geo.py,MollweideAxes,False,2,97,3.5,98,77,69,5,8,19
matplotlib-1.4.3,matplotlib-1.4.3/lib/matplotlib/projections/geo.py,LambertAxes,False,4,116,4.75,117,81,91,1,8,17
matplotlib-1.4.3,matplotlib-1.4.3/lib/matplotlib/projections/polar.py,PolarTransform,False,4,56,10.0,57,50,43,0,6,8
matplotlib-1.4.3,matplotlib-1.4.3/lib/matplotlib/projections/polar.py,PolarAffine,False,3,31,8.0,32,21,21,0,9,2
matplotlib-1.4.3,matplotlib-1.4.3/lib/matplotlib/projections/polar.py,InvertedPolarTransform,False,3,44,10.666666666666666,45,37,34,0,4,7
matplotlib-1.4.3,matplotlib-1.4.3/lib/matplotlib/projections/polar.py,ThetaFormatter,False,1,15,11.0,16,7,6,6,4,0
matplotlib-1.4.3,matplotlib-1.4.3/lib/matplotlib/projections/polar.py,RadialLocator,False,7,30,2.2857142857142856,31,18,17,0,7,7
matplotlib-1.4.3,matplotlib-1.4.3/lib/matplotlib/projections/polar.py,PolarAxes,False,38,460,10.842105263157896,461,228,248,32,97,83
matplotlib-1.4.3,matplotlib-1.4.3/lib/matplotlib/projections/__init__.py,ProjectionRegistry,False,4,28,5.5,29,17,13,0,13,3
matplotlib-1.4.3,matplotlib-1.4.3/lib/matplotlib/sphinxext/ipython_console_highlighting.py,IPythonConsoleLexer,False,1,71,41.0,72,43,45,3,13,11
matplotlib-1.4.3,matplotlib-1.4.3/lib/matplotlib/sphinxext/ipython_directive.py,EmbeddedSphinxShell,False,11,329,28.363636363636363,330,212,217,44,20,54
matplotlib-1.4.3,matplotlib-1.4.3/lib/matplotlib/sphinxext/ipython_directive.py,IpythonDirective,False,4,146,32.25,147,86,94,25,0,33
matplotlib-1.4.3,matplotlib-1.4.3/lib/matplotlib/sphinxext/mathmpl.py,latex_math,False,0,1,0.0,2,2,2,0,0,0
matplotlib-1.4.3,matplotlib-1.4.3/lib/matplotlib/sphinxext/only_directives.py,only_base,False,1,2,2.0,3,3,3,0,0,0
matplotlib-1.4.3,matplotlib-1.4.3/lib/matplotlib/sphinxext/only_directives.py,html_only,False,0,1,0.0,2,2,2,0,0,0
matplotlib-1.4.3,matplotlib-1.4.3/lib/matplotlib/sphinxext/only_directives.py,latex_only,False,0,1,0.0,2,2,2,0,0,0
matplotlib-1.4.3,matplotlib-1.4.3/lib/matplotlib/sphinxext/plot_directive.py,ImageFile,False,3,10,2.6666666666666665,11,9,9,0,0,2
matplotlib-1.4.3,matplotlib-1.4.3/lib/matplotlib/sphinxext/plot_directive.py,PlotError,False,0,1,0.0,2,2,2,0,0,0
matplotlib-1.4.3,matplotlib-1.4.3/lib/matplotlib/testing/decorators.py,CleanupTest,True,3,10,2.0,11,9,9,0,0,2
matplotlib-1.4.3,matplotlib-1.4.3/lib/matplotlib/testing/decorators.py,CleanupTestCase,True,2,9,2.5,10,9,8,0,0,1
matplotlib-1.4.3,matplotlib-1.4.3/lib/matplotlib/testing/decorators.py,ImageComparisonTest,True,3,75,23.666666666666668,76,55,64,0,0,12
matplotlib-1.4.3,matplotlib-1.4.3/lib/matplotlib/testing/noseclasses.py,KnownFailureTest,True,0,2,0.0,3,3,2,0,0,0
matplotlib-1.4.3,matplotlib-1.4.3/lib/matplotlib/testing/noseclasses.py,KnownFailureDidNotFailTest,True,0,2,0.0,3,3,2,0,0,0
matplotlib-1.4.3,matplotlib-1.4.3/lib/matplotlib/testing/noseclasses.py,ImageComparisonFailure,True,0,1,0.0,2,2,1,0,0,0
matplotlib-1.4.3,matplotlib-1.4.3/lib/matplotlib/testing/noseclasses.py,KnownFailure,True,3,40,8.333333333333334,41,16,20,9,7,5
matplotlib-1.4.3,matplotlib-1.4.3/lib/matplotlib/testing/jpl_units/Duration.py,Duration,True,16,187,9.3125,188,65,51,17,71,43
matplotlib-1.4.3,matplotlib-1.4.3/lib/matplotlib/testing/jpl_units/Epoch.py,Epoch,True,11,210,16.0,211,86,95,17,48,49
matplotlib-1.4.3,matplotlib-1.4.3/lib/matplotlib/testing/jpl_units/EpochConverter.py,EpochConverter,True,6,137,18.666666666666668,138,55,51,10,48,29
matplotlib-1.4.3,matplotlib-1.4.3/lib/matplotlib/testing/jpl_units/StrConverter.py,StrConverter,True,3,136,39.333333333333336,137,60,56,19,34,28
matplotlib-1.4.3,matplotlib-1.4.3/lib/matplotlib/testing/jpl_units/UnitDbl.py,UnitDbl,True,17,269,12.058823529411764,270,87,86,22,97,60
matplotlib-1.4.3,matplotlib-1.4.3/lib/matplotlib/testing/jpl_units/UnitDblConverter.py,UnitDblConverter,True,3,111,30.666666666666668,112,46,45,20,26,21
matplotlib-1.4.3,matplotlib-1.4.3/lib/matplotlib/testing/jpl_units/UnitDblFormatter.py,UnitDblFormatter,True,4,21,3.75,22,17,12,0,3,3
matplotlib-1.4.3,matplotlib-1.4.3/lib/matplotlib/tests/test_cbook.py,Test_delete_masked_points,True,5,41,7.2,42,34,38,0,0,4
matplotlib-1.4.3,matplotlib-1.4.3/lib/matplotlib/tests/test_cbook.py,Test_boxplot_stats,True,12,147,11.166666666666666,148,85,126,0,0,22
matplotlib-1.4.3,matplotlib-1.4.3/lib/matplotlib/tests/test_delaunay.py,LinearTester,True,4,58,13.5,59,50,52,1,0,7
matplotlib-1.4.3,matplotlib-1.4.3/lib/matplotlib/tests/test_delaunay.py,NNTester,True,1,4,3.0,5,5,5,0,0,0
matplotlib-1.4.3,matplotlib-1.4.3/lib/matplotlib/tests/test_legend.py,TestLegendFunction,True,7,86,9.571428571428571,87,59,66,8,0,13
matplotlib-1.4.3,matplotlib-1.4.3/lib/matplotlib/tests/test_mlab.py,general_testcase,True,3,38,12.0,39,28,27,5,0,7
matplotlib-1.4.3,matplotlib-1.4.3/lib/matplotlib/tests/test_mlab.py,spacing_testcase,True,4,33,7.5,34,31,31,0,0,3
matplotlib-1.4.3,matplotlib-1.4.3/lib/matplotlib/tests/test_mlab.py,stride_testcase,True,27,199,6.407407407407407,200,167,164,6,3,27
matplotlib-1.4.3,matplotlib-1.4.3/lib/matplotlib/tests/test_mlab.py,csv_testcase,True,4,35,8.0,36,25,27,3,0,6
matplotlib-1.4.3,matplotlib-1.4.3/lib/matplotlib/tests/test_mlab.py,window_testcase,True,25,248,8.96,249,218,216,1,3,29
matplotlib-1.4.3,matplotlib-1.4.3/lib/matplotlib/tests/test_mlab.py,detrend_testcase,True,77,646,7.402597402597403,647,427,564,0,0,83
matplotlib-1.4.3,matplotlib-1.4.3/lib/matplotlib/tests/test_mlab.py,spectral_testcase_nosig_real_onesided,True,47,926,18.72340425531915,927,474,789,39,4,95
matplotlib-1.4.3,matplotlib-1.4.3/lib/matplotlib/tests/test_mlab.py,spectral_testcase_nosig_real_twosided,True,1,4,3.0,5,3,5,0,0,0
matplotlib-1.4.3,matplotlib-1.4.3/lib/matplotlib/tests/test_mlab.py,spectral_testcase_nosig_real_defaultsided,True,1,4,3.0,5,3,5,0,0,0
matplotlib-1.4.3,matplotlib-1.4.3/lib/matplotlib/tests/test_mlab.py,spectral_testcase_nosig_complex_onesided,True,1,4,3.0,5,3,5,0,0,0
matplotlib-1.4.3,matplotlib-1.4.3/lib/matplotlib/tests/test_mlab.py,spectral_testcase_nosig_complex_twosided,True,1,4,3.0,5,3,5,0,0,0
matplotlib-1.4.3,matplotlib-1.4.3/lib/matplotlib/tests/test_mlab.py,spectral_testcase_nosig_complex_defaultsided,True,1,4,3.0,5,3,5,0,0,0
matplotlib-1.4.3,matplotlib-1.4.3/lib/matplotlib/tests/test_mlab.py,spectral_testcase_Fs4_real_onesided,True,1,4,3.0,5,3,5,0,0,0
matplotlib-1.4.3,matplotlib-1.4.3/lib/matplotlib/tests/test_mlab.py,spectral_testcase_Fs4_real_twosided,True,1,4,3.0,5,3,5,0,0,0
matplotlib-1.4.3,matplotlib-1.4.3/lib/matplotlib/tests/test_mlab.py,spectral_testcase_Fs4_real_defaultsided,True,1,4,3.0,5,3,5,0,0,0
matplotlib-1.4.3,matplotlib-1.4.3/lib/matplotlib/tests/test_mlab.py,spectral_testcase_Fs4_complex_onesided,True,1,4,3.0,5,3,5,0,0,0
matplotlib-1.4.3,matplotlib-1.4.3/lib/matplotlib/tests/test_mlab.py,spectral_testcase_Fs4_complex_twosided,True,1,4,3.0,5,3,5,0,0,0
matplotlib-1.4.3,matplotlib-1.4.3/lib/matplotlib/tests/test_mlab.py,spectral_testcase_Fs4_complex_defaultsided,True,1,4,3.0,5,3,5,0,0,0
matplotlib-1.4.3,matplotlib-1.4.3/lib/matplotlib/tests/test_mlab.py,spectral_testcase_FsAll_real_onesided,True,1,4,3.0,5,3,5,0,0,0
matplotlib-1.4.3,matplotlib-1.4.3/lib/matplotlib/tests/test_mlab.py,spectral_testcase_FsAll_real_twosided,True,1,4,3.0,5,3,5,0,0,0
matplotlib-1.4.3,matplotlib-1.4.3/lib/matplotlib/tests/test_mlab.py,spectral_testcase_FsAll_real_defaultsided,True,1,4,3.0,5,3,5,0,0,0
matplotlib-1.4.3,matplotlib-1.4.3/lib/matplotlib/tests/test_mlab.py,spectral_testcase_FsAll_complex_onesided,True,1,4,3.0,5,3,5,0,0,0
matplotlib-1.4.3,matplotlib-1.4.3/lib/matplotlib/tests/test_mlab.py,spectral_testcase_FsAll_complex_twosided,True,1,4,3.0,5,3,5,0,0,0
matplotlib-1.4.3,matplotlib-1.4.3/lib/matplotlib/tests/test_mlab.py,spectral_testcase_FsAll_complex_defaultsided,True,1,4,3.0,5,3,5,0,0,0
matplotlib-1.4.3,matplotlib-1.4.3/lib/matplotlib/tests/test_mlab.py,spectral_testcase_nosig_real_onesided_noNFFT,True,1,5,4.0,6,3,6,0,0,0
matplotlib-1.4.3,matplotlib-1.4.3/lib/matplotlib/tests/test_mlab.py,spectral_testcase_nosig_real_twosided_noNFFT,True,1,5,4.0,6,3,6,0,0,0
matplotlib-1.4.3,matplotlib-1.4.3/lib/matplotlib/tests/test_mlab.py,spectral_testcase_nosig_real_defaultsided_noNFFT,True,1,5,4.0,6,3,6,0,0,0
matplotlib-1.4.3,matplotlib-1.4.3/lib/matplotlib/tests/test_mlab.py,spectral_testcase_nosig_complex_onesided_noNFFT,True,1,5,4.0,6,3,6,0,0,0
matplotlib-1.4.3,matplotlib-1.4.3/lib/matplotlib/tests/test_mlab.py,spectral_testcase_nosig_complex_twosided_noNFFT,True,1,5,4.0,6,3,6,0,0,0
matplotlib-1.4.3,matplotlib-1.4.3/lib/matplotlib/tests/test_mlab.py,spectral_testcase_nosig_complex_defaultsided_noNFFT,True,1,5,4.0,6,3,6,0,0,0
matplotlib-1.4.3,matplotlib-1.4.3/lib/matplotlib/tests/test_mlab.py,spectral_testcase_nosig_real_onesided_nopad_to,True,1,5,4.0,6,3,6,0,0,0
matplotlib-1.4.3,matplotlib-1.4.3/lib/matplotlib/tests/test_mlab.py,spectral_testcase_nosig_real_twosided_nopad_to,True,1,5,4.0,6,3,6,0,0,0
matplotlib-1.4.3,matplotlib-1.4.3/lib/matplotlib/tests/test_mlab.py,spectral_testcase_nosig_real_defaultsided_nopad_to,True,1,5,4.0,6,3,6,0,0,0
matplotlib-1.4.3,matplotlib-1.4.3/lib/matplotlib/tests/test_mlab.py,spectral_testcase_nosig_complex_onesided_nopad_to,True,1,5,4.0,6,3,6,0,0,0
matplotlib-1.4.3,matplotlib-1.4.3/lib/matplotlib/tests/test_mlab.py,spectral_testcase_nosig_complex_twosided_nopad_to,True,1,6,5.0,7,3,7,0,0,0
matplotlib-1.4.3,matplotlib-1.4.3/lib/matplotlib/tests/test_mlab.py,spectral_testcase_nosig_complex_defaultsided_nopad_to,True,1,6,5.0,7,3,7,0,0,0
matplotlib-1.4.3,matplotlib-1.4.3/lib/matplotlib/tests/test_mlab.py,spectral_testcase_nosig_real_onesided_noNFFT_no_pad_to,True,1,6,5.0,7,3,7,0,0,0
matplotlib-1.4.3,matplotlib-1.4.3/lib/matplotlib/tests/test_mlab.py,spectral_testcase_nosig_real_twosided_noNFFT_no_pad_to,True,1,6,5.0,7,3,7,0,0,0
matplotlib-1.4.3,matplotlib-1.4.3/lib/matplotlib/tests/test_mlab.py,spectral_testcase_nosig_real_defaultsided_noNFFT_no_pad_to,True,1,6,5.0,7,3,7,0,0,0
matplotlib-1.4.3,matplotlib-1.4.3/lib/matplotlib/tests/test_mlab.py,spectral_testcase_nosig_complex_onesided_noNFFT_no_pad_to,True,1,6,5.0,7,3,7,0,0,0
matplotlib-1.4.3,matplotlib-1.4.3/lib/matplotlib/tests/test_mlab.py,spectral_testcase_nosig_complex_twosided_noNFFT_no_pad_to,True,1,6,5.0,7,3,7,0,0,0
matplotlib-1.4.3,matplotlib-1.4.3/lib/matplotlib/tests/test_mlab.py,spectral_testcase_nosig_complex_defaultsided_noNFFT_no_pad_to,True,1,6,5.0,7,3,7,0,0,0
matplotlib-1.4.3,matplotlib-1.4.3/lib/matplotlib/tests/test_mlab.py,spectral_testcase_nosig_real_onesided_trim,True,1,6,5.0,7,3,7,0,0,0
matplotlib-1.4.3,matplotlib-1.4.3/lib/matplotlib/tests/test_mlab.py,spectral_testcase_nosig_real_twosided_trim,True,1,6,5.0,7,3,7,0,0,0
matplotlib-1.4.3,matplotlib-1.4.3/lib/matplotlib/tests/test_mlab.py,spectral_testcase_nosig_real_defaultsided_trim,True,1,6,5.0,7,3,7,0,0,0
matplotlib-1.4.3,matplotlib-1.4.3/lib/matplotlib/tests/test_mlab.py,spectral_testcase_nosig_complex_onesided_trim,True,1,6,5.0,7,3,7,0,0,0
matplotlib-1.4.3,matplotlib-1.4.3/lib/matplotlib/tests/test_mlab.py,spectral_testcase_nosig_complex_twosided_trim,True,1,6,5.0,7,3,7,0,0,0
matplotlib-1.4.3,matplotlib-1.4.3/lib/matplotlib/tests/test_mlab.py,spectral_testcase_nosig_complex_defaultsided_trim,True,1,6,5.0,7,3,7,0,0,0
matplotlib-1.4.3,matplotlib-1.4.3/lib/matplotlib/tests/test_mlab.py,spectral_testcase_nosig_real_onesided_odd,True,1,6,5.0,7,3,7,0,0,0
matplotlib-1.4.3,matplotlib-1.4.3/lib/matplotlib/tests/test_mlab.py,spectral_testcase_nosig_real_twosided_odd,True,1,6,5.0,7,3,7,0,0,0
matplotlib-1.4.3,matplotlib-1.4.3/lib/matplotlib/tests/test_mlab.py,spectral_testcase_nosig_real_defaultsided_odd,True,1,6,5.0,7,3,7,0,0,0
matplotlib-1.4.3,matplotlib-1.4.3/lib/matplotlib/tests/test_mlab.py,spectral_testcase_nosig_complex_onesided_odd,True,1,6,5.0,7,3,7,0,0,0
matplotlib-1.4.3,matplotlib-1.4.3/lib/matplotlib/tests/test_mlab.py,spectral_testcase_nosig_complex_twosided_odd,True,1,6,5.0,7,3,7,0,0,0
matplotlib-1.4.3,matplotlib-1.4.3/lib/matplotlib/tests/test_mlab.py,spectral_testcase_nosig_complex_defaultsided_odd,True,1,6,5.0,7,3,7,0,0,0
matplotlib-1.4.3,matplotlib-1.4.3/lib/matplotlib/tests/test_mlab.py,spectral_testcase_nosig_real_onesided_oddlen,True,1,6,5.0,7,3,7,0,0,0
matplotlib-1.4.3,matplotlib-1.4.3/lib/matplotlib/tests/test_mlab.py,spectral_testcase_nosig_real_twosided_oddlen,True,1,6,5.0,7,3,7,0,0,0
matplotlib-1.4.3,matplotlib-1.4.3/lib/matplotlib/tests/test_mlab.py,spectral_testcase_nosig_real_defaultsided_oddlen,True,1,6,5.0,7,3,7,0,0,0
matplotlib-1.4.3,matplotlib-1.4.3/lib/matplotlib/tests/test_mlab.py,spectral_testcase_nosig_complex_onesided_oddlen,True,1,6,5.0,7,3,7,0,0,0
matplotlib-1.4.3,matplotlib-1.4.3/lib/matplotlib/tests/test_mlab.py,spectral_testcase_nosig_complex_twosided_oddlen,True,1,6,5.0,7,3,7,0,0,0
matplotlib-1.4.3,matplotlib-1.4.3/lib/matplotlib/tests/test_mlab.py,spectral_testcase_nosig_complex_defaultsided_oddlen,True,1,6,5.0,7,3,7,0,0,0
matplotlib-1.4.3,matplotlib-1.4.3/lib/matplotlib/tests/test_mlab.py,spectral_testcase_nosig_real_onesided_stretch,True,1,7,6.0,8,3,8,0,0,0
matplotlib-1.4.3,matplotlib-1.4.3/lib/matplotlib/tests/test_mlab.py,spectral_testcase_nosig_real_twosided_stretch,True,1,7,6.0,8,3,8,0,0,0
matplotlib-1.4.3,matplotlib-1.4.3/lib/matplotlib/tests/test_mlab.py,spectral_testcase_nosig_real_defaultsided_stretch,True,1,7,6.0,8,3,8,0,0,0
matplotlib-1.4.3,matplotlib-1.4.3/lib/matplotlib/tests/test_mlab.py,spectral_testcase_nosig_complex_onesided_stretch,True,1,7,6.0,8,3,8,0,0,0
matplotlib-1.4.3,matplotlib-1.4.3/lib/matplotlib/tests/test_mlab.py,spectral_testcase_nosig_complex_twosided_stretch,True,1,7,6.0,8,3,8,0,0,0
matplotlib-1.4.3,matplotlib-1.4.3/lib/matplotlib/tests/test_mlab.py,spectral_testcase_nosig_complex_defaultsided_stretch,True,1,7,6.0,8,3,8,0,0,0
matplotlib-1.4.3,matplotlib-1.4.3/lib/matplotlib/tests/test_mlab.py,spectral_testcase_nosig_real_onesided_overlap,True,1,5,4.0,6,3,6,0,0,0
matplotlib-1.4.3,matplotlib-1.4.3/lib/matplotlib/tests/test_mlab.py,spectral_testcase_nosig_real_twosided_overlap,True,1,5,4.0,6,3,6,0,0,0
matplotlib-1.4.3,matplotlib-1.4.3/lib/matplotlib/tests/test_mlab.py,spectral_testcase_nosig_real_defaultsided_overlap,True,1,5,4.0,6,3,6,0,0,0
matplotlib-1.4.3,matplotlib-1.4.3/lib/matplotlib/tests/test_mlab.py,spectral_testcase_nosig_complex_onesided_overlap,True,1,5,4.0,6,3,6,0,0,0
matplotlib-1.4.3,matplotlib-1.4.3/lib/matplotlib/tests/test_mlab.py,spectral_testcase_nosig_complex_twosided_overlap,True,1,5,4.0,6,3,6,0,0,0
matplotlib-1.4.3,matplotlib-1.4.3/lib/matplotlib/tests/test_mlab.py,spectral_testcase_nosig_complex_defaultsided_overlap,True,1,5,4.0,6,3,6,0,0,0
matplotlib-1.4.3,matplotlib-1.4.3/lib/matplotlib/tests/test_mlab.py,gaussian_kde_tests,True,3,42,13.0,43,27,28,6,0,8
matplotlib-1.4.3,matplotlib-1.4.3/lib/matplotlib/tests/test_mlab.py,gaussian_kde_custom_tests,True,11,78,6.181818181818182,79,60,48,0,16,12
matplotlib-1.4.3,matplotlib-1.4.3/lib/matplotlib/tests/test_mlab.py,gaussian_kde_evaluate_tests,True,5,48,8.6,49,39,36,0,5,5
matplotlib-1.4.3,matplotlib-1.4.3/lib/matplotlib/tests/test_skew.py,SkewXTick,True,1,25,25.0,26,20,21,0,0,5
matplotlib-1.4.3,matplotlib-1.4.3/lib/matplotlib/tests/test_skew.py,SkewXAxis,True,4,13,2.25,14,11,11,0,0,3
matplotlib-1.4.3,matplotlib-1.4.3/lib/matplotlib/tests/test_skew.py,SkewSpine,True,2,21,10.0,22,19,20,0,0,2
matplotlib-1.4.3,matplotlib-1.4.3/lib/matplotlib/tests/test_skew.py,SkewXAxes,True,3,49,14.0,50,20,26,13,4,7
matplotlib-1.4.3,matplotlib-1.4.3/lib/matplotlib/tests/test_transforms.py,NonAffineForTest,True,3,19,2.3333333333333335,20,12,11,0,5,4
matplotlib-1.4.3,matplotlib-1.4.3/lib/matplotlib/tests/test_transforms.py,BasicTransformTests,True,6,122,18.666666666666668,123,69,78,18,0,27
matplotlib-1.4.3,matplotlib-1.4.3/lib/matplotlib/tests/test_transforms.py,TestTransformPlotInterface,True,11,90,7.181818181818182,91,65,70,9,0,12
matplotlib-1.4.3,matplotlib-1.4.3/lib/matplotlib/tri/triangulation.py,Triangulation,False,9,209,18.77777777777778,210,103,99,16,69,28
matplotlib-1.4.3,matplotlib-1.4.3/lib/matplotlib/tri/tricontour.py,TriContourSet,False,4,268,16.5,269,54,178,0,29,62
matplotlib-1.4.3,matplotlib-1.4.3/lib/matplotlib/tri/trifinder.py,TriFinder,False,1,15,4.0,16,6,5,0,9,2
matplotlib-1.4.3,matplotlib-1.4.3/lib/matplotlib/tri/trifinder.py,TrapezoidMapTriFinder,False,5,60,9.0,61,18,14,1,39,7
matplotlib-1.4.3,matplotlib-1.4.3/lib/matplotlib/tri/triinterpolate.py,TriInterpolator,False,3,219,51.333333333333336,220,58,94,18,75,33
matplotlib-1.4.3,matplotlib-1.4.3/lib/matplotlib/tri/triinterpolate.py,LinearTriInterpolator,False,4,53,5.75,54,20,24,1,21,8
matplotlib-1.4.3,matplotlib-1.4.3/lib/matplotlib/tri/triinterpolate.py,CubicTriInterpolator,False,8,308,24.125,309,103,106,25,141,37
matplotlib-1.4.3,matplotlib-1.4.3/lib/matplotlib/tri/triinterpolate.py,_ReducedHCT_Element,False,7,411,44.285714285714285,412,173,218,40,119,36
matplotlib-1.4.3,matplotlib-1.4.3/lib/matplotlib/tri/triinterpolate.py,_DOF_estimator,False,4,65,13.25,66,43,36,0,23,7
matplotlib-1.4.3,matplotlib-1.4.3/lib/matplotlib/tri/triinterpolate.py,_DOF_estimator_user,False,1,6,5.0,7,7,6,0,0,0
matplotlib-1.4.3,matplotlib-1.4.3/lib/matplotlib/tri/triinterpolate.py,_DOF_estimator_geom,False,3,81,26.0,82,59,44,11,18,8
matplotlib-1.4.3,matplotlib-1.4.3/lib/matplotlib/tri/triinterpolate.py,_DOF_estimator_min_E,False,2,53,23.5,54,30,30,10,9,5
matplotlib-1.4.3,matplotlib-1.4.3/lib/matplotlib/tri/triinterpolate.py,_Sparse_Matrix_coo,False,7,72,9.285714285714286,73,39,37,6,24,7
matplotlib-1.4.3,matplotlib-1.4.3/lib/matplotlib/tri/trirefine.py,TriRefiner,False,1,34,4.0,35,6,5,0,22,8
matplotlib-1.4.3,matplotlib-1.4.3/lib/matplotlib/tri/trirefine.py,UniformTriRefiner,False,4,281,66.0,282,106,120,51,80,31
matplotlib-1.4.3,matplotlib-1.4.3/lib/matplotlib/tri/tritools.py,TriAnalyzer,False,6,299,46.0,300,107,102,19,142,38
matplotlib-1.4.3,matplotlib-1.4.3/lib/mpl_examples/animation/bayes_update.py,UpdateDist,False,3,33,10.333333333333334,34,23,23,6,0,5
matplotlib-1.4.3,matplotlib-1.4.3/lib/mpl_examples/animation/strip_chart_demo.py,Scope,False,2,24,11.5,25,23,23,1,0,2
matplotlib-1.4.3,matplotlib-1.4.3/lib/mpl_examples/animation/subplots.py,SubplotAnimation,False,4,78,18.75,79,66,67,0,0,12
matplotlib-1.4.3,matplotlib-1.4.3/lib/mpl_examples/api/custom_projection_example.py,HammerAxes,False,24,444,12.541666666666666,445,178,188,101,93,63
matplotlib-1.4.3,matplotlib-1.4.3/lib/mpl_examples/api/custom_scale_example.py,MercatorLatitudeScale,False,4,141,14.0,142,53,47,13,60,22
matplotlib-1.4.3,matplotlib-1.4.3/lib/mpl_examples/api/line_with_text.py,MyLine,False,6,35,4.666666666666667,36,22,22,5,0,9
matplotlib-1.4.3,matplotlib-1.4.3/lib/mpl_examples/api/skewt.py,SkewXTick,False,1,24,24.0,25,20,20,0,0,5
matplotlib-1.4.3,matplotlib-1.4.3/lib/mpl_examples/api/skewt.py,SkewXAxis,False,4,13,2.25,14,11,11,0,0,3
matplotlib-1.4.3,matplotlib-1.4.3/lib/mpl_examples/api/skewt.py,SkewSpine,False,1,13,13.0,14,13,13,0,0,1
matplotlib-1.4.3,matplotlib-1.4.3/lib/mpl_examples/api/skewt.py,SkewXAxes,False,3,48,13.666666666666666,49,20,25,13,4,7
matplotlib-1.4.3,matplotlib-1.4.3/lib/mpl_examples/event_handling/data_browser.py,PointBrowser,False,4,59,12.75,60,43,38,1,5,16
matplotlib-1.4.3,matplotlib-1.4.3/lib/mpl_examples/event_handling/lasso_demo.py,Datum,False,1,7,5.0,8,10,8,0,0,0
matplotlib-1.4.3,matplotlib-1.4.3/lib/mpl_examples/event_handling/lasso_demo.py,LassoManager,False,3,40,12.666666666666666,41,31,33,1,0,7
matplotlib-1.4.3,matplotlib-1.4.3/lib/mpl_examples/event_handling/looking_glass.py,EventHandler,False,4,29,6.5,30,24,24,0,0,6
matplotlib-1.4.3,matplotlib-1.4.3/lib/mpl_examples/event_handling/path_editor.py,PathInteractor,False,8,104,10.125,105,83,64,5,6,27
matplotlib-1.4.3,matplotlib-1.4.3/lib/mpl_examples/event_handling/pipong.py,Pad,False,2,19,9.5,20,19,19,0,0,1
matplotlib-1.4.3,matplotlib-1.4.3/lib/mpl_examples/event_handling/pipong.py,Puck,False,6,57,9.5,58,53,53,4,0,1
matplotlib-1.4.3,matplotlib-1.4.3/lib/mpl_examples/event_handling/pipong.py,Game,False,3,147,48.0,148,113,118,12,0,19
matplotlib-1.4.3,matplotlib-1.4.3/lib/mpl_examples/event_handling/poly_editor.py,PolygonInteractor,False,8,129,12.75,130,103,86,7,9,26
matplotlib-1.4.3,matplotlib-1.4.3/lib/mpl_examples/event_handling/resample.py,DataDisplayDownsampler,False,3,27,8.333333333333334,28,23,21,3,0,4
matplotlib-1.4.3,matplotlib-1.4.3/lib/mpl_examples/event_handling/viewlims.py,UpdatingRect,False,1,3,3.0,4,4,4,0,0,0
matplotlib-1.4.3,matplotlib-1.4.3/lib/mpl_examples/event_handling/viewlims.py,MandlebrotDisplay,False,3,38,12.0,39,31,31,4,0,5
matplotlib-1.4.3,matplotlib-1.4.3/lib/mpl_examples/misc/multiprocess.py,ProcessPlotter,False,4,40,9.0,41,29,29,0,0,12
matplotlib-1.4.3,matplotlib-1.4.3/lib/mpl_examples/misc/multiprocess.py,NBPlot,False,2,15,7.0,16,14,15,0,0,1
matplotlib-1.4.3,matplotlib-1.4.3/lib/mpl_examples/misc/rc_traits.py,RGBA,False,2,13,4.0,14,12,13,1,0,0
matplotlib-1.4.3,matplotlib-1.4.3/lib/mpl_examples/misc/rc_traits.py,LineRC,False,0,10,0.0,11,11,11,0,0,0
matplotlib-1.4.3,matplotlib-1.4.3/lib/mpl_examples/misc/rc_traits.py,PatchRC,False,0,4,0.0,5,5,5,0,0,0
matplotlib-1.4.3,matplotlib-1.4.3/lib/mpl_examples/misc/rc_traits.py,RC,False,0,6,0.0,7,7,7,0,0,0
matplotlib-1.4.3,matplotlib-1.4.3/lib/mpl_examples/misc/rc_traits.py,Patch,False,1,25,20.0,26,21,24,0,0,2
matplotlib-1.4.3,matplotlib-1.4.3/lib/mpl_examples/pylab_examples/anchored_artists.py,AnchoredText,False,1,10,10.0,11,4,8,0,0,3
matplotlib-1.4.3,matplotlib-1.4.3/lib/mpl_examples/pylab_examples/anchored_artists.py,AnchoredSizeBar,False,1,22,22.0,23,8,13,0,6,4
matplotlib-1.4.3,matplotlib-1.4.3/lib/mpl_examples/pylab_examples/anchored_artists.py,AnchoredEllipse,False,1,15,15.0,16,7,10,0,4,2
matplotlib-1.4.3,matplotlib-1.4.3/lib/mpl_examples/pylab_examples/anchored_artists.py,AnchoredDrawingArea,False,1,9,9.0,10,4,8,0,0,2
matplotlib-1.4.3,matplotlib-1.4.3/lib/mpl_examples/pylab_examples/clippedline.py,ClippedLine,False,3,31,8.0,32,25,22,0,3,7
matplotlib-1.4.3,matplotlib-1.4.3/lib/mpl_examples/pylab_examples/contour_label_demo.py,nf,False,1,6,6.0,7,7,7,0,0,0
matplotlib-1.4.3,matplotlib-1.4.3/lib/mpl_examples/pylab_examples/cursor_demo.py,Cursor,False,2,18,8.5,19,14,13,4,0,4
matplotlib-1.4.3,matplotlib-1.4.3/lib/mpl_examples/pylab_examples/cursor_demo.py,SnaptoCursor,False,2,29,12.0,30,21,19,4,4,5
matplotlib-1.4.3,matplotlib-1.4.3/lib/mpl_examples/pylab_examples/custom_figure_class.py,MyFigure,False,1,7,7.0,8,6,5,0,3,0
matplotlib-1.4.3,matplotlib-1.4.3/lib/mpl_examples/pylab_examples/date_index_formatter.py,MyFormatter,False,2,10,4.5,11,10,8,0,0,2
matplotlib-1.4.3,matplotlib-1.4.3/lib/mpl_examples/pylab_examples/demo_agg_filter.py,BaseFilter,False,3,16,4.666666666666667,17,14,13,2,0,3
matplotlib-1.4.3,matplotlib-1.4.3/lib/mpl_examples/pylab_examples/demo_agg_filter.py,OffsetFilter,False,3,14,4.0,15,13,13,0,0,2
matplotlib-1.4.3,matplotlib-1.4.3/lib/mpl_examples/pylab_examples/demo_agg_filter.py,GaussianFilter,False,3,21,5.666666666666667,22,20,17,1,0,3
matplotlib-1.4.3,matplotlib-1.4.3/lib/mpl_examples/pylab_examples/demo_agg_filter.py,DropShadowFilter,False,3,12,3.3333333333333335,13,10,11,0,0,2
matplotlib-1.4.3,matplotlib-1.4.3/lib/mpl_examples/pylab_examples/demo_agg_filter.py,LightFilter,False,3,23,6.333333333333333,24,21,17,2,0,4
matplotlib-1.4.3,matplotlib-1.4.3/lib/mpl_examples/pylab_examples/demo_agg_filter.py,GrowFilter,False,2,21,9.5,22,24,19,0,0,2
matplotlib-1.4.3,matplotlib-1.4.3/lib/mpl_examples/pylab_examples/demo_agg_filter.py,FilteredArtistList,False,2,15,5.5,16,13,12,0,3,1
matplotlib-1.4.3,matplotlib-1.4.3/lib/mpl_examples/pylab_examples/demo_ribbon_box.py,RibbonBox,False,2,39,14.0,40,35,30,0,0,10
matplotlib-1.4.3,matplotlib-1.4.3/lib/mpl_examples/pylab_examples/demo_ribbon_box.py,RibbonBoxImage,False,2,40,18.0,41,15,33,0,0,8
matplotlib-1.4.3,matplotlib-1.4.3/lib/mpl_examples/pylab_examples/demo_text_path.py,PathClippedImagePatch,False,4,33,6.0,34,17,18,1,5,9
matplotlib-1.4.3,matplotlib-1.4.3/lib/mpl_examples/pylab_examples/finance_work2.py,MyLocator,False,2,5,2.0,6,5,5,0,0,1
matplotlib-1.4.3,matplotlib-1.4.3/lib/mpl_examples/pylab_examples/image_slices_viewer.py,IndexTracker,False,3,25,7.666666666666667,26,22,20,0,0,6
matplotlib-1.4.3,matplotlib-1.4.3/lib/mpl_examples/pylab_examples/multi_image.py,ImageFollower,False,2,6,2.5,7,7,6,0,0,0
matplotlib-1.4.3,matplotlib-1.4.3/lib/mpl_examples/pylab_examples/usetex_baseline_test.py,Axes,True,2,20,7.5,21,14,13,0,4,4
matplotlib-1.4.3,matplotlib-1.4.3/lib/mpl_examples/units/basic_units.py,ProxyDelegate,False,2,6,2.5,7,6,6,0,0,1
matplotlib-1.4.3,matplotlib-1.4.3/lib/mpl_examples/units/basic_units.py,TaggedValueMeta,False,1,7,7.0,8,7,8,0,0,0
matplotlib-1.4.3,matplotlib-1.4.3/lib/mpl_examples/units/basic_units.py,PassThroughProxy,False,2,8,3.5,9,8,8,0,0,1
matplotlib-1.4.3,matplotlib-1.4.3/lib/mpl_examples/units/basic_units.py,ConvertArgsProxy,False,2,13,6.0,14,13,13,0,0,1
matplotlib-1.4.3,matplotlib-1.4.3/lib/mpl_examples/units/basic_units.py,ConvertReturnProxy,False,2,9,4.0,10,9,9,0,0,1
matplotlib-1.4.3,matplotlib-1.4.3/lib/mpl_examples/units/basic_units.py,ConvertAllProxy,False,2,34,16.5,35,31,31,2,0,2
matplotlib-1.4.3,matplotlib-1.4.3/lib/mpl_examples/units/basic_units.py,_TaggedValue,False,13,83,4.6923076923076925,84,60,68,2,0,15
matplotlib-1.4.3,matplotlib-1.4.3/lib/mpl_examples/units/basic_units.py,BasicUnit,False,13,58,3.5384615384615383,59,47,47,0,0,12
matplotlib-1.4.3,matplotlib-1.4.3/lib/mpl_examples/units/basic_units.py,UnitResolver,False,3,25,5.0,26,17,22,0,0,4
matplotlib-1.4.3,matplotlib-1.4.3/lib/mpl_examples/units/basic_units.py,BasicUnitConverter,False,3,40,11.333333333333334,41,29,35,0,0,4
matplotlib-1.4.3,matplotlib-1.4.3/lib/mpl_examples/units/evans_test.py,Foo,True,2,7,3.0,8,8,7,0,0,1
matplotlib-1.4.3,matplotlib-1.4.3/lib/mpl_examples/units/evans_test.py,FooConverter,True,3,36,10.0,37,25,26,0,4,5
matplotlib-1.4.3,matplotlib-1.4.3/lib/mpl_examples/user_interfaces/embedding_in_qt4.py,MyMplCanvas,False,2,20,9.0,21,13,14,2,0,4
matplotlib-1.4.3,matplotlib-1.4.3/lib/mpl_examples/user_interfaces/embedding_in_qt4.py,MyStaticMplCanvas,False,1,5,4.0,6,6,5,0,0,0
matplotlib-1.4.3,matplotlib-1.4.3/lib/mpl_examples/user_interfaces/embedding_in_qt4.py,MyDynamicMplCanvas,False,3,16,4.333333333333333,17,13,12,1,0,3
matplotlib-1.4.3,matplotlib-1.4.3/lib/mpl_examples/user_interfaces/embedding_in_qt4.py,ApplicationWindow,False,4,46,10.75,47,27,35,0,0,12
matplotlib-1.4.3,matplotlib-1.4.3/lib/mpl_examples/user_interfaces/embedding_in_qt4_wtoolbar.py,AppForm,False,5,42,7.6,43,30,30,6,0,8
matplotlib-1.4.3,matplotlib-1.4.3/lib/mpl_examples/user_interfaces/embedding_in_wx2.py,CanvasFrame,False,3,47,14.0,48,28,29,10,0,10
matplotlib-1.4.3,matplotlib-1.4.3/lib/mpl_examples/user_interfaces/embedding_in_wx2.py,App,False,1,7,6.0,8,6,5,0,0,2
matplotlib-1.4.3,matplotlib-1.4.3/lib/mpl_examples/user_interfaces/embedding_in_wx3.py,PlotPanel,False,5,58,10.6,59,40,40,10,0,12
matplotlib-1.4.3,matplotlib-1.4.3/lib/mpl_examples/user_interfaces/embedding_in_wx3.py,MyApp,False,2,52,25.5,53,26,28,9,0,16
matplotlib-1.4.3,matplotlib-1.4.3/lib/mpl_examples/user_interfaces/embedding_in_wx4.py,MyNavigationToolbar,False,2,30,12.5,31,14,16,7,3,5
matplotlib-1.4.3,matplotlib-1.4.3/lib/mpl_examples/user_interfaces/embedding_in_wx4.py,CanvasFrame,False,2,48,22.5,49,28,29,10,0,10
matplotlib-1.4.3,matplotlib-1.4.3/lib/mpl_examples/user_interfaces/embedding_in_wx4.py,App,False,1,7,6.0,8,6,5,0,0,2
matplotlib-1.4.3,matplotlib-1.4.3/lib/mpl_examples/user_interfaces/embedding_in_wx5.py,Plot,False,1,11,11.0,12,11,11,0,0,1
matplotlib-1.4.3,matplotlib-1.4.3/lib/mpl_examples/user_interfaces/embedding_in_wx5.py,PlotNotebook,False,2,11,5.0,12,11,11,0,0,1
matplotlib-1.4.3,matplotlib-1.4.3/lib/mpl_examples/user_interfaces/embedding_webagg.py,MyApplication,False,1,127,23.0,128,56,74,12,25,22
matplotlib-1.4.3,matplotlib-1.4.3/lib/mpl_examples/user_interfaces/fourier_demo_wx.py,Knob,False,1,7,2.0,8,4,3,0,5,0
matplotlib-1.4.3,matplotlib-1.4.3/lib/mpl_examples/user_interfaces/fourier_demo_wx.py,Param,False,4,37,5.5,38,24,23,0,12,3
matplotlib-1.4.3,matplotlib-1.4.3/lib/mpl_examples/user_interfaces/fourier_demo_wx.py,SliderGroup,False,4,30,6.75,31,25,25,0,0,6
matplotlib-1.4.3,matplotlib-1.4.3/lib/mpl_examples/user_interfaces/fourier_demo_wx.py,FourierDemoFrame,False,1,16,16.0,17,11,15,0,0,2
matplotlib-1.4.3,matplotlib-1.4.3/lib/mpl_examples/user_interfaces/fourier_demo_wx.py,FourierDemoWindow,False,9,90,9.11111111111111,91,74,76,7,0,9
matplotlib-1.4.3,matplotlib-1.4.3/lib/mpl_examples/user_interfaces/fourier_demo_wx.py,App,False,1,4,4.0,5,5,5,0,0,0
matplotlib-1.4.3,matplotlib-1.4.3/lib/mpl_examples/user_interfaces/gtk_spreadsheet.py,DataManager,False,4,69,14.75,70,47,47,4,0,22
matplotlib-1.4.3,matplotlib-1.4.3/lib/mpl_examples/user_interfaces/interactive2.py,Completer,False,4,67,15.25,68,43,39,0,20,9
matplotlib-1.4.3,matplotlib-1.4.3/lib/mpl_examples/user_interfaces/interactive2.py,OutputStream,False,2,23,8.5,24,16,15,0,5,4
matplotlib-1.4.3,matplotlib-1.4.3/lib/mpl_examples/user_interfaces/interactive2.py,GTKInterpreterConsole,False,14,202,13.142857142857142,203,151,149,1,4,49
matplotlib-1.4.3,matplotlib-1.4.3/lib/mpl_examples/user_interfaces/mathtext_wx.py,CanvasFrame,False,6,76,11.833333333333334,77,60,59,3,0,15
matplotlib-1.4.3,matplotlib-1.4.3/lib/mpl_examples/user_interfaces/mathtext_wx.py,MyApp,False,1,5,5.0,6,6,6,0,0,0
matplotlib-1.4.3,matplotlib-1.4.3/lib/mpl_examples/user_interfaces/mpl_with_glade.py,GladeHandlers,False,1,4,4.0,5,3,5,0,0,0
matplotlib-1.4.3,matplotlib-1.4.3/lib/mpl_examples/user_interfaces/mpl_with_glade.py,WidgetsWrapper,False,2,63,29.0,64,41,45,2,0,18
matplotlib-1.4.3,matplotlib-1.4.3/lib/mpl_examples/user_interfaces/mpl_with_glade_316.py,Window1Signals,False,1,2,2.0,3,3,3,0,0,0
matplotlib-1.4.3,matplotlib-1.4.3/lib/mpl_examples/user_interfaces/wxcursor_demo.py,CanvasFrame,False,3,43,13.333333333333334,44,30,33,1,0,10
matplotlib-1.4.3,matplotlib-1.4.3/lib/mpl_examples/user_interfaces/wxcursor_demo.py,App,False,1,7,6.0,8,7,6,0,0,1
matplotlib-1.4.3,matplotlib-1.4.3/lib/mpl_examples/widgets/buttons.py,Index,False,2,14,6.0,15,14,14,0,0,1
matplotlib-1.4.3,matplotlib-1.4.3/lib/mpl_examples/widgets/lasso_selector_demo.py,SelectFromCollection,False,3,52,9.666666666666666,53,29,26,1,16,10
matplotlib-1.4.3,matplotlib-1.4.3/lib/mpl_examples/widgets/menu.py,ItemProperties,False,1,9,9.0,10,8,9,0,0,1
matplotlib-1.4.3,matplotlib-1.4.3/lib/mpl_examples/widgets/menu.py,MenuItem,False,6,96,14.666666666666666,97,69,67,1,0,28
matplotlib-1.4.3,matplotlib-1.4.3/lib/mpl_examples/widgets/menu.py,Menu,False,2,41,19.5,42,27,27,0,0,15
matplotlib-1.4.3,matplotlib-1.4.3/lib/mpl_toolkits/gtktools.py,SortedStringsScrolledWindow,False,10,178,16.1,179,132,125,6,8,45
matplotlib-1.4.3,matplotlib-1.4.3/lib/mpl_toolkits/gtktools.py,RecListStore,False,3,118,32.0,119,68,66,2,17,34
matplotlib-1.4.3,matplotlib-1.4.3/lib/mpl_toolkits/gtktools.py,RecTreeView,False,3,83,25.666666666666668,84,53,51,1,7,25
matplotlib-1.4.3,matplotlib-1.4.3/lib/mpl_toolkits/axes_grid/axes_grid.py,CbarAxes,False,2,13,6.0,14,12,12,0,0,2
matplotlib-1.4.3,matplotlib-1.4.3/lib/mpl_toolkits/axes_grid/axes_grid.py,Grid,False,0,1,0.0,2,2,2,0,0,0
matplotlib-1.4.3,matplotlib-1.4.3/lib/mpl_toolkits/axes_grid/axes_grid.py,ImageGrid,False,0,2,0.0,3,3,3,0,0,0
matplotlib-1.4.3,matplotlib-1.4.3/lib/mpl_toolkits/axes_grid/axes_rgb.py,RGBAxes,False,0,1,0.0,2,2,2,0,0,0
matplotlib-1.4.3,matplotlib-1.4.3/lib/mpl_toolkits/axes_grid/colorbar.py,CbarAxesLocator,False,6,114,16.666666666666668,115,63,61,2,28,24
matplotlib-1.4.3,matplotlib-1.4.3/lib/mpl_toolkits/axes_grid/colorbar.py,ColorbarBase,False,15,406,23.066666666666666,407,254,257,11,74,68
matplotlib-1.4.3,matplotlib-1.4.3/lib/mpl_toolkits/axes_grid/colorbar.py,Colorbar,False,3,54,17.0,55,32,30,14,8,4
matplotlib-1.4.3,matplotlib-1.4.3/lib/mpl_toolkits/axes_grid1/anchored_artists.py,AnchoredDrawingArea,False,1,20,16.0,21,7,11,0,7,3
matplotlib-1.4.3,matplotlib-1.4.3/lib/mpl_toolkits/axes_grid1/anchored_artists.py,AnchoredAuxTransformBox,False,1,10,10.0,11,4,9,0,0,2
matplotlib-1.4.3,matplotlib-1.4.3/lib/mpl_toolkits/axes_grid1/anchored_artists.py,AnchoredEllipse,False,1,15,15.0,16,7,10,0,4,2
matplotlib-1.4.3,matplotlib-1.4.3/lib/mpl_toolkits/axes_grid1/anchored_artists.py,AnchoredSizeBar,False,1,90,90.0,91,20,31,3,44,13
matplotlib-1.4.3,matplotlib-1.4.3/lib/mpl_toolkits/axes_grid1/axes_divider.py,Divider,False,23,263,9.91304347826087,264,135,127,3,79,51
matplotlib-1.4.3,matplotlib-1.4.3/lib/mpl_toolkits/axes_grid1/axes_divider.py,AxesLocator,False,3,47,13.666666666666666,48,23,26,0,12,10
matplotlib-1.4.3,matplotlib-1.4.3/lib/mpl_toolkits/axes_grid1/axes_divider.py,SubplotDivider,False,7,133,13.0,134,58,51,38,13,28
matplotlib-1.4.3,matplotlib-1.4.3/lib/mpl_toolkits/axes_grid1/axes_divider.py,AxesDivider,False,9,188,19.555555555555557,189,108,112,0,45,32
matplotlib-1.4.3,matplotlib-1.4.3/lib/mpl_toolkits/axes_grid1/axes_divider.py,HBoxDivider,False,6,118,18.333333333333332,119,60,65,3,24,27
matplotlib-1.4.3,matplotlib-1.4.3/lib/mpl_toolkits/axes_grid1/axes_divider.py,VBoxDivider,False,2,46,20.5,47,17,16,0,20,11
matplotlib-1.4.3,matplotlib-1.4.3/lib/mpl_toolkits/axes_grid1/axes_divider.py,LocatableAxesBase,False,6,36,5.166666666666667,37,24,23,0,4,10
matplotlib-1.4.3,matplotlib-1.4.3/lib/mpl_toolkits/axes_grid1/axes_grid.py,Colorbar,False,1,34,34.0,35,27,30,0,3,2
matplotlib-1.4.3,matplotlib-1.4.3/lib/mpl_toolkits/axes_grid1/axes_grid.py,CbarAxesBase,False,3,70,16.0,71,38,37,16,3,15
matplotlib-1.4.3,matplotlib-1.4.3/lib/mpl_toolkits/axes_grid1/axes_grid.py,CbarAxes,False,2,13,6.0,14,12,12,0,0,2
matplotlib-1.4.3,matplotlib-1.4.3/lib/mpl_toolkits/axes_grid1/axes_grid.py,Grid,False,16,285,16.125,286,159,171,10,43,59
matplotlib-1.4.3,matplotlib-1.4.3/lib/mpl_toolkits/axes_grid1/axes_grid.py,ImageGrid,False,2,341,164.5,342,202,244,10,39,51
matplotlib-1.4.3,matplotlib-1.4.3/lib/mpl_toolkits/axes_grid1/axes_rgb.py,RGBAxesBase,False,4,85,19.0,86,57,53,10,0,23
matplotlib-1.4.3,matplotlib-1.4.3/lib/mpl_toolkits/axes_grid1/axes_rgb.py,RGBAxes,False,0,1,0.0,2,2,2,0,0,0
matplotlib-1.4.3,matplotlib-1.4.3/lib/mpl_toolkits/axes_grid1/axes_size.py,_Base,False,2,13,5.0,14,12,11,1,0,2
matplotlib-1.4.3,matplotlib-1.4.3/lib/mpl_toolkits/axes_grid1/axes_size.py,Add,False,2,8,3.5,9,8,8,0,0,1
matplotlib-1.4.3,matplotlib-1.4.3/lib/mpl_toolkits/axes_grid1/axes_size.py,AddList,False,2,7,3.0,8,7,7,0,0,1
matplotlib-1.4.3,matplotlib-1.4.3/lib/mpl_toolkits/axes_grid1/axes_size.py,Fixed,False,2,8,3.0,9,8,7,0,0,1
matplotlib-1.4.3,matplotlib-1.4.3/lib/mpl_toolkits/axes_grid1/axes_size.py,Scaled,False,2,8,3.0,9,8,7,0,0,1
matplotlib-1.4.3,matplotlib-1.4.3/lib/mpl_toolkits/axes_grid1/axes_size.py,AxesX,False,2,22,8.5,23,18,17,0,4,2
matplotlib-1.4.3,matplotlib-1.4.3/lib/mpl_toolkits/axes_grid1/axes_size.py,AxesY,False,2,23,9.0,24,18,17,0,4,3
matplotlib-1.4.3,matplotlib-1.4.3/lib/mpl_toolkits/axes_grid1/axes_size.py,MaxExtent,False,3,29,7.666666666666667,30,22,21,0,4,5
matplotlib-1.4.3,matplotlib-1.4.3/lib/mpl_toolkits/axes_grid1/axes_size.py,MaxWidth,False,3,20,4.666666666666667,21,15,14,0,4,3
matplotlib-1.4.3,matplotlib-1.4.3/lib/mpl_toolkits/axes_grid1/axes_size.py,MaxHeight,False,3,20,4.666666666666667,21,15,14,0,4,3
matplotlib-1.4.3,matplotlib-1.4.3/lib/mpl_toolkits/axes_grid1/axes_size.py,Fraction,False,2,19,5.5,20,13,12,0,5,3
matplotlib-1.4.3,matplotlib-1.4.3/lib/mpl_toolkits/axes_grid1/axes_size.py,Padded,False,2,13,4.0,14,10,9,0,4,1
matplotlib-1.4.3,matplotlib-1.4.3/lib/mpl_toolkits/axes_grid1/axes_size.py,SizeFromFunc,False,2,11,5.0,12,9,9,0,0,3
matplotlib-1.4.3,matplotlib-1.4.3/lib/mpl_toolkits/axes_grid1/axes_size.py,GetExtentHelper,False,6,34,3.6666666666666665,35,23,27,0,0,8
matplotlib-1.4.3,matplotlib-1.4.3/lib/mpl_toolkits/axes_grid1/colorbar.py,CbarAxesLocator,False,6,114,16.666666666666668,115,63,61,2,28,24
matplotlib-1.4.3,matplotlib-1.4.3/lib/mpl_toolkits/axes_grid1/colorbar.py,ColorbarBase,False,15,407,23.133333333333333,408,254,257,11,74,69
matplotlib-1.4.3,matplotlib-1.4.3/lib/mpl_toolkits/axes_grid1/colorbar.py,Colorbar,False,3,54,17.0,55,32,30,14,8,4
matplotlib-1.4.3,matplotlib-1.4.3/lib/mpl_toolkits/axes_grid1/inset_locator.py,InsetPosition,False,2,11,4.5,12,10,10,2,0,1
matplotlib-1.4.3,matplotlib-1.4.3/lib/mpl_toolkits/axes_grid1/inset_locator.py,AnchoredLocatorBase,False,3,25,7.666666666666667,26,14,19,0,0,7
matplotlib-1.4.3,matplotlib-1.4.3/lib/mpl_toolkits/axes_grid1/inset_locator.py,AnchoredSizeLocator,False,3,32,10.0,33,20,23,0,0,10
matplotlib-1.4.3,matplotlib-1.4.3/lib/mpl_toolkits/axes_grid1/inset_locator.py,AnchoredZoomLocator,False,3,34,10.666666666666666,35,18,24,0,0,11
matplotlib-1.4.3,matplotlib-1.4.3/lib/mpl_toolkits/axes_grid1/inset_locator.py,BboxPatch,False,2,26,12.5,27,12,22,0,0,5
matplotlib-1.4.3,matplotlib-1.4.3/lib/mpl_toolkits/axes_grid1/inset_locator.py,BboxConnector,False,4,64,14.5,65,41,41,1,8,15
matplotlib-1.4.3,matplotlib-1.4.3/lib/mpl_toolkits/axes_grid1/inset_locator.py,BboxConnectorPatch,False,2,16,7.0,17,12,15,0,0,2
matplotlib-1.4.3,matplotlib-1.4.3/lib/mpl_toolkits/axes_grid1/mpl_axes.py,SimpleChainedObjects,False,3,10,2.6666666666666665,11,9,9,0,0,2
matplotlib-1.4.3,matplotlib-1.4.3/lib/mpl_toolkits/axes_grid1/mpl_axes.py,Axes,False,5,51,4.0,52,37,37,0,0,15
matplotlib-1.4.3,matplotlib-1.4.3/lib/mpl_toolkits/axes_grid1/mpl_axes.py,SimpleAxisArtist,False,7,73,8.857142857142858,74,60,60,0,0,14
matplotlib-1.4.3,matplotlib-1.4.3/lib/mpl_toolkits/axes_grid1/parasite_axes.py,ParasiteAxesBase,False,3,28,8.333333333333334,29,19,20,2,0,7
matplotlib-1.4.3,matplotlib-1.4.3/lib/mpl_toolkits/axes_grid1/parasite_axes.py,ParasiteAxesAuxTransBase,False,12,118,8.666666666666666,119,88,89,0,0,30
matplotlib-1.4.3,matplotlib-1.4.3/lib/mpl_toolkits/axes_grid1/parasite_axes.py,HostAxesBase,False,9,206,21.22222222222222,207,95,97,23,24,63
matplotlib-1.4.3,matplotlib-1.4.3/lib/mpl_toolkits/axisartist/angle_helper.py,LocatorBase,False,4,19,3.5,20,14,15,0,0,5
matplotlib-1.4.3,matplotlib-1.4.3/lib/mpl_toolkits/axisartist/angle_helper.py,LocatorHMS,False,1,2,2.0,3,3,3,0,0,0
matplotlib-1.4.3,matplotlib-1.4.3/lib/mpl_toolkits/axisartist/angle_helper.py,LocatorHM,False,1,3,3.0,4,3,4,0,0,0
matplotlib-1.4.3,matplotlib-1.4.3/lib/mpl_toolkits/axisartist/angle_helper.py,LocatorH,False,1,3,3.0,4,3,4,0,0,0
matplotlib-1.4.3,matplotlib-1.4.3/lib/mpl_toolkits/axisartist/angle_helper.py,LocatorDMS,False,1,2,2.0,3,3,3,0,0,0
matplotlib-1.4.3,matplotlib-1.4.3/lib/mpl_toolkits/axisartist/angle_helper.py,LocatorDM,False,1,3,3.0,4,3,4,0,0,0
matplotlib-1.4.3,matplotlib-1.4.3/lib/mpl_toolkits/axisartist/angle_helper.py,LocatorD,False,1,3,3.0,4,3,4,0,0,0
matplotlib-1.4.3,matplotlib-1.4.3/lib/mpl_toolkits/axisartist/angle_helper.py,FormatterDMS,False,2,106,43.0,107,80,79,7,0,24
matplotlib-1.4.3,matplotlib-1.4.3/lib/mpl_toolkits/axisartist/angle_helper.py,FormatterHMS,False,1,19,2.0,20,13,13,2,0,6
matplotlib-1.4.3,matplotlib-1.4.3/lib/mpl_toolkits/axisartist/angle_helper.py,ExtremeFinderCycle,False,3,71,21.333333333333332,72,39,45,5,8,14
matplotlib-1.4.3,matplotlib-1.4.3/lib/mpl_toolkits/axisartist/axislines.py,AxisArtistHelper,False,0,165,0.0,166,55,60,4,49,53
matplotlib-1.4.3,matplotlib-1.4.3/lib/mpl_toolkits/axisartist/axislines.py,AxisArtistHelperRectlinear,False,0,164,0.0,165,95,98,9,8,49
matplotlib-1.4.3,matplotlib-1.4.3/lib/mpl_toolkits/axisartist/axislines.py,GridHelperBase,False,7,58,6.714285714285714,59,28,29,3,10,17
matplotlib-1.4.3,matplotlib-1.4.3/lib/mpl_toolkits/axisartist/axislines.py,GridHelperRectlinear,False,4,92,20.75,93,46,56,4,5,28
matplotlib-1.4.3,matplotlib-1.4.3/lib/mpl_toolkits/axisartist/axislines.py,SimpleChainedObjects,False,3,10,2.6666666666666665,11,9,9,0,0,2
matplotlib-1.4.3,matplotlib-1.4.3/lib/mpl_toolkits/axisartist/axislines.py,Axes,False,16,226,11.0,227,126,135,18,8,66
matplotlib-1.4.3,matplotlib-1.4.3/lib/mpl_toolkits/axisartist/axislines.py,AxesZero,False,2,27,12.5,28,14,20,0,0,8
matplotlib-1.4.3,matplotlib-1.4.3/lib/mpl_toolkits/axisartist/axisline_style.py,_FancyAxislineStyle,False,0,74,0.0,75,37,47,1,16,12
matplotlib-1.4.3,matplotlib-1.4.3/lib/mpl_toolkits/axisartist/axisline_style.py,AxislineStyle,False,0,80,0.0,81,25,21,3,29,28
matplotlib-1.4.3,matplotlib-1.4.3/lib/mpl_toolkits/axisartist/axis_artist.py,BezierPath,False,4,48,10.75,49,38,37,0,0,12
matplotlib-1.4.3,matplotlib-1.4.3/lib/mpl_toolkits/axisartist/axis_artist.py,UnimplementedException,False,0,1,0.0,2,2,2,0,0,0
matplotlib-1.4.3,matplotlib-1.4.3/lib/mpl_toolkits/axisartist/axis_artist.py,AttributeCopier,False,4,25,5.25,26,20,21,1,0,4
matplotlib-1.4.3,matplotlib-1.4.3/lib/mpl_toolkits/axisartist/axis_artist.py,Ticks,False,12,132,8.75,133,68,64,18,20,32
matplotlib-1.4.3,matplotlib-1.4.3/lib/mpl_toolkits/axisartist/axis_artist.py,LabelBase,False,10,108,8.4,109,65,66,6,5,33
matplotlib-1.4.3,matplotlib-1.4.3/lib/mpl_toolkits/axisartist/axis_artist.py,AxisLabel,False,13,140,7.769230769230769,141,64,64,1,36,40
matplotlib-1.4.3,matplotlib-1.4.3/lib/mpl_toolkits/axisartist/axis_artist.py,TickLabels,False,9,209,18.555555555555557,210,108,115,15,35,50
matplotlib-1.4.3,matplotlib-1.4.3/lib/mpl_toolkits/axisartist/axis_artist.py,GridlinesCollection,False,5,28,4.8,29,22,21,0,4,4
matplotlib-1.4.3,matplotlib-1.4.3/lib/mpl_toolkits/axisartist/axis_artist.py,AxisArtist,False,29,694,20.689655172413794,695,306,350,56,77,213
matplotlib-1.4.3,matplotlib-1.4.3/lib/mpl_toolkits/axisartist/floating_axes.py,FloatingAxisArtistHelper,False,0,1,0.0,2,2,2,0,0,0
matplotlib-1.4.3,matplotlib-1.4.3/lib/mpl_toolkits/axisartist/floating_axes.py,FixedAxisArtistHelper,False,7,189,25.142857142857142,190,122,126,16,4,48
matplotlib-1.4.3,matplotlib-1.4.3/lib/mpl_toolkits/axisartist/floating_axes.py,ExtremeFinderFixed,False,2,12,5.5,13,6,5,1,5,2
matplotlib-1.4.3,matplotlib-1.4.3/lib/mpl_toolkits/axisartist/floating_axes.py,GridHelperCurveLinear,False,6,207,25.0,208,86,103,33,15,58
matplotlib-1.4.3,matplotlib-1.4.3/lib/mpl_toolkits/axisartist/floating_axes.py,FloatingAxesBase,False,4,64,14.25,65,37,35,2,9,19
matplotlib-1.4.3,matplotlib-1.4.3/lib/mpl_toolkits/axisartist/grid_finder.py,ExtremeFinderSimple,False,3,31,9.666666666666666,32,18,16,0,9,7
matplotlib-1.4.3,matplotlib-1.4.3/lib/mpl_toolkits/axisartist/grid_finder.py,GridFinderBase,False,6,161,25.333333333333332,162,100,117,3,10,33
matplotlib-1.4.3,matplotlib-1.4.3/lib/mpl_toolkits/axisartist/grid_finder.py,GridFinder,False,1,36,35.0,37,15,25,0,6,6
matplotlib-1.4.3,matplotlib-1.4.3/lib/mpl_toolkits/axisartist/grid_finder.py,MaxNLocator,False,3,24,7.333333333333333,25,16,22,0,0,3
matplotlib-1.4.3,matplotlib-1.4.3/lib/mpl_toolkits/axisartist/grid_finder.py,FixedLocator,False,3,15,4.0,16,13,13,0,0,3
matplotlib-1.4.3,matplotlib-1.4.3/lib/mpl_toolkits/axisartist/grid_finder.py,FormatterPrettyPrint,False,2,13,6.0,14,12,12,1,0,1
matplotlib-1.4.3,matplotlib-1.4.3/lib/mpl_toolkits/axisartist/grid_finder.py,DictFormatter,False,2,22,10.5,23,14,13,0,7,3
matplotlib-1.4.3,matplotlib-1.4.3/lib/mpl_toolkits/axisartist/grid_helper_curvelinear.py,FixedAxisArtistHelper,False,5,65,11.0,66,41,40,1,7,17
matplotlib-1.4.3,matplotlib-1.4.3/lib/mpl_toolkits/axisartist/grid_helper_curvelinear.py,FloatingAxisArtistHelper,False,9,234,24.666666666666668,235,160,168,18,4,52
matplotlib-1.4.3,matplotlib-1.4.3/lib/mpl_toolkits/axisartist/grid_helper_curvelinear.py,GridHelperCurveLinear,False,8,148,16.625,149,61,83,18,9,40
matplotlib-1.4.3,matplotlib-1.4.3/lib/mpl_toolkits/mplot3d/art3d.py,Text3D,False,3,33,9.0,34,21,20,1,9,4
matplotlib-1.4.3,matplotlib-1.4.3/lib/mpl_toolkits/mplot3d/art3d.py,Line3D,False,3,29,7.666666666666667,30,20,18,2,6,4
matplotlib-1.4.3,matplotlib-1.4.3/lib/mpl_toolkits/mplot3d/art3d.py,Line3DCollection,False,5,41,6.6,42,25,22,1,12,6
matplotlib-1.4.3,matplotlib-1.4.3/lib/mpl_toolkits/mplot3d/art3d.py,Patch3D,False,6,35,4.333333333333333,36,25,25,1,3,7
matplotlib-1.4.3,matplotlib-1.4.3/lib/mpl_toolkits/mplot3d/art3d.py,PathPatch3D,False,3,22,5.333333333333333,23,17,16,1,3,3
matplotlib-1.4.3,matplotlib-1.4.3/lib/mpl_toolkits/mplot3d/art3d.py,Patch3DCollection,False,4,64,14.0,65,37,36,2,16,10
matplotlib-1.4.3,matplotlib-1.4.3/lib/mpl_toolkits/mplot3d/art3d.py,Path3DCollection,False,4,63,14.0,64,37,36,2,16,9
matplotlib-1.4.3,matplotlib-1.4.3/lib/mpl_toolkits/mplot3d/art3d.py,Poly3DCollection,False,13,188,12.461538461538462,189,123,120,11,24,31
matplotlib-1.4.3,matplotlib-1.4.3/lib/mpl_toolkits/mplot3d/axes3d.py,Axes3D,False,92,2582,26.467391304347824,2583,1283,1311,152,626,494
matplotlib-1.4.3,matplotlib-1.4.3/lib/mpl_toolkits/mplot3d/axis3d.py,Axis,False,14,375,24.357142857142858,376,221,256,62,4,55
matplotlib-1.4.3,matplotlib-1.4.3/lib/mpl_toolkits/mplot3d/axis3d.py,XAxis,False,1,3,3.0,4,4,3,0,0,0
matplotlib-1.4.3,matplotlib-1.4.3/lib/mpl_toolkits/mplot3d/axis3d.py,YAxis,False,1,3,3.0,4,4,3,0,0,0
matplotlib-1.4.3,matplotlib-1.4.3/lib/mpl_toolkits/mplot3d/axis3d.py,ZAxis,False,1,3,3.0,4,4,3,0,0,0
scipy-0.16.0b2,scipy-0.16.0b2/benchmarks/benchmarks/common.py,Benchmark,False,0,4,0.0,5,3,2,0,3,0
scipy-0.16.0b2,scipy-0.16.0b2/benchmarks/benchmarks/fftpack_basic.py,Fft,False,3,24,5.0,25,18,22,0,0,3
scipy-0.16.0b2,scipy-0.16.0b2/benchmarks/benchmarks/fftpack_basic.py,RFft,False,3,20,4.0,21,15,18,0,0,3
scipy-0.16.0b2,scipy-0.16.0b2/benchmarks/benchmarks/fftpack_basic.py,Fftn,False,2,20,6.0,21,14,18,0,0,3
scipy-0.16.0b2,scipy-0.16.0b2/benchmarks/benchmarks/fftpack_pseudo_diffs.py,Bench,False,5,42,6.4,43,34,37,0,0,6
scipy-0.16.0b2,scipy-0.16.0b2/benchmarks/benchmarks/interpolate.py,Leaks,False,1,39,37.0,40,18,29,1,0,10
scipy-0.16.0b2,scipy-0.16.0b2/benchmarks/benchmarks/interpolate.py,BenchPPoly,False,2,13,5.5,14,11,11,0,0,3
scipy-0.16.0b2,scipy-0.16.0b2/benchmarks/benchmarks/io_matlab.py,MemUsage,False,6,69,9.833333333333334,70,40,55,3,0,14
scipy-0.16.0b2,scipy-0.16.0b2/benchmarks/benchmarks/io_matlab.py,StructArr,False,4,29,4.75,30,21,24,0,0,6
scipy-0.16.0b2,scipy-0.16.0b2/benchmarks/benchmarks/linalg.py,Bench,False,6,50,6.333333333333333,51,39,42,2,0,8
scipy-0.16.0b2,scipy-0.16.0b2/benchmarks/benchmarks/linalg.py,Norm,False,4,31,5.25,32,25,28,1,0,4
scipy-0.16.0b2,scipy-0.16.0b2/benchmarks/benchmarks/linalg_solve_toeplitz.py,SolveToeplitz,False,2,31,11.5,32,22,26,1,0,5
scipy-0.16.0b2,scipy-0.16.0b2/benchmarks/benchmarks/linalg_sqrtm.py,Sqrtm,False,2,21,6.5,22,15,19,0,0,3
scipy-0.16.0b2,scipy-0.16.0b2/benchmarks/benchmarks/optimize.py,_BenchOptimizers,False,6,119,16.833333333333332,120,90,92,0,12,12
scipy-0.16.0b2,scipy-0.16.0b2/benchmarks/benchmarks/optimize.py,BenchSmoothUnbounded,False,10,96,7.5,97,67,81,5,0,10
scipy-0.16.0b2,scipy-0.16.0b2/benchmarks/benchmarks/optimize_zeros.py,Zeros,False,2,15,4.0,16,10,13,0,0,3
scipy-0.16.0b2,scipy-0.16.0b2/benchmarks/benchmarks/signal.py,CalculateWindowedFFT,False,3,13,3.6666666666666665,14,11,11,1,0,2
scipy-0.16.0b2,scipy-0.16.0b2/benchmarks/benchmarks/signal.py,Convolve2D,False,2,23,11.0,24,19,19,2,0,3
scipy-0.16.0b2,scipy-0.16.0b2/benchmarks/benchmarks/signal.py,LTI,False,3,10,2.6666666666666665,11,9,9,0,0,2
scipy-0.16.0b2,scipy-0.16.0b2/benchmarks/benchmarks/sparse.py,Arithmetic,False,2,22,7.0,23,14,19,2,0,3
scipy-0.16.0b2,scipy-0.16.0b2/benchmarks/benchmarks/sparse.py,Sort,False,2,22,9.0,23,21,19,0,0,3
scipy-0.16.0b2,scipy-0.16.0b2/benchmarks/benchmarks/sparse.py,Matvec,False,4,38,8.0,39,30,31,0,0,8
scipy-0.16.0b2,scipy-0.16.0b2/benchmarks/benchmarks/sparse.py,Matvecs,False,2,16,6.0,17,15,15,0,0,2
scipy-0.16.0b2,scipy-0.16.0b2/benchmarks/benchmarks/sparse.py,Matmul,False,2,20,9.5,21,18,18,0,0,3
scipy-0.16.0b2,scipy-0.16.0b2/benchmarks/benchmarks/sparse.py,Construction,False,2,21,7.0,22,17,19,0,0,3
scipy-0.16.0b2,scipy-0.16.0b2/benchmarks/benchmarks/sparse.py,Conversion,False,2,21,7.0,22,15,18,0,0,4
scipy-0.16.0b2,scipy-0.16.0b2/benchmarks/benchmarks/sparse.py,Getset,False,4,76,16.25,77,59,63,1,0,13
scipy-0.16.0b2,scipy-0.16.0b2/benchmarks/benchmarks/sparse.py,NullSlice,False,5,20,2.6,21,20,16,0,0,5
scipy-0.16.0b2,scipy-0.16.0b2/benchmarks/benchmarks/sparse_linalg_expm.py,ExpmMultiply,False,2,22,9.0,23,19,19,2,0,2
scipy-0.16.0b2,scipy-0.16.0b2/benchmarks/benchmarks/sparse_linalg_expm.py,Expm,False,2,24,8.5,25,13,16,4,0,5
scipy-0.16.0b2,scipy-0.16.0b2/benchmarks/benchmarks/sparse_linalg_lobpcg.py,Bench,False,5,46,7.2,47,35,41,0,0,6
scipy-0.16.0b2,scipy-0.16.0b2/benchmarks/benchmarks/sparse_linalg_onenormest.py,BenchmarkOneNormEst,False,2,39,16.0,40,29,32,3,0,5
scipy-0.16.0b2,scipy-0.16.0b2/benchmarks/benchmarks/sparse_linalg_solve.py,Bench,False,3,31,7.666666666666667,32,23,26,0,0,6
scipy-0.16.0b2,scipy-0.16.0b2/benchmarks/benchmarks/spatial.py,Build,False,2,28,10.5,29,16,20,0,5,4
scipy-0.16.0b2,scipy-0.16.0b2/benchmarks/benchmarks/spatial.py,Query,False,3,32,7.666666666666667,33,19,23,0,4,6
scipy-0.16.0b2,scipy-0.16.0b2/benchmarks/benchmarks/spatial.py,Radius,False,4,21,2.75,22,12,18,0,0,4
scipy-0.16.0b2,scipy-0.16.0b2/benchmarks/benchmarks/spatial.py,Neighbors,False,3,31,6.666666666666667,32,15,22,0,4,6
scipy-0.16.0b2,scipy-0.16.0b2/benchmarks/benchmarks/special.py,Airy,False,2,5,2.0,6,5,5,0,0,1
scipy-0.16.0b2,scipy-0.16.0b2/benchmarks/benchmarks/special.py,Erf,False,2,8,2.0,9,7,7,0,0,2
scipy-0.16.0b2,scipy-0.16.0b2/benchmarks/benchmarks/stats.py,Anderson_KSamp,False,2,7,3.0,8,7,7,0,0,1
scipy-0.16.0b2,scipy-0.16.0b2/benchmarks/benchmarks/stats.py,CorrelationFunctions,False,2,11,2.5,12,8,10,0,0,2
scipy-0.16.0b2,scipy-0.16.0b2/benchmarks/benchmarks/stats.py,InferentialStats,False,3,15,4.333333333333333,16,12,12,2,0,2
scipy-0.16.0b2,scipy-0.16.0b2/benchmarks/benchmarks/stats.py,Distribution,False,2,38,15.5,39,34,37,0,0,2
scipy-0.16.0b2,scipy-0.16.0b2/benchmarks/benchmarks/test_functions.py,SimpleQuadratic,True,3,9,2.0,10,7,7,0,0,3
scipy-0.16.0b2,scipy-0.16.0b2/benchmarks/benchmarks/test_functions.py,AsymmetricQuadratic,True,3,11,2.6666666666666665,12,9,9,0,0,3
scipy-0.16.0b2,scipy-0.16.0b2/benchmarks/benchmarks/test_functions.py,LJ,True,6,62,6.166666666666667,63,43,38,0,14,11
scipy-0.16.0b2,scipy-0.16.0b2/benchmarks/benchmarks/test_functions.py,LJ38,True,0,2,0.0,3,3,3,0,0,0
scipy-0.16.0b2,scipy-0.16.0b2/benchmarks/benchmarks/test_functions.py,LJ30,True,0,2,0.0,3,3,3,0,0,0
scipy-0.16.0b2,scipy-0.16.0b2/benchmarks/benchmarks/test_functions.py,LJ20,True,0,2,0.0,3,3,3,0,0,0
scipy-0.16.0b2,scipy-0.16.0b2/benchmarks/benchmarks/test_functions.py,LJ13,True,0,2,0.0,3,3,3,0,0,0
scipy-0.16.0b2,scipy-0.16.0b2/benchmarks/benchmarks/test_functions.py,Booth,True,2,14,4.0,15,13,13,0,0,2
scipy-0.16.0b2,scipy-0.16.0b2/benchmarks/benchmarks/test_functions.py,Beale,True,2,21,7.5,22,16,20,0,0,2
scipy-0.16.0b2,scipy-0.16.0b2/benchmarks/benchmarks/test_functions.py,HolderTable,True,2,19,5.5,20,17,17,0,0,2
scipy-0.16.0b2,scipy-0.16.0b2/benchmarks/benchmarks/test_functions.py,Ackley,True,2,23,7.5,24,16,17,2,0,5
scipy-0.16.0b2,scipy-0.16.0b2/benchmarks/benchmarks/test_functions.py,Levi,True,2,23,8.5,24,12,19,0,0,5
scipy-0.16.0b2,scipy-0.16.0b2/benchmarks/benchmarks/test_functions.py,EggHolder,True,1,9,4.0,10,9,9,0,0,1
scipy-0.16.0b2,scipy-0.16.0b2/benchmarks/benchmarks/test_functions.py,CrossInTray,True,1,9,4.0,10,9,9,0,0,1
scipy-0.16.0b2,scipy-0.16.0b2/benchmarks/benchmarks/test_functions.py,Schaffer2,True,1,9,4.0,10,9,9,0,0,1
scipy-0.16.0b2,scipy-0.16.0b2/benchmarks/benchmarks/test_functions.py,Schaffer4,True,1,9,4.0,10,9,9,0,0,1
scipy-0.16.0b2,scipy-0.16.0b2/doc/source/scipyoptdoc.py,ScipyOptimizeInterfaceDomain,False,1,6,4.0,7,6,6,0,0,1
scipy-0.16.0b2,scipy-0.16.0b2/scipy/cluster/hierarchy.py,ClusterNode,False,7,165,20.571428571428573,166,61,57,4,73,32
scipy-0.16.0b2,scipy-0.16.0b2/scipy/cluster/vq.py,ClusterError,False,0,1,0.0,2,2,2,0,0,0
scipy-0.16.0b2,scipy-0.16.0b2/scipy/cluster/tests/test_hierarchy.py,TestLinkage,True,5,24,4.0,25,18,18,3,0,4
scipy-0.16.0b2,scipy-0.16.0b2/scipy/cluster/tests/test_hierarchy.py,TestInconsistent,True,2,8,3.5,9,7,8,0,0,1
scipy-0.16.0b2,scipy-0.16.0b2/scipy/cluster/tests/test_hierarchy.py,TestCopheneticDistance,True,2,17,8.0,18,13,15,2,0,1
scipy-0.16.0b2,scipy-0.16.0b2/scipy/cluster/tests/test_hierarchy.py,TestMLabLinkageConversion,True,3,25,7.666666666666667,26,15,21,3,0,2
scipy-0.16.0b2,scipy-0.16.0b2/scipy/cluster/tests/test_hierarchy.py,TestFcluster,True,7,47,5.857142857142857,48,40,40,2,0,6
scipy-0.16.0b2,scipy-0.16.0b2/scipy/cluster/tests/test_hierarchy.py,TestLeaders,True,1,9,9.0,10,9,9,1,0,0
scipy-0.16.0b2,scipy-0.16.0b2/scipy/cluster/tests/test_hierarchy.py,TestIsIsomorphic,True,9,67,6.555555555555555,68,51,49,11,0,8
scipy-0.16.0b2,scipy-0.16.0b2/scipy/cluster/tests/test_hierarchy.py,TestIsValidLinkage,True,9,74,7.333333333333333,75,52,54,13,0,8
scipy-0.16.0b2,scipy-0.16.0b2/scipy/cluster/tests/test_hierarchy.py,TestIsValidInconsistent,True,8,68,7.625,69,49,51,11,0,7
scipy-0.16.0b2,scipy-0.16.0b2/scipy/cluster/tests/test_hierarchy.py,TestNumObsLinkage,True,4,23,5.0,24,15,16,5,0,3
scipy-0.16.0b2,scipy-0.16.0b2/scipy/cluster/tests/test_hierarchy.py,TestLeavesList,True,5,32,5.6,33,22,25,4,0,4
scipy-0.16.0b2,scipy-0.16.0b2/scipy/cluster/tests/test_hierarchy.py,TestCorrespond,True,5,49,9.0,50,36,38,8,0,4
scipy-0.16.0b2,scipy-0.16.0b2/scipy/cluster/tests/test_hierarchy.py,TestIsMonotonic,True,11,69,5.363636363636363,70,36,46,14,0,10
scipy-0.16.0b2,scipy-0.16.0b2/scipy/cluster/tests/test_hierarchy.py,TestMaxDists,True,4,23,5.0,24,18,18,3,0,3
scipy-0.16.0b2,scipy-0.16.0b2/scipy/cluster/tests/test_hierarchy.py,TestMaxInconsts,True,5,33,5.8,34,25,25,5,0,4
scipy-0.16.0b2,scipy-0.16.0b2/scipy/cluster/tests/test_hierarchy.py,TestMaxRStat,True,10,59,5.0,60,45,45,6,0,9
scipy-0.16.0b2,scipy-0.16.0b2/scipy/cluster/tests/test_hierarchy.py,TestDendrogram,True,6,83,12.666666666666666,84,43,67,5,0,12
scipy-0.16.0b2,scipy-0.16.0b2/scipy/cluster/tests/test_vq.py,TestWhiten,True,3,37,11.666666666666666,38,20,36,0,0,2
scipy-0.16.0b2,scipy-0.16.0b2/scipy/cluster/tests/test_vq.py,TestVq,True,8,71,6.875,72,54,51,9,0,12
scipy-0.16.0b2,scipy-0.16.0b2/scipy/cluster/tests/test_vq.py,TestKMean,True,9,86,8.666666666666666,87,68,64,8,0,17
scipy-0.16.0b2,scipy-0.16.0b2/scipy/constants/codata.py,ConstantWarning,False,0,2,0.0,3,3,2,0,0,0
scipy-0.16.0b2,scipy-0.16.0b2/scipy/fftpack/tests/test_basic.py,_TestFFTBase,True,7,52,6.571428571428571,53,45,47,0,0,6
scipy-0.16.0b2,scipy-0.16.0b2/scipy/fftpack/tests/test_basic.py,TestDoubleFFT,True,1,3,3.0,4,4,4,0,0,0
scipy-0.16.0b2,scipy-0.16.0b2/scipy/fftpack/tests/test_basic.py,TestSingleFFT,True,2,7,2.5,8,7,7,0,0,1
scipy-0.16.0b2,scipy-0.16.0b2/scipy/fftpack/tests/test_basic.py,_TestIFFTBase,True,8,79,9.0,80,68,68,1,0,11
scipy-0.16.0b2,scipy-0.16.0b2/scipy/fftpack/tests/test_basic.py,TestDoubleIFFT,True,1,3,3.0,4,4,4,0,0,0
scipy-0.16.0b2,scipy-0.16.0b2/scipy/fftpack/tests/test_basic.py,TestSingleIFFT,True,1,3,3.0,4,4,4,0,0,0
scipy-0.16.0b2,scipy-0.16.0b2/scipy/fftpack/tests/test_basic.py,_TestRFFTBase,True,4,29,6.5,30,27,27,0,0,3
scipy-0.16.0b2,scipy-0.16.0b2/scipy/fftpack/tests/test_basic.py,TestRFFTDouble,True,1,3,3.0,4,4,4,0,0,0
scipy-0.16.0b2,scipy-0.16.0b2/scipy/fftpack/tests/test_basic.py,TestRFFTSingle,True,1,3,3.0,4,4,4,0,0,0
scipy-0.16.0b2,scipy-0.16.0b2/scipy/fftpack/tests/test_basic.py,_TestIRFFTBase,True,6,64,9.833333333333334,65,54,56,1,0,8
scipy-0.16.0b2,scipy-0.16.0b2/scipy/fftpack/tests/test_basic.py,TestIRFFTDouble,True,1,4,4.0,5,5,5,0,0,0
scipy-0.16.0b2,scipy-0.16.0b2/scipy/fftpack/tests/test_basic.py,TestIRFFTSingle,True,1,4,4.0,5,5,5,0,0,0
scipy-0.16.0b2,scipy-0.16.0b2/scipy/fftpack/tests/test_basic.py,Testfft2,True,3,15,4.333333333333333,16,12,11,2,0,2
scipy-0.16.0b2,scipy-0.16.0b2/scipy/fftpack/tests/test_basic.py,TestFftnSingle,True,3,30,9.333333333333334,31,25,25,0,0,6
scipy-0.16.0b2,scipy-0.16.0b2/scipy/fftpack/tests/test_basic.py,TestFftn,True,8,153,18.25,154,137,129,28,0,13
scipy-0.16.0b2,scipy-0.16.0b2/scipy/fftpack/tests/test_basic.py,_TestIfftn,True,4,25,4.75,26,22,22,0,0,4
scipy-0.16.0b2,scipy-0.16.0b2/scipy/fftpack/tests/test_basic.py,TestIfftnDouble,True,0,3,0.0,4,4,4,0,0,0
scipy-0.16.0b2,scipy-0.16.0b2/scipy/fftpack/tests/test_basic.py,TestIfftnSingle,True,0,3,0.0,4,4,4,0,0,0
scipy-0.16.0b2,scipy-0.16.0b2/scipy/fftpack/tests/test_basic.py,TestLongDoubleFailure,True,3,33,10.333333333333334,34,23,26,2,0,6
scipy-0.16.0b2,scipy-0.16.0b2/scipy/fftpack/tests/test_basic.py,FakeArray,True,1,3,3.0,4,4,4,0,0,0
scipy-0.16.0b2,scipy-0.16.0b2/scipy/fftpack/tests/test_basic.py,FakeArray2,True,2,5,2.0,6,5,5,0,0,1
scipy-0.16.0b2,scipy-0.16.0b2/scipy/fftpack/tests/test_basic.py,TestOverwrite,True,10,123,10.9,124,92,106,1,0,16
scipy-0.16.0b2,scipy-0.16.0b2/scipy/fftpack/tests/test_helper.py,TestFFTShift,True,2,15,6.5,16,14,14,0,0,2
scipy-0.16.0b2,scipy-0.16.0b2/scipy/fftpack/tests/test_helper.py,TestFFTFreq,True,1,8,7.0,9,8,8,0,0,1
scipy-0.16.0b2,scipy-0.16.0b2/scipy/fftpack/tests/test_helper.py,TestRFFTFreq,True,1,8,7.0,9,8,8,0,0,1
scipy-0.16.0b2,scipy-0.16.0b2/scipy/fftpack/tests/test_pseudo_diffs.py,TestDiff,True,9,106,10.777777777777779,107,92,96,2,0,9
scipy-0.16.0b2,scipy-0.16.0b2/scipy/fftpack/tests/test_pseudo_diffs.py,TestTilbert,True,3,31,9.333333333333334,32,27,29,0,0,3
scipy-0.16.0b2,scipy-0.16.0b2/scipy/fftpack/tests/test_pseudo_diffs.py,TestITilbert,True,1,12,11.0,13,10,12,0,0,1
scipy-0.16.0b2,scipy-0.16.0b2/scipy/fftpack/tests/test_pseudo_diffs.py,TestHilbert,True,4,39,8.75,40,34,35,1,0,4
scipy-0.16.0b2,scipy-0.16.0b2/scipy/fftpack/tests/test_pseudo_diffs.py,TestIHilbert,True,2,19,8.5,20,17,18,0,0,2
scipy-0.16.0b2,scipy-0.16.0b2/scipy/fftpack/tests/test_pseudo_diffs.py,TestShift,True,1,14,13.0,15,13,14,0,0,1
scipy-0.16.0b2,scipy-0.16.0b2/scipy/fftpack/tests/test_pseudo_diffs.py,TestOverwrite,True,11,59,4.0,60,48,47,0,0,12
scipy-0.16.0b2,scipy-0.16.0b2/scipy/fftpack/tests/test_real_transforms.py,TestComplex,True,6,29,4.0,30,25,25,0,0,5
scipy-0.16.0b2,scipy-0.16.0b2/scipy/fftpack/tests/test_real_transforms.py,_TestDCTBase,True,3,31,9.666666666666666,32,23,25,4,0,3
scipy-0.16.0b2,scipy-0.16.0b2/scipy/fftpack/tests/test_real_transforms.py,_TestDCTIIBase,True,1,10,10.0,11,9,9,1,0,1
scipy-0.16.0b2,scipy-0.16.0b2/scipy/fftpack/tests/test_real_transforms.py,_TestDCTIIIBase,True,1,9,9.0,10,9,9,1,0,0
scipy-0.16.0b2,scipy-0.16.0b2/scipy/fftpack/tests/test_real_transforms.py,TestDCTIDouble,True,1,4,4.0,5,5,5,0,0,0
scipy-0.16.0b2,scipy-0.16.0b2/scipy/fftpack/tests/test_real_transforms.py,TestDCTIFloat,True,1,4,4.0,5,5,5,0,0,0
scipy-0.16.0b2,scipy-0.16.0b2/scipy/fftpack/tests/test_real_transforms.py,TestDCTIInt,True,1,4,4.0,5,5,5,0,0,0
scipy-0.16.0b2,scipy-0.16.0b2/scipy/fftpack/tests/test_real_transforms.py,TestDCTIIDouble,True,1,4,4.0,5,5,5,0,0,0
scipy-0.16.0b2,scipy-0.16.0b2/scipy/fftpack/tests/test_real_transforms.py,TestDCTIIFloat,True,1,4,4.0,5,5,5,0,0,0
scipy-0.16.0b2,scipy-0.16.0b2/scipy/fftpack/tests/test_real_transforms.py,TestDCTIIInt,True,1,4,4.0,5,5,5,0,0,0
scipy-0.16.0b2,scipy-0.16.0b2/scipy/fftpack/tests/test_real_transforms.py,TestDCTIIIDouble,True,1,4,4.0,5,5,5,0,0,0
scipy-0.16.0b2,scipy-0.16.0b2/scipy/fftpack/tests/test_real_transforms.py,TestDCTIIIFloat,True,1,4,4.0,5,5,5,0,0,0
scipy-0.16.0b2,scipy-0.16.0b2/scipy/fftpack/tests/test_real_transforms.py,TestDCTIIIInt,True,1,4,4.0,5,5,5,0,0,0
scipy-0.16.0b2,scipy-0.16.0b2/scipy/fftpack/tests/test_real_transforms.py,_TestIDCTBase,True,2,20,9.5,21,15,16,4,0,1
scipy-0.16.0b2,scipy-0.16.0b2/scipy/fftpack/tests/test_real_transforms.py,TestIDCTIDouble,True,1,4,4.0,5,5,5,0,0,0
scipy-0.16.0b2,scipy-0.16.0b2/scipy/fftpack/tests/test_real_transforms.py,TestIDCTIFloat,True,1,4,4.0,5,5,5,0,0,0
scipy-0.16.0b2,scipy-0.16.0b2/scipy/fftpack/tests/test_real_transforms.py,TestIDCTIInt,True,1,4,4.0,5,5,5,0,0,0
scipy-0.16.0b2,scipy-0.16.0b2/scipy/fftpack/tests/test_real_transforms.py,TestIDCTIIDouble,True,1,4,4.0,5,5,5,0,0,0
scipy-0.16.0b2,scipy-0.16.0b2/scipy/fftpack/tests/test_real_transforms.py,TestIDCTIIFloat,True,1,4,4.0,5,5,5,0,0,0
scipy-0.16.0b2,scipy-0.16.0b2/scipy/fftpack/tests/test_real_transforms.py,TestIDCTIIInt,True,1,4,4.0,5,5,5,0,0,0
scipy-0.16.0b2,scipy-0.16.0b2/scipy/fftpack/tests/test_real_transforms.py,TestIDCTIIIDouble,True,1,4,4.0,5,5,5,0,0,0
scipy-0.16.0b2,scipy-0.16.0b2/scipy/fftpack/tests/test_real_transforms.py,TestIDCTIIIFloat,True,1,4,4.0,5,5,5,0,0,0
scipy-0.16.0b2,scipy-0.16.0b2/scipy/fftpack/tests/test_real_transforms.py,TestIDCTIIIInt,True,1,4,4.0,5,5,5,0,0,0
scipy-0.16.0b2,scipy-0.16.0b2/scipy/fftpack/tests/test_real_transforms.py,_TestDSTBase,True,2,16,7.5,17,11,12,7,0,1
scipy-0.16.0b2,scipy-0.16.0b2/scipy/fftpack/tests/test_real_transforms.py,TestDSTIDouble,True,1,4,4.0,5,5,5,0,0,0
scipy-0.16.0b2,scipy-0.16.0b2/scipy/fftpack/tests/test_real_transforms.py,TestDSTIFloat,True,1,4,4.0,5,5,5,0,0,0
scipy-0.16.0b2,scipy-0.16.0b2/scipy/fftpack/tests/test_real_transforms.py,TestDSTIInt,True,1,4,4.0,5,5,5,0,0,0
scipy-0.16.0b2,scipy-0.16.0b2/scipy/fftpack/tests/test_real_transforms.py,TestDSTIIDouble,True,1,4,4.0,5,5,5,0,0,0
scipy-0.16.0b2,scipy-0.16.0b2/scipy/fftpack/tests/test_real_transforms.py,TestDSTIIFloat,True,1,4,4.0,5,5,5,0,0,0
scipy-0.16.0b2,scipy-0.16.0b2/scipy/fftpack/tests/test_real_transforms.py,TestDSTIIInt,True,1,4,4.0,5,5,5,0,0,0
scipy-0.16.0b2,scipy-0.16.0b2/scipy/fftpack/tests/test_real_transforms.py,TestDSTIIIDouble,True,1,4,4.0,5,5,5,0,0,0
scipy-0.16.0b2,scipy-0.16.0b2/scipy/fftpack/tests/test_real_transforms.py,TestDSTIIIFloat,True,1,4,4.0,5,5,5,0,0,0
scipy-0.16.0b2,scipy-0.16.0b2/scipy/fftpack/tests/test_real_transforms.py,TestDSTIIIInt,True,1,4,4.0,5,5,5,0,0,0
scipy-0.16.0b2,scipy-0.16.0b2/scipy/fftpack/tests/test_real_transforms.py,_TestIDSTBase,True,2,20,9.5,21,15,16,4,0,1
scipy-0.16.0b2,scipy-0.16.0b2/scipy/fftpack/tests/test_real_transforms.py,TestIDSTIDouble,True,1,4,4.0,5,5,5,0,0,0
scipy-0.16.0b2,scipy-0.16.0b2/scipy/fftpack/tests/test_real_transforms.py,TestIDSTIFloat,True,1,4,4.0,5,5,5,0,0,0
scipy-0.16.0b2,scipy-0.16.0b2/scipy/fftpack/tests/test_real_transforms.py,TestIDSTIInt,True,1,4,4.0,5,5,5,0,0,0
scipy-0.16.0b2,scipy-0.16.0b2/scipy/fftpack/tests/test_real_transforms.py,TestIDSTIIDouble,True,1,4,4.0,5,5,5,0,0,0
scipy-0.16.0b2,scipy-0.16.0b2/scipy/fftpack/tests/test_real_transforms.py,TestIDSTIIFloat,True,1,4,4.0,5,5,5,0,0,0
scipy-0.16.0b2,scipy-0.16.0b2/scipy/fftpack/tests/test_real_transforms.py,TestIDSTIIInt,True,1,4,4.0,5,5,5,0,0,0
scipy-0.16.0b2,scipy-0.16.0b2/scipy/fftpack/tests/test_real_transforms.py,TestIDSTIIIDouble,True,1,4,4.0,5,5,5,0,0,0
scipy-0.16.0b2,scipy-0.16.0b2/scipy/fftpack/tests/test_real_transforms.py,TestIDSTIIIFloat,True,1,4,4.0,5,5,5,0,0,0
scipy-0.16.0b2,scipy-0.16.0b2/scipy/fftpack/tests/test_real_transforms.py,TestIDSTIIIInt,True,1,4,4.0,5,5,5,0,0,0
scipy-0.16.0b2,scipy-0.16.0b2/scipy/fftpack/tests/test_real_transforms.py,TestOverwrite,True,6,63,9.0,64,47,53,0,0,10
scipy-0.16.0b2,scipy-0.16.0b2/scipy/integrate/odepack.py,ODEintWarning,False,0,1,0.0,2,2,2,0,0,0
scipy-0.16.0b2,scipy-0.16.0b2/scipy/integrate/quadpack.py,IntegrationWarning,False,0,1,0.0,2,2,2,0,0,0
scipy-0.16.0b2,scipy-0.16.0b2/scipy/integrate/quadpack.py,_RangeFunc,False,2,10,4.5,11,6,5,0,4,2
scipy-0.16.0b2,scipy-0.16.0b2/scipy/integrate/quadpack.py,_OptFunc,False,2,6,2.5,7,6,5,0,0,1
scipy-0.16.0b2,scipy-0.16.0b2/scipy/integrate/quadpack.py,_NQuad,False,2,33,16.0,34,28,28,2,0,4
scipy-0.16.0b2,scipy-0.16.0b2/scipy/integrate/quadrature.py,AccuracyWarning,False,0,1,0.0,2,2,2,0,0,0
scipy-0.16.0b2,scipy-0.16.0b2/scipy/integrate/_ode.py,ode,False,9,333,10.666666666666666,334,70,65,4,204,57
scipy-0.16.0b2,scipy-0.16.0b2/scipy/integrate/_ode.py,complex_ode,False,8,129,11.625,130,66,51,14,42,21
scipy-0.16.0b2,scipy-0.16.0b2/scipy/integrate/_ode.py,IntegratorConcurrencyError,False,1,11,6.0,12,5,7,0,4,1
scipy-0.16.0b2,scipy-0.16.0b2/scipy/integrate/_ode.py,IntegratorBase,False,6,43,4.833333333333333,44,25,24,5,8,7
scipy-0.16.0b2,scipy-0.16.0b2/scipy/integrate/_ode.py,vode,False,6,193,28.666666666666668,194,121,141,13,21,27
scipy-0.16.0b2,scipy-0.16.0b2/scipy/integrate/_ode.py,zvode,False,1,65,58.0,66,56,57,1,0,9
scipy-0.16.0b2,scipy-0.16.0b2/scipy/integrate/_ode.py,dopri5,False,5,79,12.4,80,55,73,2,0,7
scipy-0.16.0b2,scipy-0.16.0b2/scipy/integrate/_ode.py,dop853,False,2,45,20.0,46,31,43,2,0,3
scipy-0.16.0b2,scipy-0.16.0b2/scipy/integrate/_ode.py,lsoda,False,5,129,22.0,130,95,119,4,0,10
scipy-0.16.0b2,scipy-0.16.0b2/scipy/integrate/tests/test_integrate.py,TestOdeint,True,2,12,5.0,13,11,11,1,0,1
scipy-0.16.0b2,scipy-0.16.0b2/scipy/integrate/tests/test_integrate.py,TestODEClass,True,1,29,26.0,30,20,22,2,0,7
scipy-0.16.0b2,scipy-0.16.0b2/scipy/integrate/tests/test_integrate.py,TestOde,True,7,101,13.142857142857142,102,79,77,5,0,20
scipy-0.16.0b2,scipy-0.16.0b2/scipy/integrate/tests/test_integrate.py,TestComplexOde,True,4,37,7.75,38,29,29,4,0,5
scipy-0.16.0b2,scipy-0.16.0b2/scipy/integrate/tests/test_integrate.py,TestSolout,True,4,59,13.75,60,48,48,3,0,9
scipy-0.16.0b2,scipy-0.16.0b2/scipy/integrate/tests/test_integrate.py,TestComplexSolout,True,4,59,13.75,60,48,48,3,0,9
scipy-0.16.0b2,scipy-0.16.0b2/scipy/integrate/tests/test_integrate.py,ODE,True,0,13,0.0,14,10,9,0,3,2
scipy-0.16.0b2,scipy-0.16.0b2/scipy/integrate/tests/test_integrate.py,SimpleOscillator,True,2,22,4.5,23,16,14,0,6,3
scipy-0.16.0b2,scipy-0.16.0b2/scipy/integrate/tests/test_integrate.py,ComplexExp,True,3,14,2.3333333333333335,15,12,11,0,0,3
scipy-0.16.0b2,scipy-0.16.0b2/scipy/integrate/tests/test_integrate.py,Pi,True,2,11,2.5,12,11,9,0,0,2
scipy-0.16.0b2,scipy-0.16.0b2/scipy/integrate/tests/test_integrate.py,CoupledDecay,True,3,60,15.0,61,32,38,13,4,7
scipy-0.16.0b2,scipy-0.16.0b2/scipy/integrate/tests/test_integrate.py,ODECheckParameterUse,True,6,55,6.833333333333333,56,41,41,6,0,8
scipy-0.16.0b2,scipy-0.16.0b2/scipy/integrate/tests/test_integrate.py,DOPRI5CheckParameterUse,True,0,2,0.0,3,3,3,0,0,0
scipy-0.16.0b2,scipy-0.16.0b2/scipy/integrate/tests/test_integrate.py,DOP853CheckParameterUse,True,0,2,0.0,3,3,3,0,0,0
scipy-0.16.0b2,scipy-0.16.0b2/scipy/integrate/tests/test_integrate.py,VODECheckParameterUse,True,0,2,0.0,3,3,3,0,0,0
scipy-0.16.0b2,scipy-0.16.0b2/scipy/integrate/tests/test_integrate.py,ZVODECheckParameterUse,True,0,2,0.0,3,3,3,0,0,0
scipy-0.16.0b2,scipy-0.16.0b2/scipy/integrate/tests/test_integrate.py,LSODACheckParameterUse,True,0,2,0.0,3,3,3,0,0,0
scipy-0.16.0b2,scipy-0.16.0b2/scipy/integrate/tests/test_quadpack.py,TestCtypesQuad,True,3,37,9.666666666666666,38,33,33,3,0,2
scipy-0.16.0b2,scipy-0.16.0b2/scipy/integrate/tests/test_quadpack.py,TestMultivariateCtypesQuad,True,5,51,7.4,52,35,43,6,0,4
scipy-0.16.0b2,scipy-0.16.0b2/scipy/integrate/tests/test_quadpack.py,TestQuad,True,10,97,8.8,98,58,71,14,0,17
scipy-0.16.0b2,scipy-0.16.0b2/scipy/integrate/tests/test_quadpack.py,TestNQuad,True,10,133,12.4,134,96,100,0,0,34
scipy-0.16.0b2,scipy-0.16.0b2/scipy/integrate/tests/test_quadrature.py,TestQuadrature,True,12,114,8.583333333333334,115,92,89,12,0,17
scipy-0.16.0b2,scipy-0.16.0b2/scipy/integrate/tests/test_quadrature.py,TestCumtrapz,True,4,72,17.25,73,44,60,2,0,11
scipy-0.16.0b2,scipy-0.16.0b2/scipy/interpolate/fitpack2.py,UnivariateSpline,False,15,439,22.0,440,128,115,18,224,82
scipy-0.16.0b2,scipy-0.16.0b2/scipy/interpolate/fitpack2.py,InterpolatedUnivariateSpline,False,1,87,17.0,88,12,14,1,59,14
scipy-0.16.0b2,scipy-0.16.0b2/scipy/interpolate/fitpack2.py,LSQUnivariateSpline,False,1,120,30.0,121,26,27,1,71,22
scipy-0.16.0b2,scipy-0.16.0b2/scipy/interpolate/fitpack2.py,_BivariateSplineBase,False,4,109,23.25,110,50,44,1,44,20
scipy-0.16.0b2,scipy-0.16.0b2/scipy/interpolate/fitpack2.py,BivariateSpline,False,3,77,16.333333333333332,78,22,15,0,48,14
scipy-0.16.0b2,scipy-0.16.0b2/scipy/interpolate/fitpack2.py,SmoothBivariateSpline,False,1,59,21.0,60,16,21,2,33,6
scipy-0.16.0b2,scipy-0.16.0b2/scipy/interpolate/fitpack2.py,LSQBivariateSpline,False,1,64,29.0,65,27,29,1,30,6
scipy-0.16.0b2,scipy-0.16.0b2/scipy/interpolate/fitpack2.py,RectBivariateSpline,False,1,59,28.0,60,26,27,0,26,7
scipy-0.16.0b2,scipy-0.16.0b2/scipy/interpolate/fitpack2.py,SphereBivariateSpline,False,2,79,31.0,80,14,12,0,51,17
scipy-0.16.0b2,scipy-0.16.0b2/scipy/interpolate/fitpack2.py,SmoothSphereBivariateSpline,False,1,89,13.0,90,13,13,0,60,17
scipy-0.16.0b2,scipy-0.16.0b2/scipy/interpolate/fitpack2.py,LSQSphereBivariateSpline,False,1,102,20.0,103,22,20,0,66,17
scipy-0.16.0b2,scipy-0.16.0b2/scipy/interpolate/fitpack2.py,RectSphereBivariateSpline,False,1,189,60.0,190,49,52,0,105,33
scipy-0.16.0b2,scipy-0.16.0b2/scipy/interpolate/interpolate.py,interp2d,False,2,216,57.5,217,73,77,1,101,38
scipy-0.16.0b2,scipy-0.16.0b2/scipy/interpolate/interpolate.py,interp1d,False,6,227,26.0,228,88,87,34,67,38
scipy-0.16.0b2,scipy-0.16.0b2/scipy/interpolate/interpolate.py,_PPolyBase,False,6,179,28.0,180,107,96,7,53,24
scipy-0.16.0b2,scipy-0.16.0b2/scipy/interpolate/interpolate.py,PPoly,False,7,313,35.57142857142857,314,91,81,13,158,63
scipy-0.16.0b2,scipy-0.16.0b2/scipy/interpolate/interpolate.py,BPoly,False,9,487,43.77777777777778,488,150,140,27,220,102
scipy-0.16.0b2,scipy-0.16.0b2/scipy/interpolate/interpolate.py,RegularGridInterpolator,False,5,220,24.4,221,81,91,10,81,39
scipy-0.16.0b2,scipy-0.16.0b2/scipy/interpolate/interpolate.py,ppform,False,4,44,8.25,45,33,31,1,4,9
scipy-0.16.0b2,scipy-0.16.0b2/scipy/interpolate/ndgriddata.py,NearestNDInterpolator,False,2,52,10.5,53,13,13,0,29,11
scipy-0.16.0b2,scipy-0.16.0b2/scipy/interpolate/polyint.py,_Interpolator1D,False,8,121,10.125,122,62,59,1,41,19
scipy-0.16.0b2,scipy-0.16.0b2/scipy/interpolate/polyint.py,_Interpolator1DWithDerivatives,False,2,75,37.0,76,17,17,0,47,12
scipy-0.16.0b2,scipy-0.16.0b2/scipy/interpolate/polyint.py,KroghInterpolator,False,3,131,20.666666666666668,132,66,57,0,51,24
scipy-0.16.0b2,scipy-0.16.0b2/scipy/interpolate/polyint.py,BarycentricInterpolator,False,5,153,22.6,154,67,57,3,75,21
scipy-0.16.0b2,scipy-0.16.0b2/scipy/interpolate/polyint.py,PiecewisePolynomial,False,6,206,26.666666666666668,207,110,108,1,65,33
scipy-0.16.0b2,scipy-0.16.0b2/scipy/interpolate/rbf.py,Rbf,False,12,175,9.083333333333334,176,100,98,5,44,29
scipy-0.16.0b2,scipy-0.16.0b2/scipy/interpolate/_monotone.py,PchipInterpolator,False,4,125,17.0,126,57,45,14,44,23
scipy-0.16.0b2,scipy-0.16.0b2/scipy/interpolate/_monotone.py,Akima1DInterpolator,False,4,115,16.25,116,56,48,14,34,20
scipy-0.16.0b2,scipy-0.16.0b2/scipy/interpolate/tests/test_fitpack.py,TestSmokeTests,True,10,190,17.6,191,162,171,8,4,14
scipy-0.16.0b2,scipy-0.16.0b2/scipy/interpolate/tests/test_fitpack.py,TestSplev,True,3,35,11.0,36,26,27,5,0,4
scipy-0.16.0b2,scipy-0.16.0b2/scipy/interpolate/tests/test_fitpack.py,TestSplder,True,6,67,10.333333333333334,68,44,44,13,0,13
scipy-0.16.0b2,scipy-0.16.0b2/scipy/interpolate/tests/test_fitpack.py,TestBisplrep,True,2,17,8.0,18,11,11,5,0,2
scipy-0.16.0b2,scipy-0.16.0b2/scipy/interpolate/tests/test_fitpack2.py,TestUnivariateSpline,True,10,132,12.3,133,99,108,8,0,17
scipy-0.16.0b2,scipy-0.16.0b2/scipy/interpolate/tests/test_fitpack2.py,TestLSQBivariateSpline,True,4,69,16.25,70,55,59,6,0,8
scipy-0.16.0b2,scipy-0.16.0b2/scipy/interpolate/tests/test_fitpack2.py,TestSmoothBivariateSpline,True,4,61,14.5,62,50,50,5,0,8
scipy-0.16.0b2,scipy-0.16.0b2/scipy/interpolate/tests/test_fitpack2.py,TestLSQSphereBivariateSpline,True,3,26,8.0,27,23,22,3,0,2
scipy-0.16.0b2,scipy-0.16.0b2/scipy/interpolate/tests/test_fitpack2.py,TestSmoothSphereBivariateSpline,True,3,16,4.666666666666667,17,12,15,0,0,2
scipy-0.16.0b2,scipy-0.16.0b2/scipy/interpolate/tests/test_fitpack2.py,TestRectBivariateSpline,True,5,53,9.8,54,46,48,0,0,6
scipy-0.16.0b2,scipy-0.16.0b2/scipy/interpolate/tests/test_fitpack2.py,TestRectSphereBivariateSpline,True,4,63,15.0,64,41,55,0,0,9
scipy-0.16.0b2,scipy-0.16.0b2/scipy/interpolate/tests/test_gil.py,TestGIL,True,4,53,11.5,54,39,44,0,0,9
scipy-0.16.0b2,scipy-0.16.0b2/scipy/interpolate/tests/test_interpnd.py,TestLinearNDInterpolation,True,10,151,14.2,152,89,102,18,0,32
scipy-0.16.0b2,scipy-0.16.0b2/scipy/interpolate/tests/test_interpnd.py,TestEstimateGradients2DGlobal,True,2,33,16.0,34,20,24,4,0,6
scipy-0.16.0b2,scipy-0.16.0b2/scipy/interpolate/tests/test_interpnd.py,TestCloughTocher2DInterpolator,True,9,144,15.0,145,85,115,9,0,22
scipy-0.16.0b2,scipy-0.16.0b2/scipy/interpolate/tests/test_interpolate.py,TestInterp2D,True,6,78,12.166666666666666,79,74,61,2,0,16
scipy-0.16.0b2,scipy-0.16.0b2/scipy/interpolate/tests/test_interpolate.py,TestInterp1D,True,18,247,12.61111111111111,248,161,177,32,0,39
scipy-0.16.0b2,scipy-0.16.0b2/scipy/interpolate/tests/test_interpolate.py,TestLagrange,True,1,7,6.0,8,7,7,0,0,1
scipy-0.16.0b2,scipy-0.16.0b2/scipy/interpolate/tests/test_interpolate.py,TestAkima1DInterpolator,True,4,67,16.0,68,53,65,0,0,3
scipy-0.16.0b2,scipy-0.16.0b2/scipy/interpolate/tests/test_interpolate.py,TestPPolyCommon,True,6,108,17.0,109,85,79,10,0,20
scipy-0.16.0b2,scipy-0.16.0b2/scipy/interpolate/tests/test_interpolate.py,TestPolySubclassing,True,5,44,6.8,45,35,35,0,0,10
scipy-0.16.0b2,scipy-0.16.0b2/scipy/interpolate/tests/test_interpolate.py,TestPPoly,True,21,314,14.0,315,229,228,22,0,65
scipy-0.16.0b2,scipy-0.16.0b2/scipy/interpolate/tests/test_interpolate.py,TestBPoly,True,9,81,8.11111111111111,82,64,71,4,0,11
scipy-0.16.0b2,scipy-0.16.0b2/scipy/interpolate/tests/test_interpolate.py,TestBPolyCalculus,True,10,128,11.9,129,84,94,16,0,22
scipy-0.16.0b2,scipy-0.16.0b2/scipy/interpolate/tests/test_interpolate.py,TestPolyConversions,True,3,34,10.666666666666666,35,30,30,1,0,5
scipy-0.16.0b2,scipy-0.16.0b2/scipy/interpolate/tests/test_interpolate.py,TestBPolyFromDerivatives,True,15,143,8.6,144,108,105,14,0,28
scipy-0.16.0b2,scipy-0.16.0b2/scipy/interpolate/tests/test_interpolate.py,TestPpform,True,1,10,10.0,11,10,10,0,0,1
scipy-0.16.0b2,scipy-0.16.0b2/scipy/interpolate/tests/test_interpolate.py,TestRegularGridInterpolator,True,18,222,11.38888888888889,223,178,191,6,0,26
scipy-0.16.0b2,scipy-0.16.0b2/scipy/interpolate/tests/test_interpolate.py,MyValue,True,4,17,2.5,18,12,11,0,3,4
scipy-0.16.0b2,scipy-0.16.0b2/scipy/interpolate/tests/test_interpolate.py,TestInterpN,True,16,204,11.8125,205,143,155,11,0,39
scipy-0.16.0b2,scipy-0.16.0b2/scipy/interpolate/tests/test_interpolate_wrapper.py,Test,True,7,56,7.0,57,47,48,0,0,9
scipy-0.16.0b2,scipy-0.16.0b2/scipy/interpolate/tests/test_ndgriddata.py,TestGriddata,True,9,132,13.777777777777779,133,96,107,1,0,25
scipy-0.16.0b2,scipy-0.16.0b2/scipy/interpolate/tests/test_polyint.py,CheckKrogh,True,17,119,6.0588235294117645,120,89,102,1,0,17
scipy-0.16.0b2,scipy-0.16.0b2/scipy/interpolate/tests/test_polyint.py,CheckTaylor,True,1,7,7.0,8,8,8,0,0,0
scipy-0.16.0b2,scipy-0.16.0b2/scipy/interpolate/tests/test_polyint.py,CheckBarycentric,True,10,56,4.7,57,50,48,0,0,9
scipy-0.16.0b2,scipy-0.16.0b2/scipy/interpolate/tests/test_polyint.py,CheckPiecewise,True,13,139,9.76923076923077,140,99,115,1,0,24
scipy-0.16.0b2,scipy-0.16.0b2/scipy/interpolate/tests/test_polyint.py,TestPCHIP,True,4,39,9.0,40,32,32,3,0,5
scipy-0.16.0b2,scipy-0.16.0b2/scipy/interpolate/tests/test_regression.py,TestRegression,True,1,8,8.0,9,9,8,0,0,0
scipy-0.16.0b2,scipy-0.16.0b2/scipy/io/idl.py,Pointer,False,1,5,3.0,6,5,4,0,0,1
scipy-0.16.0b2,scipy-0.16.0b2/scipy/io/idl.py,ObjectPointer,False,0,2,0.0,3,3,2,0,0,0
scipy-0.16.0b2,scipy-0.16.0b2/scipy/io/idl.py,AttrDict,False,3,28,2.0,29,11,10,0,14,5
scipy-0.16.0b2,scipy-0.16.0b2/scipy/io/mmio.py,MMFile,False,23,535,19.565217391304348,536,395,401,42,9,89
scipy-0.16.0b2,scipy-0.16.0b2/scipy/io/netcdf.py,netcdf_file,False,32,678,16.09375,679,367,370,64,152,108
scipy-0.16.0b2,scipy-0.16.0b2/scipy/io/netcdf.py,netcdf_variable,False,10,172,11.2,173,56,48,8,87,30
scipy-0.16.0b2,scipy-0.16.0b2/scipy/io/wavfile.py,WavFileWarning,False,0,1,0.0,2,2,2,0,0,0
scipy-0.16.0b2,scipy-0.16.0b2/scipy/io/_fortran.py,FortranFile,False,9,226,17.333333333333332,227,49,45,0,131,51
scipy-0.16.0b2,scipy-0.16.0b2/scipy/io/arff/arffread.py,ArffError,False,0,1,0.0,2,2,2,0,0,0
scipy-0.16.0b2,scipy-0.16.0b2/scipy/io/arff/arffread.py,ParseArffError,False,0,1,0.0,2,2,2,0,0,0
scipy-0.16.0b2,scipy-0.16.0b2/scipy/io/arff/arffread.py,MetaData,False,6,61,5.833333333333333,62,35,32,2,18,8
scipy-0.16.0b2,scipy-0.16.0b2/scipy/io/arff/tests/test_arffread.py,DataTest,True,5,29,5.0,30,22,22,4,0,4
scipy-0.16.0b2,scipy-0.16.0b2/scipy/io/arff/tests/test_arffread.py,MissingDataTest,True,1,4,4.0,5,5,5,0,0,0
scipy-0.16.0b2,scipy-0.16.0b2/scipy/io/arff/tests/test_arffread.py,HeaderTest,True,5,77,14.6,78,51,52,6,0,20
scipy-0.16.0b2,scipy-0.16.0b2/scipy/io/arff/tests/test_arffread.py,DateAttributeTest,True,7,71,8.428571428571429,72,26,61,0,0,11
scipy-0.16.0b2,scipy-0.16.0b2/scipy/io/harwell_boeing/hb.py,MalformedHeader,False,0,1,0.0,2,2,2,0,0,0
scipy-0.16.0b2,scipy-0.16.0b2/scipy/io/harwell_boeing/hb.py,LineOverflow,False,0,1,0.0,2,2,2,0,0,0
scipy-0.16.0b2,scipy-0.16.0b2/scipy/io/harwell_boeing/hb.py,HBInfo,False,4,249,61.0,250,163,176,7,27,38
scipy-0.16.0b2,scipy-0.16.0b2/scipy/io/harwell_boeing/hb.py,HBMatrixType,False,4,58,7.25,59,37,51,1,0,6
scipy-0.16.0b2,scipy-0.16.0b2/scipy/io/harwell_boeing/hb.py,HBFile,False,8,44,4.0,45,27,26,2,9,8
scipy-0.16.0b2,scipy-0.16.0b2/scipy/io/harwell_boeing/_fortran_format_parser.py,BadFortranFormat,False,0,1,0.0,2,2,2,0,0,0
scipy-0.16.0b2,scipy-0.16.0b2/scipy/io/harwell_boeing/_fortran_format_parser.py,IntFormat,False,5,57,10.0,58,33,32,0,19,7
scipy-0.16.0b2,scipy-0.16.0b2/scipy/io/harwell_boeing/_fortran_format_parser.py,ExpFormat,False,5,70,12.6,71,38,36,5,23,7
scipy-0.16.0b2,scipy-0.16.0b2/scipy/io/harwell_boeing/_fortran_format_parser.py,Token,False,3,10,2.6666666666666665,11,9,9,0,0,2
scipy-0.16.0b2,scipy-0.16.0b2/scipy/io/harwell_boeing/_fortran_format_parser.py,Tokenizer,False,3,24,7.333333333333333,25,21,22,0,0,3
scipy-0.16.0b2,scipy-0.16.0b2/scipy/io/harwell_boeing/_fortran_format_parser.py,FortranFormatParser,False,6,88,12.5,89,68,68,0,7,14
scipy-0.16.0b2,scipy-0.16.0b2/scipy/io/harwell_boeing/tests/test_fortran_format.py,TestFortranFormatParser,True,9,32,2.6666666666666665,33,26,25,0,0,8
scipy-0.16.0b2,scipy-0.16.0b2/scipy/io/harwell_boeing/tests/test_fortran_format.py,TestIntFormat,True,2,13,6.0,14,11,12,0,0,2
scipy-0.16.0b2,scipy-0.16.0b2/scipy/io/harwell_boeing/tests/test_fortran_format.py,TestExpFormat,True,2,13,6.0,14,11,12,0,0,2
scipy-0.16.0b2,scipy-0.16.0b2/scipy/io/harwell_boeing/tests/test_hb.py,TestHBReader,True,1,3,3.0,4,4,4,0,0,0
scipy-0.16.0b2,scipy-0.16.0b2/scipy/io/harwell_boeing/tests/test_hb.py,TestRBRoundtrip,True,1,11,11.0,12,11,11,0,0,1
scipy-0.16.0b2,scipy-0.16.0b2/scipy/io/matlab/mio4.py,VarHeader4,False,1,15,11.0,16,9,14,1,0,1
scipy-0.16.0b2,scipy-0.16.0b2/scipy/io/matlab/mio4.py,VarReader4,False,8,202,24.125,203,114,116,9,60,22
scipy-0.16.0b2,scipy-0.16.0b2/scipy/io/matlab/mio4.py,MatFile4Reader,False,7,118,15.714285714285714,119,68,60,5,39,14
scipy-0.16.0b2,scipy-0.16.0b2/scipy/io/matlab/mio4.py,VarWriter4,False,8,135,16.0,136,90,96,5,27,10
scipy-0.16.0b2,scipy-0.16.0b2/scipy/io/matlab/mio4.py,MatFile4Writer,False,2,31,14.5,32,13,11,3,15,2
scipy-0.16.0b2,scipy-0.16.0b2/scipy/io/matlab/mio5.py,MatFile5Reader,False,8,221,24.25,222,108,125,13,57,25
scipy-0.16.0b2,scipy-0.16.0b2/scipy/io/matlab/mio5.py,EmptyStructMarker,False,0,1,0.0,2,2,1,0,0,0
scipy-0.16.0b2,scipy-0.16.0b2/scipy/io/matlab/mio5.py,VarWriter5,False,18,300,15.5,301,183,199,54,34,21
scipy-0.16.0b2,scipy-0.16.0b2/scipy/io/matlab/mio5.py,MatFile5Writer,False,3,81,25.333333333333332,82,44,49,3,25,5
scipy-0.16.0b2,scipy-0.16.0b2/scipy/io/matlab/mio5_params.py,mat_struct,False,0,7,0.0,8,3,2,0,5,1
scipy-0.16.0b2,scipy-0.16.0b2/scipy/io/matlab/mio5_params.py,MatlabObject,False,2,13,5.5,14,8,7,5,0,1
scipy-0.16.0b2,scipy-0.16.0b2/scipy/io/matlab/mio5_params.py,MatlabFunction,False,1,4,3.0,5,5,4,0,0,0
scipy-0.16.0b2,scipy-0.16.0b2/scipy/io/matlab/mio5_params.py,MatlabOpaque,False,1,4,3.0,5,5,4,0,0,0
scipy-0.16.0b2,scipy-0.16.0b2/scipy/io/matlab/miobase.py,MatReadError,False,0,1,0.0,2,2,2,0,0,0
scipy-0.16.0b2,scipy-0.16.0b2/scipy/io/matlab/miobase.py,MatWriteError,False,0,1,0.0,2,2,2,0,0,0
scipy-0.16.0b2,scipy-0.16.0b2/scipy/io/matlab/miobase.py,MatReadWarning,False,0,1,0.0,2,2,2,0,0,0
scipy-0.16.0b2,scipy-0.16.0b2/scipy/io/matlab/miobase.py,MatVarReader,False,3,11,2.6666666666666665,12,10,7,0,0,2
scipy-0.16.0b2,scipy-0.16.0b2/scipy/io/matlab/miobase.py,MatFileReader,False,4,58,11.25,59,33,37,1,12,7
scipy-0.16.0b2,scipy-0.16.0b2/scipy/io/matlab/tests/test_streams.py,TestZlibInputStream,True,5,83,15.8,84,68,68,0,0,16
scipy-0.16.0b2,scipy-0.16.0b2/scipy/io/tests/test_idl.py,TestIdict,True,1,9,8.0,10,10,9,0,0,1
scipy-0.16.0b2,scipy-0.16.0b2/scipy/io/tests/test_idl.py,TestScalars,True,15,58,2.8,59,43,43,1,0,15
scipy-0.16.0b2,scipy-0.16.0b2/scipy/io/tests/test_idl.py,TestCompressed,True,1,13,11.0,14,11,11,1,0,2
scipy-0.16.0b2,scipy-0.16.0b2/scipy/io/tests/test_idl.py,TestArrayDimensions,True,8,33,3.0,34,25,25,1,0,8
scipy-0.16.0b2,scipy-0.16.0b2/scipy/io/tests/test_idl.py,TestStructures,True,7,100,13.285714285714286,101,69,82,6,0,13
scipy-0.16.0b2,scipy-0.16.0b2/scipy/io/tests/test_idl.py,TestPointers,True,1,7,5.0,8,6,6,1,0,1
scipy-0.16.0b2,scipy-0.16.0b2/scipy/io/tests/test_idl.py,TestPointerArray,True,8,49,5.0,50,41,41,1,0,8
scipy-0.16.0b2,scipy-0.16.0b2/scipy/io/tests/test_idl.py,TestPointerStructures,True,6,69,10.333333333333334,70,49,51,7,0,12
scipy-0.16.0b2,scipy-0.16.0b2/scipy/io/tests/test_idl.py,TestTags,True,1,5,3.0,6,5,4,0,0,1
scipy-0.16.0b2,scipy-0.16.0b2/scipy/io/tests/test_mmio.py,TestMMIOArray,True,13,97,6.538461538461538,98,86,86,0,0,12
scipy-0.16.0b2,scipy-0.16.0b2/scipy/io/tests/test_mmio.py,TestMMIOCoordinate,True,13,191,13.76923076923077,192,132,154,6,0,33
scipy-0.16.0b2,scipy-0.16.0b2/scipy/linalg/_matfuncs_inv_ssq.py,LogmRankWarning,False,0,1,0.0,2,2,2,0,0,0
scipy-0.16.0b2,scipy-0.16.0b2/scipy/linalg/_matfuncs_inv_ssq.py,LogmExactlySingularWarning,False,0,1,0.0,2,2,2,0,0,0
scipy-0.16.0b2,scipy-0.16.0b2/scipy/linalg/_matfuncs_inv_ssq.py,LogmNearlySingularWarning,False,0,1,0.0,2,2,2,0,0,0
scipy-0.16.0b2,scipy-0.16.0b2/scipy/linalg/_matfuncs_inv_ssq.py,LogmError,False,0,1,0.0,2,2,2,0,0,0
scipy-0.16.0b2,scipy-0.16.0b2/scipy/linalg/_matfuncs_inv_ssq.py,FractionalMatrixPowerError,False,0,1,0.0,2,2,2,0,0,0
scipy-0.16.0b2,scipy-0.16.0b2/scipy/linalg/_matfuncs_inv_ssq.py,_MatrixM1PowerOperator,False,5,31,4.6,32,25,24,0,3,5
scipy-0.16.0b2,scipy-0.16.0b2/scipy/linalg/_matfuncs_sqrtm.py,SqrtmError,False,0,1,0.0,2,2,2,0,0,0
scipy-0.16.0b2,scipy-0.16.0b2/scipy/linalg/_testutils.py,_FakeMatrix,False,1,3,3.0,4,4,4,0,0,0
scipy-0.16.0b2,scipy-0.16.0b2/scipy/linalg/_testutils.py,_FakeMatrix2,False,2,5,2.0,6,5,5,0,0,1
scipy-0.16.0b2,scipy-0.16.0b2/scipy/linalg/tests/test_basic.py,TestSolveBanded,True,6,113,17.833333333333332,114,59,106,1,0,7
scipy-0.16.0b2,scipy-0.16.0b2/scipy/linalg/tests/test_basic.py,TestSolveHBanded,True,20,298,13.9,299,110,175,104,0,20
scipy-0.16.0b2,scipy-0.16.0b2/scipy/linalg/tests/test_basic.py,TestSolve,True,12,110,8.25,111,89,97,3,0,13
scipy-0.16.0b2,scipy-0.16.0b2/scipy/linalg/tests/test_basic.py,TestSolveTriangular,True,3,39,12.0,40,26,23,2,9,6
scipy-0.16.0b2,scipy-0.16.0b2/scipy/linalg/tests/test_basic.py,TestInv,True,6,44,6.5,45,34,40,0,0,5
scipy-0.16.0b2,scipy-0.16.0b2/scipy/linalg/tests/test_basic.py,TestDet,True,6,35,5.0,36,31,31,0,0,5
scipy-0.16.0b2,scipy-0.16.0b2/scipy/linalg/tests/test_basic.py,TestLstsq,True,11,94,7.636363636363637,95,78,80,4,0,11
scipy-0.16.0b2,scipy-0.16.0b2/scipy/linalg/tests/test_basic.py,TestPinv,True,6,40,5.666666666666667,41,34,35,0,0,6
scipy-0.16.0b2,scipy-0.16.0b2/scipy/linalg/tests/test_basic.py,TestPinvSymmetric,True,3,23,6.666666666666667,24,20,21,1,0,3
scipy-0.16.0b2,scipy-0.16.0b2/scipy/linalg/tests/test_basic.py,TestVectorNorms,True,4,36,8.0,37,25,26,6,0,5
scipy-0.16.0b2,scipy-0.16.0b2/scipy/linalg/tests/test_basic.py,TestMatrixNorms,True,1,20,19.0,21,17,17,3,0,1
scipy-0.16.0b2,scipy-0.16.0b2/scipy/linalg/tests/test_basic.py,TestOverwrite,True,10,30,2.1,31,22,22,0,0,9
scipy-0.16.0b2,scipy-0.16.0b2/scipy/linalg/tests/test_basic.py,TestSolveCirculant,True,7,74,9.571428571428571,75,56,54,9,0,12
scipy-0.16.0b2,scipy-0.16.0b2/scipy/linalg/tests/test_blas.py,TestCBLAS1Simple,True,1,12,11.0,13,12,12,0,0,1
scipy-0.16.0b2,scipy-0.16.0b2/scipy/linalg/tests/test_blas.py,TestFBLAS1Simple,True,10,112,10.2,113,103,103,0,0,10
scipy-0.16.0b2,scipy-0.16.0b2/scipy/linalg/tests/test_blas.py,TestFBLAS2Simple,True,5,240,47.0,241,192,199,5,0,37
scipy-0.16.0b2,scipy-0.16.0b2/scipy/linalg/tests/test_blas.py,TestFBLAS3Simple,True,1,14,13.0,15,14,14,0,0,1
scipy-0.16.0b2,scipy-0.16.0b2/scipy/linalg/tests/test_blas.py,TestBLAS3Symm,True,4,41,8.75,42,27,29,2,4,7
scipy-0.16.0b2,scipy-0.16.0b2/scipy/linalg/tests/test_blas.py,TestBLAS3Syrk,True,3,32,9.333333333333334,33,21,26,2,0,5
scipy-0.16.0b2,scipy-0.16.0b2/scipy/linalg/tests/test_blas.py,TestBLAS3Syr2k,True,3,34,10.333333333333334,35,22,29,1,0,5
scipy-0.16.0b2,scipy-0.16.0b2/scipy/linalg/tests/test_blas.py,TestSyHe,True,7,36,4.142857142857143,37,28,28,2,0,6
scipy-0.16.0b2,scipy-0.16.0b2/scipy/linalg/tests/test_blas.py,TestTRMM,True,4,41,9.25,42,29,34,6,0,4
scipy-0.16.0b2,scipy-0.16.0b2/scipy/linalg/tests/test_build.py,FindDependenciesLdd,True,3,27,8.333333333333334,28,22,22,0,0,6
scipy-0.16.0b2,scipy-0.16.0b2/scipy/linalg/tests/test_build.py,TestF77Mismatch,True,1,10,8.0,11,7,11,0,0,0
scipy-0.16.0b2,scipy-0.16.0b2/scipy/linalg/tests/test_cython_blas.py,test_dgemm,True,2,41,19.5,42,32,29,0,0,13
scipy-0.16.0b2,scipy-0.16.0b2/scipy/linalg/tests/test_cython_blas.py,test_wfunc_pointers,True,4,70,15.75,71,54,47,0,3,21
scipy-0.16.0b2,scipy-0.16.0b2/scipy/linalg/tests/test_cython_lapack.py,test_lamch,True,2,10,4.0,11,7,9,0,0,2
scipy-0.16.0b2,scipy-0.16.0b2/scipy/linalg/tests/test_decomp.py,TestEigVals,True,4,28,6.0,29,23,25,0,0,4
scipy-0.16.0b2,scipy-0.16.0b2/scipy/linalg/tests/test_decomp.py,TestEig,True,10,145,13.4,146,129,122,5,0,16
scipy-0.16.0b2,scipy-0.16.0b2/scipy/linalg/tests/test_decomp.py,TestEigBanded,True,13,269,19.53846153846154,270,195,179,28,22,44
scipy-0.16.0b2,scipy-0.16.0b2/scipy/linalg/tests/test_decomp.py,TestLU,True,14,74,4.071428571428571,75,49,47,8,0,18
scipy-0.16.0b2,scipy-0.16.0b2/scipy/linalg/tests/test_decomp.py,TestLUSingle,True,1,17,16.0,18,14,13,0,0,4
scipy-0.16.0b2,scipy-0.16.0b2/scipy/linalg/tests/test_decomp.py,TestLUSolve,True,3,26,8.0,27,19,19,0,0,8
scipy-0.16.0b2,scipy-0.16.0b2/scipy/linalg/tests/test_decomp.py,TestSVD,True,10,105,9.6,106,94,94,3,0,9
scipy-0.16.0b2,scipy-0.16.0b2/scipy/linalg/tests/test_decomp.py,TestSVDVals,True,9,54,4.888888888888889,55,45,45,1,0,9
scipy-0.16.0b2,scipy-0.16.0b2/scipy/linalg/tests/test_decomp.py,TestDiagSVD,True,1,3,2.0,4,3,3,0,0,1
scipy-0.16.0b2,scipy-0.16.0b2/scipy/linalg/tests/test_decomp.py,TestQR,True,53,539,9.169811320754716,540,504,464,19,0,57
scipy-0.16.0b2,scipy-0.16.0b2/scipy/linalg/tests/test_decomp.py,TestRQ,True,14,101,6.214285714285714,102,88,88,0,0,14
scipy-0.16.0b2,scipy-0.16.0b2/scipy/linalg/tests/test_decomp.py,TestSchur,True,4,88,21.0,89,42,81,0,0,8
scipy-0.16.0b2,scipy-0.16.0b2/scipy/linalg/tests/test_decomp.py,TestHessenberg,True,8,74,8.25,75,49,65,0,0,10
scipy-0.16.0b2,scipy-0.16.0b2/scipy/linalg/tests/test_decomp.py,TestQZ,True,8,175,15.5,176,84,105,54,0,17
scipy-0.16.0b2,scipy-0.16.0b2/scipy/linalg/tests/test_decomp.py,TestDatacopied,True,1,24,23.0,25,17,19,0,0,6
scipy-0.16.0b2,scipy-0.16.0b2/scipy/linalg/tests/test_decomp.py,TestOverwrite,True,16,52,2.3125,53,39,38,0,0,15
scipy-0.16.0b2,scipy-0.16.0b2/scipy/linalg/tests/test_decomp_cholesky.py,TestCholesky,True,5,54,9.8,55,50,50,0,0,5
scipy-0.16.0b2,scipy-0.16.0b2/scipy/linalg/tests/test_decomp_cholesky.py,TestCholeskyBanded,True,5,96,18.0,97,62,76,10,0,10
scipy-0.16.0b2,scipy-0.16.0b2/scipy/linalg/tests/test_decomp_cholesky.py,TestOverwrite,True,5,19,3.0,20,17,16,0,0,4
scipy-0.16.0b2,scipy-0.16.0b2/scipy/linalg/tests/test_decomp_update.py,BaseQRdeltas,True,2,15,7.0,16,15,15,0,0,1
scipy-0.16.0b2,scipy-0.16.0b2/scipy/linalg/tests/test_decomp_update.py,BaseQRdelete,True,64,508,6.796875,509,388,395,33,0,81
scipy-0.16.0b2,scipy-0.16.0b2/scipy/linalg/tests/test_decomp_update.py,TestQRdelete_f,True,0,1,0.0,2,2,2,0,0,0
scipy-0.16.0b2,scipy-0.16.0b2/scipy/linalg/tests/test_decomp_update.py,TestQRdelete_F,True,0,1,0.0,2,2,2,0,0,0
scipy-0.16.0b2,scipy-0.16.0b2/scipy/linalg/tests/test_decomp_update.py,TestQRdelete_d,True,0,1,0.0,2,2,2,0,0,0
scipy-0.16.0b2,scipy-0.16.0b2/scipy/linalg/tests/test_decomp_update.py,TestQRdelete_D,True,0,1,0.0,2,2,2,0,0,0
scipy-0.16.0b2,scipy-0.16.0b2/scipy/linalg/tests/test_decomp_update.py,BaseQRinsert,True,67,528,6.7164179104477615,529,404,397,48,0,84
scipy-0.16.0b2,scipy-0.16.0b2/scipy/linalg/tests/test_decomp_update.py,TestQRinsert_f,True,0,1,0.0,2,2,2,0,0,0
scipy-0.16.0b2,scipy-0.16.0b2/scipy/linalg/tests/test_decomp_update.py,TestQRinsert_F,True,0,1,0.0,2,2,2,0,0,0
scipy-0.16.0b2,scipy-0.16.0b2/scipy/linalg/tests/test_decomp_update.py,TestQRinsert_d,True,0,1,0.0,2,2,2,0,0,0
scipy-0.16.0b2,scipy-0.16.0b2/scipy/linalg/tests/test_decomp_update.py,TestQRinsert_D,True,0,1,0.0,2,2,2,0,0,0
scipy-0.16.0b2,scipy-0.16.0b2/scipy/linalg/tests/test_decomp_update.py,BaseQRupdate,True,44,447,9.181818181818182,448,362,351,29,0,69
scipy-0.16.0b2,scipy-0.16.0b2/scipy/linalg/tests/test_decomp_update.py,TestQRupdate_f,True,0,1,0.0,2,2,2,0,0,0
scipy-0.16.0b2,scipy-0.16.0b2/scipy/linalg/tests/test_decomp_update.py,TestQRupdate_F,True,0,1,0.0,2,2,2,0,0,0
scipy-0.16.0b2,scipy-0.16.0b2/scipy/linalg/tests/test_decomp_update.py,TestQRupdate_d,True,0,1,0.0,2,2,2,0,0,0
scipy-0.16.0b2,scipy-0.16.0b2/scipy/linalg/tests/test_decomp_update.py,TestQRupdate_D,True,0,1,0.0,2,2,2,0,0,0
scipy-0.16.0b2,scipy-0.16.0b2/scipy/linalg/tests/test_fblas.py,BaseAxpy,True,7,57,7.0,58,54,48,4,0,7
scipy-0.16.0b2,scipy-0.16.0b2/scipy/linalg/tests/test_fblas.py,TestDaxpy,True,0,2,0.0,3,3,3,0,0,0
scipy-0.16.0b2,scipy-0.16.0b2/scipy/linalg/tests/test_fblas.py,TestZaxpy,True,0,2,0.0,3,3,3,0,0,0
scipy-0.16.0b2,scipy-0.16.0b2/scipy/linalg/tests/test_fblas.py,BaseScal,True,3,23,6.333333333333333,24,21,19,2,0,3
scipy-0.16.0b2,scipy-0.16.0b2/scipy/linalg/tests/test_fblas.py,TestDscal,True,0,2,0.0,3,3,3,0,0,0
scipy-0.16.0b2,scipy-0.16.0b2/scipy/linalg/tests/test_fblas.py,TestZscal,True,0,2,0.0,3,3,3,0,0,0
scipy-0.16.0b2,scipy-0.16.0b2/scipy/linalg/tests/test_fblas.py,BaseCopy,True,6,45,6.333333333333333,46,41,37,4,0,6
scipy-0.16.0b2,scipy-0.16.0b2/scipy/linalg/tests/test_fblas.py,TestDcopy,True,0,2,0.0,3,3,3,0,0,0
scipy-0.16.0b2,scipy-0.16.0b2/scipy/linalg/tests/test_fblas.py,TestZcopy,True,0,2,0.0,3,3,3,0,0,0
scipy-0.16.0b2,scipy-0.16.0b2/scipy/linalg/tests/test_fblas.py,BaseSwap,True,6,57,8.333333333333334,58,58,49,4,0,6
scipy-0.16.0b2,scipy-0.16.0b2/scipy/linalg/tests/test_fblas.py,TestDswap,True,0,2,0.0,3,3,3,0,0,0
scipy-0.16.0b2,scipy-0.16.0b2/scipy/linalg/tests/test_fblas.py,TestZswap,True,0,2,0.0,3,3,3,0,0,0
scipy-0.16.0b2,scipy-0.16.0b2/scipy/linalg/tests/test_fblas.py,BaseGemv,True,11,92,7.2727272727272725,93,84,79,2,0,11
scipy-0.16.0b2,scipy-0.16.0b2/scipy/linalg/tests/test_fblas.py,TestDgemv,True,0,2,0.0,3,3,3,0,0,0
scipy-0.16.0b2,scipy-0.16.0b2/scipy/linalg/tests/test_fblas.py,TestZgemv,True,0,2,0.0,3,3,3,0,0,0
scipy-0.16.0b2,scipy-0.16.0b2/scipy/linalg/tests/test_interpolative.py,TestInterpolativeDecomposition,True,4,208,51.25,209,166,157,16,0,36
scipy-0.16.0b2,scipy-0.16.0b2/scipy/linalg/tests/test_lapack.py,TestFlapackSimple,True,4,90,21.0,91,64,73,6,0,13
scipy-0.16.0b2,scipy-0.16.0b2/scipy/linalg/tests/test_lapack.py,TestLapack,True,2,10,4.0,11,7,7,2,0,2
scipy-0.16.0b2,scipy-0.16.0b2/scipy/linalg/tests/test_lapack.py,TestLeastSquaresSolvers,True,3,165,54.0,166,97,134,6,0,26
scipy-0.16.0b2,scipy-0.16.0b2/scipy/linalg/tests/test_lapack.py,TestRegression,True,1,18,17.0,19,19,15,1,0,3
scipy-0.16.0b2,scipy-0.16.0b2/scipy/linalg/tests/test_lapack.py,TestDpotr,True,1,17,17.0,18,14,14,1,0,3
scipy-0.16.0b2,scipy-0.16.0b2/scipy/linalg/tests/test_lapack.py,TestDlasd4,True,1,29,29.0,30,22,23,0,0,7
scipy-0.16.0b2,scipy-0.16.0b2/scipy/linalg/tests/test_matfuncs.py,TestSignM,True,4,39,8.25,40,15,34,2,0,4
scipy-0.16.0b2,scipy-0.16.0b2/scipy/linalg/tests/test_matfuncs.py,TestLogM,True,9,126,12.88888888888889,127,77,90,18,0,19
scipy-0.16.0b2,scipy-0.16.0b2/scipy/linalg/tests/test_matfuncs.py,TestSqrtM,True,10,145,13.6,146,86,110,18,0,18
scipy-0.16.0b2,scipy-0.16.0b2/scipy/linalg/tests/test_matfuncs.py,TestFractionalMatrixPower,True,9,176,18.555555555555557,177,110,121,34,0,22
scipy-0.16.0b2,scipy-0.16.0b2/scipy/linalg/tests/test_matfuncs.py,TestExpM,True,2,18,8.5,19,17,17,0,0,2
scipy-0.16.0b2,scipy-0.16.0b2/scipy/linalg/tests/test_matfuncs.py,TestExpmFrechet,True,5,115,21.6,116,72,106,5,0,5
scipy-0.16.0b2,scipy-0.16.0b2/scipy/linalg/tests/test_matfuncs.py,TestExpmConditionNumber,True,4,66,15.5,67,48,54,7,0,6
scipy-0.16.0b2,scipy-0.16.0b2/scipy/linalg/tests/test_solvers.py,TestSolveLyapunov,True,3,75,4.0,76,14,72,7,0,4
scipy-0.16.0b2,scipy-0.16.0b2/scipy/linalg/tests/test_solvers.py,TestSolveContinuousARE,True,2,40,4.5,41,9,36,6,0,4
scipy-0.16.0b2,scipy-0.16.0b2/scipy/linalg/tests/test_solvers.py,TestSolveDiscreteARE,True,2,40,4.5,41,9,36,6,0,4
scipy-0.16.0b2,scipy-0.16.0b2/scipy/linalg/tests/test_solvers.py,TestSolveSylvester,True,3,51,4.0,52,14,48,9,0,4
scipy-0.16.0b2,scipy-0.16.0b2/scipy/linalg/tests/test_special_matrices.py,TestTri,True,4,37,8.5,38,13,35,0,0,3
scipy-0.16.0b2,scipy-0.16.0b2/scipy/linalg/tests/test_special_matrices.py,TestTril,True,2,20,9.5,21,20,20,0,0,1
scipy-0.16.0b2,scipy-0.16.0b2/scipy/linalg/tests/test_special_matrices.py,TestTriu,True,2,20,9.5,21,20,20,0,0,1
scipy-0.16.0b2,scipy-0.16.0b2/scipy/linalg/tests/test_special_matrices.py,TestToeplitz,True,7,44,5.285714285714286,45,38,35,2,0,7
scipy-0.16.0b2,scipy-0.16.0b2/scipy/linalg/tests/test_special_matrices.py,TestHankel,True,1,5,5.0,6,6,6,0,0,0
scipy-0.16.0b2,scipy-0.16.0b2/scipy/linalg/tests/test_special_matrices.py,TestCirculant,True,1,3,3.0,4,4,4,0,0,0
scipy-0.16.0b2,scipy-0.16.0b2/scipy/linalg/tests/test_special_matrices.py,TestHadamard,True,1,14,13.0,15,10,10,0,0,5
scipy-0.16.0b2,scipy-0.16.0b2/scipy/linalg/tests/test_special_matrices.py,TestLeslie,True,2,14,6.0,15,10,13,0,0,2
scipy-0.16.0b2,scipy-0.16.0b2/scipy/linalg/tests/test_special_matrices.py,TestCompanion,True,2,19,8.5,20,13,17,0,0,3
scipy-0.16.0b2,scipy-0.16.0b2/scipy/linalg/tests/test_special_matrices.py,TestBlockDiag,True,6,42,6.166666666666667,43,24,35,1,0,7
scipy-0.16.0b2,scipy-0.16.0b2/scipy/linalg/tests/test_special_matrices.py,TestKron,True,1,15,14.0,16,9,13,0,0,3
scipy-0.16.0b2,scipy-0.16.0b2/scipy/linalg/tests/test_special_matrices.py,TestHelmert,True,2,16,7.0,17,15,15,0,0,2
scipy-0.16.0b2,scipy-0.16.0b2/scipy/linalg/tests/test_special_matrices.py,TestHilbert,True,1,11,10.0,12,7,9,0,0,3
scipy-0.16.0b2,scipy-0.16.0b2/scipy/linalg/tests/test_special_matrices.py,TestInvHilbert,True,2,153,75.5,154,26,145,2,0,7
scipy-0.16.0b2,scipy-0.16.0b2/scipy/linalg/tests/test_special_matrices.py,TestPascal,True,4,48,5.5,49,20,40,4,0,5
scipy-0.16.0b2,scipy-0.16.0b2/scipy/misc/tests/test_pilutil.py,TestPILUtil,True,7,61,7.857142857142857,62,50,51,8,0,9
scipy-0.16.0b2,scipy-0.16.0b2/scipy/ndimage/tests/test_filters.py,TestThreading,True,7,53,6.714285714285714,54,49,48,0,0,6
scipy-0.16.0b2,scipy-0.16.0b2/scipy/ndimage/tests/test_measurements.py,Test_measurements_stats,True,5,64,11.6,65,55,57,2,0,5
scipy-0.16.0b2,scipy-0.16.0b2/scipy/ndimage/tests/test_measurements.py,Test_measurements_select,True,1,30,28.0,31,24,29,3,0,1
scipy-0.16.0b2,scipy-0.16.0b2/scipy/ndimage/tests/test_ndimage.py,TestNdimage,True,316,4466,13.129746835443038,4467,2363,4049,14,0,403
scipy-0.16.0b2,scipy-0.16.0b2/scipy/ndimage/tests/test_ndimage.py,TestDilateFix,True,3,21,6.0,22,12,16,2,0,4
scipy-0.16.0b2,scipy-0.16.0b2/scipy/odr/odrpack.py,odr_error,False,0,6,0.0,7,3,2,0,4,1
scipy-0.16.0b2,scipy-0.16.0b2/scipy/odr/odrpack.py,odr_stop,False,0,7,0.0,8,3,2,0,5,1
scipy-0.16.0b2,scipy-0.16.0b2/scipy/odr/odrpack.py,Data,False,3,101,8.0,102,18,15,0,78,9
scipy-0.16.0b2,scipy-0.16.0b2/scipy/odr/odrpack.py,RealData,False,4,125,16.0,126,52,51,2,54,20
scipy-0.16.0b2,scipy-0.16.0b2/scipy/odr/odrpack.py,Model,False,3,109,10.666666666666666,110,21,19,0,73,18
scipy-0.16.0b2,scipy-0.16.0b2/scipy/odr/odrpack.py,Output,False,2,71,11.0,72,20,18,1,46,7
scipy-0.16.0b2,scipy-0.16.0b2/scipy/odr/odrpack.py,ODR,False,7,503,55.714285714285715,504,202,222,26,181,82
scipy-0.16.0b2,scipy-0.16.0b2/scipy/odr/tests/test_odr.py,TestODR,True,13,311,22.0,312,123,269,9,0,35
scipy-0.16.0b2,scipy-0.16.0b2/scipy/optimize/lbfgsb.py,LbfgsInvHessProduct,False,3,90,22.333333333333332,91,40,35,0,35,20
scipy-0.16.0b2,scipy-0.16.0b2/scipy/optimize/linesearch.py,LineSearchWarning,False,0,1,0.0,2,2,2,0,0,0
scipy-0.16.0b2,scipy-0.16.0b2/scipy/optimize/nonlin.py,NoConvergence,False,0,1,0.0,2,2,2,0,0,0
scipy-0.16.0b2,scipy-0.16.0b2/scipy/optimize/nonlin.py,TerminationCondition,False,2,60,23.5,61,34,37,2,8,14
scipy-0.16.0b2,scipy-0.16.0b2/scipy/optimize/nonlin.py,Jacobian,False,5,65,4.8,66,24,23,1,31,11
scipy-0.16.0b2,scipy-0.16.0b2/scipy/optimize/nonlin.py,InverseJacobian,False,3,16,4.0,17,15,15,0,0,2
scipy-0.16.0b2,scipy-0.16.0b2/scipy/optimize/nonlin.py,GenericBroyden,False,3,23,7.0,24,19,19,2,0,3
scipy-0.16.0b2,scipy-0.16.0b2/scipy/optimize/nonlin.py,LowRankMatrix,False,13,193,13.0,194,131,112,2,34,40
scipy-0.16.0b2,scipy-0.16.0b2/scipy/optimize/nonlin.py,BroydenFirst,False,8,90,6.25,91,49,45,2,22,23
scipy-0.16.0b2,scipy-0.16.0b2/scipy/optimize/nonlin.py,BroydenSecond,False,1,37,7.0,38,8,7,1,21,10
scipy-0.16.0b2,scipy-0.16.0b2/scipy/optimize/nonlin.py,Anderson,False,4,129,19.0,130,66,63,25,20,22
scipy-0.16.0b2,scipy-0.16.0b2/scipy/optimize/nonlin.py,DiagBroyden,False,8,44,2.25,45,20,19,0,14,12
scipy-0.16.0b2,scipy-0.16.0b2/scipy/optimize/nonlin.py,LinearMixing,False,7,37,2.142857142857143,38,17,16,0,12,10
scipy-0.16.0b2,scipy-0.16.0b2/scipy/optimize/nonlin.py,ExcitingMixing,False,8,51,2.875,52,25,24,0,16,12
scipy-0.16.0b2,scipy-0.16.0b2/scipy/optimize/nonlin.py,KrylovJacobian,False,6,155,13.166666666666666,156,57,62,11,57,26
scipy-0.16.0b2,scipy-0.16.0b2/scipy/optimize/optimize.py,MemoizeJac,False,3,19,5.0,20,17,16,0,2,2
scipy-0.16.0b2,scipy-0.16.0b2/scipy/optimize/optimize.py,OptimizeResult,False,2,48,6.0,49,15,15,0,30,4
scipy-0.16.0b2,scipy-0.16.0b2/scipy/optimize/optimize.py,OptimizeWarning,False,0,1,0.0,2,2,2,0,0,0
scipy-0.16.0b2,scipy-0.16.0b2/scipy/optimize/optimize.py,_LineSearchError,False,0,1,0.0,2,2,2,0,0,0
scipy-0.16.0b2,scipy-0.16.0b2/scipy/optimize/optimize.py,Brent,False,5,162,31.2,163,132,136,26,0,9
scipy-0.16.0b2,scipy-0.16.0b2/scipy/optimize/zeros.py,RootResults,False,1,23,9.0,24,11,10,0,14,0
scipy-0.16.0b2,scipy-0.16.0b2/scipy/optimize/_basinhopping.py,Storage,False,4,19,3.25,20,15,14,0,3,3
scipy-0.16.0b2,scipy-0.16.0b2/scipy/optimize/_basinhopping.py,BasinHoppingRunner,False,4,146,30.5,147,82,86,15,25,20
scipy-0.16.0b2,scipy-0.16.0b2/scipy/optimize/_basinhopping.py,AdaptiveStepsize,False,5,64,7.6,65,32,34,3,19,8
scipy-0.16.0b2,scipy-0.16.0b2/scipy/optimize/_basinhopping.py,RandomDisplacement,False,2,11,2.5,12,7,6,0,4,2
scipy-0.16.0b2,scipy-0.16.0b2/scipy/optimize/_basinhopping.py,MinimizerWrapper,False,2,13,4.5,14,11,10,0,3,1
scipy-0.16.0b2,scipy-0.16.0b2/scipy/optimize/_basinhopping.py,Metropolis,False,3,17,4.0,18,11,10,0,6,2
scipy-0.16.0b2,scipy-0.16.0b2/scipy/optimize/_differentialevolution.py,DifferentialEvolutionSolver,False,15,474,23.8,475,199,235,25,143,72
scipy-0.16.0b2,scipy-0.16.0b2/scipy/optimize/_spectral.py,_NoConvergence,False,0,1,0.0,2,2,2,0,0,0
scipy-0.16.0b2,scipy-0.16.0b2/scipy/optimize/_trustregion.py,BaseQuadraticSubproblem,False,9,76,6.111111111111111,77,56,51,0,12,10
scipy-0.16.0b2,scipy-0.16.0b2/scipy/optimize/_trustregion_dogleg.py,DoglegSubproblem,False,3,84,26.666666666666668,85,33,30,12,30,12
scipy-0.16.0b2,scipy-0.16.0b2/scipy/optimize/_trustregion_ncg.py,CGSteihaugSubproblem,False,1,84,83.0,85,43,41,14,19,10
scipy-0.16.0b2,scipy-0.16.0b2/scipy/optimize/tests/test_cobyla.py,TestCobyla,True,7,60,7.714285714285714,61,45,48,1,0,12
scipy-0.16.0b2,scipy-0.16.0b2/scipy/optimize/tests/test_linesearch.py,TestLineSearch,True,17,199,10.117647058823529,200,152,159,15,0,29
scipy-0.16.0b2,scipy-0.16.0b2/scipy/optimize/tests/test_minpack.py,ReturnShape,True,2,10,2.0,11,6,5,0,4,2
scipy-0.16.0b2,scipy-0.16.0b2/scipy/optimize/tests/test_minpack.py,TestFSolve,True,7,48,6.0,49,36,37,6,0,6
scipy-0.16.0b2,scipy-0.16.0b2/scipy/optimize/tests/test_minpack.py,TestRootHybr,True,3,29,9.0,30,19,24,4,0,2
scipy-0.16.0b2,scipy-0.16.0b2/scipy/optimize/tests/test_minpack.py,TestRootLM,True,1,8,8.0,9,7,8,1,0,0
scipy-0.16.0b2,scipy-0.16.0b2/scipy/optimize/tests/test_minpack.py,TestLeastSq,True,10,78,6.9,79,57,62,6,0,11
scipy-0.16.0b2,scipy-0.16.0b2/scipy/optimize/tests/test_minpack.py,TestCurveFit,True,9,132,13.777777777777779,133,92,98,8,3,24
scipy-0.16.0b2,scipy-0.16.0b2/scipy/optimize/tests/test_minpack.py,TestFixedPoint,True,7,64,8.142857142857142,65,52,52,6,0,7
scipy-0.16.0b2,scipy-0.16.0b2/scipy/optimize/tests/test_nnls.py,TestNNLS,True,1,8,7.0,9,8,8,0,0,1
scipy-0.16.0b2,scipy-0.16.0b2/scipy/optimize/tests/test_nonlin.py,TestNonlin,True,6,50,6.0,51,35,35,1,5,10
scipy-0.16.0b2,scipy-0.16.0b2/scipy/optimize/tests/test_nonlin.py,TestSecant,True,6,73,9.333333333333334,74,46,49,7,4,13
scipy-0.16.0b2,scipy-0.16.0b2/scipy/optimize/tests/test_nonlin.py,TestLinear,True,5,39,6.4,40,26,26,4,2,8
scipy-0.16.0b2,scipy-0.16.0b2/scipy/optimize/tests/test_nonlin.py,TestJacobianDotSolve,True,9,92,9.11111111111111,93,72,71,2,0,19
scipy-0.16.0b2,scipy-0.16.0b2/scipy/optimize/tests/test_nonlin.py,TestNonlinOldTests,True,12,72,4.666666666666667,73,54,57,0,4,12
scipy-0.16.0b2,scipy-0.16.0b2/scipy/optimize/tests/test_optimize.py,TestOptimize,True,28,565,19.071428571428573,566,325,410,68,4,87
scipy-0.16.0b2,scipy-0.16.0b2/scipy/optimize/tests/test_optimize.py,TestLBFGSBBounds,True,7,33,3.857142857142857,34,22,26,2,0,6
scipy-0.16.0b2,scipy-0.16.0b2/scipy/optimize/tests/test_optimize.py,TestOptimizeScalar,True,9,144,15.11111111111111,145,93,109,3,0,32
scipy-0.16.0b2,scipy-0.16.0b2/scipy/optimize/tests/test_optimize.py,TestNewtonCg,True,2,21,10.0,22,12,21,0,0,1
scipy-0.16.0b2,scipy-0.16.0b2/scipy/optimize/tests/test_optimize.py,TestRosen,True,1,8,7.0,9,7,7,1,0,1
scipy-0.16.0b2,scipy-0.16.0b2/scipy/optimize/tests/test_optimize.py,TestOptimizeResultAttributes,True,2,28,12.5,29,21,25,2,0,2
scipy-0.16.0b2,scipy-0.16.0b2/scipy/optimize/tests/test_optimize.py,TestBrute,True,6,39,5.5,40,26,31,3,0,6
scipy-0.16.0b2,scipy-0.16.0b2/scipy/optimize/tests/test_regression.py,TestRegression,True,3,28,8.333333333333334,29,21,22,3,0,4
scipy-0.16.0b2,scipy-0.16.0b2/scipy/optimize/tests/test_slsqp.py,MyCallBack,True,2,11,3.0,12,8,7,0,3,2
scipy-0.16.0b2,scipy-0.16.0b2/scipy/optimize/tests/test_slsqp.py,TestSLSQP,True,33,287,7.484848484848484,288,152,198,27,20,35
scipy-0.16.0b2,scipy-0.16.0b2/scipy/optimize/tests/test_tnc.py,TestTnc,True,37,289,6.513513513513513,290,158,221,6,5,59
scipy-0.16.0b2,scipy-0.16.0b2/scipy/optimize/tests/test_trustregion.py,Accumulator,True,2,11,4.5,12,11,10,0,0,1
scipy-0.16.0b2,scipy-0.16.0b2/scipy/optimize/tests/test_trustregion.py,TestTrustRegionSolvers,True,5,53,9.6,54,41,43,6,0,5
scipy-0.16.0b2,scipy-0.16.0b2/scipy/optimize/tests/test_zeros.py,TestBasic,True,7,42,5.142857142857143,43,42,35,0,0,8
scipy-0.16.0b2,scipy-0.16.0b2/scipy/optimize/tests/test__basinhopping.py,MyTakeStep1,True,2,9,3.0,10,8,7,0,2,1
scipy-0.16.0b2,scipy-0.16.0b2/scipy/optimize/tests/test__basinhopping.py,MyAcceptTest,True,2,18,6.0,19,14,13,0,4,2
scipy-0.16.0b2,scipy-0.16.0b2/scipy/optimize/tests/test__basinhopping.py,MyCallBack,True,2,15,4.0,16,10,9,0,4,3
scipy-0.16.0b2,scipy-0.16.0b2/scipy/optimize/tests/test__basinhopping.py,TestBasinHopping,True,13,167,11.846153846153847,168,95,117,30,3,19
scipy-0.16.0b2,scipy-0.16.0b2/scipy/optimize/tests/test__basinhopping.py,Test_Storage,True,3,18,5.333333333333333,19,17,17,0,0,2
scipy-0.16.0b2,scipy-0.16.0b2/scipy/optimize/tests/test__basinhopping.py,Test_RandomDisplacement,True,2,14,6.5,15,11,11,3,0,1
scipy-0.16.0b2,scipy-0.16.0b2/scipy/optimize/tests/test__basinhopping.py,Test_Metropolis,True,5,32,5.6,33,25,25,4,0,4
scipy-0.16.0b2,scipy-0.16.0b2/scipy/optimize/tests/test__basinhopping.py,Test_AdaptiveStepsize,True,5,42,7.6,43,34,35,4,0,4
scipy-0.16.0b2,scipy-0.16.0b2/scipy/optimize/tests/test__differential_evolution.py,TestDifferentialEvolutionSolver,True,27,352,12.037037037037036,353,174,258,39,0,56
scipy-0.16.0b2,scipy-0.16.0b2/scipy/optimize/tests/test__root.py,TestRoot,True,2,35,17.0,36,26,28,3,0,5
scipy-0.16.0b2,scipy-0.16.0b2/scipy/signal/filter_design.py,BadCoefficients,False,0,1,0.0,2,2,2,0,0,0
scipy-0.16.0b2,scipy-0.16.0b2/scipy/signal/ltisys.py,lti,False,25,219,6.0,220,124,107,1,62,40
scipy-0.16.0b2,scipy-0.16.0b2/scipy/signal/ltisys.py,TransferFunction,False,11,126,7.818181818181818,127,48,44,3,49,28
scipy-0.16.0b2,scipy-0.16.0b2/scipy/signal/ltisys.py,ZerosPolesGain,False,13,137,7.153846153846154,138,56,53,3,49,30
scipy-0.16.0b2,scipy-0.16.0b2/scipy/signal/ltisys.py,StateSpace,False,15,153,7.133333333333334,154,61,61,2,55,33
scipy-0.16.0b2,scipy-0.16.0b2/scipy/signal/ltisys.py,Bunch,False,1,2,2.0,3,3,3,0,0,0
scipy-0.16.0b2,scipy-0.16.0b2/scipy/signal/tests/test_array_tools.py,TestArrayTools,True,5,84,15.8,85,57,64,0,0,21
scipy-0.16.0b2,scipy-0.16.0b2/scipy/signal/tests/test_cont2discrete.py,TestC2D,True,9,255,27.444444444444443,256,157,174,17,6,58
scipy-0.16.0b2,scipy-0.16.0b2/scipy/signal/tests/test_dltisys.py,TestDLTI,True,7,251,34.857142857142854,252,157,185,22,0,45
scipy-0.16.0b2,scipy-0.16.0b2/scipy/signal/tests/test_filter_design.py,TestCplxPair,True,5,67,12.4,68,45,43,11,0,14
scipy-0.16.0b2,scipy-0.16.0b2/scipy/signal/tests/test_filter_design.py,TestCplxReal,True,4,49,11.25,50,26,35,5,0,11
scipy-0.16.0b2,scipy-0.16.0b2/scipy/signal/tests/test_filter_design.py,TestTf2zpk,True,2,25,11.5,26,20,19,2,2,3
scipy-0.16.0b2,scipy-0.16.0b2/scipy/signal/tests/test_filter_design.py,TestZpk2Tf,True,1,16,15.0,17,13,12,5,0,1
scipy-0.16.0b2,scipy-0.16.0b2/scipy/signal/tests/test_filter_design.py,TestSos2Zpk,True,1,35,34.0,36,25,33,0,0,3
scipy-0.16.0b2,scipy-0.16.0b2/scipy/signal/tests/test_filter_design.py,TestSos2Tf,True,1,7,6.0,8,6,7,0,0,1
scipy-0.16.0b2,scipy-0.16.0b2/scipy/signal/tests/test_filter_design.py,TestTf2Sos,True,1,14,13.0,15,11,13,0,0,2
scipy-0.16.0b2,scipy-0.16.0b2/scipy/signal/tests/test_filter_design.py,TestZpk2Sos,True,1,134,133.0,135,71,90,38,0,15
scipy-0.16.0b2,scipy-0.16.0b2/scipy/signal/tests/test_filter_design.py,TestFreqz,True,4,29,6.25,30,21,20,3,0,6
scipy-0.16.0b2,scipy-0.16.0b2/scipy/signal/tests/test_filter_design.py,TestNormalize,True,1,45,44.0,46,10,25,14,2,5
scipy-0.16.0b2,scipy-0.16.0b2/scipy/signal/tests/test_filter_design.py,TestLp2lp,True,1,7,6.0,8,7,7,0,0,1
scipy-0.16.0b2,scipy-0.16.0b2/scipy/signal/tests/test_filter_design.py,TestLp2hp,True,1,7,6.0,8,7,7,0,0,1
scipy-0.16.0b2,scipy-0.16.0b2/scipy/signal/tests/test_filter_design.py,TestLp2bp,True,1,8,7.0,9,7,8,0,0,1
scipy-0.16.0b2,scipy-0.16.0b2/scipy/signal/tests/test_filter_design.py,TestLp2bs,True,1,7,6.0,8,7,7,0,0,1
scipy-0.16.0b2,scipy-0.16.0b2/scipy/signal/tests/test_filter_design.py,TestBilinear,True,1,16,15.0,17,12,15,0,0,2
scipy-0.16.0b2,scipy-0.16.0b2/scipy/signal/tests/test_filter_design.py,TestPrototypeType,True,1,13,12.0,14,7,11,2,0,1
scipy-0.16.0b2,scipy-0.16.0b2/scipy/signal/tests/test_filter_design.py,TestButtord,True,5,86,16.2,87,69,75,0,0,12
scipy-0.16.0b2,scipy-0.16.0b2/scipy/signal/tests/test_filter_design.py,TestCheb1ord,True,5,80,15.0,81,66,70,0,0,11
scipy-0.16.0b2,scipy-0.16.0b2/scipy/signal/tests/test_filter_design.py,TestCheb2ord,True,5,83,15.6,84,65,74,0,0,10
scipy-0.16.0b2,scipy-0.16.0b2/scipy/signal/tests/test_filter_design.py,TestEllipord,True,5,82,15.4,83,66,72,0,0,11
scipy-0.16.0b2,scipy-0.16.0b2/scipy/signal/tests/test_filter_design.py,TestBessel,True,2,83,40.5,84,27,75,4,0,5
scipy-0.16.0b2,scipy-0.16.0b2/scipy/signal/tests/test_filter_design.py,TestButter,True,6,234,38.0,235,85,211,11,0,16
scipy-0.16.0b2,scipy-0.16.0b2/scipy/signal/tests/test_filter_design.py,TestCheby1,True,6,248,40.333333333333336,249,83,226,10,0,16
scipy-0.16.0b2,scipy-0.16.0b2/scipy/signal/tests/test_filter_design.py,TestCheby2,True,6,264,43.0,265,62,248,13,0,11
scipy-0.16.0b2,scipy-0.16.0b2/scipy/signal/tests/test_filter_design.py,TestEllip,True,6,283,46.166666666666664,284,72,263,14,0,14
scipy-0.16.0b2,scipy-0.16.0b2/scipy/signal/tests/test_filter_design.py,TestIIRFilter,True,4,40,9.0,41,25,28,8,0,5
scipy-0.16.0b2,scipy-0.16.0b2/scipy/signal/tests/test_filter_design.py,TestGroupDelay,True,4,45,10.5,46,32,36,7,0,3
scipy-0.16.0b2,scipy-0.16.0b2/scipy/signal/tests/test_fir_filter_design.py,TestFirwin,True,4,86,20.5,87,55,59,10,15,12
scipy-0.16.0b2,scipy-0.16.0b2/scipy/signal/tests/test_fir_filter_design.py,TestFirWinMore,True,7,112,14.857142857142858,113,67,72,17,2,19
scipy-0.16.0b2,scipy-0.16.0b2/scipy/signal/tests/test_fir_filter_design.py,TestFirwin2,True,8,114,13.25,115,78,83,14,0,15
scipy-0.16.0b2,scipy-0.16.0b2/scipy/signal/tests/test_fir_filter_design.py,TestRemez,True,2,32,15.0,33,18,16,10,0,9
scipy-0.16.0b2,scipy-0.16.0b2/scipy/signal/tests/test_ltisys.py,TestPlacePoles,True,5,197,38.4,198,92,107,49,4,38
scipy-0.16.0b2,scipy-0.16.0b2/scipy/signal/tests/test_ltisys.py,TestSS2TF,True,4,66,15.5,67,30,43,11,0,13
scipy-0.16.0b2,scipy-0.16.0b2/scipy/signal/tests/test_ltisys.py,TestLsim,True,7,82,10.857142857142858,83,68,66,10,0,7
scipy-0.16.0b2,scipy-0.16.0b2/scipy/signal/tests/test_ltisys.py,Test_lsim2,True,6,72,11.0,73,56,49,16,0,8
scipy-0.16.0b2,scipy-0.16.0b2/scipy/signal/tests/test_ltisys.py,_TestImpulseFuncs,True,8,70,7.625,71,42,42,18,0,11
scipy-0.16.0b2,scipy-0.16.0b2/scipy/signal/tests/test_ltisys.py,TestImpulse2,True,1,2,2.0,3,3,3,0,0,0
scipy-0.16.0b2,scipy-0.16.0b2/scipy/signal/tests/test_ltisys.py,TestImpulse,True,1,2,2.0,3,3,3,0,0,0
scipy-0.16.0b2,scipy-0.16.0b2/scipy/signal/tests/test_ltisys.py,_TestStepFuncs,True,7,64,8.285714285714286,65,38,38,18,0,9
scipy-0.16.0b2,scipy-0.16.0b2/scipy/signal/tests/test_ltisys.py,TestStep2,True,2,14,6.5,15,8,8,5,0,2
scipy-0.16.0b2,scipy-0.16.0b2/scipy/signal/tests/test_ltisys.py,TestStep,True,2,8,3.5,9,5,5,3,0,1
scipy-0.16.0b2,scipy-0.16.0b2/scipy/signal/tests/test_ltisys.py,TestLti,True,1,19,19.0,20,12,12,5,0,3
scipy-0.16.0b2,scipy-0.16.0b2/scipy/signal/tests/test_ltisys.py,TestStateSpace,True,4,49,11.5,50,33,34,9,0,7
scipy-0.16.0b2,scipy-0.16.0b2/scipy/signal/tests/test_ltisys.py,TestTransferFunction,True,4,50,11.75,51,35,35,9,0,7
scipy-0.16.0b2,scipy-0.16.0b2/scipy/signal/tests/test_ltisys.py,TestZerosPolesGain,True,4,49,11.5,50,34,34,9,0,7
scipy-0.16.0b2,scipy-0.16.0b2/scipy/signal/tests/test_ltisys.py,Test_abcd_normalize,True,22,131,5.0,132,106,111,0,0,21
scipy-0.16.0b2,scipy-0.16.0b2/scipy/signal/tests/test_ltisys.py,Test_bode,True,9,97,9.777777777777779,98,58,58,31,0,10
scipy-0.16.0b2,scipy-0.16.0b2/scipy/signal/tests/test_ltisys.py,Test_freqresp,True,7,82,10.714285714285714,83,51,51,26,0,7
scipy-0.16.0b2,scipy-0.16.0b2/scipy/signal/tests/test_max_len_seq.py,TestMLS,True,2,54,26.0,55,33,40,15,0,2
scipy-0.16.0b2,scipy-0.16.0b2/scipy/signal/tests/test_peak_finding.py,TestRidgeLines,True,6,89,13.833333333333334,90,75,74,3,0,13
scipy-0.16.0b2,scipy-0.16.0b2/scipy/signal/tests/test_peak_finding.py,TestArgrel,True,4,80,19.0,81,52,56,7,0,18
scipy-0.16.0b2,scipy-0.16.0b2/scipy/signal/tests/test_peak_finding.py,TestFindPeaks,True,3,48,15.0,49,32,34,0,11,4
scipy-0.16.0b2,scipy-0.16.0b2/scipy/signal/tests/test_signaltools.py,_TestConvolve,True,7,75,9.714285714285714,76,47,64,0,0,12
scipy-0.16.0b2,scipy-0.16.0b2/scipy/signal/tests/test_signaltools.py,TestConvolve,True,2,17,7.5,18,13,13,2,0,3
scipy-0.16.0b2,scipy-0.16.0b2/scipy/signal/tests/test_signaltools.py,_TestConvolve2d,True,6,51,7.5,52,38,46,0,0,6
scipy-0.16.0b2,scipy-0.16.0b2/scipy/signal/tests/test_signaltools.py,TestConvolve2d,True,3,28,8.333333333333334,29,19,23,2,0,4
scipy-0.16.0b2,scipy-0.16.0b2/scipy/signal/tests/test_signaltools.py,TestFFTConvolve,True,15,197,12.066666666666666,198,101,174,13,0,22
scipy-0.16.0b2,scipy-0.16.0b2/scipy/signal/tests/test_signaltools.py,TestMedFilt,True,2,40,19.0,41,17,34,4,0,3
scipy-0.16.0b2,scipy-0.16.0b2/scipy/signal/tests/test_signaltools.py,TestWiener,True,1,12,11.0,13,6,12,0,0,1
scipy-0.16.0b2,scipy-0.16.0b2/scipy/signal/tests/test_signaltools.py,TestResample,True,1,8,7.0,9,6,6,2,0,1
scipy-0.16.0b2,scipy-0.16.0b2/scipy/signal/tests/test_signaltools.py,TestCSpline1DEval,True,1,12,11.0,13,10,9,1,0,3
scipy-0.16.0b2,scipy-0.16.0b2/scipy/signal/tests/test_signaltools.py,TestOrderFilt,True,1,4,3.0,5,3,4,0,0,1
scipy-0.16.0b2,scipy-0.16.0b2/scipy/signal/tests/test_signaltools.py,_TestLinearFilter,True,21,334,14.952380952380953,335,271,266,22,0,47
scipy-0.16.0b2,scipy-0.16.0b2/scipy/signal/tests/test_signaltools.py,TestLinearFilterFloat32,True,0,1,0.0,2,2,2,0,0,0
scipy-0.16.0b2,scipy-0.16.0b2/scipy/signal/tests/test_signaltools.py,TestLinearFilterFloat64,True,0,1,0.0,2,2,2,0,0,0
scipy-0.16.0b2,scipy-0.16.0b2/scipy/signal/tests/test_signaltools.py,TestLinearFilterFloatExtended,True,0,1,0.0,2,2,2,0,0,0
scipy-0.16.0b2,scipy-0.16.0b2/scipy/signal/tests/test_signaltools.py,TestLinearFilterComplex64,True,0,1,0.0,2,2,2,0,0,0
scipy-0.16.0b2,scipy-0.16.0b2/scipy/signal/tests/test_signaltools.py,TestLinearFilterComplex128,True,0,1,0.0,2,2,2,0,0,0
scipy-0.16.0b2,scipy-0.16.0b2/scipy/signal/tests/test_signaltools.py,TestLinearFilterComplexExtended,True,0,1,0.0,2,2,2,0,0,0
scipy-0.16.0b2,scipy-0.16.0b2/scipy/signal/tests/test_signaltools.py,TestLinearFilterDecimal,True,1,4,2.0,5,4,4,0,0,1
scipy-0.16.0b2,scipy-0.16.0b2/scipy/signal/tests/test_signaltools.py,TestLinearFilterObject,True,0,2,0.0,3,3,3,0,0,0
scipy-0.16.0b2,scipy-0.16.0b2/scipy/signal/tests/test_signaltools.py,_TestCorrelateReal,True,8,75,8.25,76,46,62,1,0,13
scipy-0.16.0b2,scipy-0.16.0b2/scipy/signal/tests/test_signaltools.py,_TestCorrelateComplex,True,5,52,8.0,53,37,40,4,0,9
scipy-0.16.0b2,scipy-0.16.0b2/scipy/signal/tests/test_signaltools.py,TestCorrelate2d,True,1,11,10.0,12,7,10,1,0,1
scipy-0.16.0b2,scipy-0.16.0b2/scipy/signal/tests/test_signaltools.py,TestLFilterZI,True,2,16,7.0,17,13,13,2,0,2
scipy-0.16.0b2,scipy-0.16.0b2/scipy/signal/tests/test_signaltools.py,TestFiltFilt,True,6,77,11.833333333333334,78,50,52,16,0,10
scipy-0.16.0b2,scipy-0.16.0b2/scipy/signal/tests/test_signaltools.py,TestDecimate,True,2,12,5.0,13,11,10,1,0,2
scipy-0.16.0b2,scipy-0.16.0b2/scipy/signal/tests/test_signaltools.py,TestHilbert,True,3,84,27.0,85,40,61,16,0,8
scipy-0.16.0b2,scipy-0.16.0b2/scipy/signal/tests/test_signaltools.py,TestHilbert2,True,1,15,14.0,16,10,10,3,0,3
scipy-0.16.0b2,scipy-0.16.0b2/scipy/signal/tests/test_signaltools.py,TestPartialFractionExpansion,True,4,54,12.75,55,43,43,6,0,6
scipy-0.16.0b2,scipy-0.16.0b2/scipy/signal/tests/test_signaltools.py,TestVectorstrength,True,14,146,9.428571428571429,147,113,113,0,0,34
scipy-0.16.0b2,scipy-0.16.0b2/scipy/signal/tests/test_signaltools.py,TestSOSFilt,True,7,152,19.857142857142858,153,104,98,24,0,33
scipy-0.16.0b2,scipy-0.16.0b2/scipy/signal/tests/test_spectral.py,TestPeriodogram,True,21,200,8.476190476190476,201,190,181,0,0,20
scipy-0.16.0b2,scipy-0.16.0b2/scipy/signal/tests/test_spectral.py,TestWelch,True,28,240,7.535714285714286,241,203,213,0,0,28
scipy-0.16.0b2,scipy-0.16.0b2/scipy/signal/tests/test_spectral.py,TestCSD,True,30,285,8.466666666666667,286,234,246,0,0,40
scipy-0.16.0b2,scipy-0.16.0b2/scipy/signal/tests/test_spectral.py,TestCoherence,True,2,21,10.0,22,17,17,1,0,5
scipy-0.16.0b2,scipy-0.16.0b2/scipy/signal/tests/test_spectral.py,TestSpectrogram,True,1,12,12.0,13,11,11,0,0,2
scipy-0.16.0b2,scipy-0.16.0b2/scipy/signal/tests/test_spectral.py,TestLombscargle,True,5,85,16.2,86,48,46,19,6,17
scipy-0.16.0b2,scipy-0.16.0b2/scipy/signal/tests/test_waveforms.py,TestChirp,True,19,172,8.052631578947368,173,148,152,2,0,19
scipy-0.16.0b2,scipy-0.16.0b2/scipy/signal/tests/test_waveforms.py,TestSweepPoly,True,7,65,8.285714285714286,66,59,57,0,0,7
scipy-0.16.0b2,scipy-0.16.0b2/scipy/signal/tests/test_waveforms.py,TestGaussPulse,True,4,24,5.0,25,21,21,0,0,4
scipy-0.16.0b2,scipy-0.16.0b2/scipy/signal/tests/test_wavelets.py,TestWavelets,True,6,120,19.166666666666668,121,95,91,10,0,20
scipy-0.16.0b2,scipy-0.16.0b2/scipy/signal/tests/test_windows.py,TestChebWin,True,4,30,6.5,31,23,27,0,0,4
scipy-0.16.0b2,scipy-0.16.0b2/scipy/signal/tests/test_windows.py,TestGetWindow,True,4,24,5.0,25,20,19,1,0,5
scipy-0.16.0b2,scipy-0.16.0b2/scipy/sparse/base.py,SparseWarning,False,0,1,0.0,2,2,2,0,0,0
scipy-0.16.0b2,scipy-0.16.0b2/scipy/sparse/base.py,SparseFormatWarning,False,0,1,0.0,2,2,2,0,0,0
scipy-0.16.0b2,scipy-0.16.0b2/scipy/sparse/base.py,SparseEfficiencyWarning,False,0,1,0.0,2,2,2,0,0,0
scipy-0.16.0b2,scipy-0.16.0b2/scipy/sparse/base.py,spmatrix,False,74,806,9.41891891891892,807,482,479,64,125,145
scipy-0.16.0b2,scipy-0.16.0b2/scipy/sparse/bsr.py,bsr_matrix,False,25,573,17.16,574,280,315,44,99,120
scipy-0.16.0b2,scipy-0.16.0b2/scipy/sparse/compressed.py,_cs_matrix,False,50,1127,20.44,1128,701,742,126,85,181
scipy-0.16.0b2,scipy-0.16.0b2/scipy/sparse/coo.py,coo_matrix,False,16,477,22.5625,478,250,264,18,124,71
scipy-0.16.0b2,scipy-0.16.0b2/scipy/sparse/csc.py,csc_matrix,False,9,179,8.555555555555555,180,53,56,11,80,33
scipy-0.16.0b2,scipy-0.16.0b2/scipy/sparse/csr.py,csr_matrix,False,11,408,26.363636363636363,409,206,212,19,101,79
scipy-0.16.0b2,scipy-0.16.0b2/scipy/sparse/data.py,_data_matrix,False,14,77,4.214285714285714,78,51,50,5,7,18
scipy-0.16.0b2,scipy-0.16.0b2/scipy/sparse/data.py,_minmax_mixin,False,4,73,16.25,74,43,42,0,17,15
scipy-0.16.0b2,scipy-0.16.0b2/scipy/sparse/dia.py,dia_matrix,False,12,255,15.25,256,150,150,13,52,42
scipy-0.16.0b2,scipy-0.16.0b2/scipy/sparse/dok.py,dok_matrix,False,26,459,14.615384615384615,460,306,302,36,58,65
scipy-0.16.0b2,scipy-0.16.0b2/scipy/sparse/lil.py,lil_matrix,False,21,379,13.80952380952381,380,224,226,25,68,62
scipy-0.16.0b2,scipy-0.16.0b2/scipy/sparse/sputils.py,IndexMixin,False,6,133,20.833333333333332,134,105,96,14,9,16
scipy-0.16.0b2,scipy-0.16.0b2/scipy/sparse/linalg/interface.py,LinearOperator,False,21,383,13.476190476190476,384,141,135,2,158,87
scipy-0.16.0b2,scipy-0.16.0b2/scipy/sparse/linalg/interface.py,_CustomLinearOperator,False,5,33,5.4,34,23,25,0,0,8
scipy-0.16.0b2,scipy-0.16.0b2/scipy/sparse/linalg/interface.py,_SumLinearOperator,False,5,22,3.6,23,17,19,0,0,4
scipy-0.16.0b2,scipy-0.16.0b2/scipy/sparse/linalg/interface.py,_ProductLinearOperator,False,5,23,3.8,24,17,20,0,0,4
scipy-0.16.0b2,scipy-0.16.0b2/scipy/sparse/linalg/interface.py,_ScaledLinearOperator,False,5,21,3.4,22,18,18,0,0,4
scipy-0.16.0b2,scipy-0.16.0b2/scipy/sparse/linalg/interface.py,_PowerLinearOperator,False,6,29,4.0,30,24,24,0,0,6
scipy-0.16.0b2,scipy-0.16.0b2/scipy/sparse/linalg/interface.py,MatrixLinearOperator,False,3,13,3.6666666666666665,14,12,12,0,0,2
scipy-0.16.0b2,scipy-0.16.0b2/scipy/sparse/linalg/interface.py,_AdjointMatrixOperator,False,3,12,3.0,13,11,11,0,0,2
scipy-0.16.0b2,scipy-0.16.0b2/scipy/sparse/linalg/interface.py,IdentityOperator,False,5,14,2.0,15,11,11,0,0,4
scipy-0.16.0b2,scipy-0.16.0b2/scipy/sparse/linalg/matfuncs.py,MatrixPowerOperator,False,5,33,5.4,34,29,29,0,0,5
scipy-0.16.0b2,scipy-0.16.0b2/scipy/sparse/linalg/matfuncs.py,ProductOperator,False,5,44,7.0,45,34,37,0,3,5
scipy-0.16.0b2,scipy-0.16.0b2/scipy/sparse/linalg/matfuncs.py,_ExpmPadeHelper,False,19,205,8.736842105263158,206,137,165,0,20,21
scipy-0.16.0b2,scipy-0.16.0b2/scipy/sparse/linalg/_expm_multiply.py,LazyOperatorNormInfo,False,4,51,9.5,52,22,17,0,28,7
scipy-0.16.0b2,scipy-0.16.0b2/scipy/sparse/linalg/dsolve/linsolve.py,MatrixRankWarning,False,0,1,0.0,2,2,2,0,0,0
scipy-0.16.0b2,scipy-0.16.0b2/scipy/sparse/linalg/dsolve/tests/test_linsolve.py,TestLinsolve,True,11,211,18.272727272727273,212,137,163,15,0,35
scipy-0.16.0b2,scipy-0.16.0b2/scipy/sparse/linalg/dsolve/tests/test_linsolve.py,TestSplu,True,12,209,16.5,210,152,149,22,0,39
scipy-0.16.0b2,scipy-0.16.0b2/scipy/sparse/linalg/eigen/arpack/arpack.py,ArpackError,False,1,6,3.0,7,5,4,0,3,0
scipy-0.16.0b2,scipy-0.16.0b2/scipy/sparse/linalg/eigen/arpack/arpack.py,ArpackNoConvergence,False,1,15,4.0,16,7,5,0,9,2
scipy-0.16.0b2,scipy-0.16.0b2/scipy/sparse/linalg/eigen/arpack/arpack.py,_ArpackParams,False,2,67,33.0,68,53,54,5,0,10
scipy-0.16.0b2,scipy-0.16.0b2/scipy/sparse/linalg/eigen/arpack/arpack.py,_SymmetricArpackParams,False,3,215,71.0,216,141,144,56,0,18
scipy-0.16.0b2,scipy-0.16.0b2/scipy/sparse/linalg/eigen/arpack/arpack.py,_UnsymmetricArpackParams,False,3,293,97.0,294,188,199,73,0,27
scipy-0.16.0b2,scipy-0.16.0b2/scipy/sparse/linalg/eigen/arpack/arpack.py,SpLuInv,False,2,20,7.0,21,13,13,2,5,1
scipy-0.16.0b2,scipy-0.16.0b2/scipy/sparse/linalg/eigen/arpack/arpack.py,LuInv,False,2,12,3.0,13,8,7,0,5,1
scipy-0.16.0b2,scipy-0.16.0b2/scipy/sparse/linalg/eigen/arpack/arpack.py,IterInv,False,2,27,10.5,28,19,20,2,5,1
scipy-0.16.0b2,scipy-0.16.0b2/scipy/sparse/linalg/eigen/arpack/arpack.py,IterOpInv,False,3,46,12.666666666666666,47,30,35,2,5,5
scipy-0.16.0b2,scipy-0.16.0b2/scipy/sparse/linalg/eigen/arpack/tests/test_arpack.py,DictWithRepr,True,2,5,2.0,6,5,5,0,0,1
scipy-0.16.0b2,scipy-0.16.0b2/scipy/sparse/linalg/eigen/arpack/tests/test_arpack.py,SymmetricParams,True,1,48,48.0,49,33,36,7,0,6
scipy-0.16.0b2,scipy-0.16.0b2/scipy/sparse/linalg/eigen/arpack/tests/test_arpack.py,NonSymmetricParams,True,1,47,47.0,48,33,35,8,0,6
scipy-0.16.0b2,scipy-0.16.0b2/scipy/sparse/linalg/eigen/arpack/tests/test_arpack.py,CheckingLinearOperator,True,3,12,3.3333333333333335,13,11,11,0,0,2
scipy-0.16.0b2,scipy-0.16.0b2/scipy/sparse/linalg/isolve/tests/test_iterative.py,Case,True,2,10,4.5,11,10,10,0,0,1
scipy-0.16.0b2,scipy-0.16.0b2/scipy/sparse/linalg/isolve/tests/test_iterative.py,IterativeParams,True,1,100,100.0,101,62,71,18,0,12
scipy-0.16.0b2,scipy-0.16.0b2/scipy/sparse/linalg/isolve/tests/test_iterative.py,TestQMR,True,1,39,39.0,40,28,27,0,0,12
scipy-0.16.0b2,scipy-0.16.0b2/scipy/sparse/linalg/isolve/tests/test_iterative.py,TestGMRES,True,2,28,13.5,29,23,22,2,0,5
scipy-0.16.0b2,scipy-0.16.0b2/scipy/sparse/linalg/isolve/tests/test_lgmres.py,TestLGMRES,True,2,37,18.0,38,27,27,3,0,8
scipy-0.16.0b2,scipy-0.16.0b2/scipy/sparse/linalg/isolve/tests/test_lsmr.py,TestLSMR,True,6,29,4.0,30,25,25,0,0,5
scipy-0.16.0b2,scipy-0.16.0b2/scipy/sparse/linalg/isolve/tests/test_lsmr.py,TestLSMRReturns,True,4,20,4.25,21,17,18,0,0,3
scipy-0.16.0b2,scipy-0.16.0b2/scipy/sparse/linalg/tests/test_expm_multiply.py,TestExpmActionSimple,True,10,110,9.7,111,95,98,0,3,10
scipy-0.16.0b2,scipy-0.16.0b2/scipy/sparse/linalg/tests/test_expm_multiply.py,TestExpmActionInterval,True,7,94,12.428571428571429,95,76,88,0,0,7
scipy-0.16.0b2,scipy-0.16.0b2/scipy/sparse/linalg/tests/test_interface.py,TestLinearOperator,True,2,119,59.0,120,87,98,0,0,22
scipy-0.16.0b2,scipy-0.16.0b2/scipy/sparse/linalg/tests/test_interface.py,TestAsLinearOperator,True,3,89,29.0,90,57,67,2,0,21
scipy-0.16.0b2,scipy-0.16.0b2/scipy/sparse/linalg/tests/test_matfuncs.py,TestExpM,True,26,417,15.076923076923077,418,180,313,79,0,26
scipy-0.16.0b2,scipy-0.16.0b2/scipy/sparse/linalg/tests/test_matfuncs.py,TestOperators,True,2,27,12.5,28,26,26,0,0,2
scipy-0.16.0b2,scipy-0.16.0b2/scipy/sparse/linalg/tests/test_norm.py,TestNorm,True,1,17,17.0,18,13,13,2,0,3
scipy-0.16.0b2,scipy-0.16.0b2/scipy/sparse/linalg/tests/test_norm.py,TestVsNumpyNorm,True,1,29,10.0,30,13,29,0,0,1
scipy-0.16.0b2,scipy-0.16.0b2/scipy/sparse/linalg/tests/test_onenormest.py,MatrixProductOperator,True,5,26,3.4,27,20,19,0,3,5
scipy-0.16.0b2,scipy-0.16.0b2/scipy/sparse/linalg/tests/test_onenormest.py,TestOnenormest,True,8,192,22.125,193,140,141,30,0,22
scipy-0.16.0b2,scipy-0.16.0b2/scipy/sparse/linalg/tests/test_onenormest.py,TestAlgorithm_2_2,True,1,18,17.0,19,10,10,4,0,5
scipy-0.16.0b2,scipy-0.16.0b2/scipy/sparse/tests/test_base.py,_UFuncCheck,True,2,6,2.5,7,6,6,0,0,1
scipy-0.16.0b2,scipy-0.16.0b2/scipy/sparse/tests/test_base.py,BinopTester,True,6,19,2.0,20,13,13,1,0,6
scipy-0.16.0b2,scipy-0.16.0b2/scipy/sparse/tests/test_base.py,_TestCommon,True,66,1566,22.53030303030303,1567,1166,1178,164,0,234
scipy-0.16.0b2,scipy-0.16.0b2/scipy/sparse/tests/test_base.py,_TestInplaceArithmetic,True,4,99,24.0,100,75,75,7,0,18
scipy-0.16.0b2,scipy-0.16.0b2/scipy/sparse/tests/test_base.py,_TestGetSet,True,5,90,17.2,91,67,72,3,0,17
scipy-0.16.0b2,scipy-0.16.0b2/scipy/sparse/tests/test_base.py,_TestSolve,True,1,17,17.0,18,16,16,3,0,0
scipy-0.16.0b2,scipy-0.16.0b2/scipy/sparse/tests/test_base.py,_TestSlicing,True,9,200,21.22222222222222,201,190,146,20,0,35
scipy-0.16.0b2,scipy-0.16.0b2/scipy/sparse/tests/test_base.py,_TestSlicingAssign,True,5,116,22.4,117,103,97,4,0,16
scipy-0.16.0b2,scipy-0.16.0b2/scipy/sparse/tests/test_base.py,_TestFancyIndexing,True,8,182,21.375,183,147,127,15,3,41
scipy-0.16.0b2,scipy-0.16.0b2/scipy/sparse/tests/test_base.py,_TestFancyIndexingAssign,True,5,107,20.6,108,92,88,5,0,15
scipy-0.16.0b2,scipy-0.16.0b2/scipy/sparse/tests/test_base.py,_TestFancyMultidim,True,1,32,32.0,33,17,24,4,0,5
scipy-0.16.0b2,scipy-0.16.0b2/scipy/sparse/tests/test_base.py,_TestFancyMultidimAssign,True,4,95,23.0,96,70,72,1,0,23
scipy-0.16.0b2,scipy-0.16.0b2/scipy/sparse/tests/test_base.py,_TestArithmetic,True,3,88,27.666666666666668,89,53,63,12,3,15
scipy-0.16.0b2,scipy-0.16.0b2/scipy/sparse/tests/test_base.py,_TestMinMax,True,2,108,53.5,109,84,81,12,0,16
scipy-0.16.0b2,scipy-0.16.0b2/scipy/sparse/tests/test_base.py,_TestGetNnzAxis,True,1,17,17.0,18,13,15,1,0,2
scipy-0.16.0b2,scipy-0.16.0b2/scipy/sparse/tests/test_base.py,TestCSR,True,12,182,12.583333333333334,183,125,130,28,0,26
scipy-0.16.0b2,scipy-0.16.0b2/scipy/sparse/tests/test_base.py,TestCSC,True,10,104,9.2,105,86,89,3,0,13
scipy-0.16.0b2,scipy-0.16.0b2/scipy/sparse/tests/test_base.py,TestDOK,True,9,123,11.666666666666666,124,88,82,21,0,21
scipy-0.16.0b2,scipy-0.16.0b2/scipy/sparse/tests/test_base.py,TestLIL,True,9,108,10.777777777777779,109,81,84,4,0,21
scipy-0.16.0b2,scipy-0.16.0b2/scipy/sparse/tests/test_base.py,TestCOO,True,8,76,7.875,77,52,57,6,0,14
scipy-0.16.0b2,scipy-0.16.0b2/scipy/sparse/tests/test_base.py,TestDIA,True,3,29,6.666666666666667,30,20,25,1,0,4
scipy-0.16.0b2,scipy-0.16.0b2/scipy/sparse/tests/test_base.py,TestBSR,True,7,81,9.571428571428571,82,58,65,4,0,13
scipy-0.16.0b2,scipy-0.16.0b2/scipy/sparse/tests/test_base.py,_NonCanonicalMixin,True,8,55,5.125,56,39,40,2,2,12
scipy-0.16.0b2,scipy-0.16.0b2/scipy/sparse/tests/test_base.py,_NonCanonicalCompressedMixin,True,2,13,6.0,14,13,11,1,0,1
scipy-0.16.0b2,scipy-0.16.0b2/scipy/sparse/tests/test_base.py,_NonCanonicalCSMixin,True,4,15,2.0,16,13,13,0,0,3
scipy-0.16.0b2,scipy-0.16.0b2/scipy/sparse/tests/test_base.py,TestCSRNonCanonical,True,1,3,2.0,4,4,4,0,0,0
scipy-0.16.0b2,scipy-0.16.0b2/scipy/sparse/tests/test_base.py,TestCSCNonCanonical,True,2,7,2.0,8,7,7,0,0,1
scipy-0.16.0b2,scipy-0.16.0b2/scipy/sparse/tests/test_base.py,TestBSRNonCanonical,True,11,44,2.1818181818181817,45,35,35,0,0,10
scipy-0.16.0b2,scipy-0.16.0b2/scipy/sparse/tests/test_base.py,TestCOONonCanonical,True,4,21,4.25,22,19,18,0,0,3
scipy-0.16.0b2,scipy-0.16.0b2/scipy/sparse/tests/test_base.py,Test64Bit,True,11,148,11.272727272727273,149,96,105,16,0,29
scipy-0.16.0b2,scipy-0.16.0b2/scipy/sparse/tests/test_construct.py,TestConstructUtils,True,20,379,17.9,380,263,297,14,0,66
scipy-0.16.0b2,scipy-0.16.0b2/scipy/sparse/tests/test_extract.py,TestExtract,True,4,32,7.25,33,17,30,0,0,3
scipy-0.16.0b2,scipy-0.16.0b2/scipy/sparse/tests/test_sparsetools.py,TestInt32Overflow,True,14,164,9.642857142857142,165,109,110,22,6,29
scipy-0.16.0b2,scipy-0.16.0b2/scipy/sparse/tests/test_spfuncs.py,TestSparseFunctions,True,3,87,28.333333333333332,88,71,73,2,0,13
scipy-0.16.0b2,scipy-0.16.0b2/scipy/sparse/tests/test_sputils.py,TestSparseUtils,True,8,69,7.625,70,52,57,0,0,13
scipy-0.16.0b2,scipy-0.16.0b2/scipy/spatial/kdtree.py,Rectangle,False,8,96,10.625,97,33,25,0,51,19
scipy-0.16.0b2,scipy-0.16.0b2/scipy/spatial/kdtree.py,KDTree,False,10,742,65.1,743,399,399,34,232,78
scipy-0.16.0b2,scipy-0.16.0b2/scipy/spatial/tests/test_distance.py,TestCdist,True,31,275,7.870967741935484,276,231,233,7,0,36
scipy-0.16.0b2,scipy-0.16.0b2/scipy/spatial/tests/test_distance.py,TestPdist,True,86,745,7.662790697674419,746,593,633,21,0,92
scipy-0.16.0b2,scipy-0.16.0b2/scipy/spatial/tests/test_distance.py,TestSomeDistanceFunctions,True,8,62,6.75,63,53,51,3,0,9
scipy-0.16.0b2,scipy-0.16.0b2/scipy/spatial/tests/test_distance.py,TestSquareForm,True,8,64,7.0,65,55,55,2,0,8
scipy-0.16.0b2,scipy-0.16.0b2/scipy/spatial/tests/test_distance.py,TestNumObsY,True,11,49,3.4545454545454546,50,33,33,6,0,11
scipy-0.16.0b2,scipy-0.16.0b2/scipy/spatial/tests/test_distance.py,TestNumObsDM,True,8,32,3.0,33,23,23,2,0,8
scipy-0.16.0b2,scipy-0.16.0b2/scipy/spatial/tests/test_distance.py,TestIsValidDM,True,15,75,4.0,76,60,60,1,0,15
scipy-0.16.0b2,scipy-0.16.0b2/scipy/spatial/tests/test_distance.py,TestIsValidY,True,13,59,3.3076923076923075,60,44,44,3,0,13
scipy-0.16.0b2,scipy-0.16.0b2/scipy/spatial/tests/test_kdtree.py,ConsistencyTests,True,6,66,10.166666666666666,67,65,62,0,0,5
scipy-0.16.0b2,scipy-0.16.0b2/scipy/spatial/tests/test_kdtree.py,test_random,True,1,9,9.0,10,10,10,0,0,0
scipy-0.16.0b2,scipy-0.16.0b2/scipy/spatial/tests/test_kdtree.py,test_random_far,True,1,3,3.0,4,4,4,0,0,0
scipy-0.16.0b2,scipy-0.16.0b2/scipy/spatial/tests/test_kdtree.py,test_small,True,3,26,8.0,27,14,25,0,0,2
scipy-0.16.0b2,scipy-0.16.0b2/scipy/spatial/tests/test_kdtree.py,test_small_nonleaf,True,1,3,3.0,4,4,4,0,0,0
scipy-0.16.0b2,scipy-0.16.0b2/scipy/spatial/tests/test_kdtree.py,test_small_compiled,True,1,3,3.0,4,4,4,0,0,0
scipy-0.16.0b2,scipy-0.16.0b2/scipy/spatial/tests/test_kdtree.py,test_small_nonleaf_compiled,True,1,3,3.0,4,4,4,0,0,0
scipy-0.16.0b2,scipy-0.16.0b2/scipy/spatial/tests/test_kdtree.py,test_random_compiled,True,1,3,3.0,4,4,4,0,0,0
scipy-0.16.0b2,scipy-0.16.0b2/scipy/spatial/tests/test_kdtree.py,test_random_far_compiled,True,1,3,3.0,4,4,4,0,0,0
scipy-0.16.0b2,scipy-0.16.0b2/scipy/spatial/tests/test_kdtree.py,test_vectorization,True,7,51,6.428571428571429,52,42,45,0,0,7
scipy-0.16.0b2,scipy-0.16.0b2/scipy/spatial/tests/test_kdtree.py,test_vectorization_compiled,True,6,45,6.666666666666667,46,38,41,0,0,5
scipy-0.16.0b2,scipy-0.16.0b2/scipy/spatial/tests/test_kdtree.py,ball_consistency,True,2,11,4.5,12,10,10,0,0,2
scipy-0.16.0b2,scipy-0.16.0b2/scipy/spatial/tests/test_kdtree.py,test_random_ball,True,1,11,10.0,12,11,11,0,0,1
scipy-0.16.0b2,scipy-0.16.0b2/scipy/spatial/tests/test_kdtree.py,test_random_ball_compiled,True,1,11,10.0,12,11,11,0,0,1
scipy-0.16.0b2,scipy-0.16.0b2/scipy/spatial/tests/test_kdtree.py,test_random_ball_approx,True,1,4,3.0,5,4,4,0,0,1
scipy-0.16.0b2,scipy-0.16.0b2/scipy/spatial/tests/test_kdtree.py,test_random_ball_approx_compiled,True,1,4,3.0,5,4,4,0,0,1
scipy-0.16.0b2,scipy-0.16.0b2/scipy/spatial/tests/test_kdtree.py,test_random_ball_far,True,1,4,3.0,5,4,4,0,0,1
scipy-0.16.0b2,scipy-0.16.0b2/scipy/spatial/tests/test_kdtree.py,test_random_ball_far_compiled,True,1,4,3.0,5,4,4,0,0,1
scipy-0.16.0b2,scipy-0.16.0b2/scipy/spatial/tests/test_kdtree.py,test_random_ball_l1,True,1,4,3.0,5,4,4,0,0,1
scipy-0.16.0b2,scipy-0.16.0b2/scipy/spatial/tests/test_kdtree.py,test_random_ball_l1_compiled,True,1,4,3.0,5,4,4,0,0,1
scipy-0.16.0b2,scipy-0.16.0b2/scipy/spatial/tests/test_kdtree.py,test_random_ball_linf,True,1,4,3.0,5,4,4,0,0,1
scipy-0.16.0b2,scipy-0.16.0b2/scipy/spatial/tests/test_kdtree.py,test_random_ball_linf_compiled,True,1,4,3.0,5,4,4,0,0,1
scipy-0.16.0b2,scipy-0.16.0b2/scipy/spatial/tests/test_kdtree.py,two_trees_consistency,True,2,13,5.5,14,12,12,0,0,2
scipy-0.16.0b2,scipy-0.16.0b2/scipy/spatial/tests/test_kdtree.py,test_two_random_trees,True,1,12,11.0,13,12,12,0,0,1
scipy-0.16.0b2,scipy-0.16.0b2/scipy/spatial/tests/test_kdtree.py,test_two_random_trees_compiled,True,1,12,11.0,13,12,12,0,0,1
scipy-0.16.0b2,scipy-0.16.0b2/scipy/spatial/tests/test_kdtree.py,test_two_random_trees_far,True,1,4,3.0,5,4,4,0,0,1
scipy-0.16.0b2,scipy-0.16.0b2/scipy/spatial/tests/test_kdtree.py,test_two_random_trees_far_compiled,True,1,4,3.0,5,4,4,0,0,1
scipy-0.16.0b2,scipy-0.16.0b2/scipy/spatial/tests/test_kdtree.py,test_two_random_trees_linf,True,1,4,3.0,5,4,4,0,0,1
scipy-0.16.0b2,scipy-0.16.0b2/scipy/spatial/tests/test_kdtree.py,test_two_random_trees_linf_compiled,True,1,4,3.0,5,4,4,0,0,1
scipy-0.16.0b2,scipy-0.16.0b2/scipy/spatial/tests/test_kdtree.py,test_rectangle,True,8,28,2.5,29,21,21,0,0,8
scipy-0.16.0b2,scipy-0.16.0b2/scipy/spatial/tests/test_kdtree.py,test_count_neighbors,True,4,24,5.0,25,19,21,0,0,4
scipy-0.16.0b2,scipy-0.16.0b2/scipy/spatial/tests/test_kdtree.py,test_count_neighbors_compiled,True,4,24,5.0,25,19,21,0,0,4
scipy-0.16.0b2,scipy-0.16.0b2/scipy/spatial/tests/test_kdtree.py,test_sparse_distance_matrix,True,3,22,6.666666666666667,23,18,20,1,0,2
scipy-0.16.0b2,scipy-0.16.0b2/scipy/spatial/tests/test_kdtree.py,test_sparse_distance_matrix_compiled,True,4,33,7.5,34,26,28,1,0,5
scipy-0.16.0b2,scipy-0.16.0b2/scipy/spatial/tests/test_qhull.py,Test_Qhull,True,1,37,37.0,38,26,30,1,0,7
scipy-0.16.0b2,scipy-0.16.0b2/scipy/spatial/tests/test_qhull.py,TestUtilities,True,6,187,29.333333333333332,188,109,110,31,3,43
scipy-0.16.0b2,scipy-0.16.0b2/scipy/spatial/tests/test_qhull.py,TestVertexNeighborVertices,True,4,31,7.0,32,26,26,0,0,6
scipy-0.16.0b2,scipy-0.16.0b2/scipy/spatial/tests/test_qhull.py,TestDelaunay,True,9,124,12.444444444444445,125,78,80,14,3,31
scipy-0.16.0b2,scipy-0.16.0b2/scipy/spatial/tests/test_qhull.py,TestConvexHull,True,4,60,14.25,61,40,40,7,0,14
scipy-0.16.0b2,scipy-0.16.0b2/scipy/spatial/tests/test_qhull.py,TestVoronoi,True,6,198,32.166666666666664,199,93,151,16,0,32
scipy-0.16.0b2,scipy-0.16.0b2/scipy/spatial/tests/test__plotutils.py,TestPlotting,True,3,30,7.666666666666667,31,25,25,4,0,3
scipy-0.16.0b2,scipy-0.16.0b2/scipy/spatial/tests/test__procrustes.py,ProcrustesTests,True,7,107,14.285714285714286,108,37,68,23,0,16
scipy-0.16.0b2,scipy-0.16.0b2/scipy/special/basic.py,SpecialFunctionWarning,False,0,2,0.0,3,3,2,0,0,0
scipy-0.16.0b2,scipy-0.16.0b2/scipy/special/generate_ufuncs.py,Ufunc,False,8,201,20.875,202,129,143,7,22,30
scipy-0.16.0b2,scipy-0.16.0b2/scipy/special/orthogonal.py,orthopoly1d,False,3,37,11.333333333333334,38,32,33,1,0,4
scipy-0.16.0b2,scipy-0.16.0b2/scipy/special/_testutils.py,FuncData,False,4,214,43.5,215,148,145,10,34,24
scipy-0.16.0b2,scipy-0.16.0b2/scipy/special/tests/test_basic.py,TestCephes,True,190,829,3.363157894736842,830,552,603,27,0,207
scipy-0.16.0b2,scipy-0.16.0b2/scipy/special/tests/test_basic.py,TestAiry,True,6,107,17.0,108,57,83,7,0,18
scipy-0.16.0b2,scipy-0.16.0b2/scipy/special/tests/test_basic.py,TestAssocLaguerre,True,1,6,6.0,7,7,7,0,0,0
scipy-0.16.0b2,scipy-0.16.0b2/scipy/special/tests/test_basic.py,TestBesselpoly,True,1,2,2.0,3,3,3,0,0,0
scipy-0.16.0b2,scipy-0.16.0b2/scipy/special/tests/test_basic.py,TestKelvin,True,18,150,7.333333333333333,151,63,132,8,0,17
scipy-0.16.0b2,scipy-0.16.0b2/scipy/special/tests/test_basic.py,TestBernoulli,True,1,8,8.0,9,4,9,0,0,0
scipy-0.16.0b2,scipy-0.16.0b2/scipy/special/tests/test_basic.py,TestBeta,True,4,18,3.75,19,16,16,0,0,3
scipy-0.16.0b2,scipy-0.16.0b2/scipy/special/tests/test_basic.py,TestCombinatorics,True,5,34,6.0,35,28,31,0,0,4
scipy-0.16.0b2,scipy-0.16.0b2/scipy/special/tests/test_basic.py,TestTrigonometric,True,11,66,5.090909090909091,67,56,56,1,0,10
scipy-0.16.0b2,scipy-0.16.0b2/scipy/special/tests/test_basic.py,TestTandg,True,3,26,7.666666666666667,27,24,24,0,0,3
scipy-0.16.0b2,scipy-0.16.0b2/scipy/special/tests/test_basic.py,TestEllip,True,9,132,13.777777777777779,133,110,109,9,0,14
scipy-0.16.0b2,scipy-0.16.0b2/scipy/special/tests/test_basic.py,TestErf,True,10,86,7.6,87,53,70,8,0,14
scipy-0.16.0b2,scipy-0.16.0b2/scipy/special/tests/test_basic.py,TestEuler,True,1,24,24.0,25,22,25,1,0,0
scipy-0.16.0b2,scipy-0.16.0b2/scipy/special/tests/test_basic.py,TestExp,True,6,29,4.0,30,25,25,0,0,5
scipy-0.16.0b2,scipy-0.16.0b2/scipy/special/tests/test_basic.py,TestFactorialFunctions,True,3,13,3.6666666666666665,14,10,12,0,0,2
scipy-0.16.0b2,scipy-0.16.0b2/scipy/special/tests/test_basic.py,TestFresnel,True,4,34,7.25,35,20,30,2,0,3
scipy-0.16.0b2,scipy-0.16.0b2/scipy/special/tests/test_basic.py,TestGamma,True,12,69,4.666666666666667,70,53,55,4,0,11
scipy-0.16.0b2,scipy-0.16.0b2/scipy/special/tests/test_basic.py,TestHankel,True,8,32,3.0,33,25,25,0,0,8
scipy-0.16.0b2,scipy-0.16.0b2/scipy/special/tests/test_basic.py,TestHyper,True,11,211,18.272727272727273,212,58,187,13,0,16
scipy-0.16.0b2,scipy-0.16.0b2/scipy/special/tests/test_basic.py,TestBessel,True,75,558,6.44,559,393,455,9,0,92
scipy-0.16.0b2,scipy-0.16.0b2/scipy/special/tests/test_basic.py,TestLaguerre,True,2,24,11.5,25,24,24,0,0,1
scipy-0.16.0b2,scipy-0.16.0b2/scipy/special/tests/test_basic.py,TestLegendre,True,1,13,13.0,14,14,14,0,0,0
scipy-0.16.0b2,scipy-0.16.0b2/scipy/special/tests/test_basic.py,TestLambda,True,1,5,5.0,6,5,6,0,0,0
scipy-0.16.0b2,scipy-0.16.0b2/scipy/special/tests/test_basic.py,TestLog1p,True,2,9,4.0,10,9,9,0,0,1
scipy-0.16.0b2,scipy-0.16.0b2/scipy/special/tests/test_basic.py,TestLegendreFunctions,True,13,132,9.23076923076923,133,87,113,3,3,14
scipy-0.16.0b2,scipy-0.16.0b2/scipy/special/tests/test_basic.py,TestMathieu,True,3,11,2.3333333333333335,12,7,7,2,0,3
scipy-0.16.0b2,scipy-0.16.0b2/scipy/special/tests/test_basic.py,TestFresnelIntegral,True,2,6,2.0,7,5,5,0,0,2
scipy-0.16.0b2,scipy-0.16.0b2/scipy/special/tests/test_basic.py,TestOblCvSeq,True,1,6,6.0,7,4,7,0,0,0
scipy-0.16.0b2,scipy-0.16.0b2/scipy/special/tests/test_basic.py,TestParabolicCylinder,True,6,43,6.333333333333333,44,35,34,2,0,8
scipy-0.16.0b2,scipy-0.16.0b2/scipy/special/tests/test_basic.py,TestPolygamma,True,1,22,21.0,23,15,18,3,0,2
scipy-0.16.0b2,scipy-0.16.0b2/scipy/special/tests/test_basic.py,TestProCvSeq,True,1,6,6.0,7,4,7,0,0,0
scipy-0.16.0b2,scipy-0.16.0b2/scipy/special/tests/test_basic.py,TestPsi,True,1,3,3.0,4,4,4,0,0,0
scipy-0.16.0b2,scipy-0.16.0b2/scipy/special/tests/test_basic.py,TestRadian,True,2,7,3.0,8,7,7,0,0,1
scipy-0.16.0b2,scipy-0.16.0b2/scipy/special/tests/test_basic.py,TestRiccati,True,2,9,4.0,10,9,9,0,0,1
scipy-0.16.0b2,scipy-0.16.0b2/scipy/special/tests/test_basic.py,TestRound,True,1,10,10.0,11,5,5,5,0,1
scipy-0.16.0b2,scipy-0.16.0b2/scipy/special/tests/test_basic.py,TestSpherical,True,8,65,7.25,66,49,58,5,0,7
scipy-0.16.0b2,scipy-0.16.0b2/scipy/special/tests/test_basic.py,TestStruve,True,4,32,7.25,33,29,26,0,0,4
scipy-0.16.0b2,scipy-0.16.0b2/scipy/special/tests/test_logit.py,TestLogit,True,4,38,8.75,39,25,33,0,0,6
scipy-0.16.0b2,scipy-0.16.0b2/scipy/special/tests/test_logit.py,TestExpit,True,4,31,7.0,32,21,29,0,0,3
scipy-0.16.0b2,scipy-0.16.0b2/scipy/special/tests/test_mpmath.py,Arg,True,2,60,27.0,61,40,53,0,4,3
scipy-0.16.0b2,scipy-0.16.0b2/scipy/special/tests/test_mpmath.py,FixedArg,True,2,5,2.0,6,5,5,0,0,1
scipy-0.16.0b2,scipy-0.16.0b2/scipy/special/tests/test_mpmath.py,ComplexArg,True,2,9,4.0,10,10,9,0,0,1
scipy-0.16.0b2,scipy-0.16.0b2/scipy/special/tests/test_mpmath.py,IntArg,True,2,10,4.5,11,10,10,0,0,1
scipy-0.16.0b2,scipy-0.16.0b2/scipy/special/tests/test_mpmath.py,MpmathData,True,3,90,29.333333333333332,91,69,75,6,0,10
scipy-0.16.0b2,scipy-0.16.0b2/scipy/special/tests/test_mpmath.py,_SystematicMeta,True,1,17,7.0,18,10,9,0,5,4
scipy-0.16.0b2,scipy-0.16.0b2/scipy/special/tests/test_mpmath.py,_TimeoutError,True,0,1,0.0,2,2,2,0,0,0
scipy-0.16.0b2,scipy-0.16.0b2/scipy/special/tests/test_mpmath.py,TestSystematic,True,105,990,8.161904761904761,991,539,775,73,0,143
scipy-0.16.0b2,scipy-0.16.0b2/scipy/special/tests/test_orthogonal.py,TestCheby,True,4,60,14.25,61,57,57,0,0,4
scipy-0.16.0b2,scipy-0.16.0b2/scipy/special/tests/test_orthogonal.py,TestGegenbauer,True,1,21,20.0,22,17,20,0,0,2
scipy-0.16.0b2,scipy-0.16.0b2/scipy/special/tests/test_orthogonal.py,TestHermite,True,2,36,17.5,37,34,34,1,0,2
scipy-0.16.0b2,scipy-0.16.0b2/scipy/special/tests/test_orthogonal.py,_test_sh_legendre,True,1,22,21.0,23,21,21,1,0,1
scipy-0.16.0b2,scipy-0.16.0b2/scipy/special/tests/test_orthogonal.py,_test_sh_chebyt,True,1,22,21.0,23,21,21,1,0,1
scipy-0.16.0b2,scipy-0.16.0b2/scipy/special/tests/test_orthogonal.py,_test_sh_chebyu,True,1,22,21.0,23,21,21,1,0,1
scipy-0.16.0b2,scipy-0.16.0b2/scipy/special/tests/test_orthogonal.py,_test_sh_jacobi,True,1,26,26.0,27,25,24,2,0,1
scipy-0.16.0b2,scipy-0.16.0b2/scipy/special/tests/test_orthogonal.py,TestCall,True,1,29,29.0,30,12,30,0,0,0
scipy-0.16.0b2,scipy-0.16.0b2/scipy/special/tests/test_orthogonal_eval.py,TestPolys,True,16,111,5.6875,112,70,88,2,3,21
scipy-0.16.0b2,scipy-0.16.0b2/scipy/special/tests/test_orthogonal_eval.py,TestRecurrence,True,15,98,5.266666666666667,99,63,76,2,3,20
scipy-0.16.0b2,scipy-0.16.0b2/scipy/special/tests/test_spfun_stats.py,TestMultiGammaLn,True,3,18,5.0,19,12,12,4,0,3
scipy-0.16.0b2,scipy-0.16.0b2/scipy/stats/kde.py,gaussian_kde,False,13,486,26.23076923076923,487,146,139,7,250,91
scipy-0.16.0b2,scipy-0.16.0b2/scipy/stats/_continuous_distns.py,ksone_gen,False,2,10,2.0,11,6,5,0,3,3
scipy-0.16.0b2,scipy-0.16.0b2/scipy/stats/_continuous_distns.py,kstwobign_gen,False,3,13,2.0,14,8,7,0,3,4
scipy-0.16.0b2,scipy-0.16.0b2/scipy/stats/_continuous_distns.py,norm_gen,False,12,81,4.25,82,41,40,3,16,23
scipy-0.16.0b2,scipy-0.16.0b2/scipy/stats/_continuous_distns.py,alpha_gen,False,5,33,2.0,34,12,11,0,11,12
scipy-0.16.0b2,scipy-0.16.0b2/scipy/stats/_continuous_distns.py,anglit_gen,False,5,31,2.0,32,12,11,0,10,11
scipy-0.16.0b2,scipy-0.16.0b2/scipy/stats/_continuous_distns.py,arcsine_gen,False,5,35,2.8,36,16,15,0,10,11
scipy-0.16.0b2,scipy-0.16.0b2/scipy/stats/_continuous_distns.py,FitDataError,False,1,10,7.0,11,3,8,3,0,0
scipy-0.16.0b2,scipy-0.16.0b2/scipy/stats/_continuous_distns.py,FitSolverError,False,1,6,4.0,7,5,5,2,0,0
scipy-0.16.0b2,scipy-0.16.0b2/scipy/stats/_continuous_distns.py,beta_gen,False,8,156,15.75,157,73,80,27,19,31
scipy-0.16.0b2,scipy-0.16.0b2/scipy/stats/_continuous_distns.py,betaprime_gen,False,5,50,5.2,51,24,27,0,12,12
scipy-0.16.0b2,scipy-0.16.0b2/scipy/stats/_continuous_distns.py,bradford_gen,False,5,46,4.6,47,24,24,0,11,12
scipy-0.16.0b2,scipy-0.16.0b2/scipy/stats/_continuous_distns.py,burr_gen,False,4,35,2.25,36,11,10,0,14,12
scipy-0.16.0b2,scipy-0.16.0b2/scipy/stats/_continuous_distns.py,fisk_gen,False,5,42,2.0,43,12,11,0,17,15
scipy-0.16.0b2,scipy-0.16.0b2/scipy/stats/_continuous_distns.py,cauchy_gen,False,8,40,2.25,41,19,18,1,9,13
scipy-0.16.0b2,scipy-0.16.0b2/scipy/stats/_continuous_distns.py,chi_gen,False,5,45,3.2,46,18,17,0,15,14
scipy-0.16.0b2,scipy-0.16.0b2/scipy/stats/_continuous_distns.py,chi2_gen,False,8,44,2.5,45,22,21,0,10,14
scipy-0.16.0b2,scipy-0.16.0b2/scipy/stats/_continuous_distns.py,cosine_gen,False,4,29,2.0,30,10,9,0,11,10
scipy-0.16.0b2,scipy-0.16.0b2/scipy/stats/_continuous_distns.py,dgamma_gen,False,7,48,3.2857142857142856,49,25,24,0,11,14
scipy-0.16.0b2,scipy-0.16.0b2/scipy/stats/_continuous_distns.py,dweibull_gen,False,7,49,3.2857142857142856,50,25,24,3,10,13
scipy-0.16.0b2,scipy-0.16.0b2/scipy/stats/_continuous_distns.py,expon_gen,False,10,50,2.0,51,22,21,0,13,17
scipy-0.16.0b2,scipy-0.16.0b2/scipy/stats/_continuous_distns.py,exponnorm_gen,False,6,65,4.833333333333333,66,29,28,2,21,15
scipy-0.16.0b2,scipy-0.16.0b2/scipy/stats/_continuous_distns.py,exponweib_gen,False,4,36,3.25,37,14,14,0,12,11
scipy-0.16.0b2,scipy-0.16.0b2/scipy/stats/_continuous_distns.py,exponpow_gen,False,6,44,2.3333333333333335,45,16,15,0,16,14
scipy-0.16.0b2,scipy-0.16.0b2/scipy/stats/_continuous_distns.py,fatiguelife_gen,False,6,59,4.833333333333333,60,25,25,5,16,14
scipy-0.16.0b2,scipy-0.16.0b2/scipy/stats/_continuous_distns.py,foldcauchy_gen,False,4,29,2.25,30,10,10,0,10,10
scipy-0.16.0b2,scipy-0.16.0b2/scipy/stats/_continuous_distns.py,f_gen,False,7,72,6.428571428571429,73,32,41,0,13,19
scipy-0.16.0b2,scipy-0.16.0b2/scipy/stats/_continuous_distns.py,foldnorm_gen,False,5,49,5.2,50,21,20,3,11,16
scipy-0.16.0b2,scipy-0.16.0b2/scipy/stats/_continuous_distns.py,frechet_r_gen,False,6,41,2.0,42,14,13,0,15,14
scipy-0.16.0b2,scipy-0.16.0b2/scipy/stats/_continuous_distns.py,frechet_l_gen,False,5,43,3.0,44,17,16,0,15,13
scipy-0.16.0b2,scipy-0.16.0b2/scipy/stats/_continuous_distns.py,genlogistic_gen,False,5,42,3.8,43,21,20,0,11,12
scipy-0.16.0b2,scipy-0.16.0b2/scipy/stats/_continuous_distns.py,genpareto_gen,False,9,68,3.4444444444444446,69,31,32,0,17,20
scipy-0.16.0b2,scipy-0.16.0b2/scipy/stats/_continuous_distns.py,genexpon_gen,False,3,38,2.6666666666666665,39,8,9,0,18,12
scipy-0.16.0b2,scipy-0.16.0b2/scipy/stats/_continuous_distns.py,genextreme_gen,False,7,93,8.571428571428571,94,51,54,4,18,18
scipy-0.16.0b2,scipy-0.16.0b2/scipy/stats/_continuous_distns.py,gamma_gen,False,10,121,8.5,122,53,52,27,16,27
scipy-0.16.0b2,scipy-0.16.0b2/scipy/stats/_continuous_distns.py,erlang_gen,False,3,55,6.333333333333333,56,15,27,7,13,9
scipy-0.16.0b2,scipy-0.16.0b2/scipy/stats/_continuous_distns.py,gengamma_gen,False,7,47,3.142857142857143,48,23,22,1,11,14
scipy-0.16.0b2,scipy-0.16.0b2/scipy/stats/_continuous_distns.py,genhalflogistic_gen,False,5,41,3.6,42,20,19,0,11,12
scipy-0.16.0b2,scipy-0.16.0b2/scipy/stats/_continuous_distns.py,gompertz_gen,False,5,33,2.0,34,12,11,0,11,12
scipy-0.16.0b2,scipy-0.16.0b2/scipy/stats/_continuous_distns.py,gumbel_r_gen,False,7,44,2.142857142857143,45,16,15,1,15,14
scipy-0.16.0b2,scipy-0.16.0b2/scipy/stats/_continuous_distns.py,gumbel_l_gen,False,6,41,2.1666666666666665,42,14,14,0,15,13
scipy-0.16.0b2,scipy-0.16.0b2/scipy/stats/_continuous_distns.py,halfcauchy_gen,False,6,34,2.0,35,14,13,0,10,12
scipy-0.16.0b2,scipy-0.16.0b2/scipy/stats/_continuous_distns.py,halflogistic_gen,False,6,42,3.3333333333333335,43,22,21,0,10,12
scipy-0.16.0b2,scipy-0.16.0b2/scipy/stats/_continuous_distns.py,halfnorm_gen,False,7,40,2.142857142857143,41,16,16,0,11,14
scipy-0.16.0b2,scipy-0.16.0b2/scipy/stats/_continuous_distns.py,hypsecant_gen,False,5,29,2.0,30,12,11,0,9,10
scipy-0.16.0b2,scipy-0.16.0b2/scipy/stats/_continuous_distns.py,gausshyper_gen,False,3,33,3.3333333333333335,34,12,11,0,13,10
scipy-0.16.0b2,scipy-0.16.0b2/scipy/stats/_continuous_distns.py,invgamma_gen,False,6,51,4.166666666666667,52,25,25,0,12,15
scipy-0.16.0b2,scipy-0.16.0b2/scipy/stats/_continuous_distns.py,invgauss_gen,False,5,41,2.8,42,15,14,1,14,13
scipy-0.16.0b2,scipy-0.16.0b2/scipy/stats/_continuous_distns.py,invweibull_gen,False,5,42,2.8,43,16,15,0,15,13
scipy-0.16.0b2,scipy-0.16.0b2/scipy/stats/_continuous_distns.py,johnsonsb_gen,False,4,35,2.25,36,11,10,0,14,12
scipy-0.16.0b2,scipy-0.16.0b2/scipy/stats/_continuous_distns.py,johnsonsu_gen,False,4,37,2.5,38,12,11,0,15,12
scipy-0.16.0b2,scipy-0.16.0b2/scipy/stats/_continuous_distns.py,laplace_gen,False,6,32,2.0,33,14,13,0,9,11
scipy-0.16.0b2,scipy-0.16.0b2/scipy/stats/_continuous_distns.py,levy_gen,False,4,37,2.75,38,11,10,2,14,12
scipy-0.16.0b2,scipy-0.16.0b2/scipy/stats/_continuous_distns.py,levy_l_gen,False,4,37,2.75,38,13,12,0,14,12
scipy-0.16.0b2,scipy-0.16.0b2/scipy/stats/_continuous_distns.py,levy_stable_gen,False,3,45,8.333333333333334,46,25,24,0,12,10
scipy-0.16.0b2,scipy-0.16.0b2/scipy/stats/_continuous_distns.py,logistic_gen,False,7,38,2.142857142857143,39,16,15,1,10,13
scipy-0.16.0b2,scipy-0.16.0b2/scipy/stats/_continuous_distns.py,loggamma_gen,False,5,39,3.2,40,16,15,2,11,12
scipy-0.16.0b2,scipy-0.16.0b2/scipy/stats/_continuous_distns.py,loglaplace_gen,False,5,41,2.4,42,14,13,0,16,13
scipy-0.16.0b2,scipy-0.16.0b2/scipy/stats/_continuous_distns.py,lognorm_gen,False,7,48,2.7142857142857144,49,21,20,0,14,15
scipy-0.16.0b2,scipy-0.16.0b2/scipy/stats/_continuous_distns.py,gilbrat_gen,False,7,42,2.7142857142857144,43,21,20,0,10,13
scipy-0.16.0b2,scipy-0.16.0b2/scipy/stats/_continuous_distns.py,maxwell_gen,False,6,43,2.3333333333333335,44,15,15,0,16,13
scipy-0.16.0b2,scipy-0.16.0b2/scipy/stats/_continuous_distns.py,mielke_gen,False,3,28,2.3333333333333335,29,9,8,0,11,10
scipy-0.16.0b2,scipy-0.16.0b2/scipy/stats/_continuous_distns.py,nakagami_gen,False,4,36,3.25,37,15,14,0,12,11
scipy-0.16.0b2,scipy-0.16.0b2/scipy/stats/_continuous_distns.py,ncx2_gen,False,6,39,2.3333333333333335,40,15,15,0,12,13
scipy-0.16.0b2,scipy-0.16.0b2/scipy/stats/_continuous_distns.py,ncf_gen,False,6,58,4.5,59,27,28,2,16,13
scipy-0.16.0b2,scipy-0.16.0b2/scipy/stats/_continuous_distns.py,t_gen,False,8,53,3.125,54,27,26,0,13,15
scipy-0.16.0b2,scipy-0.16.0b2/scipy/stats/_continuous_distns.py,nct_gen,False,6,85,9.833333333333334,86,52,51,7,13,15
scipy-0.16.0b2,scipy-0.16.0b2/scipy/stats/_continuous_distns.py,pareto_gen,False,5,57,6.8,58,35,35,0,11,12
scipy-0.16.0b2,scipy-0.16.0b2/scipy/stats/_continuous_distns.py,lomax_gen,False,8,46,2.125,47,19,18,0,13,16
scipy-0.16.0b2,scipy-0.16.0b2/scipy/stats/_continuous_distns.py,pearson3_gen,False,8,127,10.5,128,55,59,19,24,26
scipy-0.16.0b2,scipy-0.16.0b2/scipy/stats/_continuous_distns.py,powerlaw_gen,False,7,44,2.4285714285714284,45,16,18,0,12,15
scipy-0.16.0b2,scipy-0.16.0b2/scipy/stats/_continuous_distns.py,powerlognorm_gen,False,3,30,2.3333333333333335,31,8,8,0,13,10
scipy-0.16.0b2,scipy-0.16.0b2/scipy/stats/_continuous_distns.py,powernorm_gen,False,4,31,2.0,32,10,9,0,12,11
scipy-0.16.0b2,scipy-0.16.0b2/scipy/stats/_continuous_distns.py,rdist_gen,False,3,35,4.666666666666667,36,13,12,3,11,10
scipy-0.16.0b2,scipy-0.16.0b2/scipy/stats/_continuous_distns.py,rayleigh_gen,False,8,44,2.25,45,19,19,0,11,15
scipy-0.16.0b2,scipy-0.16.0b2/scipy/stats/_continuous_distns.py,reciprocal_gen,False,7,42,2.4285714285714284,43,19,18,0,11,14
scipy-0.16.0b2,scipy-0.16.0b2/scipy/stats/_continuous_distns.py,rice_gen,False,6,53,3.8333333333333335,54,19,19,5,16,14
scipy-0.16.0b2,scipy-0.16.0b2/scipy/stats/_continuous_distns.py,recipinvgauss_gen,False,4,33,2.75,34,13,12,0,11,11
scipy-0.16.0b2,scipy-0.16.0b2/scipy/stats/_continuous_distns.py,semicircular_gen,False,4,28,2.0,29,10,9,0,10,10
scipy-0.16.0b2,scipy-0.16.0b2/scipy/stats/_continuous_distns.py,triang_gen,False,7,42,2.142857142857143,43,16,16,0,14,13
scipy-0.16.0b2,scipy-0.16.0b2/scipy/stats/_continuous_distns.py,truncexpon_gen,False,7,50,3.5714285714285716,51,23,22,4,11,14
scipy-0.16.0b2,scipy-0.16.0b2/scipy/stats/_continuous_distns.py,truncnorm_gen,False,6,56,5.166666666666667,57,33,32,1,13,12
scipy-0.16.0b2,scipy-0.16.0b2/scipy/stats/_continuous_distns.py,tukeylambda_gen,False,6,44,2.8333333333333335,45,19,18,0,15,12
scipy-0.16.0b2,scipy-0.16.0b2/scipy/stats/_continuous_distns.py,uniform_gen,False,6,26,2.0,27,14,13,0,5,9
scipy-0.16.0b2,scipy-0.16.0b2/scipy/stats/_continuous_distns.py,vonmises_gen,False,4,38,2.0,39,10,9,0,17,13
scipy-0.16.0b2,scipy-0.16.0b2/scipy/stats/_continuous_distns.py,wald_gen,False,5,32,2.0,33,12,11,0,11,11
scipy-0.16.0b2,scipy-0.16.0b2/scipy/stats/_continuous_distns.py,wrapcauchy_gen,False,5,53,6.0,54,32,31,0,11,12
scipy-0.16.0b2,scipy-0.16.0b2/scipy/stats/_continuous_distns.py,gennorm_gen,False,8,60,2.625,61,21,20,2,22,17
scipy-0.16.0b2,scipy-0.16.0b2/scipy/stats/_continuous_distns.py,halfgennorm_gen,False,7,53,2.0,54,16,15,0,23,16
scipy-0.16.0b2,scipy-0.16.0b2/scipy/stats/_discrete_distns.py,binom_gen,False,9,64,4.111111111111111,65,40,38,0,11,16
scipy-0.16.0b2,scipy-0.16.0b2/scipy/stats/_discrete_distns.py,bernoulli_gen,False,9,46,2.0,47,20,19,0,12,16
scipy-0.16.0b2,scipy-0.16.0b2/scipy/stats/_discrete_distns.py,nbinom_gen,False,8,55,3.625,56,30,29,1,11,15
scipy-0.16.0b2,scipy-0.16.0b2/scipy/stats/_discrete_distns.py,geom_gen,False,9,54,3.0,55,29,28,0,11,16
scipy-0.16.0b2,scipy-0.16.0b2/scipy/stats/_discrete_distns.py,hypergeom_gen,False,7,109,7.285714285714286,110,40,39,10,38,22
scipy-0.16.0b2,scipy-0.16.0b2/scipy/stats/_discrete_distns.py,logser_gen,False,4,44,5.5,45,20,20,2,11,12
scipy-0.16.0b2,scipy-0.16.0b2/scipy/stats/_discrete_distns.py,poisson_gen,False,7,49,3.4285714285714284,50,26,25,0,11,14
scipy-0.16.0b2,scipy-0.16.0b2/scipy/stats/_discrete_distns.py,planck_gen,False,6,56,5.333333333333333,57,34,33,0,11,13
scipy-0.16.0b2,scipy-0.16.0b2/scipy/stats/_discrete_distns.py,boltzmann_gen,False,4,46,6.0,47,26,25,0,11,11
scipy-0.16.0b2,scipy-0.16.0b2/scipy/stats/_discrete_distns.py,randint_gen,False,7,59,4.428571428571429,60,30,28,0,16,16
scipy-0.16.0b2,scipy-0.16.0b2/scipy/stats/_discrete_distns.py,zipf_gen,False,4,34,3.0,35,12,13,0,11,11
scipy-0.16.0b2,scipy-0.16.0b2/scipy/stats/_discrete_distns.py,dlaplace_gen,False,5,43,4.0,44,23,21,0,11,12
scipy-0.16.0b2,scipy-0.16.0b2/scipy/stats/_discrete_distns.py,skellam_gen,False,4,52,5.5,53,18,22,1,18,12
scipy-0.16.0b2,scipy-0.16.0b2/scipy/stats/_distn_infrastructure.py,rv_frozen,False,23,96,3.0869565217391304,97,66,66,7,0,25
scipy-0.16.0b2,scipy-0.16.0b2/scipy/stats/_distn_infrastructure.py,rv_generic,False,26,624,22.384615384615383,625,297,290,44,199,94
scipy-0.16.0b2,scipy-0.16.0b2/scipy/stats/_distn_infrastructure.py,rv_continuous,False,30,1068,28.533333333333335,1069,452,443,42,437,152
scipy-0.16.0b2,scipy-0.16.0b2/scipy/stats/_distn_infrastructure.py,rv_discrete,False,17,735,34.588235294117645,736,301,314,35,302,94
scipy-0.16.0b2,scipy-0.16.0b2/scipy/stats/_multivariate.py,_PSD,False,2,68,13.5,69,21,21,5,34,9
scipy-0.16.0b2,scipy-0.16.0b2/scipy/stats/_multivariate.py,multi_rv_generic,False,4,31,5.25,32,17,15,0,10,7
scipy-0.16.0b2,scipy-0.16.0b2/scipy/stats/_multivariate.py,multi_rv_frozen,False,2,11,2.0,12,8,7,0,4,1
scipy-0.16.0b2,scipy-0.16.0b2/scipy/stats/_multivariate.py,multivariate_normal_gen,False,7,224,19.571428571428573,225,38,33,0,147,45
scipy-0.16.0b2,scipy-0.16.0b2/scipy/stats/_multivariate.py,multivariate_normal_frozen,False,5,62,11.6,63,19,18,0,35,10
scipy-0.16.0b2,scipy-0.16.0b2/scipy/stats/_multivariate.py,dirichlet_gen,False,9,221,16.333333333333332,222,47,40,0,128,54
scipy-0.16.0b2,scipy-0.16.0b2/scipy/stats/_multivariate.py,dirichlet_frozen,False,7,21,2.142857142857143,22,16,16,0,0,6
scipy-0.16.0b2,scipy-0.16.0b2/scipy/stats/_multivariate.py,wishart_gen,False,20,595,23.9,596,161,159,28,301,109
scipy-0.16.0b2,scipy-0.16.0b2/scipy/stats/_multivariate.py,wishart_frozen,False,8,53,3.625,54,27,29,0,15,10
scipy-0.16.0b2,scipy-0.16.0b2/scipy/stats/_multivariate.py,invwishart_gen,False,14,414,21.642857142857142,415,99,89,13,233,82
scipy-0.16.0b2,scipy-0.16.0b2/scipy/stats/_multivariate.py,invwishart_frozen,False,8,66,7.375,67,31,34,4,15,14
scipy-0.16.0b2,scipy-0.16.0b2/scipy/stats/tests/test_binned_statistic.py,TestBinnedStatistic,True,24,260,9.791666666666666,261,197,192,1,0,68
scipy-0.16.0b2,scipy-0.16.0b2/scipy/stats/tests/test_distributions.py,TestRandInt,True,3,25,7.666666666666667,26,26,24,0,0,2
scipy-0.16.0b2,scipy-0.16.0b2/scipy/stats/tests/test_distributions.py,TestBinom,True,4,40,9.25,41,33,33,3,0,5
scipy-0.16.0b2,scipy-0.16.0b2/scipy/stats/tests/test_distributions.py,TestBernoulli,True,2,25,12.0,26,22,22,1,0,3
scipy-0.16.0b2,scipy-0.16.0b2/scipy/stats/tests/test_distributions.py,TestNBinom,True,2,18,8.5,19,15,16,2,0,1
scipy-0.16.0b2,scipy-0.16.0b2/scipy/stats/tests/test_distributions.py,TestGeom,True,6,43,6.333333333333333,44,36,36,2,0,6
scipy-0.16.0b2,scipy-0.16.0b2/scipy/stats/tests/test_distributions.py,TestGennorm,True,2,13,6.0,14,11,11,2,0,1
scipy-0.16.0b2,scipy-0.16.0b2/scipy/stats/tests/test_distributions.py,TestHalfgennorm,True,3,20,6.0,21,16,16,3,0,2
scipy-0.16.0b2,scipy-0.16.0b2/scipy/stats/tests/test_distributions.py,TestTruncnorm,True,5,34,6.0,35,25,27,4,0,4
scipy-0.16.0b2,scipy-0.16.0b2/scipy/stats/tests/test_distributions.py,TestHypergeom,True,6,66,10.166666666666666,67,49,51,8,0,8
scipy-0.16.0b2,scipy-0.16.0b2/scipy/stats/tests/test_distributions.py,TestLoggamma,True,1,15,14.0,16,6,12,4,0,1
scipy-0.16.0b2,scipy-0.16.0b2/scipy/stats/tests/test_distributions.py,TestLogser,True,1,10,10.0,11,11,11,0,0,0
scipy-0.16.0b2,scipy-0.16.0b2/scipy/stats/tests/test_distributions.py,TestPareto,True,1,59,59.0,60,49,49,2,0,9
scipy-0.16.0b2,scipy-0.16.0b2/scipy/stats/tests/test_distributions.py,TestGenpareto,True,8,94,10.875,95,66,73,9,0,14
scipy-0.16.0b2,scipy-0.16.0b2/scipy/stats/tests/test_distributions.py,TestPearson3,True,3,30,9.333333333333334,31,25,29,0,0,2
scipy-0.16.0b2,scipy-0.16.0b2/scipy/stats/tests/test_distributions.py,TestPoisson,True,2,15,7.0,16,15,15,0,0,1
scipy-0.16.0b2,scipy-0.16.0b2/scipy/stats/tests/test_distributions.py,TestZipf,True,2,19,9.0,20,17,17,1,0,2
scipy-0.16.0b2,scipy-0.16.0b2/scipy/stats/tests/test_distributions.py,TestDLaplace,True,3,30,9.333333333333334,31,27,27,1,0,3
scipy-0.16.0b2,scipy-0.16.0b2/scipy/stats/tests/test_distributions.py,TestInvGamma,True,1,19,17.0,20,12,17,6,0,1
scipy-0.16.0b2,scipy-0.16.0b2/scipy/stats/tests/test_distributions.py,TestF,True,3,18,5.0,19,14,14,3,0,2
scipy-0.16.0b2,scipy-0.16.0b2/scipy/stats/tests/test_distributions.py,TestRvDiscrete,True,2,25,12.0,26,21,21,1,0,4
scipy-0.16.0b2,scipy-0.16.0b2/scipy/stats/tests/test_distributions.py,TestExpon,True,2,6,2.5,7,6,6,1,0,1
scipy-0.16.0b2,scipy-0.16.0b2/scipy/stats/tests/test_distributions.py,TestExponNorm,True,2,31,15.0,32,26,26,4,0,2
scipy-0.16.0b2,scipy-0.16.0b2/scipy/stats/tests/test_distributions.py,TestGenExpon,True,2,11,5.0,12,7,9,2,0,1
scipy-0.16.0b2,scipy-0.16.0b2/scipy/stats/tests/test_distributions.py,TestExponpow,True,1,3,3.0,4,4,4,0,0,0
scipy-0.16.0b2,scipy-0.16.0b2/scipy/stats/tests/test_distributions.py,TestSkellam,True,2,41,20.0,42,11,37,2,0,3
scipy-0.16.0b2,scipy-0.16.0b2/scipy/stats/tests/test_distributions.py,TestLognorm,True,1,5,5.0,6,5,5,1,0,0
scipy-0.16.0b2,scipy-0.16.0b2/scipy/stats/tests/test_distributions.py,TestBeta,True,2,13,6.0,14,12,12,1,0,1
scipy-0.16.0b2,scipy-0.16.0b2/scipy/stats/tests/test_distributions.py,TestBetaPrime,True,2,22,10.5,23,17,17,3,0,3
scipy-0.16.0b2,scipy-0.16.0b2/scipy/stats/tests/test_distributions.py,TestGamma,True,2,13,6.0,14,9,9,3,0,2
scipy-0.16.0b2,scipy-0.16.0b2/scipy/stats/tests/test_distributions.py,TestChi2,True,1,4,3.0,5,4,4,1,0,0
scipy-0.16.0b2,scipy-0.16.0b2/scipy/stats/tests/test_distributions.py,TestArrayArgument,True,1,3,3.0,4,4,4,1,0,0
scipy-0.16.0b2,scipy-0.16.0b2/scipy/stats/tests/test_distributions.py,TestDocstring,True,2,11,5.0,12,9,9,2,0,1
scipy-0.16.0b2,scipy-0.16.0b2/scipy/stats/tests/test_distributions.py,TestEntropy,True,5,42,7.2,43,31,35,2,0,6
scipy-0.16.0b2,scipy-0.16.0b2/scipy/stats/tests/test_distributions.py,TestFitMethod,True,7,192,26.0,193,139,141,27,0,25
scipy-0.16.0b2,scipy-0.16.0b2/scipy/stats/tests/test_distributions.py,TestFrozen,True,7,177,23.857142857142858,178,114,116,27,0,36
scipy-0.16.0b2,scipy-0.16.0b2/scipy/stats/tests/test_distributions.py,TestExpect,True,6,101,15.333333333333334,102,74,66,17,0,19
scipy-0.16.0b2,scipy-0.16.0b2/scipy/stats/tests/test_distributions.py,TestNct,True,4,32,7.25,33,21,22,7,0,4
scipy-0.16.0b2,scipy-0.16.0b2/scipy/stats/tests/test_distributions.py,TestRice,True,2,25,12.0,26,17,18,4,0,4
scipy-0.16.0b2,scipy-0.16.0b2/scipy/stats/tests/test_distributions.py,TestErlang,True,1,17,17.0,18,9,10,6,0,2
scipy-0.16.0b2,scipy-0.16.0b2/scipy/stats/tests/test_distributions.py,TestExponWeib,True,3,41,12.666666666666666,42,28,29,6,0,7
scipy-0.16.0b2,scipy-0.16.0b2/scipy/stats/tests/test_distributions.py,TestRdist,True,1,7,6.0,8,6,7,1,0,0
scipy-0.16.0b2,scipy-0.16.0b2/scipy/stats/tests/test_distributions.py,_distr_gen,True,1,2,2.0,3,3,3,0,0,0
scipy-0.16.0b2,scipy-0.16.0b2/scipy/stats/tests/test_distributions.py,_distr2_gen,True,1,2,2.0,3,3,3,0,0,0
scipy-0.16.0b2,scipy-0.16.0b2/scipy/stats/tests/test_distributions.py,_distr3_gen,True,2,7,3.0,8,5,5,2,0,1
scipy-0.16.0b2,scipy-0.16.0b2/scipy/stats/tests/test_distributions.py,_distr6_gen,True,2,6,2.0,7,5,5,1,0,1
scipy-0.16.0b2,scipy-0.16.0b2/scipy/stats/tests/test_distributions.py,TestSubclassingExplicitShapes,True,17,116,5.764705882352941,117,77,79,15,0,23
scipy-0.16.0b2,scipy-0.16.0b2/scipy/stats/tests/test_distributions.py,TestSubclassingNoShapes,True,8,61,6.25,62,43,45,9,0,8
scipy-0.16.0b2,scipy-0.16.0b2/scipy/stats/tests/test_kdeoth.py,_kde_subclass1,True,1,5,5.0,6,6,6,0,0,0
scipy-0.16.0b2,scipy-0.16.0b2/scipy/stats/tests/test_kdeoth.py,_kde_subclass2,True,1,3,3.0,4,4,4,0,0,0
scipy-0.16.0b2,scipy-0.16.0b2/scipy/stats/tests/test_kdeoth.py,_kde_subclass3,True,2,8,3.5,9,7,8,0,0,1
scipy-0.16.0b2,scipy-0.16.0b2/scipy/stats/tests/test_kdeoth.py,_kde_subclass4,True,1,2,2.0,3,3,3,0,0,0
scipy-0.16.0b2,scipy-0.16.0b2/scipy/stats/tests/test_morestats.py,TestBayes_mvs,True,1,7,7.0,8,7,7,0,0,1
scipy-0.16.0b2,scipy-0.16.0b2/scipy/stats/tests/test_morestats.py,TestShapiro,True,2,18,8.5,19,13,17,1,0,1
scipy-0.16.0b2,scipy-0.16.0b2/scipy/stats/tests/test_morestats.py,TestAnderson,True,4,31,7.0,32,32,29,0,0,3
scipy-0.16.0b2,scipy-0.16.0b2/scipy/stats/tests/test_morestats.py,TestAndersonKSamp,True,8,131,15.5,132,82,102,17,0,13
scipy-0.16.0b2,scipy-0.16.0b2/scipy/stats/tests/test_morestats.py,TestAnsari,True,5,39,6.8,40,30,33,2,0,7
scipy-0.16.0b2,scipy-0.16.0b2/scipy/stats/tests/test_morestats.py,TestBartlett,True,3,16,4.333333333333333,17,13,13,1,0,3
scipy-0.16.0b2,scipy-0.16.0b2/scipy/stats/tests/test_morestats.py,TestLevene,True,8,57,6.125,58,45,44,5,0,9
scipy-0.16.0b2,scipy-0.16.0b2/scipy/stats/tests/test_morestats.py,TestBinomP,True,4,22,4.5,23,15,15,4,0,4
scipy-0.16.0b2,scipy-0.16.0b2/scipy/stats/tests/test_morestats.py,TestFindRepeats,True,2,13,5.5,14,11,11,1,0,2
scipy-0.16.0b2,scipy-0.16.0b2/scipy/stats/tests/test_morestats.py,TestFligner,True,6,51,5.166666666666667,52,25,25,20,0,7
scipy-0.16.0b2,scipy-0.16.0b2/scipy/stats/tests/test_morestats.py,TestMood,True,6,98,15.5,99,62,75,13,0,12
scipy-0.16.0b2,scipy-0.16.0b2/scipy/stats/tests/test_morestats.py,TestProbplot,True,7,95,12.428571428571429,96,68,76,7,0,12
scipy-0.16.0b2,scipy-0.16.0b2/scipy/stats/tests/test_morestats.py,TestKstat,True,2,17,7.0,18,13,13,2,0,3
scipy-0.16.0b2,scipy-0.16.0b2/scipy/stats/tests/test_morestats.py,TestPpccPlot,True,6,51,7.5,52,35,36,9,0,7
scipy-0.16.0b2,scipy-0.16.0b2/scipy/stats/tests/test_morestats.py,TestBoxcox_llf,True,4,30,6.5,31,24,24,3,0,4
scipy-0.16.0b2,scipy-0.16.0b2/scipy/stats/tests/test_morestats.py,TestBoxcox,True,5,52,9.4,53,37,37,6,0,10
scipy-0.16.0b2,scipy-0.16.0b2/scipy/stats/tests/test_morestats.py,TestBoxcoxNormmax,True,4,19,4.0,20,15,15,1,0,4
scipy-0.16.0b2,scipy-0.16.0b2/scipy/stats/tests/test_morestats.py,TestBoxcoxNormplot,True,5,34,5.8,35,25,26,4,0,5
scipy-0.16.0b2,scipy-0.16.0b2/scipy/stats/tests/test_morestats.py,TestCircFuncs,True,7,88,11.714285714285714,89,68,71,0,0,18
scipy-0.16.0b2,scipy-0.16.0b2/scipy/stats/tests/test_morestats.py,TestMedianTest,True,9,100,10.11111111111111,101,56,58,20,0,23
scipy-0.16.0b2,scipy-0.16.0b2/scipy/stats/tests/test_mstats_basic.py,TestMquantiles,True,1,18,18.0,19,6,18,1,0,0
scipy-0.16.0b2,scipy-0.16.0b2/scipy/stats/tests/test_mstats_basic.py,TestGMean,True,3,41,12.666666666666666,42,32,35,0,0,7
scipy-0.16.0b2,scipy-0.16.0b2/scipy/stats/tests/test_mstats_basic.py,TestHMean,True,3,37,11.333333333333334,38,29,34,0,0,4
scipy-0.16.0b2,scipy-0.16.0b2/scipy/stats/tests/test_mstats_basic.py,TestRanking,True,2,22,10.5,23,15,22,0,0,1
scipy-0.16.0b2,scipy-0.16.0b2/scipy/stats/tests/test_mstats_basic.py,TestCorr,True,5,102,19.6,103,65,79,12,0,12
scipy-0.16.0b2,scipy-0.16.0b2/scipy/stats/tests/test_mstats_basic.py,TestTrimming,True,5,72,13.4,73,58,64,1,0,8
scipy-0.16.0b2,scipy-0.16.0b2/scipy/stats/tests/test_mstats_basic.py,TestMoments,True,5,110,16.8,111,65,85,16,0,10
scipy-0.16.0b2,scipy-0.16.0b2/scipy/stats/tests/test_mstats_basic.py,TestPercentile,True,3,18,5.333333333333333,19,13,17,0,0,2
scipy-0.16.0b2,scipy-0.16.0b2/scipy/stats/tests/test_mstats_basic.py,TestVariability,True,4,37,7.25,38,21,24,7,3,4
scipy-0.16.0b2,scipy-0.16.0b2/scipy/stats/tests/test_mstats_basic.py,TestMisc,True,3,45,14.0,46,24,38,3,0,5
scipy-0.16.0b2,scipy-0.16.0b2/scipy/stats/tests/test_mstats_basic.py,TestNormalitytests,True,6,54,8.0,55,41,46,2,0,7
scipy-0.16.0b2,scipy-0.16.0b2/scipy/stats/tests/test_mstats_basic.py,TestFOneway,True,1,6,6.0,7,7,7,0,0,0
scipy-0.16.0b2,scipy-0.16.0b2/scipy/stats/tests/test_mstats_basic.py,TestMannwhitneyu,True,1,36,36.0,37,7,35,0,0,2
scipy-0.16.0b2,scipy-0.16.0b2/scipy/stats/tests/test_mstats_basic.py,TestKruskal,True,1,7,7.0,8,7,7,0,0,1
scipy-0.16.0b2,scipy-0.16.0b2/scipy/stats/tests/test_mstats_basic.py,TestTtest_rel,True,4,41,9.5,42,37,32,3,0,7
scipy-0.16.0b2,scipy-0.16.0b2/scipy/stats/tests/test_mstats_basic.py,TestTtest_ind,True,3,32,10.0,33,32,24,3,0,6
scipy-0.16.0b2,scipy-0.16.0b2/scipy/stats/tests/test_mstats_basic.py,TestTtest_1samp,True,3,32,10.0,33,32,24,3,0,6
scipy-0.16.0b2,scipy-0.16.0b2/scipy/stats/tests/test_mstats_basic.py,TestCompareWithStats,True,34,364,8.941176470588236,365,265,274,13,16,61
scipy-0.16.0b2,scipy-0.16.0b2/scipy/stats/tests/test_mstats_extras.py,TestMisc,True,4,32,7.0,33,22,26,0,0,4
scipy-0.16.0b2,scipy-0.16.0b2/scipy/stats/tests/test_mstats_extras.py,TestQuantiles,True,2,42,20.0,43,21,39,2,0,2
scipy-0.16.0b2,scipy-0.16.0b2/scipy/stats/tests/test_multivariate.py,TestMultivariateNormal,True,21,316,14.095238095238095,317,217,216,52,0,53
scipy-0.16.0b2,scipy-0.16.0b2/scipy/stats/tests/test_multivariate.py,TestDirichlet,True,5,88,16.8,89,73,70,2,0,17
scipy-0.16.0b2,scipy-0.16.0b2/scipy/stats/tests/test_multivariate.py,TestWishart,True,5,185,36.2,186,94,128,55,0,27
scipy-0.16.0b2,scipy-0.16.0b2/scipy/stats/tests/test_multivariate.py,TestInvwishart,True,3,120,39.333333333333336,121,68,75,28,0,19
scipy-0.16.0b2,scipy-0.16.0b2/scipy/stats/tests/test_rank.py,TestTieCorrect,True,4,56,13.0,57,46,42,4,0,7
scipy-0.16.0b2,scipy-0.16.0b2/scipy/stats/tests/test_rank.py,TestRankData,True,5,68,12.6,69,58,56,1,0,9
scipy-0.16.0b2,scipy-0.16.0b2/scipy/stats/tests/test_stats.py,TestTrimmedStats,True,6,60,8.666666666666666,61,43,46,1,0,14
scipy-0.16.0b2,scipy-0.16.0b2/scipy/stats/tests/test_stats.py,TestNanFunc,True,15,122,7.2,123,97,95,13,0,16
scipy-0.16.0b2,scipy-0.16.0b2/scipy/stats/tests/test_stats.py,TestCorrPearsonr,True,24,134,4.333333333333333,135,104,103,2,6,24
scipy-0.16.0b2,scipy-0.16.0b2/scipy/stats/tests/test_stats.py,TestFisherExact,True,7,127,15.428571428571429,128,58,99,15,9,11
scipy-0.16.0b2,scipy-0.16.0b2/scipy/stats/tests/test_stats.py,TestCorrSpearmanr,True,24,124,3.9166666666666665,125,96,95,0,6,24
scipy-0.16.0b2,scipy-0.16.0b2/scipy/stats/tests/test_stats.py,TestCorrSpearmanrTies,True,1,14,12.0,15,10,9,4,0,1
scipy-0.16.0b2,scipy-0.16.0b2/scipy/stats/tests/test_stats.py,TestRegression,True,10,100,8.5,101,64,64,26,0,14
scipy-0.16.0b2,scipy-0.16.0b2/scipy/stats/tests/test_stats.py,TestHistogram,True,5,137,23.4,138,39,103,29,0,10
scipy-0.16.0b2,scipy-0.16.0b2/scipy/stats/tests/test_stats.py,TestGMean,True,5,43,7.6,44,32,36,0,0,8
scipy-0.16.0b2,scipy-0.16.0b2/scipy/stats/tests/test_stats.py,TestHMean,True,4,38,8.75,39,28,32,0,0,7
scipy-0.16.0b2,scipy-0.16.0b2/scipy/stats/tests/test_stats.py,TestScoreatpercentile,True,8,114,13.375,115,67,96,5,0,14
scipy-0.16.0b2,scipy-0.16.0b2/scipy/stats/tests/test_stats.py,TestItemfreq,True,3,34,9.666666666666666,35,33,29,2,0,4
scipy-0.16.0b2,scipy-0.16.0b2/scipy/stats/tests/test_stats.py,TestMode,True,8,85,9.625,86,71,68,0,3,15
scipy-0.16.0b2,scipy-0.16.0b2/scipy/stats/tests/test_stats.py,TestVariability,True,8,115,13.0,116,61,76,16,0,24
scipy-0.16.0b2,scipy-0.16.0b2/scipy/stats/tests/test_stats.py,TestMoments,True,7,82,8.714285714285714,83,48,49,17,9,8
scipy-0.16.0b2,scipy-0.16.0b2/scipy/stats/tests/test_stats.py,TestThreshold,True,1,9,9.0,10,7,10,0,0,0
scipy-0.16.0b2,scipy-0.16.0b2/scipy/stats/tests/test_stats.py,TestStudentTest,True,1,41,30.0,42,32,32,0,0,10
scipy-0.16.0b2,scipy-0.16.0b2/scipy/stats/tests/test_stats.py,TestPowerDivergence,True,7,153,20.857142857142858,154,73,125,13,0,16
scipy-0.16.0b2,scipy-0.16.0b2/scipy/stats/tests/test_stats.py,TestDescribe,True,3,41,13.0,42,36,37,3,0,2
scipy-0.16.0b2,scipy-0.16.0b2/scipy/stats/tests/test_stats.py,TestRankSums,True,1,4,4.0,5,5,5,0,0,0
scipy-0.16.0b2,scipy-0.16.0b2/scipy/stats/tests/test_stats.py,TestJarqueBera,True,3,23,7.0,24,19,19,0,0,5
scipy-0.16.0b2,scipy-0.16.0b2/scipy/stats/tests/test_stats.py,HarMeanTestCase,True,11,67,5.090909090909091,68,45,46,12,0,10
scipy-0.16.0b2,scipy-0.16.0b2/scipy/stats/tests/test_stats.py,TestHarMean,True,1,4,4.0,5,5,5,0,0,0
scipy-0.16.0b2,scipy-0.16.0b2/scipy/stats/tests/test_stats.py,GeoMeanTestCase,True,15,106,6.066666666666666,107,77,77,18,0,14
scipy-0.16.0b2,scipy-0.16.0b2/scipy/stats/tests/test_stats.py,TestGeoMean,True,1,5,5.0,6,5,5,1,0,0
scipy-0.16.0b2,scipy-0.16.0b2/scipy/stats/tests/test_stats.py,TestTrim,True,3,52,16.333333333333332,53,40,44,4,0,5
scipy-0.16.0b2,scipy-0.16.0b2/scipy/stats/tests/test_stats.py,TestSigamClip,True,4,38,8.75,39,35,36,2,0,3
scipy-0.16.0b2,scipy-0.16.0b2/scipy/stats/tests/test_stats.py,TestFOneWay,True,4,23,5.0,24,18,18,3,0,3
scipy-0.16.0b2,scipy-0.16.0b2/scipy/stats/tests/test_stats.py,TestKruskal,True,6,58,8.833333333333334,59,51,51,6,0,5
scipy-0.16.0b2,scipy-0.16.0b2/scipy/stats/tests/test_stats.py,TestCombinePvalues,True,5,23,3.6,24,16,18,1,0,5
scipy-0.16.0b2,scipy-0.16.0b2/scipy/weave/accelerate_tools.py,Instance,False,6,32,4.166666666666667,33,27,27,0,0,6
scipy-0.16.0b2,scipy-0.16.0b2/scipy/weave/accelerate_tools.py,Basic,False,3,10,2.0,11,8,8,0,0,3
scipy-0.16.0b2,scipy-0.16.0b2/scipy/weave/accelerate_tools.py,Basic_Number,False,2,6,2.5,7,6,6,0,0,1
scipy-0.16.0b2,scipy-0.16.0b2/scipy/weave/accelerate_tools.py,Integer,False,0,4,0.0,5,5,5,0,0,0
scipy-0.16.0b2,scipy-0.16.0b2/scipy/weave/accelerate_tools.py,Double,False,0,4,0.0,5,5,5,0,0,0
scipy-0.16.0b2,scipy-0.16.0b2/scipy/weave/accelerate_tools.py,String,False,1,7,2.0,8,7,7,0,0,1
scipy-0.16.0b2,scipy-0.16.0b2/scipy/weave/accelerate_tools.py,Vector,False,5,33,3.4,34,25,27,2,0,6
scipy-0.16.0b2,scipy-0.16.0b2/scipy/weave/accelerate_tools.py,matrix,False,0,1,0.0,2,2,2,0,0,0
scipy-0.16.0b2,scipy-0.16.0b2/scipy/weave/accelerate_tools.py,IntegerVector,False,0,3,0.0,4,4,4,0,0,0
scipy-0.16.0b2,scipy-0.16.0b2/scipy/weave/accelerate_tools.py,Integermatrix,False,0,3,0.0,4,4,4,0,0,0
scipy-0.16.0b2,scipy-0.16.0b2/scipy/weave/accelerate_tools.py,LongVector,False,0,3,0.0,4,4,4,0,0,0
scipy-0.16.0b2,scipy-0.16.0b2/scipy/weave/accelerate_tools.py,Longmatrix,False,0,3,0.0,4,4,4,0,0,0
scipy-0.16.0b2,scipy-0.16.0b2/scipy/weave/accelerate_tools.py,DoubleVector,False,0,3,0.0,4,4,4,0,0,0
scipy-0.16.0b2,scipy-0.16.0b2/scipy/weave/accelerate_tools.py,Doublematrix,False,0,3,0.0,4,4,4,0,0,0
scipy-0.16.0b2,scipy-0.16.0b2/scipy/weave/accelerate_tools.py,XRange,False,0,16,0.0,17,3,17,0,0,0
scipy-0.16.0b2,scipy-0.16.0b2/scipy/weave/accelerate_tools.py,accelerate,False,8,91,10.375,92,65,71,6,0,15
scipy-0.16.0b2,scipy-0.16.0b2/scipy/weave/accelerate_tools.py,Python2CXX,False,5,39,7.0,40,27,32,2,0,6
scipy-0.16.0b2,scipy-0.16.0b2/scipy/weave/base_info.py,base_info,False,14,60,2.0714285714285716,61,43,43,4,0,14
scipy-0.16.0b2,scipy-0.16.0b2/scipy/weave/base_info.py,custom_info,False,13,49,2.8461538461538463,50,38,38,0,0,12
scipy-0.16.0b2,scipy-0.16.0b2/scipy/weave/base_info.py,info_list,False,12,39,2.3333333333333335,40,29,29,0,0,11
scipy-0.16.0b2,scipy-0.16.0b2/scipy/weave/base_spec.py,base_converter,False,16,81,2.375,82,40,39,2,21,20
scipy-0.16.0b2,scipy-0.16.0b2/scipy/weave/base_spec.py,arg_spec_list,False,9,29,2.3333333333333335,30,30,22,0,0,8
scipy-0.16.0b2,scipy-0.16.0b2/scipy/weave/blitz_spec.py,array_info,False,1,8,6.0,9,5,7,1,0,1
scipy-0.16.0b2,scipy-0.16.0b2/scipy/weave/blitz_spec.py,array_converter,False,6,50,7.5,51,28,40,5,0,6
scipy-0.16.0b2,scipy-0.16.0b2/scipy/weave/blitz_tools.py,BlitzWarning,False,0,2,0.0,3,3,2,0,0,0
scipy-0.16.0b2,scipy-0.16.0b2/scipy/weave/build_tools.py,CompileError,False,0,1,0.0,2,2,2,0,0,0
scipy-0.16.0b2,scipy-0.16.0b2/scipy/weave/bytecodecompiler.py,__Descriptor,False,1,5,2.0,6,5,5,0,0,1
scipy-0.16.0b2,scipy-0.16.0b2/scipy/weave/bytecodecompiler.py,Type_Descriptor,False,0,1,0.0,2,2,2,0,0,0
scipy-0.16.0b2,scipy-0.16.0b2/scipy/weave/bytecodecompiler.py,Function_Descriptor,False,1,5,5.0,6,6,6,0,0,0
scipy-0.16.0b2,scipy-0.16.0b2/scipy/weave/bytecodecompiler.py,ByteCodeMeaning,False,107,460,3.1401869158878504,461,339,239,8,0,113
scipy-0.16.0b2,scipy-0.16.0b2/scipy/weave/bytecodecompiler.py,CXXCoder,False,47,709,11.914893617021276,710,419,454,171,0,87
scipy-0.16.0b2,scipy-0.16.0b2/scipy/weave/catalog.py,catalog,False,21,417,17.666666666666668,418,212,190,39,140,52
scipy-0.16.0b2,scipy-0.16.0b2/scipy/weave/common_info.py,basic_module_info,False,0,2,0.0,3,3,3,0,0,0
scipy-0.16.0b2,scipy-0.16.0b2/scipy/weave/common_info.py,inline_info,False,0,1,0.0,2,2,2,0,0,0
scipy-0.16.0b2,scipy-0.16.0b2/scipy/weave/common_info.py,swig_info,False,0,1,0.0,2,2,2,0,0,0
scipy-0.16.0b2,scipy-0.16.0b2/scipy/weave/cpp_namespace_spec.py,cpp_namespace_converter,False,6,58,8.5,59,46,49,4,0,6
scipy-0.16.0b2,scipy-0.16.0b2/scipy/weave/c_spec.py,common_base_converter,False,14,119,7.5,120,100,103,3,0,14
scipy-0.16.0b2,scipy-0.16.0b2/scipy/weave/c_spec.py,module_converter,False,1,6,6.0,7,6,6,1,0,0
scipy-0.16.0b2,scipy-0.16.0b2/scipy/weave/c_spec.py,string_converter,False,2,19,9.0,20,13,18,1,0,1
scipy-0.16.0b2,scipy-0.16.0b2/scipy/weave/c_spec.py,unicode_converter,False,2,22,10.0,23,12,15,6,0,2
scipy-0.16.0b2,scipy-0.16.0b2/scipy/weave/c_spec.py,file_converter,False,2,22,10.5,23,13,21,1,0,1
scipy-0.16.0b2,scipy-0.16.0b2/scipy/weave/c_spec.py,scalar_converter,False,1,5,5.0,6,6,6,0,0,0
scipy-0.16.0b2,scipy-0.16.0b2/scipy/weave/c_spec.py,int_converter,False,1,8,8.0,9,9,9,0,0,0
scipy-0.16.0b2,scipy-0.16.0b2/scipy/weave/c_spec.py,long_converter,False,1,9,9.0,10,9,9,1,0,0
scipy-0.16.0b2,scipy-0.16.0b2/scipy/weave/c_spec.py,float_converter,False,1,9,9.0,10,9,9,1,0,0
scipy-0.16.0b2,scipy-0.16.0b2/scipy/weave/c_spec.py,complex_converter,False,1,9,9.0,10,9,10,0,0,0
scipy-0.16.0b2,scipy-0.16.0b2/scipy/weave/c_spec.py,scxx_converter,False,1,6,6.0,7,6,7,0,0,0
scipy-0.16.0b2,scipy-0.16.0b2/scipy/weave/c_spec.py,list_converter,False,1,10,10.0,11,10,10,1,0,0
scipy-0.16.0b2,scipy-0.16.0b2/scipy/weave/c_spec.py,tuple_converter,False,1,10,10.0,11,10,10,1,0,0
scipy-0.16.0b2,scipy-0.16.0b2/scipy/weave/c_spec.py,dict_converter,False,1,10,10.0,11,10,10,1,0,0
scipy-0.16.0b2,scipy-0.16.0b2/scipy/weave/c_spec.py,instance_converter,False,1,10,10.0,11,10,10,1,0,0
scipy-0.16.0b2,scipy-0.16.0b2/scipy/weave/c_spec.py,catchall_converter,False,2,12,5.5,13,11,11,1,0,1
scipy-0.16.0b2,scipy-0.16.0b2/scipy/weave/ext_tools.py,ext_function_from_specs,False,11,154,12.636363636363637,155,88,121,7,4,23
scipy-0.16.0b2,scipy-0.16.0b2/scipy/weave/ext_tools.py,ext_function,False,1,13,13.0,14,11,13,0,0,1
scipy-0.16.0b2,scipy-0.16.0b2/scipy/weave/ext_tools.py,ext_module,False,17,186,10.0,187,101,130,30,0,27
scipy-0.16.0b2,scipy-0.16.0b2/scipy/weave/inline_tools.py,inline_ext_function,False,8,108,12.5,109,48,85,2,4,15
scipy-0.16.0b2,scipy-0.16.0b2/scipy/weave/inline_tools.py,inline_ext_module,False,1,3,3.0,4,4,4,0,0,0
scipy-0.16.0b2,scipy-0.16.0b2/scipy/weave/numpy_scalar_spec.py,numpy_complex_scalar_converter,False,1,12,8.0,13,5,4,4,4,1
scipy-0.16.0b2,scipy-0.16.0b2/scipy/weave/size_check.py,dummy_array,False,24,191,6.5,192,133,132,36,0,25
scipy-0.16.0b2,scipy-0.16.0b2/scipy/weave/standard_array_spec.py,array_converter,False,5,62,11.4,63,44,56,0,0,7
scipy-0.16.0b2,scipy-0.16.0b2/scipy/weave/swig2_spec.py,swig2_converter,False,10,202,19.2,203,118,112,11,53,29
scipy-0.16.0b2,scipy-0.16.0b2/scipy/weave/vtk_spec.py,vtk_converter,False,8,66,7.25,67,45,49,13,0,7
scipy-0.16.0b2,scipy-0.16.0b2/scipy/weave/_dumbdbm_patched.py,_Database,False,14,117,7.357142857142857,118,99,99,5,0,15
scipy-0.16.0b2,scipy-0.16.0b2/scipy/weave/_dumb_shelve.py,DbfilenameShelf,False,3,28,6.666666666666667,29,20,19,1,4,5
scipy-0.16.0b2,scipy-0.16.0b2/scipy/weave/examples/object.py,Foo,False,2,6,2.5,7,6,6,0,0,1
scipy-0.16.0b2,scipy-0.16.0b2/scipy/weave/examples/wx_example.py,MyCanvas,False,10,168,15.9,169,114,124,10,0,35
scipy-0.16.0b2,scipy-0.16.0b2/scipy/weave/examples/wx_example.py,py_canvas,False,1,10,10.0,11,6,9,1,0,1
scipy-0.16.0b2,scipy-0.16.0b2/scipy/weave/examples/wx_example.py,MyFrame,False,1,12,12.0,13,6,7,6,0,0
scipy-0.16.0b2,scipy-0.16.0b2/scipy/weave/examples/wx_example.py,MyApp,False,1,5,5.0,6,5,6,1,0,0
scipy-0.16.0b2,scipy-0.16.0b2/scipy/weave/tests/test_ast_tools.py,TestHarvestVariables,True,2,12,5.0,13,11,10,1,0,1
scipy-0.16.0b2,scipy-0.16.0b2/scipy/weave/tests/test_blitz_tools.py,TestAstToBlitzExpr,True,3,32,10.0,33,16,27,4,0,2
scipy-0.16.0b2,scipy-0.16.0b2/scipy/weave/tests/test_blitz_tools.py,TestBlitz,True,6,94,13.5,95,63,68,4,15,8
scipy-0.16.0b2,scipy-0.16.0b2/scipy/weave/tests/test_build_tools.py,TestConfigureBuildDir,True,4,28,6.0,29,21,21,4,0,4
scipy-0.16.0b2,scipy-0.16.0b2/scipy/weave/tests/test_build_tools.py,TestConfigureTempDir,True,1,7,6.0,8,5,5,2,0,1
scipy-0.16.0b2,scipy-0.16.0b2/scipy/weave/tests/test_build_tools.py,TestConfigureSysArgv,True,1,15,14.0,16,18,15,0,0,1
scipy-0.16.0b2,scipy-0.16.0b2/scipy/weave/tests/test_catalog.py,TestIntermediateDir,True,7,97,11.428571428571429,98,76,76,9,5,8
scipy-0.16.0b2,scipy-0.16.0b2/scipy/weave/tests/test_catalog.py,TestDefaultDir,True,5,76,13.0,77,56,55,8,4,10
scipy-0.16.0b2,scipy-0.16.0b2/scipy/weave/tests/test_catalog.py,TestOsDependentCatalogName,True,0,1,0.0,2,2,2,0,0,0
scipy-0.16.0b2,scipy-0.16.0b2/scipy/weave/tests/test_catalog.py,TestCatalogPath,True,6,43,6.0,44,34,34,4,0,6
scipy-0.16.0b2,scipy-0.16.0b2/scipy/weave/tests/test_catalog.py,TestGetCatalog,True,3,28,6.666666666666667,29,21,20,1,5,3
scipy-0.16.0b2,scipy-0.16.0b2/scipy/weave/tests/test_catalog.py,TestCatalog,True,21,232,10.047619047619047,233,177,175,34,0,24
scipy-0.16.0b2,scipy-0.16.0b2/scipy/weave/tests/test_c_spec.py,IntConverter,True,6,64,8.5,65,55,58,0,0,7
scipy-0.16.0b2,scipy-0.16.0b2/scipy/weave/tests/test_c_spec.py,FloatConverter,True,6,63,8.333333333333334,64,55,58,0,0,6
scipy-0.16.0b2,scipy-0.16.0b2/scipy/weave/tests/test_c_spec.py,ComplexConverter,True,6,64,8.333333333333334,65,55,58,0,0,7
scipy-0.16.0b2,scipy-0.16.0b2/scipy/weave/tests/test_c_spec.py,FileConverter,True,2,31,12.5,32,20,27,2,0,3
scipy-0.16.0b2,scipy-0.16.0b2/scipy/weave/tests/test_c_spec.py,InstanceConverter,True,0,1,0.0,2,2,2,0,0,0
scipy-0.16.0b2,scipy-0.16.0b2/scipy/weave/tests/test_c_spec.py,CallableConverter,True,1,20,16.0,21,11,17,2,0,2
scipy-0.16.0b2,scipy-0.16.0b2/scipy/weave/tests/test_c_spec.py,SequenceConverter,True,4,22,3.0,23,18,18,0,0,5
scipy-0.16.0b2,scipy-0.16.0b2/scipy/weave/tests/test_c_spec.py,StringConverter,True,6,65,8.5,66,55,58,0,0,8
scipy-0.16.0b2,scipy-0.16.0b2/scipy/weave/tests/test_c_spec.py,ListConverter,True,5,117,21.0,118,83,112,0,0,6
scipy-0.16.0b2,scipy-0.16.0b2/scipy/weave/tests/test_c_spec.py,TupleConverter,True,4,58,12.0,59,49,54,0,0,5
scipy-0.16.0b2,scipy-0.16.0b2/scipy/weave/tests/test_c_spec.py,DictConverter,True,4,62,11.75,63,54,53,5,0,5
scipy-0.16.0b2,scipy-0.16.0b2/scipy/weave/tests/test_ext_tools.py,TestExtModule,True,5,87,15.0,88,55,70,10,0,8
scipy-0.16.0b2,scipy-0.16.0b2/scipy/weave/tests/test_ext_tools.py,TestExtFunction,True,1,13,10.0,14,11,11,2,0,1
scipy-0.16.0b2,scipy-0.16.0b2/scipy/weave/tests/test_ext_tools.py,TestAssignVariableTypes,True,1,17,16.0,18,15,15,0,0,3
scipy-0.16.0b2,scipy-0.16.0b2/scipy/weave/tests/test_inline_tools.py,TestInline,True,1,16,11.0,17,8,13,0,3,1
scipy-0.16.0b2,scipy-0.16.0b2/scipy/weave/tests/test_numpy_scalar_spec.py,NumpyComplexScalarConverter,True,8,69,6.5,70,58,61,0,0,9
scipy-0.16.0b2,scipy-0.16.0b2/scipy/weave/tests/test_scxx_dict.py,TestDictConstruct,True,1,14,9.0,15,7,10,5,0,0
scipy-0.16.0b2,scipy-0.16.0b2/scipy/weave/tests/test_scxx_dict.py,TestDictHasKey,True,7,75,8.714285714285714,76,55,69,0,0,7
scipy-0.16.0b2,scipy-0.16.0b2/scipy/weave/tests/test_scxx_dict.py,TestDictGetItemOp,True,6,41,4.666666666666667,42,25,31,4,0,7
scipy-0.16.0b2,scipy-0.16.0b2/scipy/weave/tests/test_scxx_dict.py,TestDictSetOperator,True,12,85,5.25,86,68,68,7,0,12
scipy-0.16.0b2,scipy-0.16.0b2/scipy/weave/tests/test_scxx_dict.py,TestDictDel,True,6,43,5.333333333333333,44,35,35,3,0,6
scipy-0.16.0b2,scipy-0.16.0b2/scipy/weave/tests/test_scxx_dict.py,TestDictOthers,True,5,36,5.2,37,32,32,0,0,5
scipy-0.16.0b2,scipy-0.16.0b2/scipy/weave/tests/test_scxx_object.py,TestObjectConstruct,True,6,67,8.5,68,37,57,5,0,6
scipy-0.16.0b2,scipy-0.16.0b2/scipy/weave/tests/test_scxx_object.py,TestObjectPrint,True,1,15,10.0,16,9,12,3,0,1
scipy-0.16.0b2,scipy-0.16.0b2/scipy/weave/tests/test_scxx_object.py,TestObjectCast,True,5,41,6.2,42,21,37,0,0,5
scipy-0.16.0b2,scipy-0.16.0b2/scipy/weave/tests/test_scxx_object.py,Foo,True,3,8,2.0,9,7,7,0,0,2
scipy-0.16.0b2,scipy-0.16.0b2/scipy/weave/tests/test_scxx_object.py,TestObjectHasattr,True,5,62,10.4,63,46,56,1,0,6
scipy-0.16.0b2,scipy-0.16.0b2/scipy/weave/tests/test_scxx_object.py,TestObjectAttr,True,8,54,4.875,55,40,46,0,0,9
scipy-0.16.0b2,scipy-0.16.0b2/scipy/weave/tests/test_scxx_object.py,TestObjectSetAttr,True,14,84,4.142857142857143,85,56,71,0,0,14
scipy-0.16.0b2,scipy-0.16.0b2/scipy/weave/tests/test_scxx_object.py,TestObjectDel,True,4,27,5.0,28,18,24,0,0,4
scipy-0.16.0b2,scipy-0.16.0b2/scipy/weave/tests/test_scxx_object.py,TestObjectCmp,True,13,89,4.846153846153846,90,72,75,0,0,15
scipy-0.16.0b2,scipy-0.16.0b2/scipy/weave/tests/test_scxx_object.py,TestObjectRepr,True,1,17,15.0,18,16,16,0,0,2
scipy-0.16.0b2,scipy-0.16.0b2/scipy/weave/tests/test_scxx_object.py,TestObjectStr,True,1,17,15.0,18,16,16,0,0,2
scipy-0.16.0b2,scipy-0.16.0b2/scipy/weave/tests/test_scxx_object.py,TestObjectUnicode,True,1,20,16.0,21,16,16,1,0,4
scipy-0.16.0b2,scipy-0.16.0b2/scipy/weave/tests/test_scxx_object.py,TestObjectIsCallable,True,2,19,7.5,20,16,16,0,0,4
scipy-0.16.0b2,scipy-0.16.0b2/scipy/weave/tests/test_scxx_object.py,TestObjectCall,True,4,67,14.75,68,39,56,5,0,8
scipy-0.16.0b2,scipy-0.16.0b2/scipy/weave/tests/test_scxx_object.py,TestObjectMcall,True,7,106,13.142857142857142,107,68,97,2,0,8
scipy-0.16.0b2,scipy-0.16.0b2/scipy/weave/tests/test_scxx_object.py,TestObjectHash,True,1,11,9.0,12,10,10,0,0,2
scipy-0.16.0b2,scipy-0.16.0b2/scipy/weave/tests/test_scxx_object.py,TestObjectIsTrue,True,2,15,5.5,16,13,13,0,0,3
scipy-0.16.0b2,scipy-0.16.0b2/scipy/weave/tests/test_scxx_object.py,TestObjectType,True,1,9,7.0,10,8,8,0,0,2
scipy-0.16.0b2,scipy-0.16.0b2/scipy/weave/tests/test_scxx_object.py,TestObjectSize,True,3,30,8.0,31,25,25,0,0,6
scipy-0.16.0b2,scipy-0.16.0b2/scipy/weave/tests/test_scxx_object.py,TestObjectSetItemOpIndex,True,6,44,5.333333333333333,45,38,38,1,0,6
scipy-0.16.0b2,scipy-0.16.0b2/scipy/weave/tests/test_scxx_object.py,TestObjectSetItemOpKey,True,7,106,13.142857142857142,107,71,93,5,0,11
scipy-0.16.0b2,scipy-0.16.0b2/scipy/weave/tests/test_scxx_sequence.py,_TestSequenceBase,True,5,156,29.0,157,106,124,16,0,17
scipy-0.16.0b2,scipy-0.16.0b2/scipy/weave/tests/test_scxx_sequence.py,TestTuple,True,4,39,7.5,40,20,33,3,0,4
scipy-0.16.0b2,scipy-0.16.0b2/scipy/weave/tests/test_scxx_sequence.py,TestList,True,9,216,21.77777777777778,217,141,165,19,0,33
scipy-0.16.0b2,scipy-0.16.0b2/scipy/weave/tests/test_size_check.py,TestMakeSameLength,True,6,29,4.0,30,25,25,0,0,5
scipy-0.16.0b2,scipy-0.16.0b2/scipy/weave/tests/test_size_check.py,TestBinaryOpSize,True,15,68,3.6,69,55,55,0,0,14
scipy-0.16.0b2,scipy-0.16.0b2/scipy/weave/tests/test_size_check.py,TestDummyArray,True,2,15,7.0,16,15,15,0,0,1
scipy-0.16.0b2,scipy-0.16.0b2/scipy/weave/tests/test_size_check.py,TestDummyArrayIndexing,True,41,188,3.6097560975609757,189,146,144,5,0,40
scipy-0.16.0b2,scipy-0.16.0b2/scipy/weave/tests/test_size_check.py,TestReduction,True,6,37,5.333333333333333,38,33,33,0,0,5
scipy-0.16.0b2,scipy-0.16.0b2/scipy/weave/tests/test_size_check.py,TestExpressions,True,8,67,7.5,68,59,59,0,0,9
scipy-0.16.0b2,scipy-0.16.0b2/scipy/weave/tests/test_slice_handler.py,TestBuildSliceAtom,True,2,11,5.0,12,11,11,0,0,1
scipy-0.16.0b2,scipy-0.16.0b2/scipy/weave/tests/test_slice_handler.py,TestSlice,True,15,104,5.933333333333334,105,77,76,15,0,15
scipy-0.16.0b2,scipy-0.16.0b2/scipy/weave/tests/test_slice_handler.py,TestTransformSlices,True,3,24,7.0,25,16,19,3,0,3
scipy-0.16.0b2,scipy-0.16.0b2/scipy/weave/tests/test_standard_array_spec.py,TestArrayConverter,True,3,12,3.0,13,10,10,0,0,3
scipy-0.16.0b2,scipy-0.16.0b2/scipy/weave/tests/weave_test_utils.py,TempdirBlitz,True,3,30,5.666666666666667,31,17,16,0,7,8
scipy-0.16.0b2,scipy-0.16.0b2/scipy/_lib/decorator.py,FunctionMaker,False,4,116,26.75,117,97,97,13,11,3
scipy-0.16.0b2,scipy-0.16.0b2/scipy/_lib/_gcutils.py,ReferenceError,False,0,1,0.0,2,2,2,0,0,0
scipy-0.16.0b2,scipy-0.16.0b2/scipy/_lib/_util.py,DeprecatedImport,False,3,31,4.0,32,12,13,0,10,9
scipy-0.16.0b2,scipy-0.16.0b2/scipy/_lib/_version.py,NumpyVersion,False,11,138,8.272727272727273,139,86,81,2,29,25
scipy-0.16.0b2,scipy-0.16.0b2/tools/authors.py,Cmd,False,7,50,6.0,51,38,42,0,0,9
scipy-0.16.0b2,scipy-0.16.0b2/tools/gh_lists.py,CachedGet,False,3,30,9.333333333333334,31,28,29,0,0,2
